essay_id_comp,prompt_name,task
000A58BC095E,Community service,Independent
000BAD50D026,Distance learning,Independent
000E6DE9E817,Grades for extracurricular activities,Independent
0016926B079C,Distance learning,Independent
00203C45FC55,Distance learning,Independent
00299B378633,Grades for extracurricular activities,Independent
0029F4D19C3F,Grades for extracurricular activities,Independent
003FDC7E6F20,Mandatory extracurricular activities,Independent
0045BE2791A2,Grades for extracurricular activities,Independent
004AC288D833,Community service,Independent
004EA492DA04,Community service,Independent
0054DD9BDFC7,Cell phones at school,Independent
0056F3D261D5,Distance learning,Independent
005D28D3FEC2,Grades for extracurricular activities,Independent
005DA83BD607,Summer projects,Independent
008015604AA0,Distance learning,Independent
0083B82A9C6F,Cell phones at school,Independent
0085F7F83D83,Grades for extracurricular activities,Independent
00898D9FB10A,Distance learning,Independent
008C191EF21C,Summer projects,Independent
008C457C8E0B,Cell phones at school,Independent
00941DB98302,Mandatory extracurricular activities,Independent
0094474956AD,Community service,Independent
009F4E9310CB,Seeking multiple opinions,Independent
00A4CB36E006,Seeking multiple opinions,Independent
00A551B2B4B2,Mandatory extracurricular activities,Independent
00B0190508AD,Cell phones at school,Independent
00C2C86DCC23,Mandatory extracurricular activities,Independent
00C315EF49C7,Grades for extracurricular activities,Independent
00C843E757F4,Community service,Independent
00D304153840,Seeking multiple opinions,Independent
00E3F86E3E6A,Community service,Independent
00EE23F071DE,Seeking multiple opinions,Independent
00F11421BE7F,Community service,Independent
00F477C0C28F,Grades for extracurricular activities,Independent
00FF0A430A56,Community service,Independent
010A9CFB3108,Cell phones at school,Independent
01267F2F5B01,Grades for extracurricular activities,Independent
012CB3D46662,Summer projects,Independent
013692FA66AF,Community service,Independent
01374C8A76BC,Seeking multiple opinions,Independent
0147365CB20D,Grades for extracurricular activities,Independent
01495BF80A2A,Distance learning,Independent
014BF1790D44,Grades for extracurricular activities,Independent
015480E09FE1,Mandatory extracurricular activities,Independent
0158970BC5D2,Summer projects,Independent
015F4D9DE71D,Community service,Independent
016451AABDF0,Grades for extracurricular activities,Independent
016A403802E8,Grades for extracurricular activities,Independent
016B35EDC7B8,Summer projects,Independent
017FB36B3B0C,Mandatory extracurricular activities,Independent
018311715B91,Community service,Independent
018A7B9DA61B,Grades for extracurricular activities,Independent
0191274639A4,Seeking multiple opinions,Independent
019B73E2A599,Seeking multiple opinions,Independent
019BDC9DF7CD,Distance learning,Independent
01A53D28E44A,Cell phones at school,Independent
01ACD1326679,Cell phones at school,Independent
01B3A57AB13D,Distance learning,Independent
01B44DA627B6,Grades for extracurricular activities,Independent
01BBB8075DC9,Community service,Independent
01BCD3BFBAD0,Cell phones at school,Independent
01C53183305A,Distance learning,Independent
01D017390DBC,Community service,Independent
01D04F3DF6CA,Grades for extracurricular activities,Independent
01DB053153E0,Mandatory extracurricular activities,Independent
01DF3961CF90,Grades for extracurricular activities,Independent
01E81DCE4F59,Cell phones at school,Independent
01F69867D1BE,Summer projects,Independent
01FC4BCFD7CB,Distance learning,Independent
01FE696E9CC2,Community service,Independent
0201B7877AD3,Distance learning,Independent
0214F87B86C3,Distance learning,Independent
021823AF0384,Distance learning,Independent
021B23C3C2C6,Distance learning,Independent
021B2E55384C,Summer projects,Independent
0222CB9AEFFC,Cell phones at school,Independent
0222E19C41BC,Mandatory extracurricular activities,Independent
022585D2819F,Community service,Independent
0228C92DFDF2,Distance learning,Independent
022DD0BE5A38,Seeking multiple opinions,Independent
022EE73C4244,Summer projects,Independent
0230E2A9E656,Mandatory extracurricular activities,Independent
02322AA38631,Grades for extracurricular activities,Independent
0242719E9969,Grades for extracurricular activities,Independent
025453135C64,Grades for extracurricular activities,Independent
0257D9E42247,Grades for extracurricular activities,Independent
02580BFD0105,Community service,Independent
026D034610CE,Summer projects,Independent
026DB1116D4D,Grades for extracurricular activities,Independent
028E0CD5DACE,Seeking multiple opinions,Independent
02A3E737A10F,Mandatory extracurricular activities,Independent
02AEBAE6EC47,Seeking multiple opinions,Independent
02B12E0E4025,Cell phones at school,Independent
02B6F6D24B6F,Summer projects,Independent
02C172EEAFE4,Cell phones at school,Independent
02C49FD99F7D,Distance learning,Independent
02CDFA415350,Grades for extracurricular activities,Independent
02D500B937EB,Cell phones at school,Independent
02DE2BC0EC95,Cell phones at school,Independent
02DE71CCBB4B,Community service,Independent
02EB601F0107,Distance learning,Independent
02EE98C9DB32,Distance learning,Independent
02F4114B1F63,Summer projects,Independent
03004B5AD2CC,Community service,Independent
03036B87A396,Seeking multiple opinions,Independent
0309F61A6F1A,Distance learning,Independent
030A70B9F194,Grades for extracurricular activities,Independent
030BBFC7D7F9,Distance learning,Independent
0316F6288791,Distance learning,Independent
0322EFDA120C,Distance learning,Independent
0333283809F6,Cell phones at school,Independent
03401B71D0F2,Distance learning,Independent
034A4394335C,Community service,Independent
034F335E1B82,Seeking multiple opinions,Independent
03503E5155AE,Distance learning,Independent
0358E1A5CC75,Distance learning,Independent
03656D51096B,Mandatory extracurricular activities,Independent
03739A8DFD62,Summer projects,Independent
037A3E847693,Distance learning,Independent
03803A910311,Mandatory extracurricular activities,Independent
038480498E5A,Grades for extracurricular activities,Independent
038BD0772A14,Community service,Independent
039228E4B779,Seeking multiple opinions,Independent
0398942EFF6E,Cell phones at school,Independent
03990A4F67B4,Grades for extracurricular activities,Independent
039E3E7329B2,Distance learning,Independent
03A12A02CE62,Seeking multiple opinions,Independent
03A2687FCE27,Distance learning,Independent
03B3EDA0F9D7,Summer projects,Independent
03B55D3B695B,Mandatory extracurricular activities,Independent
03B874232827,Distance learning,Independent
03BA5E41C5E4,Distance learning,Independent
03BAAAE93383,Mandatory extracurricular activities,Independent
03BC86ED932A,Community service,Independent
03C562EF629C,Mandatory extracurricular activities,Independent
03C96AF26E75,Seeking multiple opinions,Independent
03CFA8202072,Community service,Independent
03D0A8C34AFB,Grades for extracurricular activities,Independent
03D134875F1C,Distance learning,Independent
03F52910C24F,Community service,Independent
03F56A5C191A,Grades for extracurricular activities,Independent
03FDC60BE33B,Distance learning,Independent
04042B33F470,Cell phones at school,Independent
0408B654C48C,Seeking multiple opinions,Independent
0411473808DC,Mandatory extracurricular activities,Independent
0416D5BC09FB,Community service,Independent
041FABDBF592,Grades for extracurricular activities,Independent
0426BE0F775E,Mandatory extracurricular activities,Independent
042F1ABC1DC7,Grades for extracurricular activities,Independent
04326B0CA099,Mandatory extracurricular activities,Independent
0433D61E8652,Seeking multiple opinions,Independent
043CEF390B3E,Distance learning,Independent
044C80B2A55A,Cell phones at school,Independent
044D921A8C99,Summer projects,Independent
045020BFAD75,Summer projects,Independent
0459F1BBF74A,Cell phones at school,Independent
0459FB59CBA7,Community service,Independent
045C51AB37B3,Grades for extracurricular activities,Independent
045C9829A0F9,Distance learning,Independent
046A86DE2898,Mandatory extracurricular activities,Independent
046C6FB91CBA,Distance learning,Independent
047BD3CB80B4,Distance learning,Independent
04810832D23A,Seeking multiple opinions,Independent
0483125DCD62,Community service,Independent
048CE592752A,Community service,Independent
04906D555188,Mandatory extracurricular activities,Independent
0496DBA378FB,Seeking multiple opinions,Independent
049E10369FBA,Distance learning,Independent
04A018921C58,Seeking multiple opinions,Independent
04A24D0BAB28,Cell phones at school,Independent
04A7E6D80ADD,Summer projects,Independent
04AAE2E8EFB4,Seeking multiple opinions,Independent
04ACA7EB3994,Distance learning,Independent
04AF157D14EA,Mandatory extracurricular activities,Independent
04B5CE4CBF61,Summer projects,Independent
04B6F07AC0EC,Seeking multiple opinions,Independent
04B9D7851CAC,Seeking multiple opinions,Independent
04BC78F95F4A,Distance learning,Independent
04BF8771ADA6,Summer projects,Independent
04C46E44F660,Grades for extracurricular activities,Independent
04C4DFEECF27,Seeking multiple opinions,Independent
04C632140E83,Community service,Independent
04D10F678D31,Seeking multiple opinions,Independent
04D4F9F350F6,Distance learning,Independent
04D653441263,Distance learning,Independent
04D8A1F09465,Grades for extracurricular activities,Independent
04E2B40088AB,Seeking multiple opinions,Independent
04F17031683C,Seeking multiple opinions,Independent
04F4F6D2ABE2,Distance learning,Independent
05011EB91BCE,Grades for extracurricular activities,Independent
0504EEB01AD9,Grades for extracurricular activities,Independent
0507DAFBE89D,Seeking multiple opinions,Independent
050AB114EBE2,Cell phones at school,Independent
050ABE0F7EDA,Seeking multiple opinions,Independent
050EC6489A64,Grades for extracurricular activities,Independent
05101578DCA8,Summer projects,Independent
05118F820085,Distance learning,Independent
051C3A22AEE0,Distance learning,Independent
051F7768F76D,Summer projects,Independent
05273EE0A28A,Seeking multiple opinions,Independent
0527DB04DCC0,Distance learning,Independent
052BF542A50F,Cell phones at school,Independent
052F182ACD73,Community service,Independent
053ACB9DFE74,Seeking multiple opinions,Independent
05452D9728B2,Community service,Independent
054C082D0304,Distance learning,Independent
054D758A0DD0,Summer projects,Independent
05512D7C6578,Community service,Independent
05528E85EA1B,Community service,Independent
0552EE171A0A,Mandatory extracurricular activities,Independent
0555B97EB61C,Summer projects,Independent
0563F089C239,Cell phones at school,Independent
058675A4D020,Cell phones at school,Independent
058BD5D122D1,Summer projects,Independent
058CA87825F6,Mandatory extracurricular activities,Independent
059DFFE3A3A9,Cell phones at school,Independent
05A0DA9580E5,Grades for extracurricular activities,Independent
05A2C2BB8082,Cell phones at school,Independent
05A474FBA68F,Grades for extracurricular activities,Independent
05A6C6DF86A9,Distance learning,Independent
05B414601770,Grades for extracurricular activities,Independent
05B970A2AA96,Community service,Independent
05BA34E2D72A,Distance learning,Independent
05C19B6DF445,Grades for extracurricular activities,Independent
05C28F111573,Summer projects,Independent
05C8C18D341B,Summer projects,Independent
05CE48E8193E,Summer projects,Independent
05D237F606EA,Distance learning,Independent
05D639BB0AB4,Distance learning,Independent
05D84C1F29D4,Seeking multiple opinions,Independent
05DF38C35D1D,Mandatory extracurricular activities,Independent
05E4FBBF2E50,Grades for extracurricular activities,Independent
05E95229344B,Mandatory extracurricular activities,Independent
05EC08C05019,Distance learning,Independent
05EF8571B859,Mandatory extracurricular activities,Independent
05F30981F3EB,Distance learning,Independent
05F3A442CAE3,Distance learning,Independent
05F76135BBE1,Summer projects,Independent
05F87BEFBD79,Summer projects,Independent
05F9DC51226B,Seeking multiple opinions,Independent
05FB627DCA52,Mandatory extracurricular activities,Independent
05FFBFA9B3BA,Cell phones at school,Independent
06082EEC2458,Mandatory extracurricular activities,Independent
0610C8536282,Community service,Independent
0611BEFA3685,Seeking multiple opinions,Independent
062C24EF834D,Grades for extracurricular activities,Independent
06348D6E4080,Grades for extracurricular activities,Independent
063D5478D82F,Mandatory extracurricular activities,Independent
0640FE8DF9D6,Distance learning,Independent
06462BAC62B2,Cell phones at school,Independent
0647269B45A1,Community service,Independent
064E497ED786,Mandatory extracurricular activities,Independent
0652A1415220,Community service,Independent
06544C8704C4,Seeking multiple opinions,Independent
06592F816295,Distance learning,Independent
0664B75B49BA,Seeking multiple opinions,Independent
06699F123D6B,Seeking multiple opinions,Independent
066B1D7C9214,Distance learning,Independent
066BF70B8B98,Mandatory extracurricular activities,Independent
066F06E5E52C,Summer projects,Independent
067194796AD7,Community service,Independent
0679BAADD10C,Grades for extracurricular activities,Independent
067A65349063,Cell phones at school,Independent
06814DF362D6,Mandatory extracurricular activities,Independent
0684F83533CE,Mandatory extracurricular activities,Independent
068B2C038555,Mandatory extracurricular activities,Independent
068EECC9A878,Distance learning,Independent
068F206FE4F8,Grades for extracurricular activities,Independent
06936C8AA35D,Seeking multiple opinions,Independent
0699B4A08981,Cell phones at school,Independent
069EFABE5A55,Mandatory extracurricular activities,Independent
06A22B3B4BD9,Community service,Independent
06A9B4BC2E90,Seeking multiple opinions,Independent
06ADDCC67A61,Distance learning,Independent
06B1E9A43C96,Seeking multiple opinions,Independent
06BC6DAE198F,Summer projects,Independent
06C145EE7C45,Seeking multiple opinions,Independent
06C88B7A0E1D,Mandatory extracurricular activities,Independent
06CDC40C681B,Mandatory extracurricular activities,Independent
06DAD53DA2B9,Mandatory extracurricular activities,Independent
06DC11A94052,Distance learning,Independent
06DD81D3CF74,Community service,Independent
06DDAA4EB60C,Grades for extracurricular activities,Independent
06E3595C94BF,Grades for extracurricular activities,Independent
06E490F2538D,Summer projects,Independent
06E8CF6B7DD0,Community service,Independent
06EC785D1238,Distance learning,Independent
06F37AF3F52A,Grades for extracurricular activities,Independent
06F5F6A09DC6,Seeking multiple opinions,Independent
070148989D83,Summer projects,Independent
070413F48F80,Seeking multiple opinions,Independent
0713804A7926,Cell phones at school,Independent
071BF63AF332,Mandatory extracurricular activities,Independent
071E1B145717,Cell phones at school,Independent
071FB27E532B,Grades for extracurricular activities,Independent
0726FFE208DE,Community service,Independent
0730ACD2E23E,Seeking multiple opinions,Independent
07348A4B6E9C,Seeking multiple opinions,Independent
07397A3E9D8D,Distance learning,Independent
073F001C3DAB,Distance learning,Independent
07414A338814,Distance learning,Independent
0741F0C1D776,Distance learning,Independent
07555937FA5D,Distance learning,Independent
0756FE811833,Seeking multiple opinions,Independent
075952A15F65,Distance learning,Independent
075ACD93F7FA,Community service,Independent
076391C8B532,Cell phones at school,Independent
076C80C8D6FD,Grades for extracurricular activities,Independent
076D21D61C04,Grades for extracurricular activities,Independent
076DBAE9AA98,Grades for extracurricular activities,Independent
076FE42102A1,Cell phones at school,Independent
077B2A708101,Mandatory extracurricular activities,Independent
077CBD1D991B,Seeking multiple opinions,Independent
0780999D8532,Distance learning,Independent
07881BC0DDB9,Summer projects,Independent
078FCB89177B,Seeking multiple opinions,Independent
07970BC175FC,Summer projects,Independent
0797349D7D61,Community service,Independent
079FDB42E429,Distance learning,Independent
07A023BE2629,Distance learning,Independent
07A88E52FC70,Mandatory extracurricular activities,Independent
07AB5218B889,Mandatory extracurricular activities,Independent
07BDA9A96A77,Summer projects,Independent
07C3B59F13B0,Seeking multiple opinions,Independent
07C49C9E6178,Distance learning,Independent
07C6BB6ADA38,Distance learning,Independent
07C7A31386A0,Seeking multiple opinions,Independent
07CC30055043,Cell phones at school,Independent
07CE3E0B4129,Community service,Independent
07CF059A90F6,Distance learning,Independent
07D52443B420,Seeking multiple opinions,Independent
07DD81C2D396,Cell phones at school,Independent
07DEAD316EFB,Community service,Independent
07E3AD494BC0,Grades for extracurricular activities,Independent
07E503B34962,Community service,Independent
07E9F8609AC6,Community service,Independent
07EA2B30D5B6,Mandatory extracurricular activities,Independent
0802AEA16E9F,Grades for extracurricular activities,Independent
080E2CA04B67,Cell phones at school,Independent
080EC4BBF650,Community service,Independent
0814426B27DF,Seeking multiple opinions,Independent
081C66256B98,Summer projects,Independent
081F2D862A89,Summer projects,Independent
0825571D1A47,Distance learning,Independent
082598CC8955,Cell phones at school,Independent
082E19093947,Summer projects,Independent
083555B77983,Mandatory extracurricular activities,Independent
0839B4ACC2AF,Summer projects,Independent
0843E8886EC2,Community service,Independent
08479124D1C4,Grades for extracurricular activities,Independent
08482C3DA43A,Seeking multiple opinions,Independent
084898C37A44,Cell phones at school,Independent
084A87B3B853,Cell phones at school,Independent
084B9E2AD4AC,Grades for extracurricular activities,Independent
08530C01BCFB,Summer projects,Independent
08584DAB22EB,Grades for extracurricular activities,Independent
085AF5011C2E,Grades for extracurricular activities,Independent
086603D5B319,Mandatory extracurricular activities,Independent
086D6343AB33,Grades for extracurricular activities,Independent
0872DEBC7F18,Summer projects,Independent
087B943BBF9C,Grades for extracurricular activities,Independent
087E56206FE1,Community service,Independent
087F3F05712B,Grades for extracurricular activities,Independent
08855915B1F3,Grades for extracurricular activities,Independent
0886711ECD4E,Mandatory extracurricular activities,Independent
088C5E1694FB,Grades for extracurricular activities,Independent
088CB85E5B7A,Distance learning,Independent
088FCB397B74,Seeking multiple opinions,Independent
08904A41504E,Community service,Independent
0891D4A76005,Grades for extracurricular activities,Independent
089CDCA504A1,Cell phones at school,Independent
089DE1EB8CAF,Seeking multiple opinions,Independent
089F4D797A5E,Mandatory extracurricular activities,Independent
08A03F44195D,Grades for extracurricular activities,Independent
08A9CC07474D,Distance learning,Independent
08B72DCFD859,Distance learning,Independent
08B9D254FD4C,Cell phones at school,Independent
08BFFA9AD871,Cell phones at school,Independent
08C05F2480E4,Seeking multiple opinions,Independent
08C34A980940,Seeking multiple opinions,Independent
08CE03D82736,Mandatory extracurricular activities,Independent
08D32CC20CAD,Cell phones at school,Independent
08D518B80ED0,Summer projects,Independent
08D6D5B01824,Community service,Independent
08D8F3EF3B08,Grades for extracurricular activities,Independent
08F8BF983C64,Summer projects,Independent
08FAE6E0BDCC,Mandatory extracurricular activities,Independent
08FBED9A66DA,Summer projects,Independent
08FC0154E0EF,Distance learning,Independent
09035E72A3AE,Grades for extracurricular activities,Independent
0910E011143F,Community service,Independent
091522181D61,Mandatory extracurricular activities,Independent
093403D63CA6,Distance learning,Independent
093BD0824B7E,Distance learning,Independent
093F76C75A93,Seeking multiple opinions,Independent
0949D328CAC8,Grades for extracurricular activities,Independent
09537221A5ED,Seeking multiple opinions,Independent
095595DDF4AC,Grades for extracurricular activities,Independent
0959BDBD0FB4,Seeking multiple opinions,Independent
095D057ACAD7,Cell phones at school,Independent
095F6D0A8377,Summer projects,Independent
09618943A295,Mandatory extracurricular activities,Independent
09621E6AE55D,Mandatory extracurricular activities,Independent
0971823179F9,Community service,Independent
09770DECD26C,Mandatory extracurricular activities,Independent
097BDC9D09D2,Seeking multiple opinions,Independent
097FE8053507,Grades for extracurricular activities,Independent
0982C9F47D30,Mandatory extracurricular activities,Independent
0982DD0EB8E5,Distance learning,Independent
0982F748C034,Mandatory extracurricular activities,Independent
0985602832CD,Cell phones at school,Independent
098FA5D40CF6,Distance learning,Independent
09935EBDBB7C,Summer projects,Independent
099764B21768,Mandatory extracurricular activities,Independent
099773A903CD,Seeking multiple opinions,Independent
09978094D17C,Distance learning,Independent
09A5C0911124,Mandatory extracurricular activities,Independent
09AA28BBE192,Grades for extracurricular activities,Independent
09AA7375FE64,Seeking multiple opinions,Independent
09ABE1DE8537,Summer projects,Independent
09ADB0629CD0,Distance learning,Independent
09AE5FE4E4D9,Seeking multiple opinions,Independent
09C0C3EFC66E,Grades for extracurricular activities,Independent
09C47605F3D6,Community service,Independent
09C8F49982B9,Mandatory extracurricular activities,Independent
09CC8EB90437,Distance learning,Independent
09E2F282EC82,Summer projects,Independent
09ECF76CBD3C,Summer projects,Independent
09F032EC5F21,Community service,Independent
09F1FC4F0F47,Grades for extracurricular activities,Independent
09F294EFAFC2,Distance learning,Independent
0A082DA0A890,Distance learning,Independent
0A0B289272ED,Summer projects,Independent
0A23334002E0,Community service,Independent
0A259B8AA9B2,Seeking multiple opinions,Independent
0A273CDFC416,Mandatory extracurricular activities,Independent
0A2A6855DE4F,Grades for extracurricular activities,Independent
0A2EE9B6BF75,Distance learning,Independent
0A373C01EAD7,Mandatory extracurricular activities,Independent
0A3818A64CF5,Grades for extracurricular activities,Independent
0A43A08B43DA,Summer projects,Independent
0A4A60D36D7F,Community service,Independent
0A5299390319,Distance learning,Independent
0A57811CB8A2,Summer projects,Independent
0A591A9C5A7F,Community service,Independent
0A5B8761B187,Mandatory extracurricular activities,Independent
0A5BA91AA8B5,Cell phones at school,Independent
0A5FBB44DC50,Summer projects,Independent
0A6324CE9AD0,Seeking multiple opinions,Independent
0A66AD23400E,Cell phones at school,Independent
0A67029FA17C,Mandatory extracurricular activities,Independent
0A6BC5C6C8D3,Summer projects,Independent
0A6C0B6D3925,Cell phones at school,Independent
0A7A8F866208,Cell phones at school,Independent
0A7EE102DFCB,Distance learning,Independent
0A821CBEEBB1,Distance learning,Independent
0A9737F93012,Community service,Independent
0AA2CC0ED760,Cell phones at school,Independent
0AA8E5C89F0F,Community service,Independent
0AB1AF1AE293,Seeking multiple opinions,Independent
0ABAB1A72BD6,Community service,Independent
0ABE27218D9C,Cell phones at school,Independent
0AC49CE1A516,Distance learning,Independent
0AC92FABBDEF,Seeking multiple opinions,Independent
0AD49DAA4C83,Summer projects,Independent
0AD69388300B,Distance learning,Independent
0ADBB145FC2C,Mandatory extracurricular activities,Independent
0AE484ECECE6,Summer projects,Independent
0AE4F7182044,Grades for extracurricular activities,Independent
0AF19FB6EFB5,Cell phones at school,Independent
0AF71A83C114,Community service,Independent
0AF80C04491F,Grades for extracurricular activities,Independent
0AFAD06336F3,Distance learning,Independent
0B084590D876,Seeking multiple opinions,Independent
0B0A72BE66A0,Community service,Independent
0B14040A5B27,Grades for extracurricular activities,Independent
0B1B9FA86199,Mandatory extracurricular activities,Independent
0B1CD576E3E9,Grades for extracurricular activities,Independent
0B25AA5D6644,Distance learning,Independent
0B2C0C1833BF,Community service,Independent
0B3BA24EAF48,Seeking multiple opinions,Independent
0B4FAC7A4A8B,Grades for extracurricular activities,Independent
0B59FE37329D,Seeking multiple opinions,Independent
0B5BC07C6E03,Mandatory extracurricular activities,Independent
0B5BFD4E5904,Community service,Independent
0B64C3347CCA,Mandatory extracurricular activities,Independent
0B720B5EA0E9,Distance learning,Independent
0B7832DC2556,Grades for extracurricular activities,Independent
0B83D59D898C,Cell phones at school,Independent
0B858FF5C4C0,Community service,Independent
0B88C91C0403,Distance learning,Independent
0B8F67C0A3A1,Grades for extracurricular activities,Independent
0B994B3916FB,Distance learning,Independent
0B998187123D,Seeking multiple opinions,Independent
0B9CE8AC36DD,Distance learning,Independent
0B9F19D6B713,Seeking multiple opinions,Independent
0BA3163D4609,Summer projects,Independent
0BA416865EFD,Seeking multiple opinions,Independent
0BA5506F91C5,Grades for extracurricular activities,Independent
0BA5EF441ADD,Seeking multiple opinions,Independent
0BAA5F009116,Summer projects,Independent
0BAF08001514,Cell phones at school,Independent
0BB223A348F6,Summer projects,Independent
0BB4037BFB98,Distance learning,Independent
0BC016A285DC,Grades for extracurricular activities,Independent
0BC2CAE08FDF,Community service,Independent
0BC2D988CA5D,Cell phones at school,Independent
0BC531D9A1FD,Community service,Independent
0BCA18283DBE,Distance learning,Independent
0BCB61C92C49,Mandatory extracurricular activities,Independent
0BCBCD2D4FEA,Summer projects,Independent
0BCF9505A354,Distance learning,Independent
0BDADA3AFF77,Seeking multiple opinions,Independent
0BE21117EB3D,Community service,Independent
0BE6935B5A54,Grades for extracurricular activities,Independent
0BEB59F1FC9F,Summer projects,Independent
0BF56A2681D3,Community service,Independent
0BF6D9E2CAFF,Cell phones at school,Independent
0BF9E22B7981,Community service,Independent
0BFAE39E5020,Seeking multiple opinions,Independent
0C02DB524F25,Distance learning,Independent
0C06B988433C,Distance learning,Independent
0C085229F46A,Distance learning,Independent
0C0DECDCFD52,Summer projects,Independent
0C1372F878A8,Grades for extracurricular activities,Independent
0C1A8B5D2903,Cell phones at school,Independent
0C1BFE5E9F69,Grades for extracurricular activities,Independent
0C216F2C365B,Cell phones at school,Independent
0C235A04EC44,Mandatory extracurricular activities,Independent
0C25854E9900,Summer projects,Independent
0C2F4FE7BAB4,Distance learning,Independent
0C386AFA6EB4,Mandatory extracurricular activities,Independent
0C3BBDB91972,Seeking multiple opinions,Independent
0C40CA84544C,Community service,Independent
0C4ADE185903,Cell phones at school,Independent
0C5456B41BD0,Summer projects,Independent
0C57E7728900,Cell phones at school,Independent
0C636735B18E,Summer projects,Independent
0C636C7DADB4,Distance learning,Independent
0C67F1A5230C,Mandatory extracurricular activities,Independent
0C699C871AA5,Distance learning,Independent
0C751C31DE85,Mandatory extracurricular activities,Independent
0C7C06A6D656,Cell phones at school,Independent
0C80AA2C816D,Seeking multiple opinions,Independent
0C82FD59BA0B,Distance learning,Independent
0C88519C4C03,Grades for extracurricular activities,Independent
0C9C3B277852,Mandatory extracurricular activities,Independent
0C9DF15EB6EA,Distance learning,Independent
0CA02601D5C5,Summer projects,Independent
0CA6C4864708,Mandatory extracurricular activities,Independent
0CAB1510D416,Community service,Independent
0CAC184297FF,Summer projects,Independent
0CAF8CEA967C,Seeking multiple opinions,Independent
0CB2758A3289,Summer projects,Independent
0CB3A4D9ABF9,Distance learning,Independent
0CB3CA3672E2,Summer projects,Independent
0CB7BE27C466,Grades for extracurricular activities,Independent
0CC7CB437B4C,Summer projects,Independent
0CDA737BEA89,Community service,Independent
0CDCBCF07C6D,Community service,Independent
0CDCC84B9EA9,Distance learning,Independent
0CE2B34B05CB,Grades for extracurricular activities,Independent
0CE521F8D172,Community service,Independent
0CE6E6BF8EA4,Community service,Independent
0CF046E953FB,Community service,Independent
0CF568439ADB,Seeking multiple opinions,Independent
0CF61A389E37,Distance learning,Independent
0CFDDC1CF75A,Cell phones at school,Independent
0D0BB94FCCFA,Distance learning,Independent
0D1493FDAAD3,Seeking multiple opinions,Independent
0D18BDF22C59,Community service,Independent
0D1951E5DA3E,Cell phones at school,Independent
0D1B0AE68DC6,Mandatory extracurricular activities,Independent
0D1CB28776D2,Cell phones at school,Independent
0D221F0798ED,Seeking multiple opinions,Independent
0D27B2DDECF7,Summer projects,Independent
0D29A98FE8FB,Seeking multiple opinions,Independent
0D32A07A3986,Mandatory extracurricular activities,Independent
0D34832378C0,Seeking multiple opinions,Independent
0D3737E9F443,Seeking multiple opinions,Independent
0D57449ADB7E,Grades for extracurricular activities,Independent
0D6549D2F364,Community service,Independent
0D6A0F3CE1CD,Seeking multiple opinions,Independent
0D6D92C4EAC4,Cell phones at school,Independent
0D6EAC137920,Seeking multiple opinions,Independent
0D6F5D6E2E77,Seeking multiple opinions,Independent
0D788E8BDADB,Grades for extracurricular activities,Independent
0D794A60E418,Community service,Independent
0D7E8A53C9B7,Cell phones at school,Independent
0D8035CE77E4,Cell phones at school,Independent
0D8E321A9415,Mandatory extracurricular activities,Independent
0D9011021C2B,Mandatory extracurricular activities,Independent
0D91FC8A9FE7,Summer projects,Independent
0D944DDF9492,Mandatory extracurricular activities,Independent
0D983D66364A,Distance learning,Independent
0DA533FE0FB1,Summer projects,Independent
0DAD662B1782,Seeking multiple opinions,Independent
0DB1509D2CDB,Summer projects,Independent
0DB1CE0764E9,Mandatory extracurricular activities,Independent
0DB421BA1BFD,Distance learning,Independent
0DBDA28DA968,Cell phones at school,Independent
0DBEBB0EED72,Community service,Independent
0DC26D7994A7,Grades for extracurricular activities,Independent
0DC3194D5EDE,Mandatory extracurricular activities,Independent
0DD088792AA7,Cell phones at school,Independent
0DD93F825FD7,Distance learning,Independent
0DE08F4053C5,Mandatory extracurricular activities,Independent
0DE4BFD7B94A,Community service,Independent
0DE6D016C7FC,Grades for extracurricular activities,Independent
0DE6E95F6D77,Community service,Independent
0DE917C7C818,Summer projects,Independent
0DEA400FB9F8,Grades for extracurricular activities,Independent
0DEAB57A504B,Seeking multiple opinions,Independent
0DEB291B21FA,Grades for extracurricular activities,Independent
0DF0F6199BD0,Summer projects,Independent
0DF2006FC8F1,Cell phones at school,Independent
0DF2DA5C58FA,Distance learning,Independent
0DF3E1BC7D04,Mandatory extracurricular activities,Independent
0E07647BBC59,Distance learning,Independent
0E0ED6AD074D,Cell phones at school,Independent
0E1251EF8544,Seeking multiple opinions,Independent
0E24F08F16D5,Seeking multiple opinions,Independent
0E24F8C90CFB,Distance learning,Independent
0E3AC9BFA07C,Distance learning,Independent
0E40A58A09D7,Community service,Independent
0E5278E12B82,Mandatory extracurricular activities,Independent
0E5434B8EA66,Mandatory extracurricular activities,Independent
0E5BCFB10650,Summer projects,Independent
0E5FA083E123,Seeking multiple opinions,Independent
0E6A84091310,Community service,Independent
0E6ADE74D132,Cell phones at school,Independent
0E6BB199BF93,Mandatory extracurricular activities,Independent
0E6C3C2133C4,Mandatory extracurricular activities,Independent
0E848AA38DB7,Grades for extracurricular activities,Independent
0E89829FDE70,Seeking multiple opinions,Independent
0E8CB55193E3,Seeking multiple opinions,Independent
0E8CBECB7CCB,Mandatory extracurricular activities,Independent
0E976DD14859,Cell phones at school,Independent
0E9A166C4B67,Grades for extracurricular activities,Independent
0E9A98725D87,Community service,Independent
0E9E596A69D0,Seeking multiple opinions,Independent
0EA2F253563A,Distance learning,Independent
0EA59AC549C4,Seeking multiple opinions,Independent
0EA67D518E94,Mandatory extracurricular activities,Independent
0EAB0E4FC56C,Mandatory extracurricular activities,Independent
0EB16BF9C6D8,Summer projects,Independent
0EB3DD3D4789,Mandatory extracurricular activities,Independent
0EB68912667C,Mandatory extracurricular activities,Independent
0EBA0162ABBB,Mandatory extracurricular activities,Independent
0EBE92AFBD97,Seeking multiple opinions,Independent
0EC6CB60A702,Seeking multiple opinions,Independent
0EDBF71D5CF6,Distance learning,Independent
0EE6F614F2F0,Seeking multiple opinions,Independent
0EE9980F4C4B,Seeking multiple opinions,Independent
0EF272634FEE,Cell phones at school,Independent
0EF652533E77,Summer projects,Independent
0EF6C038DD32,Seeking multiple opinions,Independent
0EFDADD0CCD9,Grades for extracurricular activities,Independent
0F0813F0146A,Summer projects,Independent
0F13AFF35C0C,Seeking multiple opinions,Independent
0F1439303944,Distance learning,Independent
0F14FEA19E2A,Distance learning,Independent
0F1830D67AF9,Distance learning,Independent
0F19DD8FEEDC,Community service,Independent
0F1A6DA7027E,Mandatory extracurricular activities,Independent
0F1F7F935A01,Summer projects,Independent
0F2720F5FBED,Mandatory extracurricular activities,Independent
0F2C1C946844,Cell phones at school,Independent
0F2D20318CBE,Summer projects,Independent
0F2D3B9FDD3A,Community service,Independent
0F2E9FA7DAF4,Mandatory extracurricular activities,Independent
0F2FAAC3EEA0,Cell phones at school,Independent
0F3877B7D800,Grades for extracurricular activities,Independent
0F38D6102C2C,Summer projects,Independent
0F3BCECF9901,Distance learning,Independent
0F5247051127,Mandatory extracurricular activities,Independent
0F571C3502D3,Cell phones at school,Independent
0F62638EB677,Distance learning,Independent
0F659402E51B,Distance learning,Independent
0F6E3C622E7F,Mandatory extracurricular activities,Independent
0F71E5F49E17,Community service,Independent
0F757049FA41,Cell phones at school,Independent
0F7862191BC4,Community service,Independent
0F787DD4A61A,Grades for extracurricular activities,Independent
0F7934223515,Community service,Independent
0F7DB6BD1AD5,Distance learning,Independent
0F7FEA47FA3E,Summer projects,Independent
0F89C0EE8981,Cell phones at school,Independent
0F8D99B7AC0F,Community service,Independent
0F92CE19A137,Summer projects,Independent
0F9E444C9DF7,Mandatory extracurricular activities,Independent
0FA1E3CA3D73,Mandatory extracurricular activities,Independent
0FA7BA9A1FB9,Community service,Independent
0FAA6C7B06C2,Community service,Independent
0FB0700DAF44,Seeking multiple opinions,Independent
0FBAD334BACA,Cell phones at school,Independent
0FC32E083BDE,Seeking multiple opinions,Independent
0FC3D22B2DB8,Cell phones at school,Independent
0FC97658A027,Community service,Independent
0FD256479257,Community service,Independent
0FD27A7C4257,Mandatory extracurricular activities,Independent
0FD5B95A957D,Summer projects,Independent
0FDA6AC79713,Distance learning,Independent
0FDEE427FD46,Grades for extracurricular activities,Independent
0FE04DC094ED,Summer projects,Independent
0FE3B7AAD133,Mandatory extracurricular activities,Independent
0FE5C9C13E7A,Seeking multiple opinions,Independent
0FE8DC0B8513,Grades for extracurricular activities,Independent
0FF049B01070,Grades for extracurricular activities,Independent
0FF781FB6050,Cell phones at school,Independent
0FFF13DC0B0C,Community service,Independent
1.02E+75,Summer projects,Independent
1.06395E+11,Distance learning,Independent
1.15E+48,Cell phones at school,Independent
1.32496E+11,Seeking multiple opinions,Independent
1.61213E+11,Seeking multiple opinions,Independent
1.67E+46,Community service,Independent
1000DD448EFE,Mandatory extracurricular activities,Independent
10049349777A,Summer projects,Independent
1006FE578078,Mandatory extracurricular activities,Independent
100AA438ECE8,Summer projects,Independent
10100E19E2C3,Grades for extracurricular activities,Independent
101256FB2FB2,Summer projects,Independent
1016199DA6FD,Distance learning,Independent
101C3E9B985D,Distance learning,Independent
10266FD6FA36,Community service,Independent
103CC3AA8F90,Grades for extracurricular activities,Independent
105A6ECC9A9E,Cell phones at school,Independent
105FBB463064,Grades for extracurricular activities,Independent
1067ADE80412,Grades for extracurricular activities,Independent
10738FAB1350,Summer projects,Independent
107F15C6D272,Seeking multiple opinions,Independent
108363724F15,Community service,Independent
108C28958E5B,Seeking multiple opinions,Independent
108CCC90A2FB,Grades for extracurricular activities,Independent
109421D070BF,Summer projects,Independent
1098BEDFB182,Grades for extracurricular activities,Independent
109A06A4FB60,Mandatory extracurricular activities,Independent
10ABD322F49B,Summer projects,Independent
10ACBFAA9809,Community service,Independent
10B5AC99E165,Mandatory extracurricular activities,Independent
10B79C092DE1,Seeking multiple opinions,Independent
10C813389A74,Seeking multiple opinions,Independent
10CE47991891,Community service,Independent
10D09AB4D6C7,Mandatory extracurricular activities,Independent
10D1D5724C4A,Mandatory extracurricular activities,Independent
10D7845FC5D4,Community service,Independent
10E1C7EDACB8,Mandatory extracurricular activities,Independent
10E592ECBDB0,Mandatory extracurricular activities,Independent
10E71B56EBDE,Cell phones at school,Independent
10E73EB00BA8,Grades for extracurricular activities,Independent
10E7A0414D14,Distance learning,Independent
10F4C4CDB76D,Mandatory extracurricular activities,Independent
10F4FEDEF052,Summer projects,Independent
11040FD6C88D,Summer projects,Independent
110CB433ACF7,Mandatory extracurricular activities,Independent
1111D5CDB343,Cell phones at school,Independent
11168209A49C,Community service,Independent
111E90E1DB45,Distance learning,Independent
1125B1716D5E,Grades for extracurricular activities,Independent
1129201DC11C,Distance learning,Independent
112AA24D20BC,Mandatory extracurricular activities,Independent
112ACF74B759,Community service,Independent
112B1760D112,Distance learning,Independent
112ECA514F8B,Grades for extracurricular activities,Independent
1135CD7FBE4F,Seeking multiple opinions,Independent
1136D95D28E7,Community service,Independent
11393B68F12C,Mandatory extracurricular activities,Independent
113942A18C27,Cell phones at school,Independent
115972ADCF50,Cell phones at school,Independent
1160237A1858,Cell phones at school,Independent
116209F5E812,Mandatory extracurricular activities,Independent
11647A73E2B9,Seeking multiple opinions,Independent
116A50DF4ADF,Grades for extracurricular activities,Independent
116D6C03549A,Summer projects,Independent
116ED6BCEA4E,Community service,Independent
1173D7C535A3,Cell phones at school,Independent
1175204C51AF,Summer projects,Independent
117FFA9B4B12,Grades for extracurricular activities,Independent
11854A885ED6,Seeking multiple opinions,Independent
11862ECFA000,Community service,Independent
118C90DCC636,Summer projects,Independent
118E2E7C9C73,Summer projects,Independent
11A48AF9668D,Cell phones at school,Independent
11A680B3FB42,Community service,Independent
11B659A6D867,Mandatory extracurricular activities,Independent
11BEB30F68EA,Seeking multiple opinions,Independent
11C0555D3ACA,Distance learning,Independent
11C0D83F479E,Cell phones at school,Independent
11C1833E04B6,Summer projects,Independent
11C658295AC7,Cell phones at school,Independent
11CE345BAEF2,Summer projects,Independent
11D36CD1AC96,Grades for extracurricular activities,Independent
11DD0B26B584,Distance learning,Independent
11DE2050A727,Mandatory extracurricular activities,Independent
11DF8476ED7F,Seeking multiple opinions,Independent
11E1C6E089DF,Cell phones at school,Independent
11E3D2D8C85E,Distance learning,Independent
11F106935EDA,Distance learning,Independent
11F14A342E56,Cell phones at school,Independent
11F43325A858,Community service,Independent
11FCFBA42882,Mandatory extracurricular activities,Independent
120174AE39B7,Cell phones at school,Independent
120AEADB58BC,Summer projects,Independent
12118E6058A7,Community service,Independent
12135DEF3C3F,Cell phones at school,Independent
12156BA6D875,Summer projects,Independent
121AAD6AE49F,Distance learning,Independent
1226089D55CC,Mandatory extracurricular activities,Independent
123722DA6464,Community service,Independent
123BBF5BAAED,Mandatory extracurricular activities,Independent
124750B04447,Cell phones at school,Independent
1249AFEBB95D,Community service,Independent
124C24EE768C,Grades for extracurricular activities,Independent
124E04CB45B8,Distance learning,Independent
124EDC15E692,Mandatory extracurricular activities,Independent
12660C832798,Seeking multiple opinions,Independent
126747A179A8,Distance learning,Independent
1269B4FB7E6B,Community service,Independent
126AB089D089,Distance learning,Independent
1271164467DA,Distance learning,Independent
127670CABA7C,Grades for extracurricular activities,Independent
12796C5A0480,Mandatory extracurricular activities,Independent
127A60BC4DF2,Seeking multiple opinions,Independent
127C44A70BAC,Mandatory extracurricular activities,Independent
1284A423E338,Cell phones at school,Independent
1287FB93CF6F,Community service,Independent
129391F5ECBF,Mandatory extracurricular activities,Independent
1294A6CEEAC5,Distance learning,Independent
1295E8C0327F,Grades for extracurricular activities,Independent
12988594D953,Seeking multiple opinions,Independent
129C5DED720B,Summer projects,Independent
129E8C26C10D,Cell phones at school,Independent
12A49BF3B556,Mandatory extracurricular activities,Independent
12AAF9C7C266,Grades for extracurricular activities,Independent
12BA7182FFC7,Distance learning,Independent
12BCA50767E9,Distance learning,Independent
12BE2367222D,Distance learning,Independent
12C40C11C57C,Distance learning,Independent
12C4FDD062F3,Distance learning,Independent
12C580353B69,Cell phones at school,Independent
12C8DD7C074E,Seeking multiple opinions,Independent
12CB536B6C39,Mandatory extracurricular activities,Independent
12D86A369DBE,Cell phones at school,Independent
12E283B3F303,Cell phones at school,Independent
12F2A2D4AB24,Distance learning,Independent
12F3403879BF,Cell phones at school,Independent
12FEB57ECB4E,Mandatory extracurricular activities,Independent
1300228ADAC3,Cell phones at school,Independent
1300CBEB1F39,Mandatory extracurricular activities,Independent
1306DBD7573C,Mandatory extracurricular activities,Independent
1308F5C3347E,Distance learning,Independent
130F9B6DCCF9,Summer projects,Independent
1313ADFE62C6,Mandatory extracurricular activities,Independent
131D4EC3D03F,Mandatory extracurricular activities,Independent
131DA85211F7,Seeking multiple opinions,Independent
13224DF00A6A,Seeking multiple opinions,Independent
13233FB0483F,Summer projects,Independent
13294E9A7CA1,Seeking multiple opinions,Independent
13299580C8AD,Cell phones at school,Independent
133BA823C9DC,Cell phones at school,Independent
133BF9052FCA,Distance learning,Independent
133DA8BD32F9,Grades for extracurricular activities,Independent
13426BBB0EC2,Seeking multiple opinions,Independent
13457D2F2557,Seeking multiple opinions,Independent
13481B549329,Community service,Independent
13493E22AB5A,Grades for extracurricular activities,Independent
134BAA2D43CF,Distance learning,Independent
13502C406F65,Cell phones at school,Independent
13556F3D510C,Grades for extracurricular activities,Independent
1359D3CCD936,Mandatory extracurricular activities,Independent
135F922187BC,Seeking multiple opinions,Independent
1360BDCC0176,Summer projects,Independent
1365F7051B17,Community service,Independent
136B9BDB53E0,Summer projects,Independent
1377A50485F1,Community service,Independent
137BAE6EAA41,Community service,Independent
1385E7A90736,Seeking multiple opinions,Independent
138BB07570E0,Mandatory extracurricular activities,Independent
138F86B73F7D,Summer projects,Independent
13989868021A,Mandatory extracurricular activities,Independent
139E760C6DEE,Grades for extracurricular activities,Independent
139FC472EA3E,Grades for extracurricular activities,Independent
13A30C894FAD,Community service,Independent
13A4CE233CDA,Cell phones at school,Independent
13AAAD860217,Distance learning,Independent
13AF1E268C99,Distance learning,Independent
13B3514D9E55,Mandatory extracurricular activities,Independent
13B7179EB6D3,Community service,Independent
13B7ABDC0051,Summer projects,Independent
13B841D2BC21,Cell phones at school,Independent
13BC8BC3654E,Distance learning,Independent
13BD2F675384,Cell phones at school,Independent
13C271A7BB26,Distance learning,Independent
13CB8629B839,Cell phones at school,Independent
13CFDB110C7C,Distance learning,Independent
13D055D4F041,Summer projects,Independent
13D62898496F,Mandatory extracurricular activities,Independent
13E62C937FCA,Summer projects,Independent
13E733243771,Community service,Independent
13F1DF1DB4DE,Grades for extracurricular activities,Independent
13F4CEEDDCBD,Cell phones at school,Independent
13FDCF58A955,Distance learning,Independent
14044A2FF1FC,Cell phones at school,Independent
1405831818EE,Seeking multiple opinions,Independent
140781159BAD,Community service,Independent
14097CCF4030,Cell phones at school,Independent
14107BE4409C,Grades for extracurricular activities,Independent
14122B906E30,Cell phones at school,Independent
14125B6C50B8,Community service,Independent
1417CDA8D493,Grades for extracurricular activities,Independent
141A60AB7B0D,Seeking multiple opinions,Independent
141CC621E949,Summer projects,Independent
1424DEF8AEA5,Mandatory extracurricular activities,Independent
142BF0B5376A,Seeking multiple opinions,Independent
143449132EAF,Community service,Independent
1437601709BB,Grades for extracurricular activities,Independent
143881605B57,Mandatory extracurricular activities,Independent
14409A305AB3,Distance learning,Independent
1440BFF921C4,Summer projects,Independent
1445C99DF53B,Cell phones at school,Independent
1449A333A335,Summer projects,Independent
14542AA79AA4,Seeking multiple opinions,Independent
1461C0EEEE77,Cell phones at school,Independent
1463D1D9EC8F,Mandatory extracurricular activities,Independent
146440EF28B8,Distance learning,Independent
146818D2FAF1,Community service,Independent
1469BBBDF3ED,Summer projects,Independent
146D260F5526,Mandatory extracurricular activities,Independent
1484F69AB31E,Distance learning,Independent
1495BAF55143,Community service,Independent
149CECF2426C,Cell phones at school,Independent
149E8C278863,Distance learning,Independent
14C42742BD87,Grades for extracurricular activities,Independent
14CB51AFA416,Community service,Independent
14CBCA18C124,Mandatory extracurricular activities,Independent
14CC75D0E9D0,Grades for extracurricular activities,Independent
14CD7481EF35,Seeking multiple opinions,Independent
14D4B556B3A2,Summer projects,Independent
14D67698786D,Mandatory extracurricular activities,Independent
14D6911BF51D,Cell phones at school,Independent
14DBFF7A7AD3,Summer projects,Independent
14DC8313ACDD,Distance learning,Independent
14DF107E8ADD,Distance learning,Independent
14E573422FEA,Grades for extracurricular activities,Independent
14E83FCCC2AF,Distance learning,Independent
14EA20764FD8,Seeking multiple opinions,Independent
14EE006078C4,Distance learning,Independent
14F0D1DFE3B1,Distance learning,Independent
14F754342EA0,Seeking multiple opinions,Independent
1509D8D81A10,Summer projects,Independent
150C879555C6,Summer projects,Independent
151645FFA225,Grades for extracurricular activities,Independent
151B0CD2ACE4,Distance learning,Independent
1523EEF201C4,Community service,Independent
15260AF98824,Cell phones at school,Independent
1529F615275D,Distance learning,Independent
152A4E283823,Seeking multiple opinions,Independent
1536D4AC6501,Grades for extracurricular activities,Independent
153972503B34,Distance learning,Independent
15398FCF1379,Seeking multiple opinions,Independent
1546CF3CFEEF,Seeking multiple opinions,Independent
154DA8FC14D7,Mandatory extracurricular activities,Independent
1553852F57B7,Distance learning,Independent
1556FDEA70E3,Grades for extracurricular activities,Independent
155918C91905,Grades for extracurricular activities,Independent
155CAAB3DC95,Seeking multiple opinions,Independent
1566C25438D4,Grades for extracurricular activities,Independent
156E24130528,Distance learning,Independent
15710AAE17FA,Seeking multiple opinions,Independent
158096ED2561,Cell phones at school,Independent
158EDBD5EC25,Summer projects,Independent
1590FD8BEA8E,Seeking multiple opinions,Independent
15912A718F26,Mandatory extracurricular activities,Independent
159424F57C24,Seeking multiple opinions,Independent
1596E1BA9983,Summer projects,Independent
159B993974F6,Summer projects,Independent
159C888039CA,Distance learning,Independent
159CB166349B,Distance learning,Independent
159D4CDA17B0,Mandatory extracurricular activities,Independent
15B1386353B7,Seeking multiple opinions,Independent
15B6AD38663B,Summer projects,Independent
15B8ED0E3817,Community service,Independent
15BDCD238E51,Summer projects,Independent
15C0E61BC1E5,Community service,Independent
15D2FF172210,Seeking multiple opinions,Independent
15D3501518B0,Distance learning,Independent
15D68BD247CD,Grades for extracurricular activities,Independent
15DB03CB7A98,Grades for extracurricular activities,Independent
15DB2779EC7A,Mandatory extracurricular activities,Independent
15E235D694BE,Summer projects,Independent
15E317EDD7A0,Distance learning,Independent
15E93D248649,Cell phones at school,Independent
15EAD0CC9F3D,Distance learning,Independent
15F20233CFA6,Community service,Independent
15F434699355,Seeking multiple opinions,Independent
15F52C3B4580,Grades for extracurricular activities,Independent
15FD5B635B50,Seeking multiple opinions,Independent
160060CC2418,Community service,Independent
16030592A7B7,Seeking multiple opinions,Independent
160942A326B8,Summer projects,Independent
160B02D673E9,Mandatory extracurricular activities,Independent
160C1321A536,Grades for extracurricular activities,Independent
160C8B8C0E64,Distance learning,Independent
160D4AE46A61,Grades for extracurricular activities,Independent
16206760663F,Seeking multiple opinions,Independent
16255EBBB49B,Grades for extracurricular activities,Independent
1626F27A828F,Summer projects,Independent
16271A900F31,Mandatory extracurricular activities,Independent
163AC455E1DF,Distance learning,Independent
16482660AC91,Cell phones at school,Independent
1649A2246587,Distance learning,Independent
164E8B76D5D4,Cell phones at school,Independent
1655FBD1D22A,Cell phones at school,Independent
165BE1E22902,Mandatory extracurricular activities,Independent
1669F1CC90D9,Grades for extracurricular activities,Independent
166A1383A90C,Distance learning,Independent
166AA098DBBB,Community service,Independent
166B8C946173,Distance learning,Independent
166CE6EE73AE,Grades for extracurricular activities,Independent
16759AEA250C,Grades for extracurricular activities,Independent
16760A114ACB,Seeking multiple opinions,Independent
167AE151377D,Mandatory extracurricular activities,Independent
167C0474C7F6,Summer projects,Independent
1681878C051A,Mandatory extracurricular activities,Independent
1684BE6E2D54,Seeking multiple opinions,Independent
168890CF840E,Mandatory extracurricular activities,Independent
168E5BD0AECE,Mandatory extracurricular activities,Independent
168FBD2247BA,Distance learning,Independent
169CCAB1500F,Cell phones at school,Independent
16A19F37921F,Distance learning,Independent
16A2070EB15F,Distance learning,Independent
16A44AFEC63B,Cell phones at school,Independent
16A92F43071D,Mandatory extracurricular activities,Independent
16AFB1342251,Seeking multiple opinions,Independent
16B7CA362E71,Distance learning,Independent
16BC80DFCF74,Seeking multiple opinions,Independent
16C808F5F642,Distance learning,Independent
16D1DCBC366E,Cell phones at school,Independent
16D2B327B978,Distance learning,Independent
16D3EFBE11FD,Distance learning,Independent
16DE10816A76,Distance learning,Independent
16DEF72E220A,Distance learning,Independent
16E17D54523A,Grades for extracurricular activities,Independent
16E4FB7A2BAF,Community service,Independent
16F34D94DC83,Grades for extracurricular activities,Independent
16F6DD028926,Community service,Independent
16F9A11EE38E,Seeking multiple opinions,Independent
170444AD3129,Summer projects,Independent
17050101B707,Summer projects,Independent
1706A44CC656,Seeking multiple opinions,Independent
17095E50E21A,Mandatory extracurricular activities,Independent
170E5EDC8024,Grades for extracurricular activities,Independent
1712A40F635E,Community service,Independent
171E655CC8F1,Distance learning,Independent
17249776EA6D,Cell phones at school,Independent
172A3013AF1B,Distance learning,Independent
172DCAD4E21A,Distance learning,Independent
172F67E7FBBC,Community service,Independent
1734511166A2,Summer projects,Independent
173C9B92AEB0,Grades for extracurricular activities,Independent
173DB7DA3CE3,Cell phones at school,Independent
17643FC4CA90,Summer projects,Independent
176FA6CB13C6,Distance learning,Independent
1777FB4DAD97,Summer projects,Independent
177CE5335966,Distance learning,Independent
1780FCAA0B8A,Seeking multiple opinions,Independent
17840D290E28,Distance learning,Independent
179E672AB25B,Community service,Independent
179F54C0EE22,Seeking multiple opinions,Independent
17A4A5CB6DCE,Grades for extracurricular activities,Independent
17A4F48BD589,Grades for extracurricular activities,Independent
17A50BE2FA1C,Cell phones at school,Independent
17AA836BF229,Summer projects,Independent
17B15F103D26,Community service,Independent
17C7C1CAF7E8,Community service,Independent
17C80F3C80B3,Cell phones at school,Independent
17D10719473B,Summer projects,Independent
17D2212B02FC,Mandatory extracurricular activities,Independent
17D59A9E37E1,Community service,Independent
17D80502253D,Grades for extracurricular activities,Independent
17DC48A9BF65,Community service,Independent
17DDD76F2023,Grades for extracurricular activities,Independent
17E0D40B3CB8,Mandatory extracurricular activities,Independent
17E2B6FC3FEE,Seeking multiple opinions,Independent
17F0C18337EA,Mandatory extracurricular activities,Independent
17F339479482,Summer projects,Independent
17F7000992D7,Distance learning,Independent
17FE6E535BC3,Grades for extracurricular activities,Independent
180159E53733,Distance learning,Independent
180B47FDF4C2,Distance learning,Independent
180CC35C87D9,Cell phones at school,Independent
1830EFB03CF9,Seeking multiple opinions,Independent
18322782389D,Summer projects,Independent
183FB472C06E,Seeking multiple opinions,Independent
18409261F5C2,Seeking multiple opinions,Independent
184212E8F6CB,Community service,Independent
184218DDCD92,Seeking multiple opinions,Independent
1842B5E46878,Grades for extracurricular activities,Independent
1844936308C0,Cell phones at school,Independent
1853B94F3ED9,Grades for extracurricular activities,Independent
18554EA0420F,Seeking multiple opinions,Independent
185B843FA452,Cell phones at school,Independent
185E32754366,Seeking multiple opinions,Independent
1871E7C9919E,Seeking multiple opinions,Independent
18854B42A655,Seeking multiple opinions,Independent
18860D492AB7,Cell phones at school,Independent
18925C953322,Seeking multiple opinions,Independent
18A2E82D5F05,Seeking multiple opinions,Independent
18A38B04783D,Cell phones at school,Independent
18A77D3DD491,Mandatory extracurricular activities,Independent
18A9E56DA884,Grades for extracurricular activities,Independent
18AA02D4AF36,Summer projects,Independent
18AC57CFB338,Distance learning,Independent
18AF1F41C208,Grades for extracurricular activities,Independent
18B491F739EE,Distance learning,Independent
18BE93994E21,Distance learning,Independent
18BF6A6DF1A2,Mandatory extracurricular activities,Independent
18C4625AD025,Community service,Independent
18CF13F4818D,Mandatory extracurricular activities,Independent
18D33D605574,Mandatory extracurricular activities,Independent
18D47A791678,Mandatory extracurricular activities,Independent
18DD6D2A09F2,Community service,Independent
18DEE198FBE2,Mandatory extracurricular activities,Independent
18DFC8ABFA92,Distance learning,Independent
18EA3BD58A42,Distance learning,Independent
18EDFBD73F06,Seeking multiple opinions,Independent
18F28119181E,Cell phones at school,Independent
18FBB0E38C68,Grades for extracurricular activities,Independent
18FCCD9CAC40,Mandatory extracurricular activities,Independent
18FDF183D4D1,Summer projects,Independent
1906F877011D,Cell phones at school,Independent
190A7CF741CE,Mandatory extracurricular activities,Independent
19157F773204,Distance learning,Independent
191D76BCC101,Seeking multiple opinions,Independent
1926EA0A1D87,Distance learning,Independent
1927C4B37295,Distance learning,Independent
192A27F0608C,Cell phones at school,Independent
193B0EE3BF45,Community service,Independent
194F79C3C5C0,Cell phones at school,Independent
195719C5F1CD,Cell phones at school,Independent
1957F0D79C24,Distance learning,Independent
195EF688A6FB,Community service,Independent
19668E0A6B97,Grades for extracurricular activities,Independent
19692639977E,Summer projects,Independent
196B4ED6FA4F,Mandatory extracurricular activities,Independent
196E73AAF08F,Distance learning,Independent
197A2E0615B2,Mandatory extracurricular activities,Independent
197CEA0EF269,Summer projects,Independent
197FF5255963,Community service,Independent
1988A2DCF0CB,Cell phones at school,Independent
198ECA5E2E5A,Grades for extracurricular activities,Independent
199246A25EFF,Distance learning,Independent
199656C3699E,Seeking multiple opinions,Independent
199980ADEC34,Cell phones at school,Independent
19A01FCD9C30,Cell phones at school,Independent
19A9B6881B50,Grades for extracurricular activities,Independent
19B5612E4AC4,Cell phones at school,Independent
19BAEA71834C,Summer projects,Independent
19BB34EEB248,Distance learning,Independent
19BE60654AFE,Distance learning,Independent
19BE726697A9,Distance learning,Independent
19C571180C49,Summer projects,Independent
19CC3C000C6C,Seeking multiple opinions,Independent
19D014A29353,Community service,Independent
19D02F757F74,Seeking multiple opinions,Independent
19D04291B198,Seeking multiple opinions,Independent
19E44CA7DF5A,Grades for extracurricular activities,Independent
19E57B0657A6,Summer projects,Independent
19E9A735673D,Seeking multiple opinions,Independent
19EF33B3D3C7,Distance learning,Independent
19FDE7E48C74,Mandatory extracurricular activities,Independent
1A04C4505577,Summer projects,Independent
1A067085A035,Summer projects,Independent
1A068661D19E,Community service,Independent
1A0AD9EDC773,Distance learning,Independent
1A0E4BA7410D,Community service,Independent
1A14F52C0C72,Mandatory extracurricular activities,Independent
1A1F158C0D82,Distance learning,Independent
1A243FC51E59,Grades for extracurricular activities,Independent
1A2699103F72,Community service,Independent
1A2E1741BF9F,Distance learning,Independent
1A31F3084DC0,Community service,Independent
1A34410E8209,Summer projects,Independent
1A3C21FDBDCB,Community service,Independent
1A3C75CD285A,Summer projects,Independent
1A3F808C7AD9,Mandatory extracurricular activities,Independent
1A425C27196E,Cell phones at school,Independent
1A4857187C56,Summer projects,Independent
1A495E1C7906,Community service,Independent
1A569C9C492E,Grades for extracurricular activities,Independent
1A5894AF1B58,Seeking multiple opinions,Independent
1A58E2543D00,Grades for extracurricular activities,Independent
1A5CC8CE870F,Seeking multiple opinions,Independent
1A88DC345340,Cell phones at school,Independent
1A96C4AC477B,Cell phones at school,Independent
1A9B74784B92,Mandatory extracurricular activities,Independent
1AA55FB101FD,Distance learning,Independent
1AA901C2E32E,Mandatory extracurricular activities,Independent
1AAA0FA599F9,Grades for extracurricular activities,Independent
1AABCEE311CE,Mandatory extracurricular activities,Independent
1AABFCFD715A,Community service,Independent
1AB8B1ABEA17,Community service,Independent
1AD208F3F94A,Summer projects,Independent
1AD236405FBA,Cell phones at school,Independent
1AD65D131BE6,Distance learning,Independent
1AD9FF75F9ED,Seeking multiple opinions,Independent
1AE24A0A5097,Summer projects,Independent
1AE40323F062,Seeking multiple opinions,Independent
1AE4FE93159C,Community service,Independent
1AEB326AE57A,Seeking multiple opinions,Independent
1AFDA30737C0,Community service,Independent
1B061D85405F,Distance learning,Independent
1B069ADEF513,Mandatory extracurricular activities,Independent
1B0AA9A7628F,Mandatory extracurricular activities,Independent
1B127A370E2A,Distance learning,Independent
1B13689BCDF1,Summer projects,Independent
1B17CB43C47D,Cell phones at school,Independent
1B2083B9F74C,Mandatory extracurricular activities,Independent
1B267567985A,Distance learning,Independent
1B293B50B28E,Seeking multiple opinions,Independent
1B2BB2B6DE45,Summer projects,Independent
1B2E72AE87B6,Cell phones at school,Independent
1B3701EE4951,Cell phones at school,Independent
1B3BC0D7C62C,Distance learning,Independent
1B46E32DAA7F,Community service,Independent
1B4B715EAC9A,Community service,Independent
1B5012856219,Grades for extracurricular activities,Independent
1B52BB98FACA,Community service,Independent
1B5312BB32B3,Cell phones at school,Independent
1B622A28EDD9,Distance learning,Independent
1B65222659D1,Grades for extracurricular activities,Independent
1B682BC69828,Distance learning,Independent
1B6D51980EDE,Distance learning,Independent
1B76E1F1267C,Summer projects,Independent
1B7A049ADE47,Grades for extracurricular activities,Independent
1B7DB4CB6B2F,Mandatory extracurricular activities,Independent
1B87EDD72ED2,Grades for extracurricular activities,Independent
1B8F4DDB120A,Grades for extracurricular activities,Independent
1B95C44855DD,Mandatory extracurricular activities,Independent
1B9E20C72CD3,Distance learning,Independent
1BA120ABF733,Distance learning,Independent
1BA91BC3D89A,Seeking multiple opinions,Independent
1BAE4E235915,Community service,Independent
1BB1E58F694A,Mandatory extracurricular activities,Independent
1BB2EB85C41C,Distance learning,Independent
1BB9080C5E67,Mandatory extracurricular activities,Independent
1BBCEF0C1832,Grades for extracurricular activities,Independent
1BC6B0614AD2,Summer projects,Independent
1BC811EC52DD,Seeking multiple opinions,Independent
1BCF061FF0FF,Cell phones at school,Independent
1BD5E6B368B8,Summer projects,Independent
1BDD5C33D152,Mandatory extracurricular activities,Independent
1BDDA880A886,Mandatory extracurricular activities,Independent
1BE638E9C951,Mandatory extracurricular activities,Independent
1BE7F304F07F,Community service,Independent
1BF239A971C9,Distance learning,Independent
1BF52A5CA35D,Mandatory extracurricular activities,Independent
1BF9AA238FCE,Distance learning,Independent
1BF9FD62E30B,Seeking multiple opinions,Independent
1BFF05FC5A72,Distance learning,Independent
1C03DC666CB4,Distance learning,Independent
1C088E6CD17E,Distance learning,Independent
1C125837DEEB,Distance learning,Independent
1C13CBFCF87F,Seeking multiple opinions,Independent
1C1B1DA16C45,Cell phones at school,Independent
1C22B0A7AAB8,Distance learning,Independent
1C29F0363194,Mandatory extracurricular activities,Independent
1C32F25C46EE,Distance learning,Independent
1C3B06789FCB,Distance learning,Independent
1C53CA9C2F0C,Mandatory extracurricular activities,Independent
1C53D136E6EB,Distance learning,Independent
1C554F1D9D75,Seeking multiple opinions,Independent
1C58F2AF08B4,Community service,Independent
1C592378CBD1,Summer projects,Independent
1C596BFDD837,Mandatory extracurricular activities,Independent
1C5AB511BF86,Cell phones at school,Independent
1C6A490C7CAA,Community service,Independent
1C6AD56843C8,Grades for extracurricular activities,Independent
1C6B45AF8116,Community service,Independent
1C6B5FFBD027,Seeking multiple opinions,Independent
1C715455970B,Grades for extracurricular activities,Independent
1C7D1F04503D,Mandatory extracurricular activities,Independent
1C7E0D499FBB,Seeking multiple opinions,Independent
1C8564154C20,Cell phones at school,Independent
1C899F124FEB,Distance learning,Independent
1C8C28FBE64E,Distance learning,Independent
1C8F6219CF27,Distance learning,Independent
1C913AB5444E,Grades for extracurricular activities,Independent
1C961BCC0E95,Grades for extracurricular activities,Independent
1C9A50A60FB6,Cell phones at school,Independent
1C9ADFB81C4D,Summer projects,Independent
1C9E388C17B8,Seeking multiple opinions,Independent
1C9F99DCD7E1,Mandatory extracurricular activities,Independent
1CA7B8FAA58E,Mandatory extracurricular activities,Independent
1CAC3BAE4A39,Community service,Independent
1CAEAE4A474A,Grades for extracurricular activities,Independent
1CB3534B82E9,Distance learning,Independent
1CCC679F54A2,Grades for extracurricular activities,Independent
1CCEB6CD629D,Seeking multiple opinions,Independent
1CCEDB8144D5,Distance learning,Independent
1CD91E790D98,Seeking multiple opinions,Independent
1CD944028E3C,Seeking multiple opinions,Independent
1CE6C10B9683,Community service,Independent
1CF149052D11,Summer projects,Independent
1CF3776F970D,Community service,Independent
1D039586402D,Community service,Independent
1D0DD38A4428,Summer projects,Independent
1D0EC331D8F6,Distance learning,Independent
1D0ED4D5C9D9,Cell phones at school,Independent
1D10B524E194,Cell phones at school,Independent
1D222E2831FC,Grades for extracurricular activities,Independent
1D3CCF452096,Mandatory extracurricular activities,Independent
1D3DB70632B9,Mandatory extracurricular activities,Independent
1D459BD1F763,Cell phones at school,Independent
1D4FFD3360DA,Summer projects,Independent
1D51BCF69AD3,Cell phones at school,Independent
1D51C620FCBB,Cell phones at school,Independent
1D5346180BBF,Seeking multiple opinions,Independent
1D5D22EBADBB,Summer projects,Independent
1D6257F878C4,Cell phones at school,Independent
1D6BF18EB6EE,Cell phones at school,Independent
1D75D76AC202,Cell phones at school,Independent
1D7E734B4A3D,Summer projects,Independent
1D7EEE65F780,Distance learning,Independent
1D828863ECB6,Seeking multiple opinions,Independent
1D8D04DBA122,Grades for extracurricular activities,Independent
1D8D31593552,Seeking multiple opinions,Independent
1D8D7B32B98A,Seeking multiple opinions,Independent
1D91A956FD79,Grades for extracurricular activities,Independent
1D994E88DBB6,Mandatory extracurricular activities,Independent
1D9D3DCE169A,Community service,Independent
1DA010DC8392,Distance learning,Independent
1DA7EAA3CE67,Cell phones at school,Independent
1DA96102D0F1,Mandatory extracurricular activities,Independent
1DADA04B4F66,Cell phones at school,Independent
1DB0684041EC,Cell phones at school,Independent
1DB195AA7BE3,Distance learning,Independent
1DC6485ABFF6,Mandatory extracurricular activities,Independent
1DC6C1064011,Grades for extracurricular activities,Independent
1DD339DE06D4,Cell phones at school,Independent
1DD3D8CCFF56,Distance learning,Independent
1DD5B206DC55,Seeking multiple opinions,Independent
1DE4E5333FE6,Grades for extracurricular activities,Independent
1DF74255B4B4,Distance learning,Independent
1DFC4D084BB9,Distance learning,Independent
1DFC980DF01B,Grades for extracurricular activities,Independent
1DFF3734BA4B,Seeking multiple opinions,Independent
1E009323E02F,Distance learning,Independent
1E1804459747,Grades for extracurricular activities,Independent
1E19464E4C30,Cell phones at school,Independent
1E1A489F2DC6,Distance learning,Independent
1E354DDC784B,Distance learning,Independent
1E3699ABBECC,Mandatory extracurricular activities,Independent
1E5487955F16,Seeking multiple opinions,Independent
1E563F170C61,Distance learning,Independent
1E5FF0F98ECA,Mandatory extracurricular activities,Independent
1E656BE75E59,Cell phones at school,Independent
1E658787B2CD,Cell phones at school,Independent
1E6835823351,Distance learning,Independent
1E7013131796,Cell phones at school,Independent
1E759EE13558,Cell phones at school,Independent
1E7E1B256F16,Distance learning,Independent
1E8FBFB5D07B,Community service,Independent
1E9789CE290E,Grades for extracurricular activities,Independent
1E9F7661E8EA,Grades for extracurricular activities,Independent
1EA0EB93157E,Seeking multiple opinions,Independent
1EA78F0F8633,Grades for extracurricular activities,Independent
1EAB51728A20,Cell phones at school,Independent
1EB21F75AB8A,Distance learning,Independent
1EB4D8BFB732,Community service,Independent
1EB7F2CB7A0D,Mandatory extracurricular activities,Independent
1ED627A6FC40,Distance learning,Independent
1EDE0A7134BE,Seeking multiple opinions,Independent
1EEFEAF4481C,Seeking multiple opinions,Independent
1EF0599146E7,Community service,Independent
1EF3F333D2C4,Distance learning,Independent
1EF7C63675AE,Distance learning,Independent
1EFA2916E5A8,Community service,Independent
1F06A4B670A1,Summer projects,Independent
1F0A461A2589,Distance learning,Independent
1F0FE892EC33,Mandatory extracurricular activities,Independent
1F1036C2B418,Mandatory extracurricular activities,Independent
1F150143FE89,Cell phones at school,Independent
1F2351768406,Seeking multiple opinions,Independent
1F25E363B7CC,Cell phones at school,Independent
1F265D1089C1,Community service,Independent
1F26EB15E91D,Community service,Independent
1F2DD4E07ECA,Grades for extracurricular activities,Independent
1F30B1F276A7,Community service,Independent
1F3AF3D5FB38,Mandatory extracurricular activities,Independent
1F4234C9B91C,Mandatory extracurricular activities,Independent
1F46EFAFBDED,Mandatory extracurricular activities,Independent
1F4F8D4E1E93,Grades for extracurricular activities,Independent
1F51352E0E5F,Summer projects,Independent
1F56575F6388,Cell phones at school,Independent
1F58CB4D5847,Seeking multiple opinions,Independent
1F5A8C38324F,Community service,Independent
1F62CA3289DF,Community service,Independent
1F6AB4756E2B,Community service,Independent
1F7354AA60CE,Community service,Independent
1F7997582855,Summer projects,Independent
1F8012FFBEBE,Grades for extracurricular activities,Independent
1F8354F0A861,Community service,Independent
1F8987BC7DAC,Summer projects,Independent
1F8DDCFCA766,Distance learning,Independent
1F939ECCB2B7,Mandatory extracurricular activities,Independent
1FA0FEE9D92E,Grades for extracurricular activities,Independent
1FBDE79B7DE3,Grades for extracurricular activities,Independent
1FBDEE7FC78D,Cell phones at school,Independent
1FC7F0D3FB27,Mandatory extracurricular activities,Independent
1FD55698D1E5,Summer projects,Independent
1FD569E1D4BF,Seeking multiple opinions,Independent
1FD6E30AAEE1,Distance learning,Independent
1FE6D3E74838,Community service,Independent
1FEBEB39986A,Distance learning,Independent
1FF01ED707B6,Cell phones at school,Independent
1FF56BEDD938,Distance learning,Independent
1FFD96FC48A6,Community service,Independent
2.03527E+11,Distance learning,Independent
2.24E+09,Cell phones at school,Independent
2.84131E+11,Distance learning,Independent
2.93994E+11,Community service,Independent
20020164071C,Mandatory extracurricular activities,Independent
200ADAF3A255,Cell phones at school,Independent
201241D24A3E,Distance learning,Independent
20141DCB5346,Summer projects,Independent
2017D32A0639,Summer projects,Independent
201EB1D0F1D5,Cell phones at school,Independent
201EC18E0A04,Distance learning,Independent
2022B8E2B360,Community service,Independent
202A2848311C,Distance learning,Independent
202C16A5B108,Grades for extracurricular activities,Independent
2036EC78D2A8,Cell phones at school,Independent
203C3C0F1250,Distance learning,Independent
2042CFDC3B39,Mandatory extracurricular activities,Independent
20498D2BFDBE,Seeking multiple opinions,Independent
204C6B729D8B,Summer projects,Independent
204D7AB9CE39,Summer projects,Independent
204E5D4294C2,Seeking multiple opinions,Independent
204F7EAA0EBA,Mandatory extracurricular activities,Independent
20529E261AA8,Seeking multiple opinions,Independent
2052CF966A42,Summer projects,Independent
2054D2FC64B5,Cell phones at school,Independent
2056B171116E,Mandatory extracurricular activities,Independent
20644ECC874C,Cell phones at school,Independent
206668BD9662,Mandatory extracurricular activities,Independent
2066F8A811A8,Distance learning,Independent
206B99189A87,Summer projects,Independent
20751E8B947B,Grades for extracurricular activities,Independent
2079B764948D,Seeking multiple opinions,Independent
207B0FEB5BEF,Mandatory extracurricular activities,Independent
207D9B0083FC,Community service,Independent
2080B945CF87,Summer projects,Independent
20835D731FF0,Community service,Independent
2083E1A7DEE8,Cell phones at school,Independent
2084B16E2FB2,Distance learning,Independent
2089EF1099EB,Distance learning,Independent
208C0541845A,Mandatory extracurricular activities,Independent
209523F52F65,Cell phones at school,Independent
2095C9D9F5B2,Mandatory extracurricular activities,Independent
209A6BC99DB9,Seeking multiple opinions,Independent
209EE46FB0BB,Distance learning,Independent
20A42E81AC2B,Distance learning,Independent
20A4E74DE0C3,Distance learning,Independent
20AFE3565B10,Cell phones at school,Independent
20B68A9E272C,Distance learning,Independent
20B696B5B9EE,Community service,Independent
20B859376593,Mandatory extracurricular activities,Independent
20C01368FC3E,Summer projects,Independent
20D0120E0F48,Community service,Independent
20D092AFC4C5,Summer projects,Independent
20D2723ED2DB,Grades for extracurricular activities,Independent
20DB11FE439D,Grades for extracurricular activities,Independent
20E1ED11F61C,Distance learning,Independent
20E2A9554CFD,Distance learning,Independent
20E89E9AE5DE,Distance learning,Independent
20EE7E422C2D,Seeking multiple opinions,Independent
20F2A0811902,Grades for extracurricular activities,Independent
20FE40010F03,Cell phones at school,Independent
21047CC94658,Community service,Independent
2104D2D71F9F,Grades for extracurricular activities,Independent
2107BAE9CB50,Seeking multiple opinions,Independent
210E5C7F2F35,Grades for extracurricular activities,Independent
211F21B81B38,Grades for extracurricular activities,Independent
2127D8777A44,Distance learning,Independent
2128C7FE7B98,Seeking multiple opinions,Independent
213479A5F0F2,Distance learning,Independent
214613C46F3F,Cell phones at school,Independent
214B8A25615F,Cell phones at school,Independent
216054C99572,Seeking multiple opinions,Independent
2165829CACBD,Distance learning,Independent
216AEAE3EF97,Distance learning,Independent
21707382C0F0,Community service,Independent
2172A101602E,Mandatory extracurricular activities,Independent
2173CA2A86C6,Mandatory extracurricular activities,Independent
21750F35CEF4,Community service,Independent
217A7429341D,Community service,Independent
2181C567F6B0,Grades for extracurricular activities,Independent
2187FAAB11BD,Summer projects,Independent
2189471C5C78,Seeking multiple opinions,Independent
218A21C443ED,Cell phones at school,Independent
218D823057E2,Community service,Independent
21959ECFE644,Grades for extracurricular activities,Independent
219670F16AF1,Cell phones at school,Independent
2198FC9EDB6C,Seeking multiple opinions,Independent
219BA92044F6,Grades for extracurricular activities,Independent
219CD728CDA8,Mandatory extracurricular activities,Independent
21A20247B3BC,Summer projects,Independent
21A24A785A7E,Community service,Independent
21A42B48B15B,Seeking multiple opinions,Independent
21A87B922013,Distance learning,Independent
21AF117D5E82,Community service,Independent
21B1546505A8,Summer projects,Independent
21C75B3F290A,Distance learning,Independent
21C84DF6129A,Seeking multiple opinions,Independent
21D853C79076,Community service,Independent
21E0940DB28C,Cell phones at school,Independent
21EFAE02832D,Summer projects,Independent
22075172920B,Mandatory extracurricular activities,Independent
2207AE9DCDE3,Cell phones at school,Independent
22083B21A7CB,Distance learning,Independent
2208F4EB02E5,Grades for extracurricular activities,Independent
220A26E7E802,Cell phones at school,Independent
220B64DA6B5C,Summer projects,Independent
220E202448F4,Grades for extracurricular activities,Independent
2213EE7BF546,Community service,Independent
22164E215B04,Distance learning,Independent
2221985D49BD,Distance learning,Independent
2222A56620C0,Cell phones at school,Independent
22291845AEDC,Distance learning,Independent
223370B9F564,Community service,Independent
223FCA37F79D,Cell phones at school,Independent
22407ED964AB,Community service,Independent
22416450E0EF,Summer projects,Independent
2248AC325F36,Distance learning,Independent
224F10CBF764,Distance learning,Independent
2270FFC2D480,Distance learning,Independent
2272E232DFD6,Summer projects,Independent
227853D28137,Community service,Independent
2285E3878B94,Distance learning,Independent
228615F1933B,Summer projects,Independent
2290CEF95268,Community service,Independent
2298E32EC81F,Mandatory extracurricular activities,Independent
22AD8A978FDA,Cell phones at school,Independent
22B0E90D524E,Community service,Independent
22B275BF971C,Cell phones at school,Independent
22B6586B8AC2,Cell phones at school,Independent
22BF4720FB84,Distance learning,Independent
22C47823C6B4,Cell phones at school,Independent
22CDED7996CD,Cell phones at school,Independent
22D4F1298062,Grades for extracurricular activities,Independent
22D938F5E0E2,Distance learning,Independent
22DB84B437CC,Mandatory extracurricular activities,Independent
22DC16B8F0A6,Distance learning,Independent
22E2EE7963FA,Cell phones at school,Independent
22E3898773C3,Mandatory extracurricular activities,Independent
22E55C32A973,Distance learning,Independent
22E583DA7364,Distance learning,Independent
22ED0ED1EF2C,Grades for extracurricular activities,Independent
22ED4D73E0D1,Seeking multiple opinions,Independent
22F3B43D815D,Mandatory extracurricular activities,Independent
22FD17FB1BEB,Summer projects,Independent
23011CDB368B,Cell phones at school,Independent
2304F1CAF693,Mandatory extracurricular activities,Independent
23125D54C38E,Distance learning,Independent
23172C7BD629,Grades for extracurricular activities,Independent
2319365E6640,Seeking multiple opinions,Independent
231993662C14,Community service,Independent
2321C93F8D7E,Cell phones at school,Independent
2321FAC1E823,Summer projects,Independent
232936504C18,Grades for extracurricular activities,Independent
23393129100A,Mandatory extracurricular activities,Independent
233A35247566,Distance learning,Independent
233B42867340,Mandatory extracurricular activities,Independent
233F34A737E9,Summer projects,Independent
234B430EDAEE,Grades for extracurricular activities,Independent
234C30A69CA4,Grades for extracurricular activities,Independent
234C54F93ABC,Community service,Independent
2352FF50900C,Summer projects,Independent
235437780D47,Mandatory extracurricular activities,Independent
23584D5738EE,Mandatory extracurricular activities,Independent
2372C99019C2,Grades for extracurricular activities,Independent
2375E96B7653,Community service,Independent
23770C56BF47,Grades for extracurricular activities,Independent
237968EDE68A,Community service,Independent
2379C4EA00DF,Distance learning,Independent
237FA40D5CFD,Summer projects,Independent
2388E2CAC922,Grades for extracurricular activities,Independent
238A68D91301,Distance learning,Independent
2393A995A4A5,Cell phones at school,Independent
239695A3CE7C,Community service,Independent
23972FBA1934,Distance learning,Independent
239C29327493,Seeking multiple opinions,Independent
239FAAA1C2FD,Distance learning,Independent
23A77FF701B3,Grades for extracurricular activities,Independent
23A8E9D02DBB,Community service,Independent
23B3D8854723,Distance learning,Independent
23B7C4778106,Grades for extracurricular activities,Independent
23C514D3D801,Summer projects,Independent
23C6ED53A179,Seeking multiple opinions,Independent
23CC3629CEC0,Community service,Independent
23CE04ED9655,Mandatory extracurricular activities,Independent
23D479DD8197,Seeking multiple opinions,Independent
23DFB0D7B17D,Distance learning,Independent
23F0ABEF8370,Seeking multiple opinions,Independent
24041E649D2E,Grades for extracurricular activities,Independent
240D22669177,Mandatory extracurricular activities,Independent
24122D3D3AED,Grades for extracurricular activities,Independent
2412D8A6EDB4,Community service,Independent
241CF8E86F9C,Distance learning,Independent
2421208F6A6E,Cell phones at school,Independent
24241413242F,Seeking multiple opinions,Independent
242E9BA55C0C,Distance learning,Independent
24311D9459DD,Cell phones at school,Independent
2437AAC4FFEC,Mandatory extracurricular activities,Independent
2438536A9907,Seeking multiple opinions,Independent
2439596F6AF3,Distance learning,Independent
243C2673D4A1,Seeking multiple opinions,Independent
244D42657A60,Summer projects,Independent
246A0E00FE73,Summer projects,Independent
246A11006D33,Summer projects,Independent
24708E827578,Community service,Independent
247B73B47DFF,Cell phones at school,Independent
247E13C6D8DB,Cell phones at school,Independent
24804BF1823C,Community service,Independent
248AD4A808F4,Distance learning,Independent
248F805B58E5,Seeking multiple opinions,Independent
2491845AE919,Cell phones at school,Independent
24969BC6AB56,Seeking multiple opinions,Independent
2498B1D89628,Cell phones at school,Independent
24A44D78C494,Distance learning,Independent
24AB166876CE,Summer projects,Independent
24AC606DE085,Community service,Independent
24AE99ACFB83,Seeking multiple opinions,Independent
24B130898C0A,Grades for extracurricular activities,Independent
24B385AF486F,Cell phones at school,Independent
24B46AF7A944,Distance learning,Independent
24B659FCEC04,Grades for extracurricular activities,Independent
24BA92F852DF,Distance learning,Independent
24BC9F21DAE0,Seeking multiple opinions,Independent
24C26AB99AAA,Community service,Independent
24C5ED476177,Summer projects,Independent
24CA09FC2888,Cell phones at school,Independent
24D418729648,Grades for extracurricular activities,Independent
24D7E9159963,Grades for extracurricular activities,Independent
24D93C4D0921,Distance learning,Independent
24E0B6DB7B49,Community service,Independent
24E2967E7441,Seeking multiple opinions,Independent
24E58541E795,Community service,Independent
24E7F271035B,Distance learning,Independent
24E83FA682F8,Grades for extracurricular activities,Independent
24EB88B49A7E,Seeking multiple opinions,Independent
24F0488F11ED,Cell phones at school,Independent
24FA36D49DB7,Summer projects,Independent
24FC5E6ADF1A,Cell phones at school,Independent
250A3F61B6D8,Mandatory extracurricular activities,Independent
2514C0AD2026,Cell phones at school,Independent
251DC3DC07F9,Summer projects,Independent
252137EC9528,Grades for extracurricular activities,Independent
25225E638919,Distance learning,Independent
25269EB7FE0D,Cell phones at school,Independent
25279CF8444F,Summer projects,Independent
252C111E462C,Mandatory extracurricular activities,Independent
25325F09BF85,Mandatory extracurricular activities,Independent
2545BE194727,Distance learning,Independent
2546400260B3,Distance learning,Independent
2549F87DC5A0,Mandatory extracurricular activities,Independent
2558BFD73442,Seeking multiple opinions,Independent
255C21BE7CFB,Seeking multiple opinions,Independent
255E3A6F95D4,Grades for extracurricular activities,Independent
2568B64DB374,Grades for extracurricular activities,Independent
256E7C7650C8,Summer projects,Independent
2575D2691B29,Seeking multiple opinions,Independent
2577AEEDE0B5,Distance learning,Independent
2579DC590809,Cell phones at school,Independent
257D81CFBA84,Cell phones at school,Independent
258C98EFD4F8,Distance learning,Independent
258F5D734299,Seeking multiple opinions,Independent
259C2BDB1FFF,Community service,Independent
259C732E5942,Mandatory extracurricular activities,Independent
25A6881175B1,Community service,Independent
25A98E60DA30,Community service,Independent
25B15676D65B,Seeking multiple opinions,Independent
25B1E8E15BCB,Distance learning,Independent
25BCAAC2FE62,Cell phones at school,Independent
25BCD7176327,Cell phones at school,Independent
25C29A8F08C3,Distance learning,Independent
25C37AACECA3,Grades for extracurricular activities,Independent
25C400582197,Grades for extracurricular activities,Independent
25C41D233D24,Mandatory extracurricular activities,Independent
25C5C068B05E,Seeking multiple opinions,Independent
25C803068D4C,Grades for extracurricular activities,Independent
25DE215F8B82,Distance learning,Independent
25E486CDCCBB,Community service,Independent
25E5A9483945,Community service,Independent
25EE1A06C0D9,Cell phones at school,Independent
25F15C75DBE2,Distance learning,Independent
25F39A646127,Cell phones at school,Independent
25F76B255B43,Mandatory extracurricular activities,Independent
25FA1DF1C205,Distance learning,Independent
25FC80C2D25E,Distance learning,Independent
25FCAC7AE925,Mandatory extracurricular activities,Independent
25FEFF118AEA,Mandatory extracurricular activities,Independent
26018F746873,Community service,Independent
26078C934E0F,Community service,Independent
260791E4C620,Community service,Independent
26089316800B,Community service,Independent
260CD1DDA84C,Summer projects,Independent
260D9A25B1C9,Community service,Independent
2617310033A4,Cell phones at school,Independent
262A455A7060,Seeking multiple opinions,Independent
262D4488693E,Grades for extracurricular activities,Independent
2634F01562BB,Cell phones at school,Independent
26370DAD607F,Community service,Independent
263A29FC4FB1,Seeking multiple opinions,Independent
263E94CD1C90,Summer projects,Independent
263FD8ADA546,Summer projects,Independent
2640CD15FE02,Distance learning,Independent
26432FDB0644,Summer projects,Independent
26453BA910DE,Distance learning,Independent
2646BB37564C,Cell phones at school,Independent
26485BBC6E47,Cell phones at school,Independent
2648CF0962FC,Seeking multiple opinions,Independent
264C52745EE1,Community service,Independent
264E2A6BC7E6,Mandatory extracurricular activities,Independent
26557C3672F2,Cell phones at school,Independent
2671F96E9F5F,Summer projects,Independent
2674CCDD70E6,Grades for extracurricular activities,Independent
26788B95F2F2,Grades for extracurricular activities,Independent
267F9C38F948,Cell phones at school,Independent
26810C6F8A51,Mandatory extracurricular activities,Independent
268675CF9C2B,Mandatory extracurricular activities,Independent
2686D9471361,Distance learning,Independent
268FBF7E756F,Summer projects,Independent
269088714D10,Mandatory extracurricular activities,Independent
2693AFBE8AEF,Grades for extracurricular activities,Independent
269483FFAB82,Cell phones at school,Independent
26981B151FD2,Seeking multiple opinions,Independent
269BCDCD7A56,Grades for extracurricular activities,Independent
26A2D097B6CB,Mandatory extracurricular activities,Independent
26A9D74443D0,Distance learning,Independent
26B43880FD1E,Mandatory extracurricular activities,Independent
26B9F1A418E2,Grades for extracurricular activities,Independent
26BF9C028BF5,Community service,Independent
26CAE294C16B,Mandatory extracurricular activities,Independent
26D70B50EB41,Grades for extracurricular activities,Independent
26D82BAF75DB,Summer projects,Independent
26E36C5938C1,Distance learning,Independent
26EC49492A0F,Mandatory extracurricular activities,Independent
26ED9496E08C,Cell phones at school,Independent
26F0870BE37F,Distance learning,Independent
26F1A49ABC3E,Distance learning,Independent
26F783EC8DF5,Grades for extracurricular activities,Independent
270498B515AB,Distance learning,Independent
2704E9C5DD78,Distance learning,Independent
270BC1D689DF,Distance learning,Independent
270C135130B5,Cell phones at school,Independent
270C9CF15B1B,Mandatory extracurricular activities,Independent
27132DEB3498,Grades for extracurricular activities,Independent
2714214F7D9E,Community service,Independent
271CBAA44AC3,Grades for extracurricular activities,Independent
2723DB12AC00,Distance learning,Independent
2726E31ECDC6,Seeking multiple opinions,Independent
27323553A085,Distance learning,Independent
27347E260F1C,Community service,Independent
273863D43441,Community service,Independent
273A6BFCD55B,Mandatory extracurricular activities,Independent
273D52E9DC95,Seeking multiple opinions,Independent
273FB0645ADE,Mandatory extracurricular activities,Independent
2741B42624E4,Community service,Independent
274FC279EC5D,Mandatory extracurricular activities,Independent
2754EA322F36,Mandatory extracurricular activities,Independent
275D05200160,Distance learning,Independent
276663841FCE,Community service,Independent
276B92955757,Cell phones at school,Independent
2770798B73B2,Community service,Independent
277530A14E18,Mandatory extracurricular activities,Independent
27778596AFD5,Grades for extracurricular activities,Independent
278800A79148,Summer projects,Independent
278C1879DA87,Seeking multiple opinions,Independent
27910796A7B1,Summer projects,Independent
27A071CC4338,Seeking multiple opinions,Independent
27A2E22A4634,Distance learning,Independent
27A806C76E9F,Summer projects,Independent
27AAF664DF23,Cell phones at school,Independent
27ABA3D8F2FE,Summer projects,Independent
27ACC3AD950F,Community service,Independent
27ADAEF01316,Distance learning,Independent
27AFA00901D3,Distance learning,Independent
27B51EEF47E7,Distance learning,Independent
27C1F6B19E89,Distance learning,Independent
27C2C3000FBC,Seeking multiple opinions,Independent
27C6C2D4CC0B,Cell phones at school,Independent
27C714014E17,Distance learning,Independent
27D28F942C45,Community service,Independent
27D30B303EEE,Grades for extracurricular activities,Independent
27D3919AEAE2,Seeking multiple opinions,Independent
27D868D68359,Community service,Independent
27E6536433B9,Mandatory extracurricular activities,Independent
27E6F6FD3EB0,Grades for extracurricular activities,Independent
27F4D048EB58,Cell phones at school,Independent
27F648D17D4D,Cell phones at school,Independent
27FC2D31B704,Seeking multiple opinions,Independent
27FF1FD699B1,Distance learning,Independent
280C6F2C65F0,Cell phones at school,Independent
280D13EB16F0,Mandatory extracurricular activities,Independent
280F4A13DE2B,Cell phones at school,Independent
2818231D67EE,Summer projects,Independent
2823EC999322,Mandatory extracurricular activities,Independent
2823F7B47127,Distance learning,Independent
2825E78AC8A9,Community service,Independent
282920A19940,Community service,Independent
282AC137C622,Distance learning,Independent
282C1013B7B5,Community service,Independent
282D1DEB08F3,Distance learning,Independent
28314B1AC842,Summer projects,Independent
283EDC22483C,Grades for extracurricular activities,Independent
2844FD2BF83B,Distance learning,Independent
285F882853A4,Cell phones at school,Independent
2863DFA5BB0D,Distance learning,Independent
286C3B565456,Distance learning,Independent
2871CFE6B66D,Summer projects,Independent
2874CC27310F,Seeking multiple opinions,Independent
28775172455A,Distance learning,Independent
28782BBE3CBA,Grades for extracurricular activities,Independent
287A262E4417,Grades for extracurricular activities,Independent
287F79B6D6F6,Distance learning,Independent
287FB47E4D2A,Mandatory extracurricular activities,Independent
288183B3184A,Distance learning,Independent
28823EC65BA2,Distance learning,Independent
2891B0280044,Cell phones at school,Independent
2897B71A5E94,Distance learning,Independent
28A6D4AB0F50,Seeking multiple opinions,Independent
28A7B5B9219E,Grades for extracurricular activities,Independent
28B00BFB8BD3,Grades for extracurricular activities,Independent
28B166158C54,Cell phones at school,Independent
28CA29BE678E,Mandatory extracurricular activities,Independent
28CFE95203D4,Summer projects,Independent
28DB1BCCB6AF,Distance learning,Independent
28ECC096EEBA,Community service,Independent
28EF3F88FB87,Distance learning,Independent
28F1E43C7884,Grades for extracurricular activities,Independent
28F2073AD0CD,Distance learning,Independent
28FF89DC3B40,Mandatory extracurricular activities,Independent
290021A1D937,Summer projects,Independent
2907A97CC7C4,Grades for extracurricular activities,Independent
2908D48CE405,Mandatory extracurricular activities,Independent
2909EE180A2A,Grades for extracurricular activities,Independent
290C7EB656AB,Community service,Independent
2913843F6DE1,Mandatory extracurricular activities,Independent
29192A5DEFD5,Summer projects,Independent
291D2BC7F86A,Grades for extracurricular activities,Independent
29203AAA6CC5,Summer projects,Independent
2922D6AF678F,Seeking multiple opinions,Independent
29235C3B3472,Seeking multiple opinions,Independent
2929DA478E37,Grades for extracurricular activities,Independent
292E4A40F481,Distance learning,Independent
292FF100BEF8,Seeking multiple opinions,Independent
29371D115009,Mandatory extracurricular activities,Independent
2939DD925D5F,Community service,Independent
2939F620E6BE,Mandatory extracurricular activities,Independent
293B615771F9,Community service,Independent
293C1D45E66B,Summer projects,Independent
293FDE512821,Grades for extracurricular activities,Independent
294167CBC710,Seeking multiple opinions,Independent
29450AD2A452,Community service,Independent
294C41270CAB,Distance learning,Independent
29502FC048A0,Summer projects,Independent
2958AC21BB05,Cell phones at school,Independent
296228784AA5,Mandatory extracurricular activities,Independent
29627B30B5A6,Seeking multiple opinions,Independent
2962D1BB17A2,Seeking multiple opinions,Independent
29687C1F98F1,Distance learning,Independent
29712E7FC7C8,Community service,Independent
29765A8DA7DC,Cell phones at school,Independent
297E9F6638BC,Grades for extracurricular activities,Independent
29899EC43F4A,Distance learning,Independent
298E5C25E843,Distance learning,Independent
29905A8482BC,Distance learning,Independent
2990DEB561F1,Grades for extracurricular activities,Independent
299591FA8205,Community service,Independent
299831F64225,Cell phones at school,Independent
299A4489B427,Distance learning,Independent
29A05955A444,Grades for extracurricular activities,Independent
29A53E96B8C4,Cell phones at school,Independent
29AB81B05092,Summer projects,Independent
29B1CA7F267E,Grades for extracurricular activities,Independent
29B80B7D1092,Distance learning,Independent
29BB45AA907C,Seeking multiple opinions,Independent
29BB51045AD5,Seeking multiple opinions,Independent
29BCE8906E8E,Grades for extracurricular activities,Independent
29BE597866EE,Community service,Independent
29C1E2CE5DB3,Distance learning,Independent
29C9EF546659,Summer projects,Independent
29CA453A339D,Seeking multiple opinions,Independent
29CAF243AA8C,Mandatory extracurricular activities,Independent
29D0D6C26624,Distance learning,Independent
29D2B919695A,Distance learning,Independent
29DD7B64A099,Community service,Independent
29DD86A89693,Seeking multiple opinions,Independent
29E116AF432A,Grades for extracurricular activities,Independent
29E443A561CC,Community service,Independent
29E8E5721F82,Mandatory extracurricular activities,Independent
29EA4DF2C9B0,Mandatory extracurricular activities,Independent
29F0053BC75F,Cell phones at school,Independent
29F34BD4DD98,Summer projects,Independent
29F53618A9F7,Community service,Independent
29F5457E7E90,Mandatory extracurricular activities,Independent
29F61F8EACF0,Seeking multiple opinions,Independent
2A0589121A2D,Grades for extracurricular activities,Independent
2A0B44CCA0CD,Distance learning,Independent
2A0D1193C5EF,Cell phones at school,Independent
2A124200FFBF,Summer projects,Independent
2A16D21F4FC8,Community service,Independent
2A242B3DCC49,Grades for extracurricular activities,Independent
2A27D5383112,Seeking multiple opinions,Independent
2A29BA5D1EF6,Grades for extracurricular activities,Independent
2A2CDE97B76F,Mandatory extracurricular activities,Independent
2A2F04CC199E,Community service,Independent
2A35A23BE3C3,Community service,Independent
2A373FF286ED,Cell phones at school,Independent
2A4221CE52DC,Distance learning,Independent
2A43B5C34CD0,Community service,Independent
2A4C1A1AD665,Seeking multiple opinions,Independent
2A52459E72AD,Distance learning,Independent
2A563A6D8FD5,Mandatory extracurricular activities,Independent
2A5D14A17747,Cell phones at school,Independent
2A60500B8179,Mandatory extracurricular activities,Independent
2A6F79AB6CEA,Summer projects,Independent
2A79C81E7B71,Seeking multiple opinions,Independent
2A7C4A1CBA41,Mandatory extracurricular activities,Independent
2A7DA5E61374,Cell phones at school,Independent
2A88E84558F2,Community service,Independent
2A8E5AE68CA5,Mandatory extracurricular activities,Independent
2A90C50AFFE8,Community service,Independent
2A934E1D02B7,Seeking multiple opinions,Independent
2AAA5F2F5270,Distance learning,Independent
2AAC91E9E2E6,Mandatory extracurricular activities,Independent
2AAE43DCEAAE,Seeking multiple opinions,Independent
2AB31C89B344,Mandatory extracurricular activities,Independent
2AB4A19B3201,Seeking multiple opinions,Independent
2AB4CD937595,Cell phones at school,Independent
2ABD832C4829,Cell phones at school,Independent
2ABFDA03AB4B,Distance learning,Independent
2AC01E3AB211,Distance learning,Independent
2AC878B831DE,Community service,Independent
2ACA19551483,Summer projects,Independent
2ACB43DD4A24,Seeking multiple opinions,Independent
2ACCA33A2E15,Grades for extracurricular activities,Independent
2ACDFF7FCAAA,Cell phones at school,Independent
2AD868FBE028,Distance learning,Independent
2AD8A9FEE4C0,Distance learning,Independent
2ADE4CD09C5B,Distance learning,Independent
2AEEA0A97907,Mandatory extracurricular activities,Independent
2AFADBF8D316,Seeking multiple opinions,Independent
2B015051803E,Summer projects,Independent
2B0153FF2D4F,Cell phones at school,Independent
2B12BCC7303A,Cell phones at school,Independent
2B26619F1C1E,Distance learning,Independent
2B2BA9FC021C,Community service,Independent
2B374862F2C4,Distance learning,Independent
2B39201EEEE0,Mandatory extracurricular activities,Independent
2B3AA27C59CB,Seeking multiple opinions,Independent
2B4218A99969,Distance learning,Independent
2B5011D4C860,Seeking multiple opinions,Independent
2B53D5D29EAE,Grades for extracurricular activities,Independent
2B557F0EF764,Distance learning,Independent
2B568E2031B1,Community service,Independent
2B5A9EF786E7,Grades for extracurricular activities,Independent
2B5D7FDAFEE5,Summer projects,Independent
2B605EED5E4E,Seeking multiple opinions,Independent
2B683EE1691A,Cell phones at school,Independent
2B6B50852E0B,Distance learning,Independent
2B6F75CC6941,Community service,Independent
2B7169FF4FBF,Grades for extracurricular activities,Independent
2B81FF610FB7,Cell phones at school,Independent
2B8C899A136C,Distance learning,Independent
2B94F21871FC,Mandatory extracurricular activities,Independent
2B98EC6BE001,Mandatory extracurricular activities,Independent
2B9C5C3BB7B9,Distance learning,Independent
2B9F531F1F59,Community service,Independent
2BA01892D7EE,Grades for extracurricular activities,Independent
2BA142AF4BEF,Summer projects,Independent
2BA422F3619F,Distance learning,Independent
2BB1B9853257,Community service,Independent
2BB25A23C9CA,Grades for extracurricular activities,Independent
2BB327C90883,Distance learning,Independent
2BB3F440A1A5,Mandatory extracurricular activities,Independent
2BB45C0C7802,Distance learning,Independent
2BB6641B0B02,Community service,Independent
2BB881487FD0,Summer projects,Independent
2BBF809305C6,Grades for extracurricular activities,Independent
2BD0B513E03D,Distance learning,Independent
2BDB4651C49E,Community service,Independent
2BE26052C376,Cell phones at school,Independent
2BE944782131,Community service,Independent
2C0023E82D72,Distance learning,Independent
2C021FD670EB,Community service,Independent
2C0A4D88629E,Cell phones at school,Independent
2C0AE28084B3,Distance learning,Independent
2C0BDEB99FDD,Summer projects,Independent
2C0D4A3D4590,Mandatory extracurricular activities,Independent
2C191F7F9FA1,Cell phones at school,Independent
2C1BB6C07105,Cell phones at school,Independent
2C1D74F72797,Community service,Independent
2C24880113A2,Distance learning,Independent
2C276911E448,Summer projects,Independent
2C2FC1BA95AD,Community service,Independent
2C302B2A9020,Cell phones at school,Independent
2C344E66F358,Community service,Independent
2C3911F2CA28,Community service,Independent
2C3E3E48A880,Grades for extracurricular activities,Independent
2C469434A463,Cell phones at school,Independent
2C4CF1EF39A2,Grades for extracurricular activities,Independent
2C4F19141C94,Distance learning,Independent
2C4F62655AED,Summer projects,Independent
2C5DB9FE0B0B,Community service,Independent
2C670AC05A4E,Seeking multiple opinions,Independent
2C737A1FDB6B,Grades for extracurricular activities,Independent
2C7750B811F3,Community service,Independent
2C7934648594,Grades for extracurricular activities,Independent
2C871443D686,Community service,Independent
2C896B95DA8E,Cell phones at school,Independent
2C8BA60F1666,Mandatory extracurricular activities,Independent
2C8BAD341085,Distance learning,Independent
2C9C9A03C5C9,Summer projects,Independent
2CAD08064A6A,Mandatory extracurricular activities,Independent
2CAEF7197A17,Grades for extracurricular activities,Independent
2CB0A75DDF7F,Seeking multiple opinions,Independent
2CB23505789E,Seeking multiple opinions,Independent
2CB6039E6165,Cell phones at school,Independent
2CBBBA8D15E9,Summer projects,Independent
2CBDE8DB392B,Mandatory extracurricular activities,Independent
2CBE6AD55BDD,Summer projects,Independent
2CC4B554C694,Grades for extracurricular activities,Independent
2CCB36FFC40D,Mandatory extracurricular activities,Independent
2CCFB8C0BAF7,Distance learning,Independent
2CD160148A6E,Distance learning,Independent
2CD20ADA226B,Cell phones at school,Independent
2CD45C47FFE6,Seeking multiple opinions,Independent
2CE045D2EBA4,Distance learning,Independent
2CE725C8E928,Seeking multiple opinions,Independent
2CF60EE0D6B5,Seeking multiple opinions,Independent
2CFBD4AA7BE5,Mandatory extracurricular activities,Independent
2CFC7FE26251,Summer projects,Independent
2CFF8146A4BC,Seeking multiple opinions,Independent
2CFFAD8DF67D,Cell phones at school,Independent
2D01E2DE3ACC,Grades for extracurricular activities,Independent
2D0AD6FF07F8,Cell phones at school,Independent
2D0CDBC81DC0,Distance learning,Independent
2D1B2B8833C3,Mandatory extracurricular activities,Independent
2D23892ACDA0,Community service,Independent
2D28CE622B8E,Grades for extracurricular activities,Independent
2D30BE5A3A1A,Summer projects,Independent
2D3F81D21421,Community service,Independent
2D40E0391ED0,Mandatory extracurricular activities,Independent
2D4643197395,Cell phones at school,Independent
2D4D71F910AA,Grades for extracurricular activities,Independent
2D4DC3D5845A,Community service,Independent
2D508127DEF1,Distance learning,Independent
2D508D3CD27E,Mandatory extracurricular activities,Independent
2D58D03DE536,Grades for extracurricular activities,Independent
2D59E1BB8883,Distance learning,Independent
2D5F50B0E765,Mandatory extracurricular activities,Independent
2D6B650A15FD,Grades for extracurricular activities,Independent
2D6EF1777E02,Mandatory extracurricular activities,Independent
2D765BC7C9E4,Mandatory extracurricular activities,Independent
2D7FD832995B,Community service,Independent
2D976D9E1787,Seeking multiple opinions,Independent
2D9C280D296E,Summer projects,Independent
2DA25C61D18D,Summer projects,Independent
2DA62D709DD7,Grades for extracurricular activities,Independent
2DA6436E3BEA,Mandatory extracurricular activities,Independent
2DAF1788DEC2,Mandatory extracurricular activities,Independent
2DB2B8124AA8,Cell phones at school,Independent
2DB6CE093601,Cell phones at school,Independent
2DC06FFB7E07,Cell phones at school,Independent
2DCD1AE7AED4,Seeking multiple opinions,Independent
2DDDB7AA7C51,Summer projects,Independent
2DDF4051E688,Mandatory extracurricular activities,Independent
2DE332CFF475,Grades for extracurricular activities,Independent
2DE95E7D6776,Seeking multiple opinions,Independent
2DEBD2B0AB2C,Seeking multiple opinions,Independent
2DEC2BE40CB5,Distance learning,Independent
2DF807DD1767,Distance learning,Independent
2DFE8246A388,Grades for extracurricular activities,Independent
2E0478042A1F,Community service,Independent
2E04D645D0AD,Seeking multiple opinions,Independent
2E0830F07EC8,Cell phones at school,Independent
2E1266682F4A,Summer projects,Independent
2E1F288230F2,Distance learning,Independent
2E20D79B96DC,Seeking multiple opinions,Independent
2E25F9F0DED6,Distance learning,Independent
2E2C996BBE7D,Seeking multiple opinions,Independent
2E3043C283B5,Summer projects,Independent
2E32EE82D785,Grades for extracurricular activities,Independent
2E41CEAA9830,Community service,Independent
2E4A88C4D580,Seeking multiple opinions,Independent
2E5633A79557,Seeking multiple opinions,Independent
2E5A5418F173,Distance learning,Independent
2E60E360C7DC,Seeking multiple opinions,Independent
2E62A47405BC,Summer projects,Independent
2E64615FFB93,Grades for extracurricular activities,Independent
2E655BA40E7D,Grades for extracurricular activities,Independent
2E68BA8F2B65,Distance learning,Independent
2E74B317EA8C,Seeking multiple opinions,Independent
2E7E6EBD372D,Seeking multiple opinions,Independent
2E7FA51C438D,Summer projects,Independent
2E810318FBD2,Mandatory extracurricular activities,Independent
2E8A8C550F8D,Distance learning,Independent
2E8CD9C797B3,Cell phones at school,Independent
2E9B0D031C89,Mandatory extracurricular activities,Independent
2E9C3762DC25,Summer projects,Independent
2EAE515F6F39,Seeking multiple opinions,Independent
2EAFA0911EC3,Mandatory extracurricular activities,Independent
2EB12DA322F4,Cell phones at school,Independent
2EB94A444839,Distance learning,Independent
2EC2D5F64FD8,Cell phones at school,Independent
2EC83DDCAFB6,Community service,Independent
2ECC79E1E5D8,Mandatory extracurricular activities,Independent
2ECCE525D35D,Grades for extracurricular activities,Independent
2ECD72FE0B34,Mandatory extracurricular activities,Independent
2ED1E6441A1B,Distance learning,Independent
2ED265408C82,Grades for extracurricular activities,Independent
2EEA9454E26C,Grades for extracurricular activities,Independent
2EEC70448423,Summer projects,Independent
2EED7D472A3C,Mandatory extracurricular activities,Independent
2EFAF4CE944E,Seeking multiple opinions,Independent
2EFB606F3C1B,Mandatory extracurricular activities,Independent
2F032C44C82E,Grades for extracurricular activities,Independent
2F13BCA56EF3,Cell phones at school,Independent
2F172236E865,Grades for extracurricular activities,Independent
2F191B309816,Summer projects,Independent
2F281D9E264B,Summer projects,Independent
2F286C2A60B6,Community service,Independent
2F3210D23414,Distance learning,Independent
2F4441343457,Cell phones at school,Independent
2F5A100EB508,Community service,Independent
2F60025ED6D0,Community service,Independent
2F63222FA0FA,Distance learning,Independent
2F656E04AC84,Distance learning,Independent
2F740510B666,Mandatory extracurricular activities,Independent
2F76D50DCF47,Seeking multiple opinions,Independent
2F79AEAA8009,Seeking multiple opinions,Independent
2F7E08CF0EBA,Mandatory extracurricular activities,Independent
2F831F895B84,Distance learning,Independent
2F852F042CE6,Seeking multiple opinions,Independent
2F8F04D2D0C6,Cell phones at school,Independent
2F92C7B52712,Summer projects,Independent
2F95EA7A9F3B,Summer projects,Independent
2F9941439707,Community service,Independent
2F9C2FCB6880,Community service,Independent
2FA001A3D229,Seeking multiple opinions,Independent
2FA02A1E3654,Community service,Independent
2FA2ABCDD456,Distance learning,Independent
2FA8056C7201,Mandatory extracurricular activities,Independent
2FAE6DFF45F1,Distance learning,Independent
2FAF6849AFE4,Grades for extracurricular activities,Independent
2FB17659DA36,Cell phones at school,Independent
2FB9732FDD1A,Community service,Independent
2FB9BA37AA3C,Grades for extracurricular activities,Independent
2FC186382EDD,Summer projects,Independent
2FC6AA5BBAE9,Distance learning,Independent
2FCA68C17EA3,Seeking multiple opinions,Independent
2FCED491B631,Seeking multiple opinions,Independent
2FD1B73048CF,Grades for extracurricular activities,Independent
2FD2ECB1B5DC,Grades for extracurricular activities,Independent
2FD3B620DE15,Grades for extracurricular activities,Independent
2FDB1B6086C9,Cell phones at school,Independent
2FDE1544FD26,Grades for extracurricular activities,Independent
2FDF1D055178,Distance learning,Independent
2FE09CD5CD8C,Summer projects,Independent
2FE4587D0800,Seeking multiple opinions,Independent
2FEBCE09CF3C,Summer projects,Independent
2FED062E2E88,Grades for extracurricular activities,Independent
2FEDEDACA7E3,Seeking multiple opinions,Independent
2FF01AA49B76,Summer projects,Independent
2FF49615D63E,Summer projects,Independent
2FF6C7542D18,Summer projects,Independent
2FF9836001F4,Mandatory extracurricular activities,Independent
2FFBE61E4B84,Distance learning,Independent
3.24844E+11,Mandatory extracurricular activities,Independent
3.24895E+11,Distance learning,Independent
3.27504E+11,Seeking multiple opinions,Independent
3.68606E+11,Mandatory extracurricular activities,Independent
3.98662E+11,Mandatory extracurricular activities,Independent
300B76F37D8E,Grades for extracurricular activities,Independent
3020EB58260E,Summer projects,Independent
302578B02AF9,Distance learning,Independent
302A70590A53,Summer projects,Independent
302DC21A6DEE,Summer projects,Independent
3030A5BB7889,Cell phones at school,Independent
303FCCA4B05F,Summer projects,Independent
3043D46807AA,Summer projects,Independent
304B55907101,Distance learning,Independent
3052DB170D3E,Cell phones at school,Independent
3062BD8AB8CE,Cell phones at school,Independent
3063BD6D280D,Mandatory extracurricular activities,Independent
30687EEA6586,Seeking multiple opinions,Independent
3069CFB48737,Seeking multiple opinions,Independent
306C9043FC14,Seeking multiple opinions,Independent
306CF68D63A3,Distance learning,Independent
307DF96FE1EE,Seeking multiple opinions,Independent
30832988F476,Distance learning,Independent
308A7304F6A4,Distance learning,Independent
308DA02A219C,Cell phones at school,Independent
30935D02377A,Community service,Independent
309367E834ED,Community service,Independent
30A0189058E5,Seeking multiple opinions,Independent
30A3F81C11AD,Seeking multiple opinions,Independent
30C58EE38D16,Distance learning,Independent
30C8220EBBC5,Seeking multiple opinions,Independent
30C99806C7B7,Seeking multiple opinions,Independent
30D1C9635C0C,Cell phones at school,Independent
30DB0EC83D10,Cell phones at school,Independent
30E8E3CE1C32,Cell phones at school,Independent
30F141B991EC,Seeking multiple opinions,Independent
30FB93559E6F,Distance learning,Independent
310201844A5A,Community service,Independent
310F8AB55A40,Grades for extracurricular activities,Independent
31225EE0EABC,Summer projects,Independent
3127E2B3B68A,Seeking multiple opinions,Independent
312860BEC6C5,Summer projects,Independent
314A073FF242,Distance learning,Independent
315CF6A9667A,Mandatory extracurricular activities,Independent
31608C81265C,Distance learning,Independent
3182788D84EC,Grades for extracurricular activities,Independent
318A8BEC177F,Grades for extracurricular activities,Independent
318C3D719F7C,Summer projects,Independent
318CE9377535,Distance learning,Independent
318E29BC6F06,Grades for extracurricular activities,Independent
318E4DA84F60,Mandatory extracurricular activities,Independent
318F40822873,Distance learning,Independent
31998D3364B9,Distance learning,Independent
319B2511943D,Seeking multiple opinions,Independent
31A3040F487C,Summer projects,Independent
31A655925A8A,Cell phones at school,Independent
31A65BE34B0B,Community service,Independent
31B421A815BE,Mandatory extracurricular activities,Independent
31BC49520E9D,Community service,Independent
31BCC13FC4B2,Seeking multiple opinions,Independent
31BDD33875A4,Community service,Independent
31C7E435A083,Cell phones at school,Independent
31CFC479D3DB,Community service,Independent
31D2096A0478,Community service,Independent
31D2C8EF127E,Grades for extracurricular activities,Independent
31D92B78B151,Grades for extracurricular activities,Independent
31D94B250960,Mandatory extracurricular activities,Independent
31DB1BDE89A1,Community service,Independent
31DEDD89C49A,Cell phones at school,Independent
31EEF9A4A29B,Distance learning,Independent
31F19F915306,Community service,Independent
31F4831C794D,Summer projects,Independent
31F5385F21B7,Cell phones at school,Independent
31FFFAFD3987,Summer projects,Independent
3206079FDA69,Grades for extracurricular activities,Independent
3206E3F5CA39,Seeking multiple opinions,Independent
320C8882B73C,Grades for extracurricular activities,Independent
32152B4D2B18,Distance learning,Independent
3215F95D4312,Cell phones at school,Independent
321B924C8441,Cell phones at school,Independent
322B33C931CA,Seeking multiple opinions,Independent
323528BC0FDB,Mandatory extracurricular activities,Independent
323FCB4E294A,Cell phones at school,Independent
3243E4862D4A,Mandatory extracurricular activities,Independent
32440040C61B,Distance learning,Independent
32445E3C6B22,Summer projects,Independent
324E7EA1820D,Cell phones at school,Independent
324FCF9DA47C,Mandatory extracurricular activities,Independent
3252E8F623E4,Mandatory extracurricular activities,Independent
3253860FE997,Seeking multiple opinions,Independent
3254ADC7B428,Mandatory extracurricular activities,Independent
32612321B31E,Cell phones at school,Independent
32647EC2D489,Cell phones at school,Independent
32676DEE9A39,Summer projects,Independent
326DEFF8D486,Cell phones at school,Independent
326EE5515F2D,Distance learning,Independent
32700E9C48B8,Mandatory extracurricular activities,Independent
3275120B2E8A,Seeking multiple opinions,Independent
327AAC23CF5D,Distance learning,Independent
327C46078B4A,Summer projects,Independent
328A777ADA33,Grades for extracurricular activities,Independent
329A17C419E1,Summer projects,Independent
329C6644B488,Grades for extracurricular activities,Independent
329FDFF9DAEF,Mandatory extracurricular activities,Independent
32A5C2EE44FE,Distance learning,Independent
32AA6481C3FA,Distance learning,Independent
32B2D5592E1D,Distance learning,Independent
32B5DBE46E09,Community service,Independent
32C09B35C142,Summer projects,Independent
32C41774E38D,Cell phones at school,Independent
32C565B12D08,Cell phones at school,Independent
32CD23AAC462,Grades for extracurricular activities,Independent
32CDDF4AA80D,Grades for extracurricular activities,Independent
32D0A06A0A23,Grades for extracurricular activities,Independent
32D3B300954A,Distance learning,Independent
32D85652B5AC,Distance learning,Independent
32D9054C3246,Distance learning,Independent
32E214906DF4,Community service,Independent
32E2949B0C66,Mandatory extracurricular activities,Independent
32E980DFCD96,Distance learning,Independent
32EF13D64655,Cell phones at school,Independent
32F056351D0F,Community service,Independent
32F21701F28D,Distance learning,Independent
32FE31495988,Summer projects,Independent
3305CBBCB258,Cell phones at school,Independent
331588D6432C,Seeking multiple opinions,Independent
3319B3A22F9B,Seeking multiple opinions,Independent
331CA007D0AD,Seeking multiple opinions,Independent
3321A3E87AD3,Distance learning,Independent
332921BEC390,Distance learning,Independent
332C13592AE6,Cell phones at school,Independent
332DFAC29243,Grades for extracurricular activities,Independent
33475A71956C,Community service,Independent
3348F1455A61,Grades for extracurricular activities,Independent
334B7D161667,Cell phones at school,Independent
33518A2CC63F,Distance learning,Independent
3351F137568E,Seeking multiple opinions,Independent
336249F35AD0,Grades for extracurricular activities,Independent
3364D48B3E73,Grades for extracurricular activities,Independent
33679BAB1D36,Grades for extracurricular activities,Independent
336CAAC890EC,Community service,Independent
338F8137CB7F,Cell phones at school,Independent
33916D898F9B,Summer projects,Independent
3392F73AE2DB,Mandatory extracurricular activities,Independent
33A53CC19E40,Grades for extracurricular activities,Independent
33A64A98CAE0,Community service,Independent
33ADAAB38BFC,Cell phones at school,Independent
33B1DB03DCAD,Grades for extracurricular activities,Independent
33B3B5E41042,Community service,Independent
33BB7DB867F0,Summer projects,Independent
33D741DE2BCA,Cell phones at school,Independent
33D9BCB1A7CD,Grades for extracurricular activities,Independent
33DB30E519E5,Summer projects,Independent
33E1A39FFC48,Seeking multiple opinions,Independent
33E25E6A8028,Cell phones at school,Independent
33E67D072963,Community service,Independent
33F18D5D8867,Distance learning,Independent
3404A30E92C7,Distance learning,Independent
3410CE477160,Grades for extracurricular activities,Independent
341C1F4D29F1,Grades for extracurricular activities,Independent
34262AC688A1,Summer projects,Independent
342AED7864B0,Seeking multiple opinions,Independent
343084E34E9A,Mandatory extracurricular activities,Independent
343A95F8B1A2,Distance learning,Independent
34401843BCDB,Community service,Independent
34406EB29D45,Cell phones at school,Independent
3441F00346EA,Mandatory extracurricular activities,Independent
3449CE7058D5,Summer projects,Independent
344D9A0422E6,Grades for extracurricular activities,Independent
345AB12E9B44,Grades for extracurricular activities,Independent
3464012E360B,Grades for extracurricular activities,Independent
3470DA60B592,Distance learning,Independent
347DE248D051,Mandatory extracurricular activities,Independent
348227886FD6,Distance learning,Independent
348C415DE78D,Mandatory extracurricular activities,Independent
349D1C76A0FA,Distance learning,Independent
34A590772E2D,Seeking multiple opinions,Independent
34A969F02539,Distance learning,Independent
34AB53DA73EF,Grades for extracurricular activities,Independent
34BABC0E3795,Grades for extracurricular activities,Independent
34BCE7C3F803,Seeking multiple opinions,Independent
34BD942EBBD7,Cell phones at school,Independent
34C2F0929B18,Cell phones at school,Independent
34C40190E817,Mandatory extracurricular activities,Independent
34C430A25890,Community service,Independent
34C6AD5D2F58,Summer projects,Independent
34CC756C2707,Seeking multiple opinions,Independent
34E0039AC74E,Cell phones at school,Independent
34E0E261FDE7,Mandatory extracurricular activities,Independent
34E1D0E60106,Seeking multiple opinions,Independent
34F016931102,Distance learning,Independent
34FB26C4FFDE,Distance learning,Independent
34FB9E0DF44A,Seeking multiple opinions,Independent
34FF5653BC2A,Seeking multiple opinions,Independent
34FF9E09D7C8,Mandatory extracurricular activities,Independent
35014316E750,Grades for extracurricular activities,Independent
3504E2757216,Summer projects,Independent
351EB4DBB252,Distance learning,Independent
35242F4AB789,Seeking multiple opinions,Independent
35279D8353D6,Grades for extracurricular activities,Independent
352CEEDDF08C,Community service,Independent
352FAD192BB9,Summer projects,Independent
3532AF1395A3,Grades for extracurricular activities,Independent
35382AF523B4,Community service,Independent
353CAC9AC658,Distance learning,Independent
353E9AFBC42B,Community service,Independent
35495037D856,Distance learning,Independent
3552BC0CBB1C,Cell phones at school,Independent
355534539B7E,Seeking multiple opinions,Independent
356088A3EC46,Cell phones at school,Independent
3572E4DC8EA5,Community service,Independent
3579E5EE4EC8,Seeking multiple opinions,Independent
358263CF4444,Grades for extracurricular activities,Independent
3588380B5507,Seeking multiple opinions,Independent
359E66B73109,Community service,Independent
35B6AC9150EB,Grades for extracurricular activities,Independent
35B96F2A9F88,Cell phones at school,Independent
35C1EF0AD877,Summer projects,Independent
35D4D20892A6,Cell phones at school,Independent
35D64739B0D2,Distance learning,Independent
35DD0F455947,Distance learning,Independent
35DE2CC6BBD9,Community service,Independent
35E43CD12135,Mandatory extracurricular activities,Independent
35FDC36E1D27,Seeking multiple opinions,Independent
36064F137F20,Cell phones at school,Independent
3609B5F15C8C,Seeking multiple opinions,Independent
360F4E7D2631,Community service,Independent
361958A6AA45,Summer projects,Independent
36240867324F,Summer projects,Independent
36246752B6F8,Distance learning,Independent
363F69979EAB,Distance learning,Independent
364AB53BF679,Community service,Independent
36571D1CDCAD,Grades for extracurricular activities,Independent
365C55F26DFC,Grades for extracurricular activities,Independent
3661D3C5DB6B,Mandatory extracurricular activities,Independent
36677FE57D6B,Mandatory extracurricular activities,Independent
3668AE375F14,Mandatory extracurricular activities,Independent
366BB66B5A89,Distance learning,Independent
3671DB5110C0,Grades for extracurricular activities,Independent
368AF8A98CE6,Mandatory extracurricular activities,Independent
369954E1B96A,Mandatory extracurricular activities,Independent
369CC7DE668F,Distance learning,Independent
36A126CF8658,Summer projects,Independent
36AADFA80764,Cell phones at school,Independent
36B1FA4B40A7,Cell phones at school,Independent
36B4B627FE00,Distance learning,Independent
36C0B439BEED,Summer projects,Independent
36C4F0B8B4D7,Community service,Independent
36C7368968C0,Seeking multiple opinions,Independent
36CC2A1A8BBC,Seeking multiple opinions,Independent
36DF4C0101F2,Summer projects,Independent
36E730A1040C,Community service,Independent
36EE2607AB46,Seeking multiple opinions,Independent
36F90F86ED01,Cell phones at school,Independent
370732B4F376,Seeking multiple opinions,Independent
3709B707B55D,Seeking multiple opinions,Independent
370E7C2794AB,Distance learning,Independent
371210DE268D,Cell phones at school,Independent
3716F1DB5880,Cell phones at school,Independent
3716F4794AB4,Distance learning,Independent
371719D9B43D,Grades for extracurricular activities,Independent
371C9C47A787,Seeking multiple opinions,Independent
371DCD0EF85F,Distance learning,Independent
372B34B48E84,Community service,Independent
373D03BB20EF,Summer projects,Independent
373F73E9E830,Grades for extracurricular activities,Independent
3741469BB646,Distance learning,Independent
3741D275F8BC,Distance learning,Independent
37423449B879,Cell phones at school,Independent
3748EA26DFFD,Community service,Independent
37513D076D09,Community service,Independent
375BD3144BC3,Mandatory extracurricular activities,Independent
375DD78BB2FD,Cell phones at school,Independent
376B211265BD,Grades for extracurricular activities,Independent
37771E9C2A8D,Cell phones at school,Independent
377E070688E1,Grades for extracurricular activities,Independent
378970057A1A,Summer projects,Independent
37986AF08E7A,Seeking multiple opinions,Independent
3799343B6C0A,Community service,Independent
37A2E6EA2337,Seeking multiple opinions,Independent
37A40AF3028A,Seeking multiple opinions,Independent
37A4D1348B83,Cell phones at school,Independent
37B0303FA993,Distance learning,Independent
37B05EDB1C50,Distance learning,Independent
37B2B196F7C5,Mandatory extracurricular activities,Independent
37B2C9BE78C2,Cell phones at school,Independent
37B47DC62A78,Grades for extracurricular activities,Independent
37B985859EB8,Distance learning,Independent
37BF4818673C,Distance learning,Independent
37C3C036AC0F,Grades for extracurricular activities,Independent
37C47D9B9596,Community service,Independent
37C9830D8815,Grades for extracurricular activities,Independent
37D102E9C36C,Community service,Independent
37D40E1CD549,Mandatory extracurricular activities,Independent
37D4CF70BB56,Mandatory extracurricular activities,Independent
37E07916B614,Seeking multiple opinions,Independent
37E2BC1D72FA,Cell phones at school,Independent
37EA539179FC,Distance learning,Independent
37FC9DB2D1DB,Summer projects,Independent
37FDBF9C7EE7,Cell phones at school,Independent
37FED48BEDBD,Seeking multiple opinions,Independent
38043B171DAC,Seeking multiple opinions,Independent
381537D74495,Mandatory extracurricular activities,Independent
38187C081B25,Summer projects,Independent
3819C0A62313,Mandatory extracurricular activities,Independent
3821238FE334,Distance learning,Independent
38283A07296C,Summer projects,Independent
38398D01FC11,Grades for extracurricular activities,Independent
383B847BBF7C,Community service,Independent
38418C0F9D91,Seeking multiple opinions,Independent
384D8653D8E2,Community service,Independent
38544AECD63C,Summer projects,Independent
3857B01712B3,Cell phones at school,Independent
3857EDCD3437,Cell phones at school,Independent
38627CBBA304,Distance learning,Independent
3862E2B8AD54,Grades for extracurricular activities,Independent
3864A8B9C6B5,Seeking multiple opinions,Independent
386F96C2DCE1,Summer projects,Independent
386F9703C1F0,Summer projects,Independent
38702CDFDBE7,Community service,Independent
38733F6A4A36,Distance learning,Independent
387A6ABAC720,Mandatory extracurricular activities,Independent
387C6CD3FD66,Mandatory extracurricular activities,Independent
387D12FE2D94,Grades for extracurricular activities,Independent
38823B4C6318,Distance learning,Independent
388F31A9A1A1,Distance learning,Independent
3892D5C76B39,Grades for extracurricular activities,Independent
38930EEDA19B,Distance learning,Independent
38959CF98F8D,Distance learning,Independent
38968B108FBC,Seeking multiple opinions,Independent
389752B5BECF,Distance learning,Independent
3899C281559F,Distance learning,Independent
389BA8389F32,Community service,Independent
38B237B2F190,Distance learning,Independent
38B7875D420E,Distance learning,Independent
38C3001D7D16,Community service,Independent
38C30CFFD0E4,Community service,Independent
38C5C8A4C583,Mandatory extracurricular activities,Independent
38CFC25785E2,Distance learning,Independent
38D00F509FF1,Summer projects,Independent
38D227AB68A0,Grades for extracurricular activities,Independent
38D37BF69E5F,Cell phones at school,Independent
38D57197F5B3,Grades for extracurricular activities,Independent
38D88866ABD9,Grades for extracurricular activities,Independent
38DA987C1A3C,Cell phones at school,Independent
38E1266098C9,Summer projects,Independent
38E4FB60F320,Summer projects,Independent
38E5CA5C3B95,Grades for extracurricular activities,Independent
38ED111577E8,Cell phones at school,Independent
38EE63B226BA,Cell phones at school,Independent
38EEC115DC68,Community service,Independent
38EEEB5BC11C,Community service,Independent
38EFDBCE162A,Cell phones at school,Independent
38F68FC5317C,Distance learning,Independent
38FB68E6353C,Mandatory extracurricular activities,Independent
3901A0BB6B92,Grades for extracurricular activities,Independent
39065509F761,Mandatory extracurricular activities,Independent
390C619217DB,Distance learning,Independent
391757E8299B,Mandatory extracurricular activities,Independent
39179028B2DA,Seeking multiple opinions,Independent
3919F3440FB6,Summer projects,Independent
391FDAA58AA0,Distance learning,Independent
39211D068D20,Community service,Independent
3923909DE518,Mandatory extracurricular activities,Independent
3925EB5265DF,Summer projects,Independent
3928A3B8A298,Grades for extracurricular activities,Independent
393AA5E5A2C2,Cell phones at school,Independent
393BDF8C7897,Cell phones at school,Independent
39458542D0DB,Cell phones at school,Independent
3946C28D4D7E,Distance learning,Independent
39492CE9549E,Summer projects,Independent
394E5EF1B5AC,Mandatory extracurricular activities,Independent
39556E3D684B,Seeking multiple opinions,Independent
395E57F50A76,Mandatory extracurricular activities,Independent
39776B3A4C70,Distance learning,Independent
3977FF952798,Mandatory extracurricular activities,Independent
397E84AEDCB0,Distance learning,Independent
3985883CA075,Seeking multiple opinions,Independent
398C90CE0CAB,Cell phones at school,Independent
398D1E26AA89,Community service,Independent
398F0B9690AE,Grades for extracurricular activities,Independent
3992F89490E9,Summer projects,Independent
3997C6D12E37,Cell phones at school,Independent
399B11ACA702,Community service,Independent
39A822883189,Summer projects,Independent
39AAD2CA2F1F,Mandatory extracurricular activities,Independent
39AD2FCCD35E,Community service,Independent
39B6454376C8,Cell phones at school,Independent
39B6908F453E,Distance learning,Independent
39BFD8D8809F,Cell phones at school,Independent
39CFA56A9931,Summer projects,Independent
39D507D7EBB5,Community service,Independent
39DE1C961946,Distance learning,Independent
39E08058C7B8,Grades for extracurricular activities,Independent
39E98ECA8354,Seeking multiple opinions,Independent
39EA615EA7C0,Seeking multiple opinions,Independent
39EB3C6F0683,Grades for extracurricular activities,Independent
39FCD9C9727F,Summer projects,Independent
3A05F3FA6052,Summer projects,Independent
3A08788DCA7D,Seeking multiple opinions,Independent
3A09C844E429,Grades for extracurricular activities,Independent
3A2A77A19E6D,Community service,Independent
3A2D732CA9A2,Community service,Independent
3A317901A1B7,Community service,Independent
3A38C6310D54,Seeking multiple opinions,Independent
3A46873F3E37,Distance learning,Independent
3A4B4B2CA9AD,Mandatory extracurricular activities,Independent
3A4E619499C7,Grades for extracurricular activities,Independent
3A5D94F715D1,Community service,Independent
3A6447DDD481,Summer projects,Independent
3A66E0D2874D,Distance learning,Independent
3A777021089B,Mandatory extracurricular activities,Independent
3A78FDB5DF52,Summer projects,Independent
3A83E8B7AB1B,Seeking multiple opinions,Independent
3A87EAAFBEA0,Summer projects,Independent
3A9561759383,Distance learning,Independent
3A9853B9390D,Seeking multiple opinions,Independent
3A98BE969D1F,Mandatory extracurricular activities,Independent
3A9A95F48F86,Cell phones at school,Independent
3AA24312B2FE,Summer projects,Independent
3AA266BAD4BA,Mandatory extracurricular activities,Independent
3AAAF2D5E736,Mandatory extracurricular activities,Independent
3AB30AB267DA,Cell phones at school,Independent
3AB3FC197550,Cell phones at school,Independent
3AB98867EABB,Seeking multiple opinions,Independent
3ABC3C461EE1,Seeking multiple opinions,Independent
3AC1585668AC,Mandatory extracurricular activities,Independent
3AC3BED193AA,Distance learning,Independent
3AC9C50357E9,Seeking multiple opinions,Independent
3ACABC081389,Mandatory extracurricular activities,Independent
3ACABEEA34D2,Summer projects,Independent
3AD4E35CBBA8,Community service,Independent
3AD6264469AF,Community service,Independent
3ADF2D3323BE,Cell phones at school,Independent
3ADF4890A470,Grades for extracurricular activities,Independent
3AE58AC9DFC2,Distance learning,Independent
3AE78FBC7ED0,Community service,Independent
3AF199D7B081,Summer projects,Independent
3AF207431A35,Grades for extracurricular activities,Independent
3AF8147D6DB0,Cell phones at school,Independent
3AFA78FFFC15,Mandatory extracurricular activities,Independent
3AFC1056E452,Community service,Independent
3AFC305BC43F,Seeking multiple opinions,Independent
3AFEB01D9E38,Summer projects,Independent
3AFF28A9D01B,Grades for extracurricular activities,Independent
3B053B2F03A3,Community service,Independent
3B067F759865,Cell phones at school,Independent
3B1BB6384D7C,Grades for extracurricular activities,Independent
3B1CE6EEA66E,Community service,Independent
3B27DB9B21FE,Summer projects,Independent
3B2C8BB36BD4,Cell phones at school,Independent
3B30FDC5AAE8,Grades for extracurricular activities,Independent
3B349382B66E,Summer projects,Independent
3B355996A407,Summer projects,Independent
3B3A47EA684D,Grades for extracurricular activities,Independent
3B3B9B273B93,Seeking multiple opinions,Independent
3B3D06A95461,Distance learning,Independent
3B3DFE1192FB,Mandatory extracurricular activities,Independent
3B4C23859101,Mandatory extracurricular activities,Independent
3B50C316E9CA,Distance learning,Independent
3B55EC92FAAF,Grades for extracurricular activities,Independent
3B62370779A1,Distance learning,Independent
3B6914A9D5D0,Cell phones at school,Independent
3B76811E5D92,Community service,Independent
3B8116100309,Grades for extracurricular activities,Independent
3B85EB3B7207,Seeking multiple opinions,Independent
3B888FC510B1,Distance learning,Independent
3B93FA6833FA,Grades for extracurricular activities,Independent
3BA15254E27F,Mandatory extracurricular activities,Independent
3BA1C8442151,Distance learning,Independent
3BA2029AFBC0,Seeking multiple opinions,Independent
3BAA2C7E2CA2,Grades for extracurricular activities,Independent
3BB2C60B97E4,Seeking multiple opinions,Independent
3BB75823DA5B,Cell phones at school,Independent
3BBD028592D7,Cell phones at school,Independent
3BC19FD6B29F,Summer projects,Independent
3BC3AB612FAA,Community service,Independent
3BC78976B522,Summer projects,Independent
3BCA8FF7A62E,Distance learning,Independent
3BD1B5A4F714,Community service,Independent
3BD1F2EA30B4,Seeking multiple opinions,Independent
3BD4C7E7DE37,Mandatory extracurricular activities,Independent
3BD56311709B,Distance learning,Independent
3BE469553D75,Distance learning,Independent
3BE93D14041D,Seeking multiple opinions,Independent
3BF2F496AF76,Mandatory extracurricular activities,Independent
3C04A5B6C8F8,Distance learning,Independent
3C133B27FD35,Distance learning,Independent
3C1431342B09,Grades for extracurricular activities,Independent
3C17ED55E3A8,Community service,Independent
3C1A3C7FB8C8,Cell phones at school,Independent
3C1B911C0C75,Distance learning,Independent
3C2032CEEC9C,Distance learning,Independent
3C26EC679114,Distance learning,Independent
3C28743B377D,Seeking multiple opinions,Independent
3C2E56DBA570,Mandatory extracurricular activities,Independent
3C315C4345C7,Cell phones at school,Independent
3C35ABD78529,Seeking multiple opinions,Independent
3C442451101C,Grades for extracurricular activities,Independent
3C48236462CD,Summer projects,Independent
3C4A286D0976,Mandatory extracurricular activities,Independent
3C559F318141,Grades for extracurricular activities,Independent
3C58C11EE58B,Mandatory extracurricular activities,Independent
3C693CBFEFB5,Distance learning,Independent
3C697FD6C57D,Community service,Independent
3C732B8FAF71,Grades for extracurricular activities,Independent
3C7B282032BE,Community service,Independent
3C8360258FE5,Seeking multiple opinions,Independent
3C870B534788,Grades for extracurricular activities,Independent
3C879A5C86D9,Distance learning,Independent
3C9ABAD0EB27,Distance learning,Independent
3C9B9DAFB0AE,Seeking multiple opinions,Independent
3C9EE9C1A2D8,Cell phones at school,Independent
3CA1D9450791,Distance learning,Independent
3CA5A09CDC38,Summer projects,Independent
3CA8BC5FDD12,Mandatory extracurricular activities,Independent
3CA8DFA49511,Grades for extracurricular activities,Independent
3CC092F08FA7,Distance learning,Independent
3CC0CE77D0A2,Cell phones at school,Independent
3CC68E5F3802,Seeking multiple opinions,Independent
3CD591F1DA56,Distance learning,Independent
3CD912C299E0,Cell phones at school,Independent
3CDDA85AA3C7,Summer projects,Independent
3CDE1D9E6E57,Distance learning,Independent
3CF26DBFD304,Grades for extracurricular activities,Independent
3CF52C3ED074,Mandatory extracurricular activities,Independent
3CF61A705D4C,Cell phones at school,Independent
3CF722FB17B1,Distance learning,Independent
3CFA497859E6,Grades for extracurricular activities,Independent
3D071A53EF80,Grades for extracurricular activities,Independent
3D419C1C388A,Summer projects,Independent
3D4475C949C2,Distance learning,Independent
3D491C4153CE,Grades for extracurricular activities,Independent
3D5C564AACDD,Distance learning,Independent
3D613F2FF95F,Seeking multiple opinions,Independent
3D6607FA5531,Cell phones at school,Independent
3D670976A2FE,Distance learning,Independent
3D6BD2217AD5,Summer projects,Independent
3D7067F5F0E8,Summer projects,Independent
3D87B595B6E2,Mandatory extracurricular activities,Independent
3D8BD3820279,Mandatory extracurricular activities,Independent
3D8D67C9E2D0,Grades for extracurricular activities,Independent
3D94C80366E7,Community service,Independent
3D9C932F2EB1,Distance learning,Independent
3DAC64829E27,Distance learning,Independent
3DAE21FF789C,Distance learning,Independent
3DAE999D059A,Distance learning,Independent
3DB6FCCA1445,Cell phones at school,Independent
3DBBEBD828B5,Grades for extracurricular activities,Independent
3DC336733E9F,Distance learning,Independent
3DC3405DF531,Distance learning,Independent
3DCB4591B077,Summer projects,Independent
3DCE7545329C,Mandatory extracurricular activities,Independent
3DD1CCDA43A4,Seeking multiple opinions,Independent
3DD708E67492,Grades for extracurricular activities,Independent
3DEF59603E74,Mandatory extracurricular activities,Independent
3DF2569374B6,Mandatory extracurricular activities,Independent
3DFC27F27E29,Grades for extracurricular activities,Independent
3DFCB419BA08,Grades for extracurricular activities,Independent
3DFF5C74C39B,Cell phones at school,Independent
3E0A9E722795,Distance learning,Independent
3E17AB4A1416,Grades for extracurricular activities,Independent
3E1A21FAB4A5,Mandatory extracurricular activities,Independent
3E22E1F1A48C,Distance learning,Independent
3E2C1148077C,Cell phones at school,Independent
3E2DD51983F4,Summer projects,Independent
3E2DFEE1A973,Distance learning,Independent
3E3CBB78E42B,Cell phones at school,Independent
3E447261F53A,Distance learning,Independent
3E597CFD9697,Mandatory extracurricular activities,Independent
3E7F5037EF94,Distance learning,Independent
3E81849D82B7,Cell phones at school,Independent
3E8567275081,Seeking multiple opinions,Independent
3E866ECC376A,Summer projects,Independent
3E89989D6585,Seeking multiple opinions,Independent
3E9AC2434A7F,Distance learning,Independent
3E9D0BE87490,Mandatory extracurricular activities,Independent
3EA0DEDD2612,Seeking multiple opinions,Independent
3EA7F29FFED8,Seeking multiple opinions,Independent
3EAA08EB3E4E,Mandatory extracurricular activities,Independent
3EAC45B15D2C,Seeking multiple opinions,Independent
3EAC832BAB92,Cell phones at school,Independent
3ECCF531F73A,Grades for extracurricular activities,Independent
3ECD274709E5,Cell phones at school,Independent
3ECE3D9AD865,Seeking multiple opinions,Independent
3ED79EE23357,Distance learning,Independent
3EDECE385E2F,Grades for extracurricular activities,Independent
3EDEDAB44961,Mandatory extracurricular activities,Independent
3EE4F2B2B160,Mandatory extracurricular activities,Independent
3EE81BEC8978,Summer projects,Independent
3EFA3EE80C51,Community service,Independent
3F0396A77EE0,Mandatory extracurricular activities,Independent
3F03A55FF4C4,Summer projects,Independent
3F04C12160E5,Summer projects,Independent
3F06BE2C68DF,Seeking multiple opinions,Independent
3F0A465CBE35,Cell phones at school,Independent
3F0E512E243F,Seeking multiple opinions,Independent
3F142A739C54,Summer projects,Independent
3F1C215FB2D9,Grades for extracurricular activities,Independent
3F1D5295B714,Mandatory extracurricular activities,Independent
3F1E511E2E1E,Distance learning,Independent
3F249F1FCBBC,Mandatory extracurricular activities,Independent
3F282F13765A,Community service,Independent
3F2E569A486F,Distance learning,Independent
3F30E7FDE6F1,Seeking multiple opinions,Independent
3F36005DC45A,Grades for extracurricular activities,Independent
3F36104344DB,Cell phones at school,Independent
3F443A810D91,Grades for extracurricular activities,Independent
3F44E430D0AF,Summer projects,Independent
3F47D1C0FA1C,Distance learning,Independent
3F4D8262235A,Distance learning,Independent
3F51F5840A15,Mandatory extracurricular activities,Independent
3F535B618050,Mandatory extracurricular activities,Independent
3F5D082F3DD3,Grades for extracurricular activities,Independent
3F5DCA4D1330,Grades for extracurricular activities,Independent
3F65AF00FC67,Distance learning,Independent
3F6710DB72DF,Summer projects,Independent
3F6E2E7E7734,Distance learning,Independent
3F7080BE5E42,Community service,Independent
3F72977E9580,Cell phones at school,Independent
3F7A0163C8E7,Community service,Independent
3F876627789B,Cell phones at school,Independent
3F8A01E216B1,Mandatory extracurricular activities,Independent
3F8CFCF8DF07,Distance learning,Independent
3FA34FE01526,Mandatory extracurricular activities,Independent
3FB024B6D050,Cell phones at school,Independent
3FB35A81AA24,Summer projects,Independent
3FB5387479C5,Mandatory extracurricular activities,Independent
3FBCFA6F3065,Community service,Independent
3FC093EFB96C,Distance learning,Independent
3FC933A3FB55,Seeking multiple opinions,Independent
3FCC183CC09B,Distance learning,Independent
3FD62131C5BC,Grades for extracurricular activities,Independent
3FDDD603DDF5,Seeking multiple opinions,Independent
3FEA65A1F11E,Distance learning,Independent
3FEB1129B8D7,Summer projects,Independent
3FEC98F9D442,Distance learning,Independent
3FF04D1D12B0,Seeking multiple opinions,Independent
3FF0FB7E93BD,Community service,Independent
3FF853798919,Cell phones at school,Independent
3FF91197E74D,Cell phones at school,Independent
4.10957E+11,Distance learning,Independent
4.30762E+11,Distance learning,Independent
4.41098E+11,Community service,Independent
4.53465E+11,Distance learning,Independent
4.96459E+11,Mandatory extracurricular activities,Independent
4.97079E+11,Summer projects,Independent
400715BAA227,Seeking multiple opinions,Independent
40115E5E4653,Cell phones at school,Independent
4014F3766E03,Distance learning,Independent
401940D9830D,Summer projects,Independent
4023681265EF,Seeking multiple opinions,Independent
4032ED0063E4,Distance learning,Independent
40331978F344,Seeking multiple opinions,Independent
40355ED1C675,Cell phones at school,Independent
403DC7E71F42,Summer projects,Independent
404A5E2C5120,Seeking multiple opinions,Independent
405A9A2516C4,Seeking multiple opinions,Independent
406287CE2DF9,Cell phones at school,Independent
406445F43B9B,Mandatory extracurricular activities,Independent
406802BF672B,Mandatory extracurricular activities,Independent
4082B539D6E1,Mandatory extracurricular activities,Independent
4084C729DD4F,Mandatory extracurricular activities,Independent
408959B1EA22,Summer projects,Independent
40899B186542,Summer projects,Independent
408A7D3D2EEC,Seeking multiple opinions,Independent
40922D5AB806,Cell phones at school,Independent
409934FDBFBC,Community service,Independent
409D312BDC8D,Seeking multiple opinions,Independent
40AB9AF60E36,Cell phones at school,Independent
40B45209C774,Mandatory extracurricular activities,Independent
40C12D359EEB,Community service,Independent
40F436B62E66,Grades for extracurricular activities,Independent
40F5F0642A89,Distance learning,Independent
40F9DCD1794D,Mandatory extracurricular activities,Independent
40FB5A8DB596,Distance learning,Independent
40FEDD6DE160,Summer projects,Independent
4103156B5B45,Seeking multiple opinions,Independent
4118DDEC9E35,Community service,Independent
412227C301CD,Distance learning,Independent
412B3957025D,Mandatory extracurricular activities,Independent
413384DAACAB,Community service,Independent
413841173F16,Grades for extracurricular activities,Independent
413AE4A36667,Mandatory extracurricular activities,Independent
413AF04AE970,Summer projects,Independent
4141D61871DE,Cell phones at school,Independent
4155D50399D1,Cell phones at school,Independent
4155F87C7940,Community service,Independent
415672DB1873,Cell phones at school,Independent
415C68EF76E4,Summer projects,Independent
4160E6DB0298,Grades for extracurricular activities,Independent
4169721228D0,Distance learning,Independent
416A62A2D2C8,Distance learning,Independent
4176E05183E0,Distance learning,Independent
417F362A7B19,Cell phones at school,Independent
41811B5B8FDB,Distance learning,Independent
4183BA00BE40,Summer projects,Independent
41845057A255,Community service,Independent
4184BAF78C22,Mandatory extracurricular activities,Independent
418926C5327A,Cell phones at school,Independent
4189BE6EB2BB,Grades for extracurricular activities,Independent
418A275E8556,Community service,Independent
4193E47EE1D8,Community service,Independent
419C8EFADABA,Community service,Independent
419FDC37495B,Grades for extracurricular activities,Independent
419FFE0FF11B,Summer projects,Independent
41A3FC274B69,Seeking multiple opinions,Independent
41A45843C231,Distance learning,Independent
41AB66A59849,Community service,Independent
41ADEA51A15E,Summer projects,Independent
41AEF2D0D03E,Mandatory extracurricular activities,Independent
41B00C33B8AE,Summer projects,Independent
41B139DE66D1,Seeking multiple opinions,Independent
41B2F4B0B8EB,Distance learning,Independent
41B8C0A3D56B,Cell phones at school,Independent
41B983E1E1EE,Seeking multiple opinions,Independent
41BEF59908B1,Cell phones at school,Independent
41BFE4156488,Seeking multiple opinions,Independent
41C35CC4989B,Mandatory extracurricular activities,Independent
41CAD080DC9D,Cell phones at school,Independent
41CC238F5738,Mandatory extracurricular activities,Independent
41CE9804B226,Distance learning,Independent
41D5D90F8287,Distance learning,Independent
41E45EFE43AA,Summer projects,Independent
41E9768ADAF5,Summer projects,Independent
41EE2492D913,Mandatory extracurricular activities,Independent
41F11AC58B17,Distance learning,Independent
41F5B84911C4,Community service,Independent
4206A326928C,Mandatory extracurricular activities,Independent
420B1BB01B16,Distance learning,Independent
420D3018845E,Mandatory extracurricular activities,Independent
4212518DAD4F,Distance learning,Independent
4216AC2DDEC4,Distance learning,Independent
4223E5722166,Grades for extracurricular activities,Independent
4225F6D4303A,Distance learning,Independent
42289AA391B4,Seeking multiple opinions,Independent
4231D38F38CA,Grades for extracurricular activities,Independent
42323BF2B1F8,Seeking multiple opinions,Independent
42346BC90146,Community service,Independent
4239B55FCE55,Community service,Independent
423EAE044024,Summer projects,Independent
4248174EB223,Community service,Independent
4248882EDCCC,Summer projects,Independent
424944E8A883,Mandatory extracurricular activities,Independent
424C7EF762F2,Community service,Independent
4254C990BD0A,Community service,Independent
4259261D1C5E,Community service,Independent
425D3E01C3F4,Summer projects,Independent
42661B3C5F70,Seeking multiple opinions,Independent
426B322D25DA,Cell phones at school,Independent
426B7994C26A,Summer projects,Independent
4272C8064E89,Cell phones at school,Independent
4275B4160F85,Cell phones at school,Independent
4288F88C8D15,Grades for extracurricular activities,Independent
428FD33185B5,Seeking multiple opinions,Independent
42933710EB6E,Community service,Independent
4295337EFE17,Cell phones at school,Independent
42997AC50E1D,Seeking multiple opinions,Independent
429F4E63967A,Mandatory extracurricular activities,Independent
42A5941E3924,Cell phones at school,Independent
42AD5E1F4167,Distance learning,Independent
42B977C6E77F,Cell phones at school,Independent
42BBC5BB7D71,Seeking multiple opinions,Independent
42BC1A7578B2,Summer projects,Independent
42BDAA30E0DE,Community service,Independent
42BDE6E6B140,Grades for extracurricular activities,Independent
42C48EAC4B1E,Distance learning,Independent
42CE598E99CA,Distance learning,Independent
42D1F54DD184,Grades for extracurricular activities,Independent
42D5B756CACE,Grades for extracurricular activities,Independent
42D8CCA3643E,Distance learning,Independent
42E7F97740A0,Grades for extracurricular activities,Independent
42ECF767F3AC,Mandatory extracurricular activities,Independent
42ED793FF2CC,Grades for extracurricular activities,Independent
42F0BEBB42B4,Community service,Independent
4305C62498F0,Community service,Independent
4306DFFBD5CC,Mandatory extracurricular activities,Independent
4312BE04F2B3,Mandatory extracurricular activities,Independent
4316B5E2B308,Grades for extracurricular activities,Independent
432ACA3E8971,Grades for extracurricular activities,Independent
432FD5A0C5D2,Grades for extracurricular activities,Independent
4332C80A5690,Distance learning,Independent
4336E25D1D6C,Grades for extracurricular activities,Independent
4340F2CE282E,Summer projects,Independent
434145A7D215,Summer projects,Independent
434616FBA2C7,Distance learning,Independent
434C1F133BA0,Community service,Independent
4353BF70C4A3,Distance learning,Independent
43596925AF2A,Seeking multiple opinions,Independent
435FEA5EA3C7,Summer projects,Independent
436637E5292F,Seeking multiple opinions,Independent
436E25853B7F,Summer projects,Independent
43725C5F910C,Seeking multiple opinions,Independent
437E9376FB71,Seeking multiple opinions,Independent
438ABF2E294B,Mandatory extracurricular activities,Independent
438E28BC10DD,Summer projects,Independent
4390794B2751,Cell phones at school,Independent
439605C44328,Distance learning,Independent
4396826744B9,Summer projects,Independent
439A6D5B2062,Community service,Independent
43A4DCBC26BB,Mandatory extracurricular activities,Independent
43A549F003C5,Cell phones at school,Independent
43A603645B8A,Summer projects,Independent
43A8EE7F1045,Distance learning,Independent
43AAC771611C,Seeking multiple opinions,Independent
43AF502C49E6,Grades for extracurricular activities,Independent
43B24ED85767,Grades for extracurricular activities,Independent
43BF2EC06123,Cell phones at school,Independent
43C6275B5CC8,Summer projects,Independent
43D612E69031,Community service,Independent
43DAAB1D4E9F,Community service,Independent
43E43F7BF502,Cell phones at school,Independent
43EC1533429B,Cell phones at school,Independent
44066F9A0874,Mandatory extracurricular activities,Independent
4409FED98F5A,Community service,Independent
4410B038283F,Community service,Independent
4413099767EB,Distance learning,Independent
44189559196D,Distance learning,Independent
4423B65DF221,Mandatory extracurricular activities,Independent
44249693A8E4,Seeking multiple opinions,Independent
4427BED9AFFD,Grades for extracurricular activities,Independent
442CB680039F,Grades for extracurricular activities,Independent
442CFAE61CC3,Mandatory extracurricular activities,Independent
442DD1515A61,Community service,Independent
443033444A5F,Seeking multiple opinions,Independent
443597A6A71D,Distance learning,Independent
4439A9E6FBDB,Seeking multiple opinions,Independent
4449300739D3,Mandatory extracurricular activities,Independent
444932A89C28,Mandatory extracurricular activities,Independent
444BAFC4DB80,Grades for extracurricular activities,Independent
44588DAF5A33,Mandatory extracurricular activities,Independent
445909AC0FE5,Cell phones at school,Independent
445A7391C15D,Distance learning,Independent
4465723B5B4D,Mandatory extracurricular activities,Independent
446DFCDAD7F4,Seeking multiple opinions,Independent
446FB49C6537,Mandatory extracurricular activities,Independent
4472129F46CF,Grades for extracurricular activities,Independent
44735791FDA0,Mandatory extracurricular activities,Independent
447790D1438B,Mandatory extracurricular activities,Independent
4477F6E0FC39,Mandatory extracurricular activities,Independent
447812A6FB58,Seeking multiple opinions,Independent
44785A012122,Distance learning,Independent
448F5DC3237F,Grades for extracurricular activities,Independent
449481205E2D,Mandatory extracurricular activities,Independent
449E99B2C0A0,Distance learning,Independent
44A286931141,Summer projects,Independent
44A5406282B8,Seeking multiple opinions,Independent
44AD6D44FD83,Distance learning,Independent
44AF48703805,Community service,Independent
44B06B4A6D7E,Distance learning,Independent
44B37CB91CF8,Seeking multiple opinions,Independent
44B42361188C,Distance learning,Independent
44B9A0BA45A7,Grades for extracurricular activities,Independent
44BA6813AA4F,Summer projects,Independent
44C8DE8F569D,Grades for extracurricular activities,Independent
44D318388E8C,Mandatory extracurricular activities,Independent
44D7EF3EDDD4,Summer projects,Independent
44DBEAA8A894,Summer projects,Independent
44DDD4D88456,Summer projects,Independent
44E2726DA1B3,Mandatory extracurricular activities,Independent
44E7D4E2BDE4,Mandatory extracurricular activities,Independent
44E91CBF4115,Summer projects,Independent
44EB991E35AA,Distance learning,Independent
44EBCF75BE1F,Distance learning,Independent
44F6DC9C8326,Community service,Independent
45050F5E7A34,Cell phones at school,Independent
450B82D1DF60,Summer projects,Independent
450F44822D14,Seeking multiple opinions,Independent
451321E506A6,Distance learning,Independent
45150279591B,Grades for extracurricular activities,Independent
451BE494A2C0,Distance learning,Independent
451E8369BB76,Distance learning,Independent
4523DBC6372B,Seeking multiple opinions,Independent
453195490AEC,Cell phones at school,Independent
453380C5CA9C,Grades for extracurricular activities,Independent
453564C3F4E3,Cell phones at school,Independent
453771E00335,Seeking multiple opinions,Independent
453ACA22D3B4,Distance learning,Independent
453CFCB2BFE8,Summer projects,Independent
453D762EF267,Seeking multiple opinions,Independent
453F56D5BB3E,Distance learning,Independent
454FA9C8E4C0,Mandatory extracurricular activities,Independent
4557E9E83E8D,Community service,Independent
455F9695FAAF,Distance learning,Independent
45656F1FF705,Community service,Independent
45699BBC8BB8,Mandatory extracurricular activities,Independent
4575B9D207C5,Community service,Independent
45775C79FA64,Distance learning,Independent
4579B625E1E8,Grades for extracurricular activities,Independent
458A9CBC087F,Community service,Independent
458D4C5C5727,Summer projects,Independent
458DAF10CB17,Grades for extracurricular activities,Independent
459EDDA36F73,Distance learning,Independent
459F27598FA9,Grades for extracurricular activities,Independent
45A5FD941F4A,Grades for extracurricular activities,Independent
45A85D1AA919,Grades for extracurricular activities,Independent
45AE96545D1A,Seeking multiple opinions,Independent
45AF6741757E,Mandatory extracurricular activities,Independent
45B3000D47C1,Mandatory extracurricular activities,Independent
45B6B3734D1F,Summer projects,Independent
45B98A4875F3,Mandatory extracurricular activities,Independent
45BF01B7EF4D,Cell phones at school,Independent
45CBE29D23E0,Distance learning,Independent
45D156498F73,Seeking multiple opinions,Independent
45D37DC2C553,Seeking multiple opinions,Independent
45DBD907A064,Seeking multiple opinions,Independent
45DDB26E6EF5,Summer projects,Independent
45E96E189978,Mandatory extracurricular activities,Independent
45EA1B11A1F7,Grades for extracurricular activities,Independent
45EF6A4EDB1A,Summer projects,Independent
45F0D8644892,Grades for extracurricular activities,Independent
45F6FCBF0CCA,Community service,Independent
46018A418B66,Seeking multiple opinions,Independent
4604BEF875BC,Distance learning,Independent
4605F8B93BFF,Grades for extracurricular activities,Independent
4614B3AC1408,Community service,Independent
46177223B985,Grades for extracurricular activities,Independent
46183881BE11,Grades for extracurricular activities,Independent
4618DCF43061,Distance learning,Independent
4622343DB96F,Seeking multiple opinions,Independent
462769ABDD5B,Community service,Independent
46284DF2F31C,Distance learning,Independent
4631AFEED2F7,Community service,Independent
4639878D6C17,Cell phones at school,Independent
463BD99B611C,Summer projects,Independent
463FD72544EC,Community service,Independent
4645167FB476,Community service,Independent
464612D779B3,Grades for extracurricular activities,Independent
46462FB89C84,Seeking multiple opinions,Independent
464AF4533985,Grades for extracurricular activities,Independent
46559F9C74D1,Seeking multiple opinions,Independent
46570D1804DD,Grades for extracurricular activities,Independent
465810444E5F,Community service,Independent
465FAD6FEDC4,Cell phones at school,Independent
4660CE6F0FB5,Grades for extracurricular activities,Independent
466103CE7D5D,Mandatory extracurricular activities,Independent
466766082D8B,Community service,Independent
46677CD5B4C7,Cell phones at school,Independent
466945C86DFD,Community service,Independent
466D70AB6CDE,Community service,Independent
46772923BE1C,Mandatory extracurricular activities,Independent
468EF37C2F2C,Distance learning,Independent
4692ACEC5FF4,Cell phones at school,Independent
4698AB6B27C5,Distance learning,Independent
46A177920976,Grades for extracurricular activities,Independent
46A196DFB54F,Distance learning,Independent
46A92C87B030,Summer projects,Independent
46B92194BDB8,Distance learning,Independent
46BB96D9BC9B,Community service,Independent
46BCC66EAE6B,Mandatory extracurricular activities,Independent
46BE37782CD7,Community service,Independent
46CA5D7C4910,Community service,Independent
46CBC9429ADB,Cell phones at school,Independent
46CFE621048E,Distance learning,Independent
46D50B899316,Seeking multiple opinions,Independent
46D66DD407B1,Grades for extracurricular activities,Independent
46DC70997CEB,Summer projects,Independent
46E2CA801FCF,Grades for extracurricular activities,Independent
46E9F045643C,Grades for extracurricular activities,Independent
46EA4744DAC5,Summer projects,Independent
471611351FAB,Seeking multiple opinions,Independent
471F9778DDB1,Cell phones at school,Independent
47228B569E22,Seeking multiple opinions,Independent
4722B4D2C6E7,Distance learning,Independent
472760F320CD,Mandatory extracurricular activities,Independent
473019D8E912,Summer projects,Independent
47355D7141C0,Mandatory extracurricular activities,Independent
4739D03E52FB,Mandatory extracurricular activities,Independent
473FF163E44A,Distance learning,Independent
4743067BEABE,Distance learning,Independent
47470951BBDB,Community service,Independent
47599B8DE9F9,Distance learning,Independent
47650F5F247C,Grades for extracurricular activities,Independent
4766AC689B19,Community service,Independent
47683240F3F5,Seeking multiple opinions,Independent
476E421236ED,Cell phones at school,Independent
477129D4EF86,Mandatory extracurricular activities,Independent
4776005B77F0,Seeking multiple opinions,Independent
4779C9C9093F,Seeking multiple opinions,Independent
477A4637E689,Community service,Independent
477B00F899E2,Summer projects,Independent
477C978F3582,Distance learning,Independent
4789DE789DB8,Distance learning,Independent
478A901B5D00,Mandatory extracurricular activities,Independent
478B474A0A00,Distance learning,Independent
4790D181C8D5,Distance learning,Independent
4791C7D8BB6B,Seeking multiple opinions,Independent
479346DE1EF6,Mandatory extracurricular activities,Independent
47976C4EE85A,Summer projects,Independent
479A2864FFFC,Summer projects,Independent
47A1277A181F,Community service,Independent
47AAA199994F,Summer projects,Independent
47AB06B723A5,Summer projects,Independent
47B65C7E16F9,Distance learning,Independent
47B770CB6B51,Distance learning,Independent
47C88CA583C6,Grades for extracurricular activities,Independent
47CAD052900E,Mandatory extracurricular activities,Independent
47CB738BB612,Distance learning,Independent
47CC7361B35B,Distance learning,Independent
47D025408E0F,Community service,Independent
47D8EACFF91F,Distance learning,Independent
47E14166B3F0,Cell phones at school,Independent
47E1A1500282,Community service,Independent
47E3B3E558E1,Mandatory extracurricular activities,Independent
47E9FD8EF2FB,Community service,Independent
47F31D88DFB5,Summer projects,Independent
47F7E409D879,Seeking multiple opinions,Independent
47F818E17801,Mandatory extracurricular activities,Independent
47FA53DDD7F5,Cell phones at school,Independent
47FCD0F878B6,Distance learning,Independent
4801AC90F66F,Mandatory extracurricular activities,Independent
4810EA26495B,Distance learning,Independent
4819AB11D62A,Community service,Independent
4819FB3ED5E8,Grades for extracurricular activities,Independent
481B86F1521E,Grades for extracurricular activities,Independent
481C7323BF42,Mandatory extracurricular activities,Independent
481D9D54CE86,Seeking multiple opinions,Independent
482AA9ABD7D9,Cell phones at school,Independent
482E0EF0E93F,Seeking multiple opinions,Independent
4834A18D4C76,Community service,Independent
4838F967821D,Mandatory extracurricular activities,Independent
483A53143CF3,Seeking multiple opinions,Independent
483B15E6B6DE,Grades for extracurricular activities,Independent
4844CF56336D,Distance learning,Independent
484D83483EAF,Summer projects,Independent
4856BA67958F,Distance learning,Independent
4858280EA8BC,Community service,Independent
485D52DB2024,Seeking multiple opinions,Independent
485E595428A2,Mandatory extracurricular activities,Independent
4860A4878ED5,Cell phones at school,Independent
486B53D5F8A0,Community service,Independent
486C6568640D,Summer projects,Independent
4870AB2B3E7D,Cell phones at school,Independent
487739AC4B1E,Seeking multiple opinions,Independent
487A91198C6E,Grades for extracurricular activities,Independent
48837626943D,Mandatory extracurricular activities,Independent
4885E69D7C24,Seeking multiple opinions,Independent
48898FA30C5B,Cell phones at school,Independent
4889971AB30F,Summer projects,Independent
488C23E895EF,Seeking multiple opinions,Independent
488C83FBC0D6,Grades for extracurricular activities,Independent
488DEE769EEF,Seeking multiple opinions,Independent
489309043FA2,Distance learning,Independent
4896AD6DD91E,Grades for extracurricular activities,Independent
489CCED96F76,Distance learning,Independent
489D79BE18C6,Cell phones at school,Independent
48A79347EF59,Summer projects,Independent
48B386AA9B32,Summer projects,Independent
48B50A9C7D0F,Community service,Independent
48B6B42AF44E,Distance learning,Independent
48B7B61CE51A,Cell phones at school,Independent
48B9DA15FD36,Distance learning,Independent
48BB9C255A67,Summer projects,Independent
48BC63AF08BB,Grades for extracurricular activities,Independent
48C7DA094B9A,Community service,Independent
48C98C854FD4,Cell phones at school,Independent
48CCDC664931,Grades for extracurricular activities,Independent
48D545616F87,Community service,Independent
48D580D3379E,Cell phones at school,Independent
48D7F6B4B788,Community service,Independent
48FB3005F4DC,Seeking multiple opinions,Independent
48FB3180E4EF,Grades for extracurricular activities,Independent
4907E85DC78A,Seeking multiple opinions,Independent
490867E5D019,Summer projects,Independent
490C111A36D3,Cell phones at school,Independent
490C899F285D,Grades for extracurricular activities,Independent
490CF39F69C9,Mandatory extracurricular activities,Independent
4918D9A545C5,Seeking multiple opinions,Independent
492712A4FA4B,Summer projects,Independent
492ED47AC122,Distance learning,Independent
49340A641E1E,Summer projects,Independent
493EF6BC8883,Cell phones at school,Independent
4943FDD99039,Grades for extracurricular activities,Independent
495D976147B4,Seeking multiple opinions,Independent
49619EA08A55,Distance learning,Independent
4967076F4E7F,Distance learning,Independent
496CB1061EDC,Summer projects,Independent
497842E73629,Mandatory extracurricular activities,Independent
497BE4933DED,Summer projects,Independent
497EA11FDF82,Grades for extracurricular activities,Independent
49817AA0BC99,Summer projects,Independent
4997306E980D,Summer projects,Independent
49A315660C2E,Distance learning,Independent
49ABE8B9E22F,Mandatory extracurricular activities,Independent
49AEA23D2E9A,Seeking multiple opinions,Independent
49BB5CDB13FD,Community service,Independent
49C4EA2A4D21,Cell phones at school,Independent
49CC6192468C,Summer projects,Independent
49CF9D20146B,Cell phones at school,Independent
49D1E60EB808,Cell phones at school,Independent
49D4360E9AF0,Summer projects,Independent
49D702493C91,Distance learning,Independent
49DA281C7585,Distance learning,Independent
49DB71765783,Cell phones at school,Independent
49EB1825B99B,Summer projects,Independent
49EC8E017664,Distance learning,Independent
49EE99F5B6B4,Community service,Independent
49F0104EFC3C,Distance learning,Independent
49F54A35F6F3,Distance learning,Independent
49F6198DE921,Seeking multiple opinions,Independent
49F934497799,Distance learning,Independent
49FF5BB9A6CA,Grades for extracurricular activities,Independent
4A072A1632BB,Distance learning,Independent
4A0B12C1D10B,Grades for extracurricular activities,Independent
4A10B3C41630,Distance learning,Independent
4A12B5FDB00B,Community service,Independent
4A19828FAE05,Summer projects,Independent
4A19D1B57BC4,Summer projects,Independent
4A2693C68175,Distance learning,Independent
4A28DE0DB485,Mandatory extracurricular activities,Independent
4A292725EE82,Seeking multiple opinions,Independent
4A2A4B83E9B1,Community service,Independent
4A38FAE588D9,Seeking multiple opinions,Independent
4A3AF3695873,Distance learning,Independent
4A3B58C0A386,Seeking multiple opinions,Independent
4A55B9B42D20,Summer projects,Independent
4A668371A5A3,Mandatory extracurricular activities,Independent
4A67B7E5549F,Community service,Independent
4A7464AFAB1F,Community service,Independent
4A75A98113A0,Summer projects,Independent
4A76C861F788,Cell phones at school,Independent
4A7BA17C0C58,Distance learning,Independent
4A7F5648AB3F,Cell phones at school,Independent
4A81C9528150,Seeking multiple opinions,Independent
4A8AC5E138FA,Seeking multiple opinions,Independent
4A8AC603C9C5,Distance learning,Independent
4A9D5AC501BC,Distance learning,Independent
4AAB59EDE0FD,Community service,Independent
4AB030046F42,Mandatory extracurricular activities,Independent
4AB0CDFFE459,Grades for extracurricular activities,Independent
4AB461F16BAA,Summer projects,Independent
4ACB29936C94,Seeking multiple opinions,Independent
4AD0CB1D701E,Summer projects,Independent
4AD3DB40F5D3,Seeking multiple opinions,Independent
4AD92CAEF8B0,Cell phones at school,Independent
4ADD5B2B4FF8,Grades for extracurricular activities,Independent
4ADD9D52FC2E,Cell phones at school,Independent
4ADE83D804BA,Grades for extracurricular activities,Independent
4AF4567BBE9F,Cell phones at school,Independent
4B045E8DF326,Summer projects,Independent
4B097196C25B,Summer projects,Independent
4B0CFB5539BA,Cell phones at school,Independent
4B11B66984CF,Cell phones at school,Independent
4B154F5DCF68,Distance learning,Independent
4B18A3D32AA3,Mandatory extracurricular activities,Independent
4B1EF95AF0B5,Distance learning,Independent
4B201D2C2152,Seeking multiple opinions,Independent
4B22D00F9BD7,Distance learning,Independent
4B25EDB36089,Community service,Independent
4B2653D19C53,Distance learning,Independent
4B274BB0CB0C,Grades for extracurricular activities,Independent
4B2A3D04660A,Mandatory extracurricular activities,Independent
4B2EFF31A56A,Community service,Independent
4B36797FA8B2,Cell phones at school,Independent
4B3862D5B402,Distance learning,Independent
4B39C0D759AA,Cell phones at school,Independent
4B3F625D1815,Cell phones at school,Independent
4B40011977B4,Distance learning,Independent
4B47096239FB,Distance learning,Independent
4B4A48BAED30,Mandatory extracurricular activities,Independent
4B55DB8974B1,Grades for extracurricular activities,Independent
4B57350C7661,Community service,Independent
4B598963BE1E,Mandatory extracurricular activities,Independent
4B5B0839A03D,Summer projects,Independent
4B64E914C68B,Cell phones at school,Independent
4B8DA6C2D322,Mandatory extracurricular activities,Independent
4B9F8C01BFA1,Summer projects,Independent
4BA7D3CA69FA,Community service,Independent
4BA9296EBE9F,Distance learning,Independent
4BB688100D15,Seeking multiple opinions,Independent
4BC0F772980D,Cell phones at school,Independent
4BC4DC58DB30,Grades for extracurricular activities,Independent
4BC83A053CEA,Community service,Independent
4BCA0580352F,Summer projects,Independent
4BCF412489DF,Grades for extracurricular activities,Independent
4BD30FA12457,Summer projects,Independent
4BD52DB31748,Distance learning,Independent
4BD9A9FE0FA4,Grades for extracurricular activities,Independent
4BDCA46AC00E,Grades for extracurricular activities,Independent
4BE21E5EFBA9,Seeking multiple opinions,Independent
4BF07DAD296D,Summer projects,Independent
4BF47B5D416B,Summer projects,Independent
4BF6BB594DD0,Grades for extracurricular activities,Independent
4C0042C0C4C6,Community service,Independent
4C083F3FA3EA,Distance learning,Independent
4C0F81CD1EF1,Grades for extracurricular activities,Independent
4C1B863AB0AD,Community service,Independent
4C2D66D7EF01,Seeking multiple opinions,Independent
4C3B693C4E52,Grades for extracurricular activities,Independent
4C3D01DA2767,Seeking multiple opinions,Independent
4C3FC32093AB,Grades for extracurricular activities,Independent
4C40CE78F807,Distance learning,Independent
4C50D19BC48B,Seeking multiple opinions,Independent
4C521C5908CC,Cell phones at school,Independent
4C5EADB2C894,Mandatory extracurricular activities,Independent
4C60445C5681,Distance learning,Independent
4C60FE6BE07C,Distance learning,Independent
4C6B05BD5A81,Distance learning,Independent
4C6BB0618D7E,Summer projects,Independent
4C8066726324,Summer projects,Independent
4C877DD810D4,Mandatory extracurricular activities,Independent
4C9494B6DD95,Grades for extracurricular activities,Independent
4C9D310A1516,Distance learning,Independent
4CA50E2333F2,Grades for extracurricular activities,Independent
4CAB27E45729,Distance learning,Independent
4CAE60F391E8,Seeking multiple opinions,Independent
4CB46BC4B97B,Seeking multiple opinions,Independent
4CB975113547,Mandatory extracurricular activities,Independent
4CBB994F69F3,Summer projects,Independent
4CC422B5E710,Seeking multiple opinions,Independent
4CC56880FDF0,Seeking multiple opinions,Independent
4CD535DDDE26,Cell phones at school,Independent
4CDEB518A777,Community service,Independent
4CE0D4553658,Cell phones at school,Independent
4CF351AC23BA,Distance learning,Independent
4CF4A9C28ECE,Mandatory extracurricular activities,Independent
4CFEE034318F,Grades for extracurricular activities,Independent
4D01E3613C86,Seeking multiple opinions,Independent
4D06D6F02594,Summer projects,Independent
4D079D8ECC08,Seeking multiple opinions,Independent
4D1755B1E482,Distance learning,Independent
4D1A2D62BDC4,Mandatory extracurricular activities,Independent
4D23A7FA9408,Distance learning,Independent
4D2A27BF5AB4,Summer projects,Independent
4D34C3A62607,Distance learning,Independent
4D3FD2DBCA1B,Distance learning,Independent
4D44F84D6821,Grades for extracurricular activities,Independent
4D4548484E40,Summer projects,Independent
4D4683449914,Distance learning,Independent
4D51DD14B0E4,Cell phones at school,Independent
4D54AA1341D5,Community service,Independent
4D550F63270C,Community service,Independent
4D55CD8CCF85,Community service,Independent
4D5772D6A709,Mandatory extracurricular activities,Independent
4D60247D96CE,Community service,Independent
4D67D54D6BE3,Mandatory extracurricular activities,Independent
4D6B9CAE9B5C,Seeking multiple opinions,Independent
4D7787F1E2CB,Grades for extracurricular activities,Independent
4DA58F8F319A,Seeking multiple opinions,Independent
4DA6DE1267AC,Mandatory extracurricular activities,Independent
4DB01BAEA36B,Distance learning,Independent
4DB5B49E56D4,Mandatory extracurricular activities,Independent
4DBB73BBC84D,Cell phones at school,Independent
4DBCED679910,Community service,Independent
4DC0660FD777,Seeking multiple opinions,Independent
4DC710357850,Mandatory extracurricular activities,Independent
4DD8BBCE5A0C,Summer projects,Independent
4DE033202375,Cell phones at school,Independent
4DE2EAF8914F,Summer projects,Independent
4E078101C9DD,Summer projects,Independent
4E07EED92E2E,Seeking multiple opinions,Independent
4E0B09BFA60D,Grades for extracurricular activities,Independent
4E163434729E,Mandatory extracurricular activities,Independent
4E1A49DAA439,Summer projects,Independent
4E2BE70F9551,Mandatory extracurricular activities,Independent
4E30F0777917,Grades for extracurricular activities,Independent
4E3D602783EB,Grades for extracurricular activities,Independent
4E48D58E859A,Community service,Independent
4E49BF91D772,Distance learning,Independent
4E4FAB530872,Cell phones at school,Independent
4E5902274F7A,Distance learning,Independent
4E67F6534ABA,Cell phones at school,Independent
4E68CFD1B4D6,Distance learning,Independent
4E6D9C9F9318,Distance learning,Independent
4E6E66266A2A,Seeking multiple opinions,Independent
4E6F19F29DA9,Seeking multiple opinions,Independent
4E70543A2909,Mandatory extracurricular activities,Independent
4E7274220754,Community service,Independent
4E73009CC4AF,Summer projects,Independent
4E73A80AAEB3,Seeking multiple opinions,Independent
4E7557A13281,Seeking multiple opinions,Independent
4E7BE43833F1,Grades for extracurricular activities,Independent
4E8255A83429,Cell phones at school,Independent
4E8BA703D87A,Cell phones at school,Independent
4E8F8A840479,Cell phones at school,Independent
4E928B4EBC53,Summer projects,Independent
4E947C63E6E9,Mandatory extracurricular activities,Independent
4EA1D91A526E,Grades for extracurricular activities,Independent
4EA35584BB87,Community service,Independent
4EA86A6799D9,Cell phones at school,Independent
4EAB0293267B,Distance learning,Independent
4EACC56E424C,Distance learning,Independent
4EBA44D861BE,Seeking multiple opinions,Independent
4EBD10D304A9,Grades for extracurricular activities,Independent
4EC121AB2F3F,Community service,Independent
4EC2CCDB49DC,Cell phones at school,Independent
4EC4DB053AE7,Summer projects,Independent
4EC4EF410FC7,Mandatory extracurricular activities,Independent
4ED044414560,Cell phones at school,Independent
4ED1DD11B208,Mandatory extracurricular activities,Independent
4ED5C9162A01,Community service,Independent
4ED769B5CE44,Summer projects,Independent
4EDA41528FA4,Distance learning,Independent
4EDB197A680E,Grades for extracurricular activities,Independent
4EE1B353819F,Cell phones at school,Independent
4EE5BF805EB5,Mandatory extracurricular activities,Independent
4EE5E97529E0,Community service,Independent
4EE7DCB86BB4,Cell phones at school,Independent
4EF56F42107E,Seeking multiple opinions,Independent
4EFC8F589A83,Summer projects,Independent
4F072A94FC53,Distance learning,Independent
4F097E15A450,Mandatory extracurricular activities,Independent
4F0FF47B3CC5,Summer projects,Independent
4F112B2712E2,Grades for extracurricular activities,Independent
4F1617F685BD,Grades for extracurricular activities,Independent
4F225B82A62C,Seeking multiple opinions,Independent
4F2438C131F2,Mandatory extracurricular activities,Independent
4F26841CD3C8,Distance learning,Independent
4F2C6D1D9AF1,Mandatory extracurricular activities,Independent
4F2CC610F271,Distance learning,Independent
4F2FD00AB17E,Cell phones at school,Independent
4F3313E29951,Community service,Independent
4F354E3FCD30,Grades for extracurricular activities,Independent
4F37F3579D51,Seeking multiple opinions,Independent
4F39C001C736,Seeking multiple opinions,Independent
4F41DBBF6462,Summer projects,Independent
4F46B0E32EB7,Cell phones at school,Independent
4F4AF32BE55E,Community service,Independent
4F4C3717EEE8,Cell phones at school,Independent
4F4EF9C3957B,Distance learning,Independent
4F53FDABD596,Grades for extracurricular activities,Independent
4F5A0012432A,Grades for extracurricular activities,Independent
4F5DCB0DCCD0,Grades for extracurricular activities,Independent
4F68A8CE6F27,Community service,Independent
4F7A79EFD3AB,Distance learning,Independent
4F7E14B7D72F,Distance learning,Independent
4F7F24918F42,Distance learning,Independent
4F7F5784717B,Cell phones at school,Independent
4F829961E964,Mandatory extracurricular activities,Independent
4F83DD9D0130,Summer projects,Independent
4F8B988580CD,Distance learning,Independent
4F9AF69E310B,Community service,Independent
4F9E529C1FBD,Community service,Independent
4FA737C9DC2E,Cell phones at school,Independent
4FAB69773758,Distance learning,Independent
4FAC3B29417F,Summer projects,Independent
4FB1EC92A6CC,Summer projects,Independent
4FB443E89181,Grades for extracurricular activities,Independent
4FC6489E8006,Seeking multiple opinions,Independent
4FD4CE18CCDF,Seeking multiple opinions,Independent
4FE8CD4987B6,Cell phones at school,Independent
4FF5D3885FD4,Seeking multiple opinions,Independent
4FF7C90E8071,Seeking multiple opinions,Independent
4FFE43F4135B,Cell phones at school,Independent
5.19879E+11,Summer projects,Independent
5.27141E+11,Summer projects,Independent
5.29033E+11,Summer projects,Independent
5.34354E+11,Summer projects,Independent
5.45506E+11,Community service,Independent
5.46814E+11,Mandatory extracurricular activities,Independent
5.53083E+11,Distance learning,Independent
5.75256E+11,Grades for extracurricular activities,Independent
5003A90A759A,Cell phones at school,Independent
50062F957F2C,Summer projects,Independent
5008F4C9D932,Seeking multiple opinions,Independent
501548D29BA2,Mandatory extracurricular activities,Independent
50165AB9C6F2,Cell phones at school,Independent
5016DBF9E5A8,Mandatory extracurricular activities,Independent
5017EF96E33C,Summer projects,Independent
5019D1373922,Summer projects,Independent
5023E21F6A84,Grades for extracurricular activities,Independent
50247922908C,Grades for extracurricular activities,Independent
502A32AFDB6A,Mandatory extracurricular activities,Independent
5032D57FC9F1,Distance learning,Independent
503552AC24F4,Community service,Independent
5035B5AFCDEA,Grades for extracurricular activities,Independent
503CF32C50EF,Seeking multiple opinions,Independent
503DA2534877,Summer projects,Independent
50405AD10BEE,Grades for extracurricular activities,Independent
50446FC1E14D,Seeking multiple opinions,Independent
504CC3493DAF,Distance learning,Independent
505A24640C8D,Seeking multiple opinions,Independent
505BC02CDE23,Distance learning,Independent
505DBCB27320,Grades for extracurricular activities,Independent
505E7BE96294,Cell phones at school,Independent
50614A110213,Grades for extracurricular activities,Independent
506BF8E786CE,Grades for extracurricular activities,Independent
5075F133AA2D,Community service,Independent
507DD961E85E,Community service,Independent
5082B266C097,Distance learning,Independent
50855373AC95,Mandatory extracurricular activities,Independent
5086805A319F,Seeking multiple opinions,Independent
5093B51E7CBE,Mandatory extracurricular activities,Independent
50A20D5E39BD,Summer projects,Independent
50A729516950,Cell phones at school,Independent
50AACA046816,Distance learning,Independent
50B574FED819,Community service,Independent
50B623B2E5B0,Community service,Independent
50BC2C5D78A9,Mandatory extracurricular activities,Independent
50BCAECC0F0B,Seeking multiple opinions,Independent
50BFBC374361,Cell phones at school,Independent
50C08AC99E2D,Distance learning,Independent
50C2BE78BEF7,Community service,Independent
50C6B70DF247,Community service,Independent
50D2E73ED47E,Community service,Independent
50DFF5C46D9C,Seeking multiple opinions,Independent
50E303775600,Distance learning,Independent
50E6B14375AB,Distance learning,Independent
50E905BAF3AD,Distance learning,Independent
50F828AEE977,Grades for extracurricular activities,Independent
511B82DC07D1,Community service,Independent
511D6D3C51FB,Mandatory extracurricular activities,Independent
511D856B4842,Summer projects,Independent
511ED4952D93,Summer projects,Independent
513761FDC07A,Community service,Independent
513C8CADC353,Community service,Independent
513F26B1B2FC,Community service,Independent
515244292F97,Seeking multiple opinions,Independent
5153133CE3CA,Community service,Independent
51582221FB88,Distance learning,Independent
515CFDAAA723,Mandatory extracurricular activities,Independent
5163679C254B,Community service,Independent
516557988F8B,Grades for extracurricular activities,Independent
516AF42ED2C9,Distance learning,Independent
516C0021B78F,Cell phones at school,Independent
516C1A08EF31,Community service,Independent
516ECA74E0D5,Grades for extracurricular activities,Independent
5171E1D8A82A,Distance learning,Independent
5173FB3C75A9,Distance learning,Independent
51862B10529B,Grades for extracurricular activities,Independent
518A59BA91F4,Grades for extracurricular activities,Independent
51A54CE0D413,Community service,Independent
51A5A4C583D2,Grades for extracurricular activities,Independent
51A7C4616A18,Distance learning,Independent
51B19F4A5042,Community service,Independent
51B21A17D1E7,Community service,Independent
51B65B5ADC4F,Cell phones at school,Independent
51B8712EF620,Summer projects,Independent
51BE91C501F9,Community service,Independent
51C3D7E06ED2,Distance learning,Independent
51CC68B4A5B3,Distance learning,Independent
51D1B45542A1,Mandatory extracurricular activities,Independent
51D490A60F0F,Grades for extracurricular activities,Independent
51D70845DFA5,Community service,Independent
51DB76880081,Community service,Independent
51DD6A82BD9D,Cell phones at school,Independent
51DD72AD9EAF,Community service,Independent
51E0432E761E,Seeking multiple opinions,Independent
51E211998DF0,Cell phones at school,Independent
51E4EB3745CB,Seeking multiple opinions,Independent
51E6646E0733,Seeking multiple opinions,Independent
51EE6BE022BC,Mandatory extracurricular activities,Independent
51EF8C7D4263,Distance learning,Independent
51EFEB9D8D09,Seeking multiple opinions,Independent
52043A84C3BC,Grades for extracurricular activities,Independent
52052A7BEEE1,Summer projects,Independent
52119FF73675,Grades for extracurricular activities,Independent
52145F7349A8,Summer projects,Independent
52158495C326,Distance learning,Independent
5218172D792D,Seeking multiple opinions,Independent
521B387F32A8,Cell phones at school,Independent
521D89F262DF,Distance learning,Independent
52228E95FAC5,Mandatory extracurricular activities,Independent
52233E7A7574,Community service,Independent
5223640D0D11,Grades for extracurricular activities,Independent
522421AC1CDB,Grades for extracurricular activities,Independent
52315F217E9A,Mandatory extracurricular activities,Independent
523DC90B340F,Grades for extracurricular activities,Independent
5245516C1B2F,Cell phones at school,Independent
5246D89EFDBD,Mandatory extracurricular activities,Independent
524CC4D3EEA3,Summer projects,Independent
5256BB4022DE,Mandatory extracurricular activities,Independent
52579F4BBE4E,Summer projects,Independent
525E3781C41B,Mandatory extracurricular activities,Independent
526CC6ABF8FE,Community service,Independent
52724D83C323,Cell phones at school,Independent
5273831FA984,Summer projects,Independent
52779E469111,Seeking multiple opinions,Independent
527B7AAC2310,Distance learning,Independent
527D2EC10B3C,Mandatory extracurricular activities,Independent
5283BE3A9AA8,Distance learning,Independent
52A206351DE6,Cell phones at school,Independent
52ABB31C93C1,Mandatory extracurricular activities,Independent
52B0537F4B05,Distance learning,Independent
52B24BAEDC8C,Cell phones at school,Independent
52B54A7DBAD5,Community service,Independent
52C5975044F4,Cell phones at school,Independent
52D49831B279,Distance learning,Independent
52DB1B03971F,Summer projects,Independent
52DC3B7C3952,Distance learning,Independent
52F01172985F,Mandatory extracurricular activities,Independent
52F4BE946D52,Grades for extracurricular activities,Independent
52F5C4141DD6,Grades for extracurricular activities,Independent
52FEF34F4AC7,Distance learning,Independent
52FF7CE735BE,Distance learning,Independent
530265997AD1,Distance learning,Independent
53093659491E,Community service,Independent
530F6C620945,Community service,Independent
532496FD6727,Cell phones at school,Independent
533305B42133,Seeking multiple opinions,Independent
5341197C5A59,Summer projects,Independent
534835158D10,Seeking multiple opinions,Independent
534A2664E872,Seeking multiple opinions,Independent
534B7D65F1BC,Summer projects,Independent
534F8FD6D72C,Community service,Independent
5350A71E4878,Community service,Independent
53531A799B5D,Distance learning,Independent
5356F912E48A,Summer projects,Independent
5358773AF219,Cell phones at school,Independent
5369752CEAB0,Cell phones at school,Independent
536F6375C0F1,Grades for extracurricular activities,Independent
53858BE44997,Cell phones at school,Independent
538E02E87EE2,Grades for extracurricular activities,Independent
538EC7762A0E,Distance learning,Independent
5397604AE717,Mandatory extracurricular activities,Independent
539B8000A428,Summer projects,Independent
53A08016E38C,Distance learning,Independent
53A15ABA8872,Summer projects,Independent
53A248BAC35D,Community service,Independent
53A5B5898974,Distance learning,Independent
53A6EF0C462B,Community service,Independent
53A88F5C2B68,Mandatory extracurricular activities,Independent
53A9C12D80B1,Community service,Independent
53AFB23F2879,Mandatory extracurricular activities,Independent
53B076D547AE,Mandatory extracurricular activities,Independent
53B21C3A440F,Distance learning,Independent
53B5A0C383D7,Seeking multiple opinions,Independent
53B68DAFE78B,Distance learning,Independent
53B9330A8106,Cell phones at school,Independent
53BA0A8722FF,Seeking multiple opinions,Independent
53C0A4A4535D,Community service,Independent
53C9F177EB03,Distance learning,Independent
53CC67B72AC4,Mandatory extracurricular activities,Independent
53CD63A1A92E,Community service,Independent
53CF7CA4FF9B,Grades for extracurricular activities,Independent
53DCD2003C08,Distance learning,Independent
53DE53537B56,Summer projects,Independent
53E64E2FB1DE,Community service,Independent
53E982E9957C,Mandatory extracurricular activities,Independent
53EEE7A5B5A1,Community service,Independent
53F1450AF8DF,Seeking multiple opinions,Independent
53F969ED1B94,Cell phones at school,Independent
53FB958D0310,Grades for extracurricular activities,Independent
5402D8B83297,Summer projects,Independent
5403979D49E5,Distance learning,Independent
5408E5D0F397,Cell phones at school,Independent
5412AD81F965,Summer projects,Independent
54177B4F0399,Grades for extracurricular activities,Independent
5419620CA869,Distance learning,Independent
542161D0012C,Mandatory extracurricular activities,Independent
543192A13FBE,Seeking multiple opinions,Independent
5435CA799064,Grades for extracurricular activities,Independent
5441B7ECF4ED,Mandatory extracurricular activities,Independent
5444797664B1,Community service,Independent
54487928DAA3,Distance learning,Independent
54489E26F9F5,Mandatory extracurricular activities,Independent
544B3D56A4C9,Distance learning,Independent
544D3AC4F148,Mandatory extracurricular activities,Independent
5459D1AEA59F,Summer projects,Independent
5461798BA519,Mandatory extracurricular activities,Independent
546B079DDC60,Distance learning,Independent
5478972243CE,Cell phones at school,Independent
547B0846CB1B,Grades for extracurricular activities,Independent
547B4C347058,Distance learning,Independent
547D92E1FFA5,Cell phones at school,Independent
548A2C7E3124,Cell phones at school,Independent
548A58E068EB,Mandatory extracurricular activities,Independent
548EC5B339E3,Distance learning,Independent
548ED77A3B2E,Grades for extracurricular activities,Independent
549C74C7A6F8,Seeking multiple opinions,Independent
54A7A2CF8D60,Grades for extracurricular activities,Independent
54A8F5B2420A,Distance learning,Independent
54AA3CF403CC,Distance learning,Independent
54AD5B3231DE,Community service,Independent
54B02D438BA3,Grades for extracurricular activities,Independent
54BB8F3AF22B,Grades for extracurricular activities,Independent
54C09D108011,Summer projects,Independent
54C805A7869C,Summer projects,Independent
54C93D88E8F6,Cell phones at school,Independent
54CACD132533,Seeking multiple opinions,Independent
54D9B881F9C6,Community service,Independent
54DD496D85A7,Distance learning,Independent
54E231B38C86,Seeking multiple opinions,Independent
54E67CFD7039,Distance learning,Independent
54EBADB0DE35,Cell phones at school,Independent
54ECEEDEB966,Cell phones at school,Independent
5503B9964A09,Summer projects,Independent
5509D9C673A2,Community service,Independent
550ACFB35805,Summer projects,Independent
551135544B29,Community service,Independent
551BB83EEF11,Cell phones at school,Independent
551CE8C1C767,Grades for extracurricular activities,Independent
5526DCFDACF0,Cell phones at school,Independent
552ABBDE1296,Mandatory extracurricular activities,Independent
552E1E612147,Distance learning,Independent
5534E738B129,Mandatory extracurricular activities,Independent
553A7E9B393C,Mandatory extracurricular activities,Independent
553A7F2CFA9E,Grades for extracurricular activities,Independent
553DAFEC175D,Distance learning,Independent
554117C603DC,Cell phones at school,Independent
554DAEE7BBCF,Grades for extracurricular activities,Independent
55575FFF5993,Cell phones at school,Independent
55578E1EC4D9,Cell phones at school,Independent
555B1B7D2167,Mandatory extracurricular activities,Independent
555BB0D560CA,Seeking multiple opinions,Independent
555EC033AAE4,Cell phones at school,Independent
5562FD4D4820,Seeking multiple opinions,Independent
556CAEBD8954,Grades for extracurricular activities,Independent
5574E4DD548A,Distance learning,Independent
557DD5E4BAAD,Distance learning,Independent
558299F3D69E,Community service,Independent
55904A998741,Grades for extracurricular activities,Independent
5593451440F8,Distance learning,Independent
55AA396C81EB,Grades for extracurricular activities,Independent
55ABBABE4AA6,Grades for extracurricular activities,Independent
55B0C90197A0,Seeking multiple opinions,Independent
55B4C84AC4E3,Community service,Independent
55C612B32725,Distance learning,Independent
55C6A894F0CD,Distance learning,Independent
55CA4D9CE7BE,Mandatory extracurricular activities,Independent
55CE4FDD7C6C,Seeking multiple opinions,Independent
55D64FBD10D2,Community service,Independent
55F959645CF4,Mandatory extracurricular activities,Independent
55F9635ECFD7,Distance learning,Independent
56090663E82F,Summer projects,Independent
56121F282D95,Seeking multiple opinions,Independent
561798F1DC3D,Summer projects,Independent
561F034DEF7C,Cell phones at school,Independent
563B63C53B71,Summer projects,Independent
56489993A8DC,Grades for extracurricular activities,Independent
564FEF97AC52,Mandatory extracurricular activities,Independent
5658A5617BA5,Community service,Independent
565A4234C56A,Mandatory extracurricular activities,Independent
565C0B89C2C9,Grades for extracurricular activities,Independent
5662D458F65C,Community service,Independent
5666D5642C98,Cell phones at school,Independent
56671797633F,Seeking multiple opinions,Independent
5672F9F49336,Summer projects,Independent
5674A7E93E14,Cell phones at school,Independent
56774BA72B7B,Seeking multiple opinions,Independent
5686C7042536,Community service,Independent
568E35E8B116,Grades for extracurricular activities,Independent
568EF23DE225,Seeking multiple opinions,Independent
5690C4B1DE7E,Distance learning,Independent
56934EC946BE,Seeking multiple opinions,Independent
569400270AD9,Mandatory extracurricular activities,Independent
56977F9F1BC8,Grades for extracurricular activities,Independent
56A410AD96CD,Seeking multiple opinions,Independent
56A5852FC1D3,Grades for extracurricular activities,Independent
56AC4BE71C2F,Distance learning,Independent
56AF012A8C6C,Distance learning,Independent
56B4E3A8FA68,Summer projects,Independent
56B858DDB45C,Distance learning,Independent
56BC370EF7C6,Grades for extracurricular activities,Independent
56BDBCA6E4C8,Grades for extracurricular activities,Independent
56C594C8AD61,Grades for extracurricular activities,Independent
56CE596E4779,Distance learning,Independent
56D0D649CBB7,Seeking multiple opinions,Independent
56D0DEFE8006,Cell phones at school,Independent
56D1E00149AF,Community service,Independent
56D7340B7056,Grades for extracurricular activities,Independent
56D96BC94CD1,Distance learning,Independent
56DDE8F7EF4B,Summer projects,Independent
56EAC01DACE4,Mandatory extracurricular activities,Independent
57035905015E,Community service,Independent
570749EC9327,Seeking multiple opinions,Independent
570D3C7684D2,Cell phones at school,Independent
5716C4DAFC9E,Mandatory extracurricular activities,Independent
571B29B60BDC,Mandatory extracurricular activities,Independent
571BE3159B48,Cell phones at school,Independent
571F127C69ED,Distance learning,Independent
572095E6FD5E,Mandatory extracurricular activities,Independent
572236CAAFCE,Mandatory extracurricular activities,Independent
572258CAB3B0,Distance learning,Independent
5725491F64E8,Grades for extracurricular activities,Independent
572D5C1F21BC,Distance learning,Independent
573CC8D2D71B,Distance learning,Independent
573D3A222492,Seeking multiple opinions,Independent
573E39E45177,Distance learning,Independent
573FECFBABF1,Distance learning,Independent
5742BBAD7FAA,Distance learning,Independent
5757C902C635,Grades for extracurricular activities,Independent
57729F5DAC81,Cell phones at school,Independent
577CEC84D7E1,Cell phones at school,Independent
57859DBF4B4D,Grades for extracurricular activities,Independent
578917C04D28,Summer projects,Independent
5789A415F29D,Summer projects,Independent
578F55185BA7,Grades for extracurricular activities,Independent
5799F532C5CE,Distance learning,Independent
579C38EE157B,Seeking multiple opinions,Independent
57A4BDE06D1B,Seeking multiple opinions,Independent
57A68036E7F5,Seeking multiple opinions,Independent
57A6B1103088,Distance learning,Independent
57A892269E96,Grades for extracurricular activities,Independent
57B23EB24F91,Distance learning,Independent
57BB48970618,Summer projects,Independent
57BB9D93F0CA,Summer projects,Independent
57BD9065E3EC,Cell phones at school,Independent
57C5D1B5D26B,Mandatory extracurricular activities,Independent
57CE99683629,Cell phones at school,Independent
57CF03A3C5E4,Community service,Independent
57D117F52A26,Mandatory extracurricular activities,Independent
57D5D51D6D7A,Seeking multiple opinions,Independent
57D8DC790742,Seeking multiple opinions,Independent
57E38AB72398,Seeking multiple opinions,Independent
57E588F2AE93,Grades for extracurricular activities,Independent
57E6F4BD9AE2,Cell phones at school,Independent
57E8161AEF27,Distance learning,Independent
57EB0A572616,Cell phones at school,Independent
57ED566E615C,Mandatory extracurricular activities,Independent
57FCE6EFA636,Community service,Independent
580B2818EAD3,Community service,Independent
580D283A8895,Cell phones at school,Independent
5818B1EE4923,Grades for extracurricular activities,Independent
58211510AB4F,Mandatory extracurricular activities,Independent
583148511DEF,Grades for extracurricular activities,Independent
58358B109222,Distance learning,Independent
583A264BBC01,Distance learning,Independent
584318BAA12F,Summer projects,Independent
5843D4C6EFCC,Cell phones at school,Independent
58453EDC66BA,Mandatory extracurricular activities,Independent
5847329FD197,Distance learning,Independent
584A4BB1E954,Summer projects,Independent
584F4FBD5836,Community service,Independent
5851531DD4FE,Summer projects,Independent
58567312BDAB,Distance learning,Independent
58621C689C7B,Cell phones at school,Independent
586269D6471F,Seeking multiple opinions,Independent
58647D4AF653,Seeking multiple opinions,Independent
58669BF55DF1,Seeking multiple opinions,Independent
587B9AD94902,Seeking multiple opinions,Independent
58842626BD36,Community service,Independent
5886FEE892A7,Grades for extracurricular activities,Independent
5893410E4804,Community service,Independent
58A457A5CC45,Community service,Independent
58B24F7BCFEA,Mandatory extracurricular activities,Independent
58B67E59C661,Community service,Independent
58CC6C4321B5,Summer projects,Independent
58CE20CD7539,Community service,Independent
58D1B2CFF55A,Distance learning,Independent
58D25D8574F3,Summer projects,Independent
58DA41AD8D5D,Community service,Independent
58E3C1A0DB31,Distance learning,Independent
58E432E2DC35,Community service,Independent
58E84BCE4B90,Community service,Independent
58EBDB3621E5,Distance learning,Independent
58EE193B3F7D,Grades for extracurricular activities,Independent
58FE015253B7,Grades for extracurricular activities,Independent
5902D762C891,Distance learning,Independent
590D3E0A466C,Cell phones at school,Independent
590E55688000,Cell phones at school,Independent
590F70DF6614,Grades for extracurricular activities,Independent
591B7E3E2B40,Seeking multiple opinions,Independent
591E36982F38,Seeking multiple opinions,Independent
592A0A7ED525,Mandatory extracurricular activities,Independent
592C7623E346,Distance learning,Independent
5934838B26AD,Seeking multiple opinions,Independent
593E2802E27C,Distance learning,Independent
59409428D80E,Grades for extracurricular activities,Independent
5940D91292F8,Seeking multiple opinions,Independent
5945ADE75E5E,Distance learning,Independent
594BA746F1E3,Cell phones at school,Independent
595BF7E204FD,Cell phones at school,Independent
5967C9CB596A,Seeking multiple opinions,Independent
59838705785F,Grades for extracurricular activities,Independent
5986652F6023,Seeking multiple opinions,Independent
5988A483AC88,Community service,Independent
5993D6213F79,Mandatory extracurricular activities,Independent
599620A50158,Cell phones at school,Independent
59981B992996,Distance learning,Independent
599AE9FD7B94,Grades for extracurricular activities,Independent
59A2F81ECDB5,Community service,Independent
59A565081D48,Community service,Independent
59A5BE420CB6,Distance learning,Independent
59B8A753F73F,Summer projects,Independent
59C0B7954201,Mandatory extracurricular activities,Independent
59C968EC9BED,Grades for extracurricular activities,Independent
59CD6F1E3E98,Seeking multiple opinions,Independent
59CD7BE99BD1,Distance learning,Independent
59DB96D6A677,Community service,Independent
59DC7E507A13,Community service,Independent
59DE92B483E3,Community service,Independent
59DF391EF178,Mandatory extracurricular activities,Independent
59DF6605E8E4,Distance learning,Independent
59E76F18BFAC,Distance learning,Independent
59E8C8BE4ACA,Community service,Independent
59EA4BEE9B35,Distance learning,Independent
5A014068C6F1,Summer projects,Independent
5A220D6D2F3A,Distance learning,Independent
5A39C21B332E,Distance learning,Independent
5A3BABA1AE21,Summer projects,Independent
5A3EF40C9936,Mandatory extracurricular activities,Independent
5A412BB760A7,Cell phones at school,Independent
5A533A7D1C03,Distance learning,Independent
5A5C03C6F19D,Grades for extracurricular activities,Independent
5A68798F2808,Community service,Independent
5A6AE4CDEEF1,Mandatory extracurricular activities,Independent
5A7743501C3A,Grades for extracurricular activities,Independent
5A7EE12D0893,Grades for extracurricular activities,Independent
5A8078112B57,Cell phones at school,Independent
5A87756191DD,Summer projects,Independent
5A8F4BFCF4F1,Seeking multiple opinions,Independent
5A91C6A1224E,Cell phones at school,Independent
5A9A9B620C8C,Mandatory extracurricular activities,Independent
5A9C20C851FD,Distance learning,Independent
5AA56B345704,Distance learning,Independent
5AA8F2432639,Distance learning,Independent
5AAE43F07F55,Seeking multiple opinions,Independent
5AB3EDABE80F,Mandatory extracurricular activities,Independent
5ABF1468BB07,Cell phones at school,Independent
5ABF45343C00,Seeking multiple opinions,Independent
5AC16E188F1B,Distance learning,Independent
5AC37FFFB62E,Cell phones at school,Independent
5AC479FF1B7D,Distance learning,Independent
5ACA20C17FED,Distance learning,Independent
5AD3EAC6A195,Distance learning,Independent
5ADBB426F7FD,Grades for extracurricular activities,Independent
5ADDA95F6DD0,Community service,Independent
5AE5BAD81018,Seeking multiple opinions,Independent
5AEDB0F22B98,Mandatory extracurricular activities,Independent
5AFB5923E1DD,Seeking multiple opinions,Independent
5B033D12F24B,Community service,Independent
5B035425DEF3,Mandatory extracurricular activities,Independent
5B0F0AE2457E,Summer projects,Independent
5B0F0C4C998D,Distance learning,Independent
5B11DE2C4232,Seeking multiple opinions,Independent
5B14D0F18119,Seeking multiple opinions,Independent
5B14E2CB36CB,Distance learning,Independent
5B1796FE9AFB,Cell phones at school,Independent
5B222B47AA21,Seeking multiple opinions,Independent
5B225CED16B5,Distance learning,Independent
5B2822CE075A,Community service,Independent
5B2A66C903D8,Grades for extracurricular activities,Independent
5B2B04C5E20C,Mandatory extracurricular activities,Independent
5B33DBFCC997,Seeking multiple opinions,Independent
5B3B6284CCEC,Distance learning,Independent
5B4AE145379C,Summer projects,Independent
5B4F42FD7AB8,Community service,Independent
5B5EC31A45C1,Mandatory extracurricular activities,Independent
5B6020273290,Mandatory extracurricular activities,Independent
5B61007BA59D,Summer projects,Independent
5B6CC5060C83,Summer projects,Independent
5B6F224A710F,Grades for extracurricular activities,Independent
5B73CB41A1FD,Summer projects,Independent
5B762EBD64C1,Seeking multiple opinions,Independent
5B7839D9261F,Distance learning,Independent
5B7A026CD3C4,Distance learning,Independent
5B7E3DF2251F,Community service,Independent
5B7EF88D3947,Cell phones at school,Independent
5B89C074E210,Community service,Independent
5B8A26E5511F,Seeking multiple opinions,Independent
5B8A8EABE08A,Summer projects,Independent
5B8D0FA010AA,Mandatory extracurricular activities,Independent
5B8F4494DFEC,Mandatory extracurricular activities,Independent
5B92A6484CCB,Grades for extracurricular activities,Independent
5B9A78A026ED,Community service,Independent
5B9E1E0553AB,Grades for extracurricular activities,Independent
5BB2AD58AF12,Cell phones at school,Independent
5BB44F6FBD2B,Grades for extracurricular activities,Independent
5BB702C07F75,Mandatory extracurricular activities,Independent
5BBD1E5ABCA1,Cell phones at school,Independent
5BC0CDF05566,Summer projects,Independent
5BC187A4FE09,Seeking multiple opinions,Independent
5BC582396E5B,Seeking multiple opinions,Independent
5BCE3F6D4C83,Seeking multiple opinions,Independent
5BD888B4E549,Cell phones at school,Independent
5BD8BEC4B87E,Grades for extracurricular activities,Independent
5BDF483698A5,Seeking multiple opinions,Independent
5BE3649A250D,Cell phones at school,Independent
5BE6F3FD90DB,Distance learning,Independent
5BEEB3F5D022,Grades for extracurricular activities,Independent
5BF438587881,Distance learning,Independent
5C0A85EEEDDD,Summer projects,Independent
5C123B44E9B7,Seeking multiple opinions,Independent
5C12763A0F7B,Distance learning,Independent
5C18B01089E2,Cell phones at school,Independent
5C2A497012B9,Distance learning,Independent
5C2C61B71D4B,Cell phones at school,Independent
5C2F188C0177,Seeking multiple opinions,Independent
5C2F6504DDB7,Seeking multiple opinions,Independent
5C3209958B40,Cell phones at school,Independent
5C3B7683D560,Distance learning,Independent
5C3D046EC7CF,Cell phones at school,Independent
5C58DF1B1468,Grades for extracurricular activities,Independent
5C5B17B1E3FA,Seeking multiple opinions,Independent
5C5D301481AB,Mandatory extracurricular activities,Independent
5C5EB17E8684,Seeking multiple opinions,Independent
5C6687B1AA0B,Cell phones at school,Independent
5C680F1815BD,Summer projects,Independent
5C69070E1E48,Distance learning,Independent
5C69455A5553,Distance learning,Independent
5C73E6F0C191,Cell phones at school,Independent
5C742ECB809D,Distance learning,Independent
5C75F3C6AE71,Grades for extracurricular activities,Independent
5C7AF7C12082,Distance learning,Independent
5C7D43A28B7A,Summer projects,Independent
5C7D64170E32,Cell phones at school,Independent
5C843C6BD232,Distance learning,Independent
5C89C0506A97,Mandatory extracurricular activities,Independent
5C911C2B4F28,Community service,Independent
5C9E35099AEF,Summer projects,Independent
5C9E6CCEAF57,Seeking multiple opinions,Independent
5CA70FA823B1,Distance learning,Independent
5CA96D4D1F77,Cell phones at school,Independent
5CAB30E76547,Cell phones at school,Independent
5CB049559D6C,Distance learning,Independent
5CB2AC659B79,Seeking multiple opinions,Independent
5CB615A9027C,Cell phones at school,Independent
5CB6D0FC4D80,Mandatory extracurricular activities,Independent
5CBABB7D3A65,Distance learning,Independent
5CC68A132D2E,Seeking multiple opinions,Independent
5CC94F3773B1,Mandatory extracurricular activities,Independent
5CCBFD688D7C,Seeking multiple opinions,Independent
5CD698A502C8,Community service,Independent
5CE073B74680,Community service,Independent
5CE0853A33EB,Seeking multiple opinions,Independent
5CE0E9A7214D,Community service,Independent
5CE935EFB869,Mandatory extracurricular activities,Independent
5CEA51DD2414,Mandatory extracurricular activities,Independent
5CED5AFA7473,Cell phones at school,Independent
5CFD0AB2D231,Grades for extracurricular activities,Independent
5D021E279D42,Grades for extracurricular activities,Independent
5D0B341BF482,Seeking multiple opinions,Independent
5D20393B5BB9,Cell phones at school,Independent
5D24FD22556E,Community service,Independent
5D3A5D985052,Mandatory extracurricular activities,Independent
5D3A82DB2443,Grades for extracurricular activities,Independent
5D3C4E1B09BB,Community service,Independent
5D438CA4AE18,Distance learning,Independent
5D44D3B6B7C3,Distance learning,Independent
5D48FA3291DE,Seeking multiple opinions,Independent
5D5F108C0FC9,Community service,Independent
5D67E6FF363D,Distance learning,Independent
5D74C7B81D0F,Distance learning,Independent
5D7515123676,Distance learning,Independent
5D7699670F94,Grades for extracurricular activities,Independent
5D823577D709,Mandatory extracurricular activities,Independent
5D843D1CD37D,Mandatory extracurricular activities,Independent
5D89C9BCA3B7,Grades for extracurricular activities,Independent
5D8E6B28C99F,Distance learning,Independent
5DA8A292351C,Cell phones at school,Independent
5DACADC48565,Seeking multiple opinions,Independent
5DAE5C8E951C,Mandatory extracurricular activities,Independent
5DAF24E0E18F,Mandatory extracurricular activities,Independent
5DB370AD8EFB,Distance learning,Independent
5DB4FE5D6A00,Distance learning,Independent
5DB8391BB037,Community service,Independent
5DB8A4809D87,Mandatory extracurricular activities,Independent
5DC052306F3F,Seeking multiple opinions,Independent
5DC140B8BCA4,Grades for extracurricular activities,Independent
5DC65B4940CF,Distance learning,Independent
5DC7885F3849,Grades for extracurricular activities,Independent
5DD0E0AE3472,Summer projects,Independent
5DD49B415BED,Community service,Independent
5DD5A3F1A234,Community service,Independent
5DE24AC546C3,Mandatory extracurricular activities,Independent
5DF0EDF0D7A5,Community service,Independent
5E021C5964F3,Mandatory extracurricular activities,Independent
5E05A71851AD,Grades for extracurricular activities,Independent
5E14CA138C09,Mandatory extracurricular activities,Independent
5E178A82D743,Community service,Independent
5E1DC9D62201,Community service,Independent
5E226FB79B69,Cell phones at school,Independent
5E26C9276FE3,Distance learning,Independent
5E320957311B,Seeking multiple opinions,Independent
5E33FEEB3EED,Grades for extracurricular activities,Independent
5E3C351AB579,Seeking multiple opinions,Independent
5E411004B068,Community service,Independent
5E460A253EA9,Summer projects,Independent
5E47B63AEE2A,Distance learning,Independent
5E5507D2C91E,Distance learning,Independent
5E5678C3195A,Summer projects,Independent
5E67059E3067,Mandatory extracurricular activities,Independent
5E6E28DFFAB6,Cell phones at school,Independent
5E75902533E2,Summer projects,Independent
5E77E2114BB2,Cell phones at school,Independent
5E8341C10D90,Seeking multiple opinions,Independent
5E83F6D46ACA,Summer projects,Independent
5E88F0EC802B,Cell phones at school,Independent
5E8943E437AC,Grades for extracurricular activities,Independent
5E8B50F6DF84,Distance learning,Independent
5E9118C7949A,Summer projects,Independent
5E919DD8B404,Summer projects,Independent
5E9444EE8F6F,Cell phones at school,Independent
5E95EF84B113,Community service,Independent
5E9E3C993595,Community service,Independent
5E9EABBE6805,Community service,Independent
5EA363E66828,Cell phones at school,Independent
5EA83BC0530E,Seeking multiple opinions,Independent
5EAD3E81CF0E,Distance learning,Independent
5EB03D5E79DC,Mandatory extracurricular activities,Independent
5EB43212A8DC,Summer projects,Independent
5EB7A0B134B4,Distance learning,Independent
5EB99924C996,Seeking multiple opinions,Independent
5EB9ECE0BE68,Seeking multiple opinions,Independent
5EBCAA54A599,Cell phones at school,Independent
5EBDFA356030,Seeking multiple opinions,Independent
5EC2696BAD78,Cell phones at school,Independent
5EC6E75028EF,Cell phones at school,Independent
5EC799B04F58,Community service,Independent
5ECB2C9552EF,Seeking multiple opinions,Independent
5ECBD433868E,Grades for extracurricular activities,Independent
5ECD00F7DBAF,Distance learning,Independent
5ED9F80F1134,Distance learning,Independent
5EE37CF33717,Seeking multiple opinions,Independent
5EE526AB840B,Distance learning,Independent
5EE8CB200D9B,Mandatory extracurricular activities,Independent
5EE96783493A,Community service,Independent
5EF21F142C51,Seeking multiple opinions,Independent
5EF660E481FF,Seeking multiple opinions,Independent
5EF7607660F0,Mandatory extracurricular activities,Independent
5EF9672456E6,Community service,Independent
5EFC63975196,Distance learning,Independent
5EFE548412A3,Summer projects,Independent
5F02CAE49707,Summer projects,Independent
5F0A95402125,Distance learning,Independent
5F0EFFD4CAF7,Cell phones at school,Independent
5F1314EFC0BF,Summer projects,Independent
5F1A624338DD,Seeking multiple opinions,Independent
5F1ED0796466,Distance learning,Independent
5F26913D0F6A,Grades for extracurricular activities,Independent
5F27253980BB,Seeking multiple opinions,Independent
5F3D6FB9F6A0,Grades for extracurricular activities,Independent
5F498065B47B,Cell phones at school,Independent
5F4997E3A45D,Distance learning,Independent
5F4E561AB62A,Grades for extracurricular activities,Independent
5F522FE6B030,Grades for extracurricular activities,Independent
5F584C7A7B66,Seeking multiple opinions,Independent
5F63B317E634,Cell phones at school,Independent
5F6F7DA0B342,Cell phones at school,Independent
5F7773622C17,Grades for extracurricular activities,Independent
5F897635CDDE,Cell phones at school,Independent
5F8C39B2B552,Distance learning,Independent
5F97B60F370E,Summer projects,Independent
5F99013AD518,Mandatory extracurricular activities,Independent
5F998012DDCD,Distance learning,Independent
5FA725C41F36,Community service,Independent
5FA8C1D30129,Distance learning,Independent
5FAB26EAECD2,Mandatory extracurricular activities,Independent
5FB0797A7BFC,Mandatory extracurricular activities,Independent
5FB3B837BB81,Cell phones at school,Independent
5FB8B334138D,Community service,Independent
5FBE6E6D86F9,Cell phones at school,Independent
5FCF56BDB113,Cell phones at school,Independent
5FCFD7CBEFFD,Summer projects,Independent
5FD6686E9FE8,Mandatory extracurricular activities,Independent
5FD82A1B4A55,Grades for extracurricular activities,Independent
5FDFA90D3EDA,Seeking multiple opinions,Independent
5FE1CC117D50,Cell phones at school,Independent
5FE5DA09149F,Grades for extracurricular activities,Independent
5FF174EA44A8,Cell phones at school,Independent
5FF1D599D746,Grades for extracurricular activities,Independent
6.15327E+11,Distance learning,Independent
6.36755E+11,Community service,Independent
6.60366E+11,Mandatory extracurricular activities,Independent
6.77663E+11,Grades for extracurricular activities,Independent
6.91309E+11,Mandatory extracurricular activities,Independent
6005B14C294E,Summer projects,Independent
6006F1328003,Community service,Independent
60090FD45183,Cell phones at school,Independent
600959D8A343,Summer projects,Independent
600D15606C01,Mandatory extracurricular activities,Independent
601599CA6F3F,Distance learning,Independent
602BF2AD3B3B,Grades for extracurricular activities,Independent
603959BC623B,Distance learning,Independent
603C2AE099F4,Community service,Independent
603D3019DCC5,Mandatory extracurricular activities,Independent
603D38C864DD,Community service,Independent
603DE0BD3A92,Grades for extracurricular activities,Independent
6043BA11ED60,Grades for extracurricular activities,Independent
604BECEA8FBE,Cell phones at school,Independent
604E0A104A97,Grades for extracurricular activities,Independent
604F56303E46,Seeking multiple opinions,Independent
60539232A0C9,Seeking multiple opinions,Independent
605DDF3EA948,Distance learning,Independent
6060D28C05B6,Distance learning,Independent
606260AC76E2,Cell phones at school,Independent
606699C7A754,Community service,Independent
606B03D848FB,Mandatory extracurricular activities,Independent
606C4015BD6B,Grades for extracurricular activities,Independent
606C73F97E17,Seeking multiple opinions,Independent
6075DFB98832,Seeking multiple opinions,Independent
60772C514A37,Summer projects,Independent
607AB7FA0E57,Cell phones at school,Independent
6081F7294031,Distance learning,Independent
60848B9FED16,Mandatory extracurricular activities,Independent
6086E26A9B8B,Seeking multiple opinions,Independent
6089950C03C3,Grades for extracurricular activities,Independent
608A0F691705,Seeking multiple opinions,Independent
608B8AF21000,Mandatory extracurricular activities,Independent
608E2E406B74,Cell phones at school,Independent
6097E7767D96,Community service,Independent
60AEEA05E1A9,Distance learning,Independent
60B64507D3BD,Distance learning,Independent
60B8793E4EC5,Community service,Independent
60B9CA06540D,Mandatory extracurricular activities,Independent
60C183CFA58F,Distance learning,Independent
60C439A28A94,Distance learning,Independent
60C9C0AC9F48,Summer projects,Independent
60D5DEB40F45,Distance learning,Independent
60D68C264688,Cell phones at school,Independent
60E686BA1E09,Seeking multiple opinions,Independent
60E98C89CF04,Mandatory extracurricular activities,Independent
60F9BE7AF29C,Seeking multiple opinions,Independent
60FFF26260C1,Distance learning,Independent
61055119521E,Summer projects,Independent
610657AB52DA,Mandatory extracurricular activities,Independent
610C4705559E,Summer projects,Independent
611087AD50CD,Cell phones at school,Independent
61112AD2A25E,Community service,Independent
6115AB81F5D6,Mandatory extracurricular activities,Independent
6116446CF0BC,Community service,Independent
6120612BAC0D,Mandatory extracurricular activities,Independent
61294B5B8ADB,Cell phones at school,Independent
61343B6C7E0B,Mandatory extracurricular activities,Independent
61398AE8B2EE,Seeking multiple opinions,Independent
613F12D063F5,Summer projects,Independent
6149F0876D30,Mandatory extracurricular activities,Independent
614FF07AA1FC,Summer projects,Independent
615CFA3ABB2B,Community service,Independent
6166AF313473,Community service,Independent
616B65B19BB2,Seeking multiple opinions,Independent
616F112B59F4,Cell phones at school,Independent
61722DC84881,Grades for extracurricular activities,Independent
617350A70F78,Grades for extracurricular activities,Independent
6173BAAAA7FD,Summer projects,Independent
617F2F7BF090,Grades for extracurricular activities,Independent
6180C9A37B2B,Community service,Independent
6183574CA5FC,Seeking multiple opinions,Independent
618C71C6B2BE,Grades for extracurricular activities,Independent
618DF148C39F,Summer projects,Independent
618F39ACC1CE,Grades for extracurricular activities,Independent
619180B69DBE,Summer projects,Independent
61940F7893FF,Mandatory extracurricular activities,Independent
619D4176B04A,Summer projects,Independent
619F7C42139E,Summer projects,Independent
619FCB9DAC94,Grades for extracurricular activities,Independent
61A0FEA827E4,Summer projects,Independent
61B15EC2F7B6,Distance learning,Independent
61B1EE81780B,Community service,Independent
61B3D40AA856,Summer projects,Independent
61D13513C992,Seeking multiple opinions,Independent
61D5DB6C54F7,Summer projects,Independent
61D89583005B,Distance learning,Independent
61E87D530E50,Mandatory extracurricular activities,Independent
61EA611AD31A,Community service,Independent
61EDBF8CEC7D,Distance learning,Independent
61F3B1F549CD,Summer projects,Independent
6200EAC0CBBF,Mandatory extracurricular activities,Independent
62049767E58C,Grades for extracurricular activities,Independent
6204A1726C16,Distance learning,Independent
6208F1920B19,Seeking multiple opinions,Independent
620D3774F474,Grades for extracurricular activities,Independent
620DE3FDAA4F,Mandatory extracurricular activities,Independent
620E49DF04E2,Distance learning,Independent
621DE1C3A440,Grades for extracurricular activities,Independent
6225570285BC,Community service,Independent
62274F02BC50,Mandatory extracurricular activities,Independent
623FA57397A7,Cell phones at school,Independent
624586746EB4,Summer projects,Independent
624A092E7C32,Cell phones at school,Independent
624A50DFE702,Distance learning,Independent
6257C846D070,Grades for extracurricular activities,Independent
625B5EA39197,Grades for extracurricular activities,Independent
625EB4BAA19B,Cell phones at school,Independent
62654020C48D,Distance learning,Independent
6269893C45DC,Summer projects,Independent
626AE66A4F00,Seeking multiple opinions,Independent
626D81DA387E,Distance learning,Independent
627AD4369D37,Grades for extracurricular activities,Independent
628019536B7A,Grades for extracurricular activities,Independent
628101B81007,Seeking multiple opinions,Independent
62884F478162,Cell phones at school,Independent
628AD453CFD8,Grades for extracurricular activities,Independent
628D02AAB498,Mandatory extracurricular activities,Independent
62903189839,Cell phones at school,Independent
6292FA7E5BD1,Distance learning,Independent
629862A6AB15,Cell phones at school,Independent
62A5873FD2BC,Summer projects,Independent
62A99B6D846E,Mandatory extracurricular activities,Independent
62AA2FDC41C6,Cell phones at school,Independent
62AFBD98AFA9,Distance learning,Independent
62B435DCB587,Seeking multiple opinions,Independent
62BE2CD4427F,Cell phones at school,Independent
62C57C524CD2,Grades for extracurricular activities,Independent
62CA32AA1C52,Summer projects,Independent
62CFC135C5C0,Mandatory extracurricular activities,Independent
62D3895B702E,Mandatory extracurricular activities,Independent
62D65CAACC4A,Community service,Independent
62D796BB3724,Seeking multiple opinions,Independent
62D832A8630C,Mandatory extracurricular activities,Independent
62DCC3EF0507,Distance learning,Independent
62E08644BD3B,Seeking multiple opinions,Independent
62E0E0159843,Grades for extracurricular activities,Independent
62E441E58EC2,Summer projects,Independent
62E87716DFDB,Community service,Independent
62EA05528EFF,Seeking multiple opinions,Independent
62EA3F855DB2,Seeking multiple opinions,Independent
62F9D6559F14,Cell phones at school,Independent
62FC97D29846,Distance learning,Independent
62FD49CAE1AE,Seeking multiple opinions,Independent
6314A8C1D128,Mandatory extracurricular activities,Independent
631F9CBDFD7A,Distance learning,Independent
6321CFDD093A,Distance learning,Independent
632998A6072F,Distance learning,Independent
63382FEE34A7,Summer projects,Independent
633E15276E05,Community service,Independent
634150E86FAE,Community service,Independent
6341B5F6D0D5,Grades for extracurricular activities,Independent
6348F3FAB2F4,Seeking multiple opinions,Independent
63496B24B9BD,Summer projects,Independent
63529F7E789A,Grades for extracurricular activities,Independent
635484AE3669,Community service,Independent
635BE73842BB,Grades for extracurricular activities,Independent
635C6FD4CD45,Mandatory extracurricular activities,Independent
636811ED1516,Summer projects,Independent
636E30C86B69,Distance learning,Independent
63714646F1F4,Grades for extracurricular activities,Independent
637673A6DF01,Summer projects,Independent
637F17D96F48,Grades for extracurricular activities,Independent
638546C1C924,Distance learning,Independent
63901FEE7589,Mandatory extracurricular activities,Independent
6397F69A35AB,Distance learning,Independent
639AB094CEB1,Grades for extracurricular activities,Independent
63A908894771,Mandatory extracurricular activities,Independent
63AE2EE9B28A,Community service,Independent
63AFEF7824B1,Seeking multiple opinions,Independent
63B4820B55F7,Mandatory extracurricular activities,Independent
63BC0E332F24,Community service,Independent
63C087C70C54,Seeking multiple opinions,Independent
63C74FF7DB27,Distance learning,Independent
63C762CF1FB6,Mandatory extracurricular activities,Independent
63D663E674C5,Mandatory extracurricular activities,Independent
63E9529594F9,Grades for extracurricular activities,Independent
63EE52366E69,Summer projects,Independent
63F12BD57AE7,Mandatory extracurricular activities,Independent
63F2D35452AC,Cell phones at school,Independent
63F533DA2C4E,Distance learning,Independent
63FA4F48E6F9,Community service,Independent
63FBD807F6A3,Seeking multiple opinions,Independent
63FEC53AF437,Seeking multiple opinions,Independent
6401CA1C645F,Summer projects,Independent
6402C64B1444,Grades for extracurricular activities,Independent
640315EA64A3,Grades for extracurricular activities,Independent
64077B385B48,Seeking multiple opinions,Independent
640899CC6EC5,Summer projects,Independent
640A7B8CBD72,Distance learning,Independent
640AAB71319F,Grades for extracurricular activities,Independent
6415C4D644EE,Grades for extracurricular activities,Independent
64246ED6F213,Seeking multiple opinions,Independent
64251865C84E,Distance learning,Independent
642D1C60A615,Cell phones at school,Independent
643133AE3E5F,Community service,Independent
64319E500339,Community service,Independent
644ABEAF2199,Cell phones at school,Independent
6458DE216471,Distance learning,Independent
646500FB5CD3,Seeking multiple opinions,Independent
646DBA929C37,Summer projects,Independent
647A9F4B13E2,Distance learning,Independent
649807ACDD9F,Grades for extracurricular activities,Independent
64A4EBA4CC37,Distance learning,Independent
64B986E7853C,Community service,Independent
64BD20F9CCC8,Distance learning,Independent
64C09A835374,Distance learning,Independent
64C6CB509C0C,Cell phones at school,Independent
64C934615733,Mandatory extracurricular activities,Independent
64D9D150E43D,Grades for extracurricular activities,Independent
64DF7B801614,Cell phones at school,Independent
64E208B0CC5E,Grades for extracurricular activities,Independent
64E91043AF2C,Community service,Independent
64EB5FFF3DB9,Community service,Independent
64EB91C84A32,Distance learning,Independent
64F4EEE18DAF,Distance learning,Independent
64FDE4FDCDDB,Community service,Independent
6504F77A1674,Distance learning,Independent
650FFD51AD15,Distance learning,Independent
65183AEA7FC2,Grades for extracurricular activities,Independent
651CE6F22A06,Distance learning,Independent
65231CB357DF,Grades for extracurricular activities,Independent
65286FBCAD2D,Cell phones at school,Independent
652D6561FE8B,Cell phones at school,Independent
65353E231139,Community service,Independent
654204F23B4C,Summer projects,Independent
65447D9FE11E,Grades for extracurricular activities,Independent
654CA2DA610B,Grades for extracurricular activities,Independent
655A3B3F19E1,Cell phones at school,Independent
6565F5930D6E,Distance learning,Independent
65688F5C5F82,Community service,Independent
6575CFE1F211,Seeking multiple opinions,Independent
6576358C3754,Seeking multiple opinions,Independent
6578E97B8E0E,Grades for extracurricular activities,Independent
65799645548A,Grades for extracurricular activities,Independent
658428760D94,Distance learning,Independent
6585105C64D7,Seeking multiple opinions,Independent
65871B0D00E9,Grades for extracurricular activities,Independent
6587820089F3,Distance learning,Independent
6589766A4C78,Seeking multiple opinions,Independent
658D9641A1C6,Summer projects,Independent
659143BDC3B2,Cell phones at school,Independent
65980B1BCBAD,Summer projects,Independent
65991D1DA389,Cell phones at school,Independent
65994ACB31EF,Distance learning,Independent
659A00D789F0,Community service,Independent
65A3291CB6FA,Summer projects,Independent
65A67EDDDB58,Grades for extracurricular activities,Independent
65AA1348FD1A,Summer projects,Independent
65AACA4E3F2E,Summer projects,Independent
65AEB26E0525,Cell phones at school,Independent
65AFC6455E89,Cell phones at school,Independent
65B1F548E8BE,Distance learning,Independent
65B90292739C,Cell phones at school,Independent
65C8F881F296,Grades for extracurricular activities,Independent
65D6233D8448,Community service,Independent
65D771A9D1FD,Distance learning,Independent
65D860D68148,Distance learning,Independent
65D8D9AA5947,Seeking multiple opinions,Independent
65D97AB33D46,Mandatory extracurricular activities,Independent
65DD39531321,Cell phones at school,Independent
65E3280D899A,Seeking multiple opinions,Independent
65EADED456D1,Cell phones at school,Independent
65F4647C00D4,Cell phones at school,Independent
65F51DF3A870,Distance learning,Independent
65F8264950AD,Mandatory extracurricular activities,Independent
66031F0D0329,Distance learning,Independent
661426A2C8DE,Seeking multiple opinions,Independent
6614342DF86D,Community service,Independent
661B7E9A641F,Grades for extracurricular activities,Independent
6620CDFFF042,Cell phones at school,Independent
6621856784A9,Cell phones at school,Independent
66259133A8BF,Distance learning,Independent
66288718AF60,Seeking multiple opinions,Independent
6629A229A900,Summer projects,Independent
6629CFE36B2C,Seeking multiple opinions,Independent
662BC175152E,Distance learning,Independent
662E20DE95C8,Cell phones at school,Independent
66306888222D,Distance learning,Independent
663149D85F9C,Community service,Independent
663222D95A56,Seeking multiple opinions,Independent
663555E90485,Grades for extracurricular activities,Independent
663ECF6AF702,Grades for extracurricular activities,Independent
66418ED2289D,Summer projects,Independent
6641EA903719,Community service,Independent
66435002F527,Summer projects,Independent
6645078FF1DD,Mandatory extracurricular activities,Independent
6646414809D0,Community service,Independent
664DC178A65E,Summer projects,Independent
66500F49DA0A,Mandatory extracurricular activities,Independent
665A2D50F034,Seeking multiple opinions,Independent
6661064715FA,Grades for extracurricular activities,Independent
6661EAEC9023,Cell phones at school,Independent
667499205A97,Distance learning,Independent
6681FEF3AA13,Cell phones at school,Independent
6685C02108BA,Distance learning,Independent
669954011A4C,Distance learning,Independent
6699DEA066F3,Distance learning,Independent
669A595FD66F,Summer projects,Independent
66A42012C206,Summer projects,Independent
66AA8E8F6789,Mandatory extracurricular activities,Independent
66AD7F03F068,Mandatory extracurricular activities,Independent
66B4C5358537,Seeking multiple opinions,Independent
66BFF6F846DA,Seeking multiple opinions,Independent
66C8EFF0BD08,Cell phones at school,Independent
66C96029DE3B,Community service,Independent
66CDB0D96058,Grades for extracurricular activities,Independent
66D29FC8F9AD,Seeking multiple opinions,Independent
66D810E0A3D1,Cell phones at school,Independent
66D9C293DB80,Mandatory extracurricular activities,Independent
66E71B6C50F5,Seeking multiple opinions,Independent
66EAC5C59580,Cell phones at school,Independent
66EEDB0C0494,Distance learning,Independent
66F4DE5B55E1,Cell phones at school,Independent
66F7AD6B99E2,Mandatory extracurricular activities,Independent
66F80E57BA95,Distance learning,Independent
6703193EBE49,Summer projects,Independent
67115999420C,Cell phones at school,Independent
6726B4680CA6,Mandatory extracurricular activities,Independent
672CD0AEEA90,Grades for extracurricular activities,Independent
672D0F5241A4,Distance learning,Independent
6743F5B9985B,Summer projects,Independent
6745076C4F5E,Seeking multiple opinions,Independent
674CA6631291,Grades for extracurricular activities,Independent
675D63C3D265,Seeking multiple opinions,Independent
6761F7EC5A94,Mandatory extracurricular activities,Independent
676201F75AB8,Distance learning,Independent
67631924513E,Seeking multiple opinions,Independent
6770A2F02671,Grades for extracurricular activities,Independent
6776B92E4513,Summer projects,Independent
67787C34A08F,Distance learning,Independent
677CF91FDC97,Mandatory extracurricular activities,Independent
6783CF0808E5,Distance learning,Independent
678504F90802,Seeking multiple opinions,Independent
6787D1982CEE,Mandatory extracurricular activities,Independent
6789C92FBD8F,Seeking multiple opinions,Independent
678F9DC7579A,Distance learning,Independent
67907FCA021A,Mandatory extracurricular activities,Independent
6796C7366713,Cell phones at school,Independent
67984D18D30D,Distance learning,Independent
679DC940206E,Distance learning,Independent
67A24E5541AF,Mandatory extracurricular activities,Independent
67A7E2367263,Cell phones at school,Independent
67BBF262FE34,Summer projects,Independent
67C79BC87A66,Mandatory extracurricular activities,Independent
67C8EC23C79F,Mandatory extracurricular activities,Independent
67D14DACC392,Distance learning,Independent
67D40BFD6844,Community service,Independent
67D42552C387,Cell phones at school,Independent
67D58F9FA53C,Mandatory extracurricular activities,Independent
67DCF9B166A5,Mandatory extracurricular activities,Independent
67E34C1004D4,Cell phones at school,Independent
67E48B0CB147,Summer projects,Independent
67E5376117EF,Cell phones at school,Independent
67EA44FE037E,Community service,Independent
67F5281DAE5F,Community service,Independent
67F6F36C0B66,Summer projects,Independent
67FFAD7BD23C,Summer projects,Independent
6805FE96E548,Distance learning,Independent
6806B74BD8E3,Community service,Independent
680BAC6A82BD,Summer projects,Independent
681279579E8A,Community service,Independent
681B9CD21B07,Cell phones at school,Independent
68201A571AE4,Mandatory extracurricular activities,Independent
684652D976EB,Distance learning,Independent
68486609C73E,Seeking multiple opinions,Independent
684D9F76006C,Community service,Independent
684DE5B645D8,Distance learning,Independent
684F637DD1E8,Cell phones at school,Independent
6867D67B3444,Distance learning,Independent
68685615FE0C,Distance learning,Independent
686901D47360,Distance learning,Independent
686A0D833422,Mandatory extracurricular activities,Independent
686A4F5FDD23,Community service,Independent
6872BC56971B,Seeking multiple opinions,Independent
68822E9EEE00,Mandatory extracurricular activities,Independent
688629E5EF45,Seeking multiple opinions,Independent
688EE5891D8C,Mandatory extracurricular activities,Independent
68989269D0E2,Cell phones at school,Independent
68998828307D,Seeking multiple opinions,Independent
689A9ACF5486,Distance learning,Independent
68B10E50F695,Grades for extracurricular activities,Independent
68B1B9C3EA1D,Grades for extracurricular activities,Independent
68BC89FB3051,Distance learning,Independent
68BEFCB27D2F,Cell phones at school,Independent
68BF11B32272,Distance learning,Independent
68C18C22E48B,Community service,Independent
68C31A543A83,Summer projects,Independent
68C5CA5BF14B,Distance learning,Independent
68D384EBB6FB,Grades for extracurricular activities,Independent
68D68DA97502,Summer projects,Independent
68E2E5922B31,Distance learning,Independent
68E7029BE2C0,Distance learning,Independent
68E95519CBCA,Summer projects,Independent
68EA100E4CB1,Mandatory extracurricular activities,Independent
68F5B0E051A5,Cell phones at school,Independent
6903F409E831,Grades for extracurricular activities,Independent
690713606EEF,Mandatory extracurricular activities,Independent
690D4166C20C,Grades for extracurricular activities,Independent
690D9455E629,Summer projects,Independent
6910A7FECEEA,Grades for extracurricular activities,Independent
69135A9AD20F,Cell phones at school,Independent
69144038DA0E,Cell phones at school,Independent
6915333490BD,Distance learning,Independent
691CEE65C243,Mandatory extracurricular activities,Independent
69241D10E69A,Distance learning,Independent
692AE96B2A25,Mandatory extracurricular activities,Independent
692DFB8C2898,Cell phones at school,Independent
69327DD44191,Distance learning,Independent
6937959572F0,Summer projects,Independent
693B87BAB53F,Grades for extracurricular activities,Independent
693D502DB723,Cell phones at school,Independent
6948779DA63C,Cell phones at school,Independent
69545D179252,Grades for extracurricular activities,Independent
6955B59F6BDC,Community service,Independent
6956113E95B7,Distance learning,Independent
6957C415FEF9,Cell phones at school,Independent
6961829A2E92,Distance learning,Independent
696261D4BE63,Distance learning,Independent
6971E147ECDF,Cell phones at school,Independent
6974F39BF193,Mandatory extracurricular activities,Independent
697A11B8C862,Cell phones at school,Independent
6980434BF3A3,Summer projects,Independent
6986FE5E3D95,Seeking multiple opinions,Independent
698B957C1FAD,Cell phones at school,Independent
698C98E57B3D,Cell phones at school,Independent
698E89BCF1FD,Mandatory extracurricular activities,Independent
6991D6795EA7,Grades for extracurricular activities,Independent
699259F14D89,Distance learning,Independent
699EBFBA9770,Community service,Independent
69A0715FA8A5,Seeking multiple opinions,Independent
69A1A0E6B176,Mandatory extracurricular activities,Independent
69BBFF7B8842,Mandatory extracurricular activities,Independent
69BF0FC870C0,Summer projects,Independent
69C237AC88FF,Community service,Independent
69C6F32846E9,Summer projects,Independent
69C9C47F8E8A,Mandatory extracurricular activities,Independent
69D18D73D53A,Cell phones at school,Independent
69DE06E31D1D,Grades for extracurricular activities,Independent
69E159567D65,Mandatory extracurricular activities,Independent
69E3314D361E,Distance learning,Independent
69E49978A8AE,Seeking multiple opinions,Independent
69E64FA788BC,Cell phones at school,Independent
69E7D8C23897,Grades for extracurricular activities,Independent
69EE2FC28DD0,Seeking multiple opinions,Independent
69F34C1CBE67,Community service,Independent
69F4D7B711FE,Summer projects,Independent
6A07A93294AD,Grades for extracurricular activities,Independent
6A11804E60B6,Cell phones at school,Independent
6A14B4BFBFFA,Summer projects,Independent
6A27243CF725,Cell phones at school,Independent
6A273D6F0816,Summer projects,Independent
6A2AAAC00995,Mandatory extracurricular activities,Independent
6A2DD90BCD04,Grades for extracurricular activities,Independent
6A36FD955AB7,Summer projects,Independent
6A3B0EFBDA4A,Cell phones at school,Independent
6A416896C5DE,Community service,Independent
6A437891CA7F,Summer projects,Independent
6A47B80F3283,Distance learning,Independent
6A62A748E4F0,Mandatory extracurricular activities,Independent
6A62CD23AF8B,Mandatory extracurricular activities,Independent
6A67C3F51562,Mandatory extracurricular activities,Independent
6A6FFF7E62F3,Grades for extracurricular activities,Independent
6A78A7225C3F,Grades for extracurricular activities,Independent
6A78F638EF3D,Cell phones at school,Independent
6A7B9BAD96D1,Cell phones at school,Independent
6A916423AA6A,Summer projects,Independent
6A93EFD01EB1,Distance learning,Independent
6A9615F317EF,Mandatory extracurricular activities,Independent
6A977849DE08,Seeking multiple opinions,Independent
6A988A538ED8,Grades for extracurricular activities,Independent
6A9E327A5D72,Seeking multiple opinions,Independent
6AA3A9F9519E,Summer projects,Independent
6AA91C1058ED,Cell phones at school,Independent
6AB3E21421F5,Summer projects,Independent
6AB7A38DBD70,Seeking multiple opinions,Independent
6ABC44A06B02,Distance learning,Independent
6AC162B7BF45,Cell phones at school,Independent
6AC63FF66486,Grades for extracurricular activities,Independent
6ACDC003F40F,Summer projects,Independent
6ACEE4C0B638,Mandatory extracurricular activities,Independent
6ACFB267B042,Distance learning,Independent
6AD64F9A9437,Community service,Independent
6ADE59423D69,Grades for extracurricular activities,Independent
6AE1BDB955C3,Seeking multiple opinions,Independent
6AEC3D4895A7,Distance learning,Independent
6AEE71815EF0,Seeking multiple opinions,Independent
6AF5A10AFF5A,Summer projects,Independent
6B030715E953,Mandatory extracurricular activities,Independent
6B06546E87F1,Seeking multiple opinions,Independent
6B23A1A47D4A,Mandatory extracurricular activities,Independent
6B292C385744,Summer projects,Independent
6B32D01DB822,Seeking multiple opinions,Independent
6B32EC069C00,Grades for extracurricular activities,Independent
6B34BD2CA144,Summer projects,Independent
6B36E17606DE,Distance learning,Independent
6B38FB57A1D3,Distance learning,Independent
6B3AF4AD81EA,Grades for extracurricular activities,Independent
6B3C020565C4,Cell phones at school,Independent
6B3C70C249F0,Summer projects,Independent
6B4CAB939463,Cell phones at school,Independent
6B4CE12D92B5,Cell phones at school,Independent
6B54832BDB7F,Seeking multiple opinions,Independent
6B56C630FFC5,Grades for extracurricular activities,Independent
6B5809C83978,Seeking multiple opinions,Independent
6B5D04317738,Grades for extracurricular activities,Independent
6B5FA24D86FC,Cell phones at school,Independent
6B7FFEA03FE5,Summer projects,Independent
6B850987631D,Distance learning,Independent
6B864230D83E,Grades for extracurricular activities,Independent
6B933220124E,Community service,Independent
6B9658ADB143,Summer projects,Independent
6B9A69F6E448,Mandatory extracurricular activities,Independent
6B9F6BDE002B,Distance learning,Independent
6BB78B64A509,Cell phones at school,Independent
6BC10E78A82B,Seeking multiple opinions,Independent
6BC2B4F5FC00,Distance learning,Independent
6BC591C09F92,Mandatory extracurricular activities,Independent
6BC6FFB7D1C7,Distance learning,Independent
6BC7BF3A5D56,Summer projects,Independent
6BCD21E497A5,Cell phones at school,Independent
6BD335C22E05,Community service,Independent
6BDD35D47FCB,Grades for extracurricular activities,Independent
6BDFC792D2D4,Distance learning,Independent
6BE489CADC95,Cell phones at school,Independent
6BE99331A705,Mandatory extracurricular activities,Independent
6BE9E2687BD6,Cell phones at school,Independent
6BEDE1C49244,Grades for extracurricular activities,Independent
6BF660314A53,Mandatory extracurricular activities,Independent
6BFCF08938D8,Mandatory extracurricular activities,Independent
6BFD37C9B6E6,Cell phones at school,Independent
6BFE57AA416B,Summer projects,Independent
6C014506F9A2,Cell phones at school,Independent
6C0442426DD3,Mandatory extracurricular activities,Independent
6C13B2E8B2E7,Distance learning,Independent
6C151643C67E,Community service,Independent
6C1C86ECD6BC,Community service,Independent
6C25E5BA529E,Distance learning,Independent
6C262426791C,Community service,Independent
6C2B5C74A377,Community service,Independent
6C30C0076FAD,Distance learning,Independent
6C3A46E13181,Mandatory extracurricular activities,Independent
6C44DE90E3B3,Mandatory extracurricular activities,Independent
6C47182F230C,Mandatory extracurricular activities,Independent
6C4D40695123,Distance learning,Independent
6C4DB05BBBF2,Mandatory extracurricular activities,Independent
6C4E27499B8F,Distance learning,Independent
6C523894E825,Cell phones at school,Independent
6C54BA5C90F9,Cell phones at school,Independent
6C58D645112B,Seeking multiple opinions,Independent
6C59EAA45BC1,Seeking multiple opinions,Independent
6C5E715175F9,Cell phones at school,Independent
6C663E086B0E,Cell phones at school,Independent
6C6F9213C5C4,Seeking multiple opinions,Independent
6C7C9840311F,Mandatory extracurricular activities,Independent
6C7F33FA9820,Seeking multiple opinions,Independent
6C81C1F21203,Mandatory extracurricular activities,Independent
6C83EED20357,Distance learning,Independent
6C842D6D66A0,Summer projects,Independent
6C952F781B57,Distance learning,Independent
6C991A1A6C39,Distance learning,Independent
6C9EE085A021,Distance learning,Independent
6C9F4BAEE6E4,Mandatory extracurricular activities,Independent
6CA8D48652D3,Grades for extracurricular activities,Independent
6CAE55B3180D,Community service,Independent
6CC532978E81,Community service,Independent
6CDA4CFF1F30,Grades for extracurricular activities,Independent
6CE4C9D54C9C,Community service,Independent
6CEC273AC859,Mandatory extracurricular activities,Independent
6CF1C36F4F23,Community service,Independent
6CF7172119EB,Distance learning,Independent
6D027100AAF3,Grades for extracurricular activities,Independent
6D045785B48D,Community service,Independent
6D091EC2A64B,Summer projects,Independent
6D0960F54CC0,Summer projects,Independent
6D0DFC557E3B,Distance learning,Independent
6D119B5A576C,Mandatory extracurricular activities,Independent
6D1394C0D7D4,Mandatory extracurricular activities,Independent
6D152ABC0582,Distance learning,Independent
6D189F6CF34C,Mandatory extracurricular activities,Independent
6D1F2EB7A389,Seeking multiple opinions,Independent
6D1FB567121E,Summer projects,Independent
6D21E6095A62,Distance learning,Independent
6D2D945B925E,Community service,Independent
6D39215A55E1,Distance learning,Independent
6D3CEEF29C44,Seeking multiple opinions,Independent
6D3D5F619A29,Summer projects,Independent
6D42E21D4A28,Seeking multiple opinions,Independent
6D43A188D1DD,Seeking multiple opinions,Independent
6D45BE9D4539,Seeking multiple opinions,Independent
6D4DCE0C2EF6,Summer projects,Independent
6D50C3075ED7,Cell phones at school,Independent
6D5342D9F89C,Cell phones at school,Independent
6D552C38EBCB,Distance learning,Independent
6D5BAFCA5CF7,Grades for extracurricular activities,Independent
6D5EAA79FB50,Distance learning,Independent
6D616AB3E2A7,Summer projects,Independent
6D6B05E5478D,Seeking multiple opinions,Independent
6D776557E2D5,Distance learning,Independent
6D7A4D514692,Seeking multiple opinions,Independent
6D7B020952E0,Cell phones at school,Independent
6D7CB0579AEE,Distance learning,Independent
6D7FF613393A,Mandatory extracurricular activities,Independent
6D8814C66BB4,Seeking multiple opinions,Independent
6D8D977452A1,Cell phones at school,Independent
6D9E65B7A322,Seeking multiple opinions,Independent
6DA050124183,Distance learning,Independent
6DADC0DF0C87,Distance learning,Independent
6DBF918B3AEA,Mandatory extracurricular activities,Independent
6DC268B2F2F3,Cell phones at school,Independent
6DC4BC2A440B,Summer projects,Independent
6DC53CAA1B35,Mandatory extracurricular activities,Independent
6DC91973041A,Mandatory extracurricular activities,Independent
6DD72D0584FA,Seeking multiple opinions,Independent
6DDE240B08E9,Mandatory extracurricular activities,Independent
6DE083E38A0F,Distance learning,Independent
6DEFC88D4E0B,Mandatory extracurricular activities,Independent
6DF4B6E56381,Distance learning,Independent
6DF747F4A277,Distance learning,Independent
6DFB980B835D,Summer projects,Independent
6DFD772CFC64,Summer projects,Independent
6DFF43AD5171,Cell phones at school,Independent
6E050DCAB4E6,Mandatory extracurricular activities,Independent
6E2EA3B14180,Grades for extracurricular activities,Independent
6E3023F09394,Grades for extracurricular activities,Independent
6E30CA06DF13,Distance learning,Independent
6E3219126915,Mandatory extracurricular activities,Independent
6E343BA0B521,Cell phones at school,Independent
6E3731F3AF2F,Distance learning,Independent
6E500B8B5DD9,Cell phones at school,Independent
6E596D038721,Cell phones at school,Independent
6E59CC205803,Summer projects,Independent
6E5F280580C4,Distance learning,Independent
6E60D098D3AA,Summer projects,Independent
6E67381CC535,Grades for extracurricular activities,Independent
6E6B1C6D559E,Seeking multiple opinions,Independent
6E6BCEE073C6,Seeking multiple opinions,Independent
6E6D32164A61,Summer projects,Independent
6E79DD8F293C,Cell phones at school,Independent
6E7B5C8939F7,Grades for extracurricular activities,Independent
6E80360E58BF,Grades for extracurricular activities,Independent
6E8B43214951,Cell phones at school,Independent
6E8D4C59132C,Distance learning,Independent
6E8DD4A49F00,Mandatory extracurricular activities,Independent
6E940FF8CC10,Cell phones at school,Independent
6EA927368020,Community service,Independent
6ECEC81235E5,Distance learning,Independent
6ED00F0E1BFE,Seeking multiple opinions,Independent
6ED2F18504B1,Distance learning,Independent
6EE64CBD47FA,Mandatory extracurricular activities,Independent
6EE7AC39A32E,Mandatory extracurricular activities,Independent
6EEAC5AAB10B,Cell phones at school,Independent
6EEC89E5A1A4,Community service,Independent
6EEFC81B16F0,Distance learning,Independent
6EF90C13B4D7,Community service,Independent
6EF942E79112,Mandatory extracurricular activities,Independent
6F271187D67D,Distance learning,Independent
6F29660C48D9,Mandatory extracurricular activities,Independent
6F297FC794D9,Community service,Independent
6F29B2264805,Seeking multiple opinions,Independent
6F30A0A740AA,Summer projects,Independent
6F3F3F42FA43,Distance learning,Independent
6F40445FBA3D,Distance learning,Independent
6F4951FB29A2,Summer projects,Independent
6F4CAC98A2D6,Summer projects,Independent
6F563DEA1D26,Cell phones at school,Independent
6F5652DC6E6A,Seeking multiple opinions,Independent
6F72C00FFB71,Grades for extracurricular activities,Independent
6F7CCB64354C,Grades for extracurricular activities,Independent
6F8081D34E75,Mandatory extracurricular activities,Independent
6F83F249780F,Summer projects,Independent
6F868B506EB5,Community service,Independent
6F8B90DCF4C5,Grades for extracurricular activities,Independent
6F9101D079EC,Distance learning,Independent
6F9173D54DD8,Seeking multiple opinions,Independent
6F949796E593,Mandatory extracurricular activities,Independent
6FA1253A087F,Grades for extracurricular activities,Independent
6FA1977F85C4,Grades for extracurricular activities,Independent
6FA5454B11D4,Community service,Independent
6FA5D944A279,Grades for extracurricular activities,Independent
6FAB328F1CF5,Seeking multiple opinions,Independent
6FAC69D9A362,Cell phones at school,Independent
6FC0142F5E73,Community service,Independent
6FC04D8BDEDE,Community service,Independent
6FC1CB4C0CCF,Distance learning,Independent
6FC359E7AFD1,Cell phones at school,Independent
6FC7030E1395,Distance learning,Independent
6FC90DA103BA,Mandatory extracurricular activities,Independent
6FD9C7865B56,Summer projects,Independent
6FDD48A7F9F2,Summer projects,Independent
6FDDCDDBB509,Cell phones at school,Independent
6FDF8A3FE345,Distance learning,Independent
6FE142AE1BD0,Distance learning,Independent
6FE36C7E17F1,Mandatory extracurricular activities,Independent
6FE4847F2900,Seeking multiple opinions,Independent
6FECBAE9AEDE,Cell phones at school,Independent
6FEEBA3EFAE2,Summer projects,Independent
6FEEF90FD706,Grades for extracurricular activities,Independent
6FF1769D744A,Distance learning,Independent
6FF213F44F92,Summer projects,Independent
6FF3C3A95428,Cell phones at school,Independent
7.09821E+11,Mandatory extracurricular activities,Independent
7.4434E+11,Community service,Independent
7.75465E+11,Summer projects,Independent
7001C733FC64,Summer projects,Independent
7001F9909BB4,Mandatory extracurricular activities,Independent
7003B12B37B9,Cell phones at school,Independent
70041E13A0CC,Distance learning,Independent
7006541FF4E1,Cell phones at school,Independent
700B6C4E7835,Community service,Independent
700CBE8C8353,Community service,Independent
7014840DF363,Distance learning,Independent
70269A5240FC,Grades for extracurricular activities,Independent
702A25E4B218,Distance learning,Independent
703ED1AC72C4,Grades for extracurricular activities,Independent
70419DDBEA1F,Community service,Independent
705C7BF3BCF0,Distance learning,Independent
70613B5BD0B1,Community service,Independent
7062EA2055CB,Mandatory extracurricular activities,Independent
706681C5C2A5,Distance learning,Independent
708169BA6515,Summer projects,Independent
708226E85CD6,Seeking multiple opinions,Independent
7082A75CC03B,Mandatory extracurricular activities,Independent
709156BCF733,Grades for extracurricular activities,Independent
70995EB4F599,Cell phones at school,Independent
709BFAD9491B,Community service,Independent
709EF21B80F2,Seeking multiple opinions,Independent
70A1591F0B20,Summer projects,Independent
70A25239A8B7,Seeking multiple opinions,Independent
70A778488D3F,Summer projects,Independent
70AA813BB5BF,Mandatory extracurricular activities,Independent
70AB057C7BEA,Cell phones at school,Independent
70B291155F0E,Mandatory extracurricular activities,Independent
70BA862F3917,Community service,Independent
70BCA4514358,Cell phones at school,Independent
70CD4162725C,Grades for extracurricular activities,Independent
70D2F22E29D4,Mandatory extracurricular activities,Independent
70D5347F02B0,Cell phones at school,Independent
70D7DD568DA6,Mandatory extracurricular activities,Independent
70DC91763832,Distance learning,Independent
70E88D46FD66,Community service,Independent
70ED039EAD61,Mandatory extracurricular activities,Independent
70ED78541A7E,Mandatory extracurricular activities,Independent
70F865624B85,Distance learning,Independent
70FA14CF404C,Community service,Independent
70FC597EF571,Grades for extracurricular activities,Independent
71041E811684,Summer projects,Independent
710819DE9003,Community service,Independent
710928FFC6BC,Distance learning,Independent
7109E73A180D,Distance learning,Independent
7117C54BA9D6,Summer projects,Independent
711C732ABF1F,Summer projects,Independent
71259B3EA87F,Distance learning,Independent
7127D8A7CDF5,Grades for extracurricular activities,Independent
712A5A89778D,Seeking multiple opinions,Independent
712C7781C2D9,Distance learning,Independent
71300EBD502E,Community service,Independent
7138D9E3CC76,Community service,Independent
713B362568B4,Seeking multiple opinions,Independent
71466A710ABD,Cell phones at school,Independent
7146D46AA496,Summer projects,Independent
714A13797698,Mandatory extracurricular activities,Independent
714C2CC7885E,Summer projects,Independent
7157D835228A,Cell phones at school,Independent
715ECA916439,Community service,Independent
71621D2D3D49,Summer projects,Independent
71681FC0F7CF,Cell phones at school,Independent
71703F0C0ABD,Summer projects,Independent
7172C3C82401,Distance learning,Independent
7181D43663A6,Mandatory extracurricular activities,Independent
7185FB63F21B,Grades for extracurricular activities,Independent
718D30F59A16,Seeking multiple opinions,Independent
718F49EDE5EC,Grades for extracurricular activities,Independent
7192C44AF0A2,Community service,Independent
71971D412CEC,Grades for extracurricular activities,Independent
71A690B6C0D6,Seeking multiple opinions,Independent
71A7F1FF6BA8,Summer projects,Independent
71A85D2651C3,Cell phones at school,Independent
71B477D6D77E,Grades for extracurricular activities,Independent
71B7928491A2,Distance learning,Independent
71BA75E9C429,Grades for extracurricular activities,Independent
71C866E275D9,Distance learning,Independent
71CEE0DC98A3,Distance learning,Independent
71D3F6E61C14,Cell phones at school,Independent
71DAC3C0B6CA,Cell phones at school,Independent
71DCB7BFA985,Summer projects,Independent
71DFDFAB8621,Seeking multiple opinions,Independent
71E504E02C7F,Mandatory extracurricular activities,Independent
71F8BAE50541,Seeking multiple opinions,Independent
71FD7C072BF5,Cell phones at school,Independent
7203112033A1,Distance learning,Independent
7209E2E0A3E4,Community service,Independent
720C8D48B840,Cell phones at school,Independent
7214C472823B,Mandatory extracurricular activities,Independent
72173F3A0279,Community service,Independent
721AA6791441,Mandatory extracurricular activities,Independent
7221D7BD4111,Seeking multiple opinions,Independent
722412C20BB7,Community service,Independent
72279B65EB03,Summer projects,Independent
7227B698E693,Summer projects,Independent
722AB94D10BD,Grades for extracurricular activities,Independent
723AE830442A,Mandatory extracurricular activities,Independent
723E742AD81A,Grades for extracurricular activities,Independent
723FE730E8C6,Cell phones at school,Independent
7244EE88EFA3,Grades for extracurricular activities,Independent
7245B7DB7729,Community service,Independent
726191FFAA4A,Mandatory extracurricular activities,Independent
7267C046724A,Cell phones at school,Independent
726A55CB1411,Community service,Independent
726E0D51E937,Grades for extracurricular activities,Independent
72765D1D4721,Distance learning,Independent
7277DA6BE697,Summer projects,Independent
727C769BB973,Grades for extracurricular activities,Independent
727F83C82B08,Seeking multiple opinions,Independent
728BCEE2399D,Community service,Independent
728C8B788C4C,Distance learning,Independent
7292C0A357FA,Cell phones at school,Independent
7294BD879F8B,Cell phones at school,Independent
72964A81A10C,Community service,Independent
72B22E89D0EE,Community service,Independent
72B5654D61BD,Mandatory extracurricular activities,Independent
72B6ABEFDE0E,Summer projects,Independent
72B9ED71EAE0,Community service,Independent
72C11495DA32,Community service,Independent
72C2648F9AA4,Distance learning,Independent
72C7213E24ED,Summer projects,Independent
72D8B5600A8F,Grades for extracurricular activities,Independent
72DAB70BC479,Community service,Independent
72DF448D608C,Mandatory extracurricular activities,Independent
72DF5D84477A,Distance learning,Independent
72DFE98B5939,Cell phones at school,Independent
72EEE627E450,Seeking multiple opinions,Independent
7301B174090E,Grades for extracurricular activities,Independent
73038C17880E,Distance learning,Independent
73072846598F,Summer projects,Independent
7309980B7A6F,Grades for extracurricular activities,Independent
7309B62216DC,Grades for extracurricular activities,Independent
730A18816DB0,Summer projects,Independent
731D759856F0,Community service,Independent
733CDF1B481A,Community service,Independent
733DB414740E,Community service,Independent
73485E8654B2,Community service,Independent
734ED39AAFBF,Summer projects,Independent
7350C5796E16,Community service,Independent
735346F7F34E,Distance learning,Independent
7357BEF32128,Mandatory extracurricular activities,Independent
7359BD785A25,Summer projects,Independent
735BB8DF6EF6,Cell phones at school,Independent
73656858947C,Summer projects,Independent
73800CBD3F1A,Community service,Independent
73851AC4551C,Mandatory extracurricular activities,Independent
738752DF2122,Mandatory extracurricular activities,Independent
73886FC7FAA1,Cell phones at school,Independent
7389808551A6,Seeking multiple opinions,Independent
738A2AE1D797,Summer projects,Independent
738CDF34130F,Seeking multiple opinions,Independent
738DC00343DA,Community service,Independent
73A7CE028611,Cell phones at school,Independent
73B7AA4CFB1C,Cell phones at school,Independent
73B8CA4B266A,Grades for extracurricular activities,Independent
73C07AB33DBC,Community service,Independent
73C0EEBEA4EC,Seeking multiple opinions,Independent
73C9ACF023C7,Community service,Independent
73CDE1582FCB,Distance learning,Independent
73D03C57B29E,Distance learning,Independent
73D12C005B3D,Mandatory extracurricular activities,Independent
73D2B941F40F,Distance learning,Independent
73D52BB6390A,Seeking multiple opinions,Independent
73D69658CF95,Distance learning,Independent
73D6F19E24BD,Grades for extracurricular activities,Independent
73DE5AB824F0,Summer projects,Independent
73E0F93F113B,Distance learning,Independent
73E2C823411B,Seeking multiple opinions,Independent
73E8763E5F73,Community service,Independent
73F61C6675AB,Cell phones at school,Independent
73F69FA2E0E3,Distance learning,Independent
73FB23F4670B,Seeking multiple opinions,Independent
73FCB4BF3C14,Community service,Independent
7417FAAAD521,Mandatory extracurricular activities,Independent
741CBE3E43C4,Distance learning,Independent
7424FCCFC984,Distance learning,Independent
7429789954ED,Summer projects,Independent
743722F19788,Seeking multiple opinions,Independent
743B458B5D2B,Distance learning,Independent
743D207540B1,Grades for extracurricular activities,Independent
7443D525E32D,Distance learning,Independent
7448145C4A5F,Cell phones at school,Independent
74495878DAA3,Cell phones at school,Independent
744F36739D39,Cell phones at school,Independent
7450531F9573,Seeking multiple opinions,Independent
7456CE5BB6E2,Mandatory extracurricular activities,Independent
745C60ED8D8D,Mandatory extracurricular activities,Independent
745F880CEFA7,Seeking multiple opinions,Independent
7476076AF500,Seeking multiple opinions,Independent
747C27055C44,Summer projects,Independent
7480BDC7C131,Grades for extracurricular activities,Independent
74823E250780,Distance learning,Independent
7483C23F8C17,Distance learning,Independent
74856C588A12,Summer projects,Independent
7489B153118D,Grades for extracurricular activities,Independent
748AF6AED4DB,Summer projects,Independent
749E1B13022A,Seeking multiple opinions,Independent
74A11372794B,Mandatory extracurricular activities,Independent
74A1DF7F9403,Distance learning,Independent
74A95DB15E93,Community service,Independent
74B57E07F63D,Community service,Independent
74B605E72740,Distance learning,Independent
74C3DBFE6AD1,Mandatory extracurricular activities,Independent
74C44149CA38,Distance learning,Independent
74C6A9458BFD,Seeking multiple opinions,Independent
74CC1D0FE728,Distance learning,Independent
74CD1613DE1F,Cell phones at school,Independent
74CE2F003968,Distance learning,Independent
74D3781011D8,Cell phones at school,Independent
74DAEA65F420,Summer projects,Independent
74DFB0255FF0,Cell phones at school,Independent
74E66DFB5113,Grades for extracurricular activities,Independent
74F07823BCB9,Distance learning,Independent
74FF3575E386,Distance learning,Independent
7503F2114244,Distance learning,Independent
750AFA674F45,Distance learning,Independent
751B4C3EA663,Community service,Independent
7526E274A25D,Summer projects,Independent
75344DED4A43,Community service,Independent
75361406733C,Seeking multiple opinions,Independent
753E320B186B,Summer projects,Independent
7549ED1EDDC9,Distance learning,Independent
754AA308D69B,Grades for extracurricular activities,Independent
754FF1BB9BB1,Cell phones at school,Independent
755E2E08FF37,Community service,Independent
75663A9B7490,Cell phones at school,Independent
7570F7DF9C98,Grades for extracurricular activities,Independent
75727BE9749A,Distance learning,Independent
757C4090BE0E,Community service,Independent
757E9E1595A7,Community service,Independent
7581E5970FE9,Seeking multiple opinions,Independent
75843AB21505,Mandatory extracurricular activities,Independent
758703E5BF73,Summer projects,Independent
758A03587A0E,Summer projects,Independent
759A5313BDC4,Seeking multiple opinions,Independent
759AFC5BD52A,Summer projects,Independent
759C3FAFA8BF,Summer projects,Independent
759D8643FC0D,Seeking multiple opinions,Independent
75A635A498F4,Community service,Independent
75B341606747,Cell phones at school,Independent
75B4C84E8AC3,Cell phones at school,Independent
75B66CAFC3EE,Seeking multiple opinions,Independent
75BD2CB94662,Grades for extracurricular activities,Independent
75C2D5CE58D0,Mandatory extracurricular activities,Independent
75C36F8EC421,Cell phones at school,Independent
75C4CC1ABECF,Mandatory extracurricular activities,Independent
75CF1D729EB9,Cell phones at school,Independent
75D006293D7F,Cell phones at school,Independent
75D2D889464D,Grades for extracurricular activities,Independent
75DD7D356424,Summer projects,Independent
75E1AD078830,Cell phones at school,Independent
75EB10B417F0,Distance learning,Independent
75F1E9E4E399,Community service,Independent
75F35B39F4AA,Cell phones at school,Independent
75F4DD868EF3,Community service,Independent
75F898F291C7,Distance learning,Independent
75FADC33519F,Community service,Independent
7600F1C7D884,Distance learning,Independent
76056531D3D9,Mandatory extracurricular activities,Independent
7623CC7BC75F,Cell phones at school,Independent
7631F8FACAED,Grades for extracurricular activities,Independent
763585B6169F,Mandatory extracurricular activities,Independent
7638EA873CAB,Summer projects,Independent
763AE37F4BD7,Grades for extracurricular activities,Independent
763EF698F56B,Distance learning,Independent
7644C10D8A51,Grades for extracurricular activities,Independent
764BF089CE9C,Summer projects,Independent
764CF7C9DF70,Distance learning,Independent
764E1524D325,Mandatory extracurricular activities,Independent
765A364BDA2E,Distance learning,Independent
765FE8D30F1A,Seeking multiple opinions,Independent
7663EA3B91A3,Mandatory extracurricular activities,Independent
7664117EC6DD,Community service,Independent
76652F60F5D1,Community service,Independent
7672B22A2D8F,Community service,Independent
7675891A9A05,Distance learning,Independent
76764A83DA39,Grades for extracurricular activities,Independent
767920BDAD93,Distance learning,Independent
767A8DA91E69,Mandatory extracurricular activities,Independent
7684EDBD6DB7,Community service,Independent
768885A4B61A,Mandatory extracurricular activities,Independent
768D792790F5,Mandatory extracurricular activities,Independent
76932FF6893C,Community service,Independent
7693B8DBE1C0,Grades for extracurricular activities,Independent
76ABA4C1D852,Distance learning,Independent
76B1E5A86F75,Distance learning,Independent
76BF3852B313,Summer projects,Independent
76BF6BED1A08,Mandatory extracurricular activities,Independent
76C0FD26B20A,Distance learning,Independent
76CC5A1E920E,Community service,Independent
76CDE9069DBE,Summer projects,Independent
76D127736D17,Mandatory extracurricular activities,Independent
76D459CE0410,Seeking multiple opinions,Independent
76D57BCC7A10,Community service,Independent
76D6A168140D,Distance learning,Independent
76D946F75D6A,Cell phones at school,Independent
76DC969AB5A0,Summer projects,Independent
76F4A2CFF66B,Grades for extracurricular activities,Independent
76F9A875942B,Cell phones at school,Independent
77049F94BE17,Distance learning,Independent
7708DEC10E5B,Summer projects,Independent
770B9AC48B2E,Cell phones at school,Independent
77137A574A95,Distance learning,Independent
771698A8CE95,Grades for extracurricular activities,Independent
771C8CAD2E80,Community service,Independent
77230760B85F,Grades for extracurricular activities,Independent
7727F4D58387,Grades for extracurricular activities,Independent
77289E5A15FD,Seeking multiple opinions,Independent
773348315C73,Community service,Independent
77351280D0B0,Mandatory extracurricular activities,Independent
773ED9A4F7C0,Seeking multiple opinions,Independent
7748A809ACFF,Mandatory extracurricular activities,Independent
774AC0E422C9,Distance learning,Independent
7753F679B922,Community service,Independent
775D4F2FEACE,Community service,Independent
7767F0989650,Community service,Independent
776FBF88E6FF,Distance learning,Independent
7770B90F2FEF,Seeking multiple opinions,Independent
77788AFCC014,Community service,Independent
777E8CA790B3,Distance learning,Independent
7780043938EE,Seeking multiple opinions,Independent
7782DC357595,Cell phones at school,Independent
7785695E4128,Community service,Independent
778D4138218D,Grades for extracurricular activities,Independent
7794085FE26D,Summer projects,Independent
77947A3CBF0F,Cell phones at school,Independent
779EADA2AEF5,Cell phones at school,Independent
77A579CB2F86,Summer projects,Independent
77A9AECC5F0D,Grades for extracurricular activities,Independent
77AD6EF55B2C,Distance learning,Independent
77AEF426D6C8,Summer projects,Independent
77B1A113941A,Summer projects,Independent
77B24A0D87C0,Seeking multiple opinions,Independent
77B490FA901B,Community service,Independent
77B7E6ED8594,Mandatory extracurricular activities,Independent
77BA08AAE108,Grades for extracurricular activities,Independent
77BC5E98CEC6,Cell phones at school,Independent
77BD30EC277D,Community service,Independent
77C4B9C80BCF,Grades for extracurricular activities,Independent
77C6991E5BEB,Seeking multiple opinions,Independent
77C7BF4D07D2,Cell phones at school,Independent
77CD03AA7E0F,Mandatory extracurricular activities,Independent
77D0D2C9ED91,Community service,Independent
77D210B9EC7E,Distance learning,Independent
77D40CC92F62,Summer projects,Independent
77D77EE99B3E,Mandatory extracurricular activities,Independent
77E95471DE20,Distance learning,Independent
77EC35543BBE,Mandatory extracurricular activities,Independent
780B8C757C48,Mandatory extracurricular activities,Independent
7811A36C87ED,Community service,Independent
781AEBFF3786,Community service,Independent
781CBCA4C8BD,Cell phones at school,Independent
781EB1109B99,Community service,Independent
7820048B53C8,Grades for extracurricular activities,Independent
7828F43230C2,Grades for extracurricular activities,Independent
782EF1136565,Summer projects,Independent
78312744722D,Grades for extracurricular activities,Independent
7832EF6A2D70,Grades for extracurricular activities,Independent
7834D569421C,Mandatory extracurricular activities,Independent
783A5BC572A9,Community service,Independent
783BF2A32C8E,Distance learning,Independent
783CDF5EA9E4,Community service,Independent
783F20C124A4,Community service,Independent
78422FE10011,Mandatory extracurricular activities,Independent
784C7AB308C6,Grades for extracurricular activities,Independent
78573079654D,Distance learning,Independent
78611275D9A2,Distance learning,Independent
7863164BA896,Distance learning,Independent
786CC75D9EEE,Seeking multiple opinions,Independent
7870822546A4,Mandatory extracurricular activities,Independent
787BA22FD1CF,Grades for extracurricular activities,Independent
7880E9702E1B,Cell phones at school,Independent
788E89F6806C,Cell phones at school,Independent
789FBEBEAA5A,Mandatory extracurricular activities,Independent
78A6A188B132,Cell phones at school,Independent
78A7721BE775,Cell phones at school,Independent
78ACA86DE2DE,Seeking multiple opinions,Independent
78AF7BDB9CE8,Summer projects,Independent
78B3A1ADC89B,Community service,Independent
78B951722074,Summer projects,Independent
78C22313F58E,Distance learning,Independent
78D1409FFDC7,Cell phones at school,Independent
78D5951B96C5,Community service,Independent
78E39B7962F1,Community service,Independent
78E9B6AC7532,Community service,Independent
78EE1B17A02D,Distance learning,Independent
78EE5E5D9395,Grades for extracurricular activities,Independent
78EEA7477151,Summer projects,Independent
78F04BE79449,Seeking multiple opinions,Independent
78FA6A4C45F1,Distance learning,Independent
78FFA7DA37CA,Distance learning,Independent
7903205CD088,Cell phones at school,Independent
7907EE44F9B2,Cell phones at school,Independent
7910EA24344A,Community service,Independent
79125DE3F351,Cell phones at school,Independent
791E0902EAD5,Community service,Independent
79329585D105,Distance learning,Independent
7932EB16DD1A,Summer projects,Independent
793379D7FAE6,Cell phones at school,Independent
793517BB1BB3,Distance learning,Independent
793800C02EE3,Cell phones at school,Independent
793C649D4897,Cell phones at school,Independent
793D97BCA3C4,Cell phones at school,Independent
7942D6E87A7B,Community service,Independent
794A0704B01C,Summer projects,Independent
79516FC7C54E,Community service,Independent
795558799D7A,Community service,Independent
79662DEC0A1B,Distance learning,Independent
7968DF6D2AD5,Community service,Independent
796911DBD5C2,Distance learning,Independent
7970C0236A1F,Community service,Independent
79745179D7CE,Seeking multiple opinions,Independent
79750A580EEA,Distance learning,Independent
7976C6FB117C,Grades for extracurricular activities,Independent
797AC1502EF2,Cell phones at school,Independent
797C07E1F6DB,Summer projects,Independent
79828CEB9FBB,Summer projects,Independent
79848F24BB9F,Summer projects,Independent
7987F926DA46,Summer projects,Independent
79887DA7C1B1,Summer projects,Independent
79890532CA7D,Cell phones at school,Independent
798A81F6D572,Community service,Independent
798D1DA1BE28,Seeking multiple opinions,Independent
799138EA965E,Summer projects,Independent
7999CE056DE6,Distance learning,Independent
79A15CB80B4F,Distance learning,Independent
79AA889C2340,Seeking multiple opinions,Independent
79B04B83078E,Mandatory extracurricular activities,Independent
79B1AEEE8C7B,Cell phones at school,Independent
79B8EB97260A,Grades for extracurricular activities,Independent
79BF06DEF9AA,Summer projects,Independent
79CB3AFC6ABF,Community service,Independent
79CDD9460FB4,Distance learning,Independent
79CDFD13AE8D,Distance learning,Independent
79CF90622262,Grades for extracurricular activities,Independent
79D634E4575F,Distance learning,Independent
79DD90A5672B,Cell phones at school,Independent
79DD950E0FE3,Mandatory extracurricular activities,Independent
79F15B520AB4,Mandatory extracurricular activities,Independent
79F1EBED5921,Mandatory extracurricular activities,Independent
79FB988CC40F,Mandatory extracurricular activities,Independent
79FF99DF37EA,Community service,Independent
7A0493F083E6,Seeking multiple opinions,Independent
7A07A59E5C5B,Cell phones at school,Independent
7A084B63F473,Grades for extracurricular activities,Independent
7A08512D4114,Community service,Independent
7A0D5E468AB3,Grades for extracurricular activities,Independent
7A0F3C54115A,Distance learning,Independent
7A0F4648B341,Mandatory extracurricular activities,Independent
7A12DA743677,Community service,Independent
7A3CF75C95FB,Summer projects,Independent
7A3E4D5F7F6D,Mandatory extracurricular activities,Independent
7A425A58F136,Seeking multiple opinions,Independent
7A532625FFDC,Seeking multiple opinions,Independent
7A56F29D9707,Seeking multiple opinions,Independent
7A5926192F3C,Grades for extracurricular activities,Independent
7A5D38D49C13,Summer projects,Independent
7A5DBFF57812,Mandatory extracurricular activities,Independent
7A6334828D03,Distance learning,Independent
7A75826F5403,Community service,Independent
7A788F9A3894,Seeking multiple opinions,Independent
7A7A3BA067F9,Community service,Independent
7A83EB6D2278,Seeking multiple opinions,Independent
7A8637086DFA,Cell phones at school,Independent
7A96B668850C,Mandatory extracurricular activities,Independent
7A9B42FE8719,Grades for extracurricular activities,Independent
7AA14225FB01,Grades for extracurricular activities,Independent
7AA48CB7269C,Grades for extracurricular activities,Independent
7AA4D01404E6,Distance learning,Independent
7AA7EC751B9D,Community service,Independent
7AABDCFB5C9D,Distance learning,Independent
7AAE019F70D6,Mandatory extracurricular activities,Independent
7AB4115D825A,Cell phones at school,Independent
7AB5014A07DD,Grades for extracurricular activities,Independent
7AB88F053E8F,Distance learning,Independent
7ABE298D9C05,Summer projects,Independent
7ABE9F1D3F99,Summer projects,Independent
7AC3F8284F40,Grades for extracurricular activities,Independent
7ACD45D12DD3,Mandatory extracurricular activities,Independent
7AD4CB4029C0,Cell phones at school,Independent
7AE4C8D9B286,Summer projects,Independent
7AE9C2E0846E,Grades for extracurricular activities,Independent
7AEBFE7B59D1,Summer projects,Independent
7AEC26540C49,Grades for extracurricular activities,Independent
7AF7BFC4BF8D,Grades for extracurricular activities,Independent
7AFEC882B9F5,Summer projects,Independent
7B000D776D89,Seeking multiple opinions,Independent
7B078F57DA7D,Summer projects,Independent
7B0BDBE64C05,Cell phones at school,Independent
7B0D23FCA29B,Mandatory extracurricular activities,Independent
7B12C9A10547,Distance learning,Independent
7B175B939A72,Seeking multiple opinions,Independent
7B1A0CEA348A,Mandatory extracurricular activities,Independent
7B279795EF91,Distance learning,Independent
7B2CB7ECC0B5,Community service,Independent
7B30DEB3D1F3,Community service,Independent
7B32DC6B83F6,Mandatory extracurricular activities,Independent
7B3C62105341,Grades for extracurricular activities,Independent
7B3F3A80030B,Community service,Independent
7B4DD08B4A67,Mandatory extracurricular activities,Independent
7B4FAE7A57C1,Mandatory extracurricular activities,Independent
7B52C05A4BDB,Summer projects,Independent
7B57528DA2B1,Distance learning,Independent
7B5D27D241EA,Community service,Independent
7B5F5B33B566,Seeking multiple opinions,Independent
7B6440A3F279,Mandatory extracurricular activities,Independent
7B64BC831CD9,Grades for extracurricular activities,Independent
7B6F4F1F08FE,Seeking multiple opinions,Independent
7B6F9C7801B2,Distance learning,Independent
7B74A22F8230,Summer projects,Independent
7B751C9BE162,Seeking multiple opinions,Independent
7B77B6E76249,Cell phones at school,Independent
7B8198155717,Distance learning,Independent
7B828DD19BF2,Seeking multiple opinions,Independent
7B864858BC20,Distance learning,Independent
7B869330F14A,Community service,Independent
7B8984E700BD,Mandatory extracurricular activities,Independent
7B8DBB84E77E,Seeking multiple opinions,Independent
7B8EC9B78501,Grades for extracurricular activities,Independent
7B8F7C1825BA,Distance learning,Independent
7B917D36C604,Grades for extracurricular activities,Independent
7BA662FCD635,Distance learning,Independent
7BAAA1C96089,Seeking multiple opinions,Independent
7BAB116B663D,Mandatory extracurricular activities,Independent
7BB00D6357FC,Mandatory extracurricular activities,Independent
7BB954F6C5EF,Summer projects,Independent
7BBCDFAA20C3,Seeking multiple opinions,Independent
7BBDEA554F80,Community service,Independent
7BC6842C3297,Mandatory extracurricular activities,Independent
7BC73C8FBDBC,Distance learning,Independent
7BCA4D717649,Grades for extracurricular activities,Independent
7BCDFDF03FBC,Distance learning,Independent
7BCFD0C9880F,Summer projects,Independent
7BDCBAD204BB,Community service,Independent
7BDDEB63EE13,Seeking multiple opinions,Independent
7BE42605E717,Grades for extracurricular activities,Independent
7BE6E9F93FE2,Mandatory extracurricular activities,Independent
7BE7CE9DA4E9,Cell phones at school,Independent
7BEBFFA40896,Grades for extracurricular activities,Independent
7BEC28964B8F,Cell phones at school,Independent
7BF0B4AE6917,Cell phones at school,Independent
7BF3FF676633,Community service,Independent
7C12F166B5F3,Seeking multiple opinions,Independent
7C1D05780C33,Seeking multiple opinions,Independent
7C1EAA5096AC,Cell phones at school,Independent
7C1FF9F7C5C8,Cell phones at school,Independent
7C22432ACEED,Cell phones at school,Independent
7C25E532E66B,Distance learning,Independent
7C2AE05A5A26,Community service,Independent
7C3544BEFA37,Community service,Independent
7C3D428E13BC,Mandatory extracurricular activities,Independent
7C499255C798,Community service,Independent
7C5DBB16CA97,Seeking multiple opinions,Independent
7C6D2CC7B5A6,Grades for extracurricular activities,Independent
7C76C8F85EC2,Grades for extracurricular activities,Independent
7C7826E3F76B,Grades for extracurricular activities,Independent
7C7963A10D5E,Seeking multiple opinions,Independent
7C7A000868BF,Grades for extracurricular activities,Independent
7C7B4E411791,Seeking multiple opinions,Independent
7C7B69674803,Distance learning,Independent
7C7D34EB1627,Cell phones at school,Independent
7C87868719A0,Summer projects,Independent
7C8C9A176F90,Seeking multiple opinions,Independent
7C8E247A89E8,Distance learning,Independent
7C8E873E3A88,Seeking multiple opinions,Independent
7C929E4D63A5,Community service,Independent
7C94E3190D66,Mandatory extracurricular activities,Independent
7C9A64C54CB7,Grades for extracurricular activities,Independent
7C9E8F9D661F,Cell phones at school,Independent
7CA2BA44B1A6,Grades for extracurricular activities,Independent
7CA54081314B,Mandatory extracurricular activities,Independent
7CAF851F1C0F,Seeking multiple opinions,Independent
7CBBF4E14697,Distance learning,Independent
7CBE5AD11805,Summer projects,Independent
7CD4B78938B6,Community service,Independent
7CDBC36566FF,Distance learning,Independent
7CDF01D1DB32,Cell phones at school,Independent
7CE82E687AFD,Grades for extracurricular activities,Independent
7CE8F1088A3E,Mandatory extracurricular activities,Independent
7CEB4836BAFA,Community service,Independent
7CED441887D8,Seeking multiple opinions,Independent
7CF49298CBEF,Community service,Independent
7CF49BA27233,Distance learning,Independent
7CF8EEE92A86,Cell phones at school,Independent
7CFE08CE9D0E,Mandatory extracurricular activities,Independent
7D0190DF4E7D,Mandatory extracurricular activities,Independent
7D078233C975,Summer projects,Independent
7D0E449754CD,Mandatory extracurricular activities,Independent
7D1925281627,Community service,Independent
7D232CE603BB,Cell phones at school,Independent
7D2794FBFEB4,Community service,Independent
7D2CD1D3A4F3,Summer projects,Independent
7D2D54F2F50F,Grades for extracurricular activities,Independent
7D3F52D8F662,Cell phones at school,Independent
7D44F3E6C475,Summer projects,Independent
7D462AA4E1FC,Community service,Independent
7D4CB386BB17,Cell phones at school,Independent
7D537E539C9B,Community service,Independent
7D577B9D3888,Mandatory extracurricular activities,Independent
7D5909D8FBA3,Community service,Independent
7D5947A4060E,Cell phones at school,Independent
7D5D980FD05F,Distance learning,Independent
7D609EE1A5EC,Grades for extracurricular activities,Independent
7D6CAE9CA2C1,Summer projects,Independent
7D737972C0CE,Grades for extracurricular activities,Independent
7D83374556C1,Distance learning,Independent
7D89CBF638CE,Grades for extracurricular activities,Independent
7D8CAB0224DA,Summer projects,Independent
7D92AFA8EB0C,Seeking multiple opinions,Independent
7D95539DC1AE,Distance learning,Independent
7D9D5DFB9B6F,Mandatory extracurricular activities,Independent
7DA14E1D6FA0,Seeking multiple opinions,Independent
7DA4B734D5B3,Summer projects,Independent
7DA61B775AB2,Mandatory extracurricular activities,Independent
7DA7F08F38D2,Seeking multiple opinions,Independent
7DB352480689,Summer projects,Independent
7DB938B61150,Mandatory extracurricular activities,Independent
7DD12D888212,Distance learning,Independent
7DE4F9A8CDEC,Mandatory extracurricular activities,Independent
7DE9E964097A,Summer projects,Independent
7DF03EFCA553,Cell phones at school,Independent
7DF12B42AB72,Summer projects,Independent
7DF54B9223DC,Distance learning,Independent
7DFEAD13F3D6,Cell phones at school,Independent
7DFF4F286469,Seeking multiple opinions,Independent
7E026B760EA0,Grades for extracurricular activities,Independent
7E0447C178D8,Cell phones at school,Independent
7E08C001A673,Seeking multiple opinions,Independent
7E1386249DA8,Community service,Independent
7E1F0C3CC6D0,Grades for extracurricular activities,Independent
7E2A0EF24A0F,Distance learning,Independent
7E39CBA95CB1,Distance learning,Independent
7E3CDEFECEC6,Community service,Independent
7E46229A7CA5,Cell phones at school,Independent
7E558B4E7009,Seeking multiple opinions,Independent
7E5E88E27A8F,Mandatory extracurricular activities,Independent
7E7976B1BD71,Seeking multiple opinions,Independent
7E7BE5817CF8,Grades for extracurricular activities,Independent
7E7C67A0DC16,Mandatory extracurricular activities,Independent
7E8238B5BA1C,Distance learning,Independent
7E8A0A0A9A43,Seeking multiple opinions,Independent
7E8A1EA544E0,Summer projects,Independent
7E8ED7CA1E70,Summer projects,Independent
7E978C5E7761,Seeking multiple opinions,Independent
7EA257CB8491,Seeking multiple opinions,Independent
7EA35A78AEF8,Grades for extracurricular activities,Independent
7EA5429CA87B,Summer projects,Independent
7EA804FD13A8,Distance learning,Independent
7EA81DEDF997,Distance learning,Independent
7EA90813B62A,Grades for extracurricular activities,Independent
7EA9C3EDA163,Distance learning,Independent
7EAF43DBF89C,Seeking multiple opinions,Independent
7EB7891E8D16,Cell phones at school,Independent
7EC12CB2D9B0,Mandatory extracurricular activities,Independent
7EC8390E36AA,Cell phones at school,Independent
7ECE5C64E150,Summer projects,Independent
7ED41458ABAF,Mandatory extracurricular activities,Independent
7ED6F7BA72F9,Cell phones at school,Independent
7ED81049325E,Mandatory extracurricular activities,Independent
7EDC154C0632,Mandatory extracurricular activities,Independent
7EDE41ECEBD0,Distance learning,Independent
7EDF56FCB4AC,Mandatory extracurricular activities,Independent
7EE10745D09E,Summer projects,Independent
7EE30A511B75,Grades for extracurricular activities,Independent
7EEC3E21D0C6,Cell phones at school,Independent
7EEC55B04308,Community service,Independent
7EEE11CF0775,Community service,Independent
7EEF498A0C92,Seeking multiple opinions,Independent
7EFA9BE7A23F,Grades for extracurricular activities,Independent
7F034CF1ECE0,Community service,Independent
7F0CB07D9B67,Distance learning,Independent
7F139940D2FE,Mandatory extracurricular activities,Independent
7F1808A53482,Mandatory extracurricular activities,Independent
7F22BF0859BB,Mandatory extracurricular activities,Independent
7F23522935FD,Summer projects,Independent
7F2AF2E21E2B,Mandatory extracurricular activities,Independent
7F2C3D877C97,Seeking multiple opinions,Independent
7F375C57B28A,Mandatory extracurricular activities,Independent
7F3E86846794,Summer projects,Independent
7F3F990451F6,Summer projects,Independent
7F438CA11201,Mandatory extracurricular activities,Independent
7F4479488C31,Grades for extracurricular activities,Independent
7F4608EA5743,Grades for extracurricular activities,Independent
7F47FC448059,Distance learning,Independent
7F4E3283ECE3,Mandatory extracurricular activities,Independent
7F523261B071,Grades for extracurricular activities,Independent
7F539C089AFF,Distance learning,Independent
7F5C09BED8AE,Grades for extracurricular activities,Independent
7F616F0C4D8F,Grades for extracurricular activities,Independent
7F63036D0C59,Distance learning,Independent
7F658EA3F2EA,Grades for extracurricular activities,Independent
7F6795CE405C,Distance learning,Independent
7F697EF803C9,Summer projects,Independent
7F7B48A486BE,Community service,Independent
7F87920E2DFA,Cell phones at school,Independent
7F8AD2B6CCCC,Summer projects,Independent
7F8F42E38A0A,Cell phones at school,Independent
7F974959003A,Distance learning,Independent
7FA0313E733E,Mandatory extracurricular activities,Independent
7FA3E6DDC0B6,Grades for extracurricular activities,Independent
7FA6B07F2373,Cell phones at school,Independent
7FB02EF0CF58,Mandatory extracurricular activities,Independent
7FB5A53C6DD8,Seeking multiple opinions,Independent
7FC70F8F20E3,Summer projects,Independent
7FC7FFE08C80,Mandatory extracurricular activities,Independent
7FCE22059A5B,Mandatory extracurricular activities,Independent
7FD41B78B3A4,Summer projects,Independent
7FD4A314D751,Distance learning,Independent
7FEB91640AAE,Community service,Independent
7FF21C0ABC9E,Distance learning,Independent
8.30881E+11,Mandatory extracurricular activities,Independent
8.71311E+11,Mandatory extracurricular activities,Independent
8.91E+13,Community service,Independent
8.97E+16,Grades for extracurricular activities,Independent
800D1BAA86C4,Grades for extracurricular activities,Independent
80118749FB42,Cell phones at school,Independent
80144F17A71C,Seeking multiple opinions,Independent
801C34D883FD,Cell phones at school,Independent
801DA1EF0C47,Mandatory extracurricular activities,Independent
8026F9CF4C95,Grades for extracurricular activities,Independent
80270A6CC6EF,Mandatory extracurricular activities,Independent
8027D8B7844F,Cell phones at school,Independent
802E234C4BB9,Grades for extracurricular activities,Independent
80368BCB869B,Mandatory extracurricular activities,Independent
803C3E9E14B2,Community service,Independent
803FCF571644,Mandatory extracurricular activities,Independent
80510BCCEA59,Seeking multiple opinions,Independent
8051853E8AF7,Grades for extracurricular activities,Independent
805817402C5E,Distance learning,Independent
8060648FFE0D,Mandatory extracurricular activities,Independent
80619550D955,Community service,Independent
8061D44308E9,Distance learning,Independent
8062735D7B3E,Cell phones at school,Independent
80664125F8D0,Grades for extracurricular activities,Independent
80667AD3FFD8,Summer projects,Independent
80684E17DC75,Summer projects,Independent
806A8C08ADF7,Mandatory extracurricular activities,Independent
806E34F55847,Community service,Independent
8075A44B3D4E,Mandatory extracurricular activities,Independent
80762DA00183,Grades for extracurricular activities,Independent
807EB6CA95EB,Distance learning,Independent
808052FD74DF,Grades for extracurricular activities,Independent
80875397FA07,Cell phones at school,Independent
80877A1F0A7D,Summer projects,Independent
80889A79B329,Seeking multiple opinions,Independent
808E8ED91EED,Seeking multiple opinions,Independent
80905F810672,Mandatory extracurricular activities,Independent
80935ABC7D39,Summer projects,Independent
8093D01B2742,Seeking multiple opinions,Independent
80AB29F23E1E,Community service,Independent
80BA1C4DB6F0,Seeking multiple opinions,Independent
80C2ED8BE6A6,Distance learning,Independent
80C861916EB4,Seeking multiple opinions,Independent
80CAF7FFFD56,Distance learning,Independent
80D1357B10A0,Distance learning,Independent
80D2FE30F665,Distance learning,Independent
80D55B272621,Distance learning,Independent
80D5ECB994F3,Cell phones at school,Independent
80DCC4992B10,Cell phones at school,Independent
80E2B7016611,Seeking multiple opinions,Independent
80E51C7379CD,Distance learning,Independent
80F2427F337D,Distance learning,Independent
80F8E7B1ABBA,Community service,Independent
80F9BE567E1A,Community service,Independent
80FCBE64AC16,Grades for extracurricular activities,Independent
80FE1A70F85C,Summer projects,Independent
810142FCE213,Seeking multiple opinions,Independent
8104E64577EB,Mandatory extracurricular activities,Independent
81122C8AD46A,Grades for extracurricular activities,Independent
811EA43C1813,Cell phones at school,Independent
8129CE323993,Community service,Independent
812CBC21EE50,Distance learning,Independent
8135441CED7B,Cell phones at school,Independent
8136D5F6F7A4,Cell phones at school,Independent
81407E5C8299,Mandatory extracurricular activities,Independent
815AB04BFBF3,Mandatory extracurricular activities,Independent
815EE0AF066F,Summer projects,Independent
81720D00C09E,Community service,Independent
8172F9426183,Mandatory extracurricular activities,Independent
8175DAF201D2,Community service,Independent
8182360CC270,Summer projects,Independent
8192F4D79528,Distance learning,Independent
81A41F6CFC71,Grades for extracurricular activities,Independent
81A723D57718,Cell phones at school,Independent
81AD1F069407,Summer projects,Independent
81B5E59B9ACB,Distance learning,Independent
81BCB1DE23B7,Seeking multiple opinions,Independent
81C5893C9CF5,Mandatory extracurricular activities,Independent
81C85E0925CC,Summer projects,Independent
81D05263142A,Distance learning,Independent
81E073241214,Mandatory extracurricular activities,Independent
81EB648B5B51,Distance learning,Independent
81EFE876B2CE,Community service,Independent
81F8C7B45A58,Seeking multiple opinions,Independent
81FD42FF7DBF,Distance learning,Independent
8201C5613F2C,Distance learning,Independent
82069370B661,Community service,Independent
821096176D61,Community service,Independent
821366C0A216,Distance learning,Independent
82177357AAB8,Grades for extracurricular activities,Independent
822440E5EF9F,Mandatory extracurricular activities,Independent
82280B54C392,Distance learning,Independent
822A901609CD,Cell phones at school,Independent
823A09BFA77B,Summer projects,Independent
823C62BADB7E,Mandatory extracurricular activities,Independent
823D54325D65,Cell phones at school,Independent
823E2D5A4722,Summer projects,Independent
82457B1EB82B,Grades for extracurricular activities,Independent
8248E7E6E2A0,Grades for extracurricular activities,Independent
824DAEDF9E75,Summer projects,Independent
824F5CC94C0F,Community service,Independent
8252036912DC,Mandatory extracurricular activities,Independent
826100BD96F9,Grades for extracurricular activities,Independent
82618B162AAC,Grades for extracurricular activities,Independent
826C0231C0BE,Grades for extracurricular activities,Independent
8279663F8F18,Grades for extracurricular activities,Independent
827C8F96A128,Summer projects,Independent
827DB1A83F7A,Grades for extracurricular activities,Independent
8281BBB80A67,Community service,Independent
82894F0260CF,Grades for extracurricular activities,Independent
828F31F78F78,Cell phones at school,Independent
828FE7B8D02C,Seeking multiple opinions,Independent
8290407C0F6B,Summer projects,Independent
8296F0F59F3D,Grades for extracurricular activities,Independent
829A1FD8A7EF,Distance learning,Independent
829D60F08792,Community service,Independent
82A577255345,Cell phones at school,Independent
82BBC3EC5C3A,Community service,Independent
82C8D991C949,Cell phones at school,Independent
82CBA25E2806,Distance learning,Independent
82D51CA85C5C,Seeking multiple opinions,Independent
82DC5A71EDBA,Grades for extracurricular activities,Independent
82E1E80B9F3B,Mandatory extracurricular activities,Independent
82E21B844F8E,Cell phones at school,Independent
82EA455D26AA,Grades for extracurricular activities,Independent
82EA4B643F77,Mandatory extracurricular activities,Independent
82EB399A8961,Summer projects,Independent
82F18DAE70E4,Community service,Independent
82F1B8436E48,Seeking multiple opinions,Independent
82F7210163B5,Distance learning,Independent
830F3C15936F,Grades for extracurricular activities,Independent
831456662FB5,Distance learning,Independent
8315EB545E9D,Grades for extracurricular activities,Independent
8315F09ED7A6,Distance learning,Independent
831F54B2B19D,Distance learning,Independent
8327864CB51A,Cell phones at school,Independent
832BF7151D40,Seeking multiple opinions,Independent
8331F4B3ADFC,Cell phones at school,Independent
833696A5748C,Grades for extracurricular activities,Independent
833EF924344E,Grades for extracurricular activities,Independent
83460DEC7009,Grades for extracurricular activities,Independent
836389DC45F4,Cell phones at school,Independent
836FC7F5F535,Mandatory extracurricular activities,Independent
837A4ADE887E,Community service,Independent
83821661B8F5,Mandatory extracurricular activities,Independent
8386ED5577DF,Mandatory extracurricular activities,Independent
8387BDBA7F9B,Distance learning,Independent
83882CA03A48,Community service,Independent
838A96E95C09,Seeking multiple opinions,Independent
838FEC2EF38E,Summer projects,Independent
8391AA01FFCF,Seeking multiple opinions,Independent
8398E04E5365,Community service,Independent
839908CBDB40,Community service,Independent
839F4F7F7DD7,Distance learning,Independent
839FBFBB7054,Summer projects,Independent
83A08732498F,Summer projects,Independent
83A7376E9454,Summer projects,Independent
83AAAD315F57,Cell phones at school,Independent
83AE9B85F6FD,Distance learning,Independent
83B0293B9D2F,Community service,Independent
83B1E7A4E840,Mandatory extracurricular activities,Independent
83B32016A5D1,Community service,Independent
83B913544D0A,Cell phones at school,Independent
83BB96F966DB,Distance learning,Independent
83BE91B3EF1F,Distance learning,Independent
83C27F297E94,Seeking multiple opinions,Independent
83CAAFEF8194,Grades for extracurricular activities,Independent
83D78B6382F4,Distance learning,Independent
83D8EED426D9,Mandatory extracurricular activities,Independent
83D933BD5B81,Community service,Independent
83E0907005B6,Community service,Independent
83EC644E325D,Mandatory extracurricular activities,Independent
83ED986D8BC0,Mandatory extracurricular activities,Independent
83F4F29E9662,Summer projects,Independent
83FA1948A3F4,Mandatory extracurricular activities,Independent
840A520F0D99,Summer projects,Independent
840ADB958D7C,Cell phones at school,Independent
840BD934198B,Mandatory extracurricular activities,Independent
841618F63777,Seeking multiple opinions,Independent
84187E561424,Seeking multiple opinions,Independent
841F9E15D42E,Community service,Independent
842D4576CB4E,Summer projects,Independent
842FD7CFFDDB,Grades for extracurricular activities,Independent
84305C417C4B,Mandatory extracurricular activities,Independent
8430D63288D2,Seeking multiple opinions,Independent
84367AEE6898,Distance learning,Independent
843F8AFA3905,Summer projects,Independent
844406CFDCD9,Summer projects,Independent
844CC1FA570F,Grades for extracurricular activities,Independent
845A0E7E3013,Seeking multiple opinions,Independent
845A6CB0C648,Distance learning,Independent
845CC4EB2039,Grades for extracurricular activities,Independent
846655D3F807,Summer projects,Independent
84705C9E9180,Distance learning,Independent
847AF2857FBF,Cell phones at school,Independent
8484FA8389A3,Mandatory extracurricular activities,Independent
848CD0BA745D,Distance learning,Independent
849228E9ADD8,Distance learning,Independent
84969F34483A,Grades for extracurricular activities,Independent
8498B3A8642D,Distance learning,Independent
849911F5126B,Grades for extracurricular activities,Independent
849BE041D1C8,Grades for extracurricular activities,Independent
84A0AE362A83,Summer projects,Independent
84A55E13EEC1,Grades for extracurricular activities,Independent
84A5803E6C6A,Mandatory extracurricular activities,Independent
84A786DDC40D,Cell phones at school,Independent
84A96D976445,Cell phones at school,Independent
84B1E0E85878,Cell phones at school,Independent
84C2FE4B60BC,Seeking multiple opinions,Independent
84C6F616721B,Summer projects,Independent
84CBD44248F2,Cell phones at school,Independent
84D2A6C75C67,Seeking multiple opinions,Independent
84D460E228D7,Mandatory extracurricular activities,Independent
84D821F541E7,Distance learning,Independent
84D827C2D12A,Summer projects,Independent
84D8BC64E749,Mandatory extracurricular activities,Independent
84DA3A4E84CC,Summer projects,Independent
84DC56271CF8,Mandatory extracurricular activities,Independent
84E693790A66,Community service,Independent
84EC5D05E3E2,Distance learning,Independent
85004BC426B1,Seeking multiple opinions,Independent
8501E9EDF0FD,Community service,Independent
8508D4805CEC,Summer projects,Independent
85150B337E02,Cell phones at school,Independent
851CDCC848DF,Summer projects,Independent
851FFB9D96E1,Grades for extracurricular activities,Independent
8521B650F8A9,Community service,Independent
852F3C1EE704,Distance learning,Independent
85344BC765F7,Distance learning,Independent
853F856CA64C,Grades for extracurricular activities,Independent
8542D5615740,Distance learning,Independent
8554C275A365,Cell phones at school,Independent
855FF8C43FAE,Mandatory extracurricular activities,Independent
8563982CE8C7,Cell phones at school,Independent
856462BFBBB1,Mandatory extracurricular activities,Independent
85783DD810EF,Grades for extracurricular activities,Independent
857D1D3BC2C6,Distance learning,Independent
857F8C1E0A0A,Cell phones at school,Independent
857FAF7C385C,Distance learning,Independent
85800ECFE568,Distance learning,Independent
85808F0851D8,Distance learning,Independent
8586AF2475F3,Grades for extracurricular activities,Independent
858A41A513AF,Distance learning,Independent
858C24FE7A08,Community service,Independent
8593D649EBE4,Grades for extracurricular activities,Independent
859DCEBAAEC4,Mandatory extracurricular activities,Independent
85A263A129B5,Summer projects,Independent
85ACDB1C7BE4,Mandatory extracurricular activities,Independent
85B0876A1FBA,Cell phones at school,Independent
85B3B76C4384,Community service,Independent
85B3EE483BEF,Seeking multiple opinions,Independent
85B5621E1876,Distance learning,Independent
85B700BA5A7C,Mandatory extracurricular activities,Independent
85C5BA416D54,Cell phones at school,Independent
85C8AC30C12F,Distance learning,Independent
85CC7B182ED6,Cell phones at school,Independent
85D7C9ADFE4F,Distance learning,Independent
85DB79959EEB,Seeking multiple opinions,Independent
85E2FCE046E8,Community service,Independent
85E46E4774B2,Cell phones at school,Independent
85E48EAD158A,Community service,Independent
85E4A10D0918,Seeking multiple opinions,Independent
85EB8DC94BD0,Grades for extracurricular activities,Independent
85EF5F2BDA22,Grades for extracurricular activities,Independent
85F4C57672EA,Distance learning,Independent
85F85936F1E6,Community service,Independent
86002C63D9C4,Community service,Independent
86052928ECB9,Community service,Independent
860691D518C6,Mandatory extracurricular activities,Independent
860738F5857F,Grades for extracurricular activities,Independent
860E4F40B57D,Distance learning,Independent
861588AA9001,Distance learning,Independent
861B660C2E86,Seeking multiple opinions,Independent
8621C5C419CE,Cell phones at school,Independent
8624013087D0,Cell phones at school,Independent
86245BB1A314,Distance learning,Independent
8624720F50AA,Community service,Independent
862995E50ECE,Summer projects,Independent
862FEAF83C5B,Cell phones at school,Independent
8644441AB019,Grades for extracurricular activities,Independent
864557850F63,Community service,Independent
864AF793CBA7,Community service,Independent
864B67B1FF46,Cell phones at school,Independent
864C2D595DF7,Summer projects,Independent
864E45D7BD5B,Mandatory extracurricular activities,Independent
864EE35A4744,Seeking multiple opinions,Independent
8650490FD98E,Community service,Independent
86542460611A,Seeking multiple opinions,Independent
865E665B13F7,Grades for extracurricular activities,Independent
866B61E17B7D,Distance learning,Independent
866DC580CBF3,Distance learning,Independent
867777EC86C8,Cell phones at school,Independent
8679D5C9C9C7,Mandatory extracurricular activities,Independent
867A58ACE30E,Grades for extracurricular activities,Independent
8680D4F9266D,Seeking multiple opinions,Independent
86887AB8BE18,Distance learning,Independent
868D445794AB,Cell phones at school,Independent
869367F8A718,Distance learning,Independent
86A24627502D,Grades for extracurricular activities,Independent
86A362AFF89F,Community service,Independent
86A511A55117,Distance learning,Independent
86A99FA674E5,Mandatory extracurricular activities,Independent
86B56FCAE0E5,Community service,Independent
86B8E74548F4,Mandatory extracurricular activities,Independent
86BB790A5875,Seeking multiple opinions,Independent
86C3087B78A3,Mandatory extracurricular activities,Independent
86C3CBD25A60,Summer projects,Independent
86D1F207868B,Summer projects,Independent
86D78A2CD591,Seeking multiple opinions,Independent
86D79F272847,Summer projects,Independent
86DACAE7097F,Distance learning,Independent
86DC4C84C053,Mandatory extracurricular activities,Independent
86E5ADAE8206,Summer projects,Independent
86FB71F29A12,Community service,Independent
86FE14E918D1,Seeking multiple opinions,Independent
86FF8C35A885,Cell phones at school,Independent
87055E1EDAC2,Summer projects,Independent
871097AE113C,Cell phones at school,Independent
8711A8190E5D,Grades for extracurricular activities,Independent
871287046F85,Seeking multiple opinions,Independent
87186C957B20,Cell phones at school,Independent
871B7DB49A3F,Grades for extracurricular activities,Independent
871CE2BE3370,Seeking multiple opinions,Independent
87251EF8082E,Summer projects,Independent
87258EA0A73C,Grades for extracurricular activities,Independent
8726B24BA724,Grades for extracurricular activities,Independent
8727FFFF8441,Community service,Independent
872A3AAEC127,Distance learning,Independent
872AED166FA6,Distance learning,Independent
872D2382D49E,Cell phones at school,Independent
872F02B58AA6,Summer projects,Independent
87301169FEAA,Distance learning,Independent
87328D07C574,Seeking multiple opinions,Independent
8737264DDCD4,Mandatory extracurricular activities,Independent
8742BE58A671,Mandatory extracurricular activities,Independent
8745FC479838,Cell phones at school,Independent
8751DABF6F73,Mandatory extracurricular activities,Independent
876A650B692E,Distance learning,Independent
876BE44293AE,Summer projects,Independent
876EB8B99AC6,Seeking multiple opinions,Independent
877D7E614694,Grades for extracurricular activities,Independent
877E5E24D71D,Community service,Independent
8783D7E09D7E,Cell phones at school,Independent
878757F074DB,Distance learning,Independent
878EF77AEFED,Distance learning,Independent
8793444EF088,Distance learning,Independent
87947A34CAEA,Cell phones at school,Independent
87958B77E2DC,Seeking multiple opinions,Independent
879899ED7AEF,Grades for extracurricular activities,Independent
8799ED61A608,Summer projects,Independent
879F973C6DF6,Distance learning,Independent
87A2153DC6CF,Mandatory extracurricular activities,Independent
87A3A28A5EB8,Mandatory extracurricular activities,Independent
87A8B315A26E,Distance learning,Independent
87A974F87B12,Cell phones at school,Independent
87AF2FEABA83,Distance learning,Independent
87B3B5E45156,Seeking multiple opinions,Independent
87B5969668D7,Distance learning,Independent
87B830921FBA,Distance learning,Independent
87B9974CE965,Grades for extracurricular activities,Independent
87C4CE3E96BE,Grades for extracurricular activities,Independent
87C607A0EF62,Mandatory extracurricular activities,Independent
87C7180CD212,Seeking multiple opinions,Independent
87CA45AA5B23,Summer projects,Independent
87D07D40F15E,Grades for extracurricular activities,Independent
87D436B64CB4,Community service,Independent
87DC9D17D46E,Grades for extracurricular activities,Independent
87E637213D66,Seeking multiple opinions,Independent
87F69F495958,Grades for extracurricular activities,Independent
87F826CDE47A,Community service,Independent
8805BDE4E251,Mandatory extracurricular activities,Independent
880E4340D062,Mandatory extracurricular activities,Independent
880F6C543080,Community service,Independent
8812C76524F0,Grades for extracurricular activities,Independent
8814CF59BC3B,Mandatory extracurricular activities,Independent
881C594055EB,Community service,Independent
8822513C8D85,Seeking multiple opinions,Independent
88273D2F8BB4,Summer projects,Independent
883880ACBA01,Seeking multiple opinions,Independent
883D374AC02F,Mandatory extracurricular activities,Independent
883E45198895,Community service,Independent
884190375DAB,Grades for extracurricular activities,Independent
8846B3225DEB,Distance learning,Independent
884E6C7D3160,Grades for extracurricular activities,Independent
885CBDD4A297,Seeking multiple opinions,Independent
886AA758F248,Community service,Independent
886FED68C229,Community service,Independent
8871239EBCA5,Mandatory extracurricular activities,Independent
88816FFD8A5C,Distance learning,Independent
8882BE4360A5,Distance learning,Independent
88860671767F,Distance learning,Independent
8886AD6E3BF1,Seeking multiple opinions,Independent
888D36BD7FD3,Community service,Independent
888EFFEEF4A6,Grades for extracurricular activities,Independent
88910DE4976E,Mandatory extracurricular activities,Independent
88990A944CC0,Grades for extracurricular activities,Independent
88A4F79B5203,Distance learning,Independent
88B0F016492E,Distance learning,Independent
88C4EAEB95A1,Cell phones at school,Independent
88C9F52F748F,Seeking multiple opinions,Independent
88D0417284B4,Cell phones at school,Independent
88FA9C1FF56D,Grades for extracurricular activities,Independent
88FC05DDCC92,Community service,Independent
88FCD4D35128,Distance learning,Independent
88FD7FAAFA90,Summer projects,Independent
890BA90FED9D,Summer projects,Independent
890E9CBF7BF8,Distance learning,Independent
89152EA3528E,Mandatory extracurricular activities,Independent
891AEC9CAFC5,Community service,Independent
891C3503DD33,Distance learning,Independent
8925498D8C36,Seeking multiple opinions,Independent
8930F3F9E554,Cell phones at school,Independent
89326D7277B1,Community service,Independent
893B6A0CDB2D,Seeking multiple opinions,Independent
8945D160056D,Mandatory extracurricular activities,Independent
89593AEC5E89,Distance learning,Independent
896B223BF708,Grades for extracurricular activities,Independent
896F322AE281,Cell phones at school,Independent
897004C788FB,Seeking multiple opinions,Independent
8971626EE759,Community service,Independent
8975E6D0380E,Mandatory extracurricular activities,Independent
89822D57FE56,Grades for extracurricular activities,Independent
898BBCB60510,Summer projects,Independent
898C54B54558,Grades for extracurricular activities,Independent
898FBF6ECEEE,Mandatory extracurricular activities,Independent
8999E5263723,Community service,Independent
899C33966AE0,Seeking multiple opinions,Independent
899D394E518E,Mandatory extracurricular activities,Independent
89A1E2B6F0A1,Mandatory extracurricular activities,Independent
89A31DD6C8E1,Cell phones at school,Independent
89AB334EE7ED,Community service,Independent
89B939843B8D,Summer projects,Independent
89BA155355E4,Summer projects,Independent
89BED1950DFE,Seeking multiple opinions,Independent
89C191C7957C,Distance learning,Independent
89C55AA2CA12,Community service,Independent
89C921B360F7,Community service,Independent
89CD5C5D9180,Cell phones at school,Independent
89DD12847D93,Grades for extracurricular activities,Independent
89DF30396BAE,Community service,Independent
89E1708E4BCA,Cell phones at school,Independent
89E1BF0D40C8,Seeking multiple opinions,Independent
89E1CF43B214,Mandatory extracurricular activities,Independent
89E73E0B8EF5,Summer projects,Independent
89ECFD2A6D68,Grades for extracurricular activities,Independent
89EEA7194D7C,Grades for extracurricular activities,Independent
8A00BBFCFABB,Seeking multiple opinions,Independent
8A06243FE484,Community service,Independent
8A0A3FE01FE7,Distance learning,Independent
8A0F7E327BC5,Mandatory extracurricular activities,Independent
8A10A65857EE,Seeking multiple opinions,Independent
8A11B24EEE66,Distance learning,Independent
8A142C377525,Distance learning,Independent
8A16C162C867,Cell phones at school,Independent
8A16CDB6F50B,Summer projects,Independent
8A1DE798ADA5,Mandatory extracurricular activities,Independent
8A20964F35B1,Cell phones at school,Independent
8A2979AB26BE,Distance learning,Independent
8A3392CDCCF1,Summer projects,Independent
8A33C5C1A579,Grades for extracurricular activities,Independent
8A40C9A48BC3,Seeking multiple opinions,Independent
8A44EA466431,Cell phones at school,Independent
8A459F1BFC23,Community service,Independent
8A468F18FF8D,Summer projects,Independent
8A4C6D3B4469,Grades for extracurricular activities,Independent
8A4C87E23966,Mandatory extracurricular activities,Independent
8A4D99910F10,Distance learning,Independent
8A4E9D1BB2B2,Community service,Independent
8A516907464A,Mandatory extracurricular activities,Independent
8A57EE89F26C,Mandatory extracurricular activities,Independent
8A63149E402C,Distance learning,Independent
8A64F8D74D5B,Cell phones at school,Independent
8A6AAA29FBB2,Seeking multiple opinions,Independent
8A6BD40A8B7A,Grades for extracurricular activities,Independent
8A7433E0DF67,Summer projects,Independent
8A745CBCD81E,Distance learning,Independent
8A77BC846EF0,Distance learning,Independent
8A8109553B2D,Distance learning,Independent
8A8644A0E3D4,Summer projects,Independent
8A89EF004B9C,Grades for extracurricular activities,Independent
8A8D7134E77C,Distance learning,Independent
8A9A8B0A3597,Mandatory extracurricular activities,Independent
8AAA87E056FD,Seeking multiple opinions,Independent
8AAB8EE320C1,Seeking multiple opinions,Independent
8AB95D7C4CA6,Grades for extracurricular activities,Independent
8AC1D6E165CD,Cell phones at school,Independent
8AE119913109,Distance learning,Independent
8AE9824CC802,Mandatory extracurricular activities,Independent
8AEFA9EA182D,Community service,Independent
8AEFE911A7ED,Community service,Independent
8AF3FAAA529A,Community service,Independent
8AF4B766BF21,Grades for extracurricular activities,Independent
8B01E218767C,Cell phones at school,Independent
8B05C662379D,Grades for extracurricular activities,Independent
8B095EB24288,Distance learning,Independent
8B194A531EC1,Distance learning,Independent
8B2CB9C1F189,Distance learning,Independent
8B3383F07C51,Community service,Independent
8B3DB5B8F0B7,Seeking multiple opinions,Independent
8B477C53521B,Distance learning,Independent
8B48AD97F01C,Distance learning,Independent
8B48DC44951A,Summer projects,Independent
8B495F122E5B,Mandatory extracurricular activities,Independent
8B4A257DC797,Seeking multiple opinions,Independent
8B4B5C6DD5DA,Mandatory extracurricular activities,Independent
8B4E52225236,Distance learning,Independent
8B537610A20A,Distance learning,Independent
8B58FBDF6414,Grades for extracurricular activities,Independent
8B5B15211390,Seeking multiple opinions,Independent
8B615331164C,Community service,Independent
8B74BC1E0166,Mandatory extracurricular activities,Independent
8B8155332486,Seeking multiple opinions,Independent
8B81ECA8E78D,Grades for extracurricular activities,Independent
8B8B965BCDF4,Cell phones at school,Independent
8B8D65CD4BDA,Distance learning,Independent
8B9455709423,Mandatory extracurricular activities,Independent
8B98BA980EB9,Mandatory extracurricular activities,Independent
8B9D13065168,Seeking multiple opinions,Independent
8B9EEF86DD66,Grades for extracurricular activities,Independent
8BA0BFC49C4F,Cell phones at school,Independent
8BAAA0D5D6C4,Community service,Independent
8BB4CE5D8355,Summer projects,Independent
8BB4FACB073C,Grades for extracurricular activities,Independent
8BB53C15BE15,Grades for extracurricular activities,Independent
8BC25F3822AD,Community service,Independent
8BCB7962E7E3,Distance learning,Independent
8BCC11CF4350,Cell phones at school,Independent
8BCE4A1BBB8E,Grades for extracurricular activities,Independent
8BD27AA126F7,Distance learning,Independent
8BD74B7B3DE2,Distance learning,Independent
8BDA09CC9FD2,Summer projects,Independent
8BE5C35F126C,Distance learning,Independent
8BE78B7C2ABB,Grades for extracurricular activities,Independent
8BE96D64F102,Summer projects,Independent
8BEA456945B0,Mandatory extracurricular activities,Independent
8BEC48C6C5E9,Grades for extracurricular activities,Independent
8BF2D128CAEC,Community service,Independent
8BF8505849C8,Mandatory extracurricular activities,Independent
8BFAB96C9341,Summer projects,Independent
8BFF78A27A8B,Mandatory extracurricular activities,Independent
8C003FEE68D7,Distance learning,Independent
8C0EA954AEF8,Summer projects,Independent
8C1072D440D7,Summer projects,Independent
8C12988B6607,Cell phones at school,Independent
8C15FC3C3BCB,Distance learning,Independent
8C164B08A8BD,Cell phones at school,Independent
8C1E5AD4174A,Grades for extracurricular activities,Independent
8C21145A08FA,Community service,Independent
8C215301594E,Summer projects,Independent
8C23517167EF,Community service,Independent
8C2D0E1314DB,Distance learning,Independent
8C3943289925,Grades for extracurricular activities,Independent
8C3993109983,Seeking multiple opinions,Independent
8C419632B296,Cell phones at school,Independent
8C42568E1362,Cell phones at school,Independent
8C476636EA8F,Cell phones at school,Independent
8C47976A1F6D,Cell phones at school,Independent
8C4C4B2F2366,Seeking multiple opinions,Independent
8C4C7081A2AF,Distance learning,Independent
8C4ED47912C3,Mandatory extracurricular activities,Independent
8C5088CDA686,Mandatory extracurricular activities,Independent
8C54B0F3D1D3,Cell phones at school,Independent
8C571B8E6BAF,Distance learning,Independent
8C5FF7AD4E99,Community service,Independent
8C61F2374230,Summer projects,Independent
8C700479696A,Community service,Independent
8C702C379B8A,Cell phones at school,Independent
8C71CB303712,Community service,Independent
8C79D66ECC0B,Mandatory extracurricular activities,Independent
8C887CDDBA32,Community service,Independent
8C928B2D6AB9,Seeking multiple opinions,Independent
8C9F3C1C03BF,Seeking multiple opinions,Independent
8CA5DF6BAB4D,Cell phones at school,Independent
8CA7DA405671,Grades for extracurricular activities,Independent
8CAF09D8BEE8,Grades for extracurricular activities,Independent
8CB337D8D65C,Distance learning,Independent
8CB363DF204D,Summer projects,Independent
8CCB7E601107,Seeking multiple opinions,Independent
8CCF9900F220,Cell phones at school,Independent
8CDB88E77EE3,Community service,Independent
8CE67A7B4BDF,Seeking multiple opinions,Independent
8CE968DB99AB,Grades for extracurricular activities,Independent
8CEB8AAC385C,Community service,Independent
8CEF5FC94454,Community service,Independent
8CFD338AFB98,Grades for extracurricular activities,Independent
8CFFE7AE6128,Grades for extracurricular activities,Independent
8D02DCC6275E,Cell phones at school,Independent
8D0E03A58CC9,Distance learning,Independent
8D0E04684275,Community service,Independent
8D11A578A7FF,Mandatory extracurricular activities,Independent
8D12DB28E3A2,Cell phones at school,Independent
8D13461BD81C,Cell phones at school,Independent
8D1AFB0201C0,Cell phones at school,Independent
8D1BE4C96059,Summer projects,Independent
8D1F74040579,Mandatory extracurricular activities,Independent
8D2143211365,Mandatory extracurricular activities,Independent
8D260545092F,Community service,Independent
8D2C20BDCDE0,Distance learning,Independent
8D384941F7F6,Community service,Independent
8D47E7F9968F,Cell phones at school,Independent
8D49AD0975A1,Distance learning,Independent
8D4DEBDCF603,Community service,Independent
8D507482923B,Mandatory extracurricular activities,Independent
8D509BBA7DD5,Mandatory extracurricular activities,Independent
8D69EF890AAA,Grades for extracurricular activities,Independent
8D80DA1892A5,Mandatory extracurricular activities,Independent
8D8BF05B7936,Summer projects,Independent
8D8E0FEE6BD5,Seeking multiple opinions,Independent
8D8EC1F1E36A,Community service,Independent
8D99FEDB5FE9,Seeking multiple opinions,Independent
8D9BFCD85CAE,Community service,Independent
8DA0993625FF,Summer projects,Independent
8DA0B80420FC,Summer projects,Independent
8DA298718DD7,Distance learning,Independent
8DB8768A7649,Mandatory extracurricular activities,Independent
8DBEE30EF6A7,Community service,Independent
8DC48882E2F7,Cell phones at school,Independent
8DD09D4FCD4F,Distance learning,Independent
8DD65866A83A,Mandatory extracurricular activities,Independent
8DD6B1101415,Distance learning,Independent
8DD7745DFCDF,Distance learning,Independent
8DD8AC01540E,Cell phones at school,Independent
8DDF38ABED0E,Mandatory extracurricular activities,Independent
8DF155F94446,Mandatory extracurricular activities,Independent
8DF397BE5387,Cell phones at school,Independent
8DF39EDCEE7D,Mandatory extracurricular activities,Independent
8DFC402F09AB,Summer projects,Independent
8DFCC03C34D8,Grades for extracurricular activities,Independent
8DFFA4FB6135,Seeking multiple opinions,Independent
8E053EA4FE6F,Distance learning,Independent
8E0A4CFAEA9C,Cell phones at school,Independent
8E1560B7C2E1,Community service,Independent
8E1908F2616E,Community service,Independent
8E1B32095441,Distance learning,Independent
8E20AB58A907,Cell phones at school,Independent
8E2246CF7F85,Seeking multiple opinions,Independent
8E280425BFBF,Community service,Independent
8E35C504B480,Distance learning,Independent
8E3A5F23A705,Cell phones at school,Independent
8E3D55B11AEE,Cell phones at school,Independent
8E4BBBA4018F,Mandatory extracurricular activities,Independent
8E536E1B7AFE,Summer projects,Independent
8E555DA6ED4D,Distance learning,Independent
8E5637455B8E,Mandatory extracurricular activities,Independent
8E572B0D4250,Distance learning,Independent
8E5816188853,Grades for extracurricular activities,Independent
8E6166FA732A,Cell phones at school,Independent
8E61C7C0F57F,Summer projects,Independent
8E634C8CED65,Seeking multiple opinions,Independent
8E64BE4119C3,Distance learning,Independent
8E668341EE05,Seeking multiple opinions,Independent
8E73ED6F2FCC,Mandatory extracurricular activities,Independent
8E77B1B19F32,Mandatory extracurricular activities,Independent
8E79F7BAC950,Summer projects,Independent
8E7A674BF659,Grades for extracurricular activities,Independent
8E81EB46243D,Cell phones at school,Independent
8E8321EFF66E,Seeking multiple opinions,Independent
8E83FB707B87,Community service,Independent
8E89A7A62A82,Seeking multiple opinions,Independent
8E9007F863C7,Distance learning,Independent
8E98853DF374,Seeking multiple opinions,Independent
8EA083F14784,Mandatory extracurricular activities,Independent
8EA41EF1EC70,Mandatory extracurricular activities,Independent
8EADDF7F6FB7,Distance learning,Independent
8EB22AFF2A96,Distance learning,Independent
8EB647435835,Distance learning,Independent
8EB73A991757,Summer projects,Independent
8EBF990F1622,Seeking multiple opinions,Independent
8EC7A8075CAD,Cell phones at school,Independent
8ECC067F27E1,Cell phones at school,Independent
8ED19683D8A7,Summer projects,Independent
8ED6445B91AD,Mandatory extracurricular activities,Independent
8EDAB25CCB08,Community service,Independent
8EDD5A7B2310,Grades for extracurricular activities,Independent
8EF4E5DEB3D3,Grades for extracurricular activities,Independent
8EF775DCEAF5,Seeking multiple opinions,Independent
8EF7C2316736,Summer projects,Independent
8EF7F6812DE9,Community service,Independent
8EF89B5F5E21,Distance learning,Independent
8EF9BE158AD3,Distance learning,Independent
8EFD48D53319,Seeking multiple opinions,Independent
8EFDE74335BD,Grades for extracurricular activities,Independent
8EFE0973A57A,Cell phones at school,Independent
8EFF66B61E7D,Community service,Independent
8F05747D5AE1,Community service,Independent
8F13AAF260A1,Grades for extracurricular activities,Independent
8F16365E363D,Distance learning,Independent
8F189C6F9E85,Summer projects,Independent
8F1B3DEA0508,Cell phones at school,Independent
8F2132376B0C,Distance learning,Independent
8F23D8E6AC8B,Distance learning,Independent
8F2FCF066A81,Mandatory extracurricular activities,Independent
8F350047E2C7,Community service,Independent
8F36773A007F,Mandatory extracurricular activities,Independent
8F40BA1ECB08,Mandatory extracurricular activities,Independent
8F456999E008,Cell phones at school,Independent
8F45D2644332,Cell phones at school,Independent
8F4912F74D42,Cell phones at school,Independent
8F4B595CF9E7,Seeking multiple opinions,Independent
8F4D8B1065BB,Grades for extracurricular activities,Independent
8F5794D959A1,Community service,Independent
8F584A5648B9,Grades for extracurricular activities,Independent
8F5B92D7513B,Seeking multiple opinions,Independent
8F60DD600C3B,Mandatory extracurricular activities,Independent
8F78D1ABFDB6,Community service,Independent
8F7C21724491,Mandatory extracurricular activities,Independent
8F85E4509835,Seeking multiple opinions,Independent
8F88ABD06CED,Distance learning,Independent
8F8B11DD9ACC,Summer projects,Independent
8F8BCC081DC6,Distance learning,Independent
8F91417B8A7D,Mandatory extracurricular activities,Independent
8F9F5B885FA9,Seeking multiple opinions,Independent
8FA214DB6E8B,Mandatory extracurricular activities,Independent
8FA7B3E4FC78,Grades for extracurricular activities,Independent
8FAAAECA64BD,Mandatory extracurricular activities,Independent
8FB706C890A2,Seeking multiple opinions,Independent
8FBA79DE20E6,Grades for extracurricular activities,Independent
8FC5C278EFCF,Summer projects,Independent
8FC654F1B091,Grades for extracurricular activities,Independent
8FD417FC6A03,Seeking multiple opinions,Independent
8FD5B5C10AF2,Grades for extracurricular activities,Independent
8FD62BC04585,Distance learning,Independent
8FDE3B793E4C,Community service,Independent
8FE1C585E552,Mandatory extracurricular activities,Independent
8FE49A2999D0,Grades for extracurricular activities,Independent
8FE60434BEFF,Mandatory extracurricular activities,Independent
8FEC3A849513,Seeking multiple opinions,Independent
8FED07B315E2,Community service,Independent
8FF1FA6E84FB,Mandatory extracurricular activities,Independent
8FF38F8470E2,Grades for extracurricular activities,Independent
8FF9315CDCAF,Distance learning,Independent
8FFDA5B9D359,Distance learning,Independent
9.33848E+11,Grades for extracurricular activities,Independent
9.74383E+11,Mandatory extracurricular activities,Independent
9.80E+35,Community service,Independent
9.92E+12,Seeking multiple opinions,Independent
9000217714BE,Grades for extracurricular activities,Independent
9003CAD2E74F,Summer projects,Independent
900853D24E86,Seeking multiple opinions,Independent
900A879708F0,Distance learning,Independent
900EE82A7C8D,Summer projects,Independent
901790F023DD,Summer projects,Independent
9019F9FEA638,Grades for extracurricular activities,Independent
901E4717A246,Seeking multiple opinions,Independent
90345B5B064D,Summer projects,Independent
903B04C2AA48,Summer projects,Independent
9049E16579D4,Community service,Independent
905D77AA5E83,Community service,Independent
906B27CFFFA0,Mandatory extracurricular activities,Independent
906E7C2C57D6,Mandatory extracurricular activities,Independent
9072C97C4481,Mandatory extracurricular activities,Independent
9075A6EEB3C5,Community service,Independent
90764819E3A9,Cell phones at school,Independent
907B493FEF99,Distance learning,Independent
9085B526DE3B,Grades for extracurricular activities,Independent
908906779AB1,Distance learning,Independent
908C91AF86BC,Distance learning,Independent
908CA741DAF6,Summer projects,Independent
90978A2F8599,Community service,Independent
90A21329D7C8,Community service,Independent
90A45BE42FCA,Cell phones at school,Independent
90A67909259E,Mandatory extracurricular activities,Independent
90A986A7470B,Mandatory extracurricular activities,Independent
90A9BF35582F,Cell phones at school,Independent
90B0118A8C55,Distance learning,Independent
90C32C97725A,Distance learning,Independent
90C423514A8D,Cell phones at school,Independent
90C942265780,Summer projects,Independent
90CE234C9684,Seeking multiple opinions,Independent
90D16D754BBA,Mandatory extracurricular activities,Independent
90D83C644ECF,Cell phones at school,Independent
90DB0EEBFF0B,Mandatory extracurricular activities,Independent
90DB680F14F5,Distance learning,Independent
90E5BB6CBE11,Summer projects,Independent
90ED5CDDE123,Mandatory extracurricular activities,Independent
90F900708083,Cell phones at school,Independent
90FD792769FF,Mandatory extracurricular activities,Independent
91010998BF86,Community service,Independent
910189559FBD,Grades for extracurricular activities,Independent
9107A1C2DD9C,Community service,Independent
9114D5C32D36,Summer projects,Independent
91176971F6BA,Cell phones at school,Independent
911CF138D0AE,Community service,Independent
9124F45B4832,Community service,Independent
9127434E8CF8,Summer projects,Independent
91377BE7D4ED,Distance learning,Independent
9145AB74E1DA,Distance learning,Independent
914D457FE4DC,Grades for extracurricular activities,Independent
9151F588041F,Distance learning,Independent
9165D265E932,Distance learning,Independent
9167D9F70613,Seeking multiple opinions,Independent
9168DF355F2F,Distance learning,Independent
916958737B60,Distance learning,Independent
916CDD686404,Grades for extracurricular activities,Independent
9172095B8522,Mandatory extracurricular activities,Independent
9172F30C29E8,Community service,Independent
9174D620243B,Distance learning,Independent
917524B223F8,Mandatory extracurricular activities,Independent
91755A979CF5,Cell phones at school,Independent
917DE223C943,Mandatory extracurricular activities,Independent
917F3695D84D,Cell phones at school,Independent
917F50B27723,Distance learning,Independent
91893044CA95,Community service,Independent
91962F622C5A,Community service,Independent
919A14D44D98,Seeking multiple opinions,Independent
91A00DFD46DC,Distance learning,Independent
91A7412303BD,Summer projects,Independent
91A780360B9E,Community service,Independent
91AC63E82AC2,Cell phones at school,Independent
91B00B44402B,Cell phones at school,Independent
91B15D1BDD98,Community service,Independent
91B1F82B2CF1,Distance learning,Independent
91B840A41637,Summer projects,Independent
91B88A23A5E4,Grades for extracurricular activities,Independent
91CD65156E4B,Grades for extracurricular activities,Independent
91E61EF42E33,Community service,Independent
91EB3DE61286,Mandatory extracurricular activities,Independent
91ED6A6E4B3A,Cell phones at school,Independent
91F40B0CFCC3,Community service,Independent
91F5038B20AF,Cell phones at school,Independent
91FA9C603A6B,Distance learning,Independent
92017C74CF22,Summer projects,Independent
920839AC2871,Community service,Independent
920E71AABE39,Cell phones at school,Independent
920F1ACDF4E4,Seeking multiple opinions,Independent
9222915C4C76,Seeking multiple opinions,Independent
9229E9E6F30D,Grades for extracurricular activities,Independent
923043ECE82F,Summer projects,Independent
9230E5F2AC7F,Cell phones at school,Independent
9235C87BACDF,Community service,Independent
923948B18A6D,Seeking multiple opinions,Independent
92402B11814C,Mandatory extracurricular activities,Independent
924D8175D100,Distance learning,Independent
9252D20095BE,Seeking multiple opinions,Independent
9254D9526E87,Distance learning,Independent
9256EDDD856B,Distance learning,Independent
9258984A6CEB,Grades for extracurricular activities,Independent
9258C64F577F,Summer projects,Independent
9259FAACA3D3,Summer projects,Independent
926AD76F8E36,Summer projects,Independent
9271B11A158B,Distance learning,Independent
92800D9CB22E,Cell phones at school,Independent
9281F68924D1,Grades for extracurricular activities,Independent
9288FF19115E,Community service,Independent
928C9AE07FE0,Grades for extracurricular activities,Independent
92933212F4D9,Seeking multiple opinions,Independent
92970638812,Grades for extracurricular activities,Independent
92A78941DF77,Distance learning,Independent
92A9A90A1ABB,Mandatory extracurricular activities,Independent
92AD77013CEE,Community service,Independent
92B407AFBCBE,Grades for extracurricular activities,Independent
92B72DE78204,Community service,Independent
92BA1245F66C,Summer projects,Independent
92BBD78A3499,Mandatory extracurricular activities,Independent
92BF7228C133,Community service,Independent
92BFE3DA469F,Cell phones at school,Independent
92C09304882D,Mandatory extracurricular activities,Independent
92C94CAD934B,Seeking multiple opinions,Independent
92D79549D7F3,Cell phones at school,Independent
92DB57DCD12B,Seeking multiple opinions,Independent
92DFAC1BCB02,Distance learning,Independent
92E1CFD27E95,Mandatory extracurricular activities,Independent
92E97E947628,Community service,Independent
92E9A4B7A6D0,Mandatory extracurricular activities,Independent
9306D72EC3E7,Grades for extracurricular activities,Independent
930B1E8914CA,Community service,Independent
930B801F059A,Grades for extracurricular activities,Independent
930F6F0E29D5,Grades for extracurricular activities,Independent
93106B20FE87,Community service,Independent
93112F2AC395,Community service,Independent
931ABBB91FAA,Grades for extracurricular activities,Independent
931D5E447FA7,Distance learning,Independent
9327A79BF065,Seeking multiple opinions,Independent
9329A9DD13F2,Distance learning,Independent
932ACB9DEA12,Seeking multiple opinions,Independent
932D13D609F6,Grades for extracurricular activities,Independent
93385DED39E7,Distance learning,Independent
933E9F407D2D,Cell phones at school,Independent
934168169D89,Seeking multiple opinions,Independent
9343CC458B7E,Community service,Independent
934980B8A79A,Cell phones at school,Independent
934A9AF419EA,Mandatory extracurricular activities,Independent
9359778E21C2,Grades for extracurricular activities,Independent
935C66D249E1,Community service,Independent
9365B0297C47,Mandatory extracurricular activities,Independent
9378EAFFDFB6,Seeking multiple opinions,Independent
9382CB04D6B4,Summer projects,Independent
93863972F6EF,Grades for extracurricular activities,Independent
9394F1006E9B,Grades for extracurricular activities,Independent
9396FCEB118A,Mandatory extracurricular activities,Independent
939B172F88F0,Summer projects,Independent
93A96D8DCA78,Mandatory extracurricular activities,Independent
93A9B27859BB,Seeking multiple opinions,Independent
93AC62CB1702,Community service,Independent
93AE46205ED2,Cell phones at school,Independent
93AEAAB8F1D2,Community service,Independent
93B11461B925,Mandatory extracurricular activities,Independent
93B23DB0F67B,Distance learning,Independent
93B4EABFBBF3,Community service,Independent
93BEF2162D6C,Distance learning,Independent
93C0100883BB,Cell phones at school,Independent
93C0F32F4CBB,Distance learning,Independent
93D6E4071601,Distance learning,Independent
93D9AC33BF71,Grades for extracurricular activities,Independent
93E101B6AB4E,Distance learning,Independent
93E6151BC67E,Mandatory extracurricular activities,Independent
93ED5FEC058E,Summer projects,Independent
93F0E3B4826D,Mandatory extracurricular activities,Independent
93F5F89369D9,Seeking multiple opinions,Independent
93FB5B058E50,Seeking multiple opinions,Independent
94000E9DF26E,Community service,Independent
9400D174DEC9,Distance learning,Independent
9401DDD45E43,Distance learning,Independent
9402AF49F2B6,Mandatory extracurricular activities,Independent
940F2C3E4080,Cell phones at school,Independent
9414386BFE05,Distance learning,Independent
94208F2B5E80,Grades for extracurricular activities,Independent
9420CADEF8F6,Distance learning,Independent
9426B08DA6B0,Cell phones at school,Independent
942BFAC1A722,Summer projects,Independent
942D557570C9,Grades for extracurricular activities,Independent
943226ED1150,Community service,Independent
94330AB7CD65,Community service,Independent
943421D61935,Cell phones at school,Independent
9434A2466218,Grades for extracurricular activities,Independent
943611A73135,Summer projects,Independent
94372C4820F4,Mandatory extracurricular activities,Independent
94381B3CEBFA,Community service,Independent
943F3B3FBB17,Cell phones at school,Independent
9446B19E4B04,Mandatory extracurricular activities,Independent
9449DEE489DF,Community service,Independent
944C945E1766,Community service,Independent
944FCD948396,Grades for extracurricular activities,Independent
9451FC111896,Seeking multiple opinions,Independent
9462A544DEC7,Mandatory extracurricular activities,Independent
946AC22B5C6E,Distance learning,Independent
946BE2800F04,Grades for extracurricular activities,Independent
94712914C4F0,Grades for extracurricular activities,Independent
94728AA2B9D6,Grades for extracurricular activities,Independent
94770265DD47,Grades for extracurricular activities,Independent
94872E0B0E4B,Distance learning,Independent
948F5C2EADFF,Cell phones at school,Independent
9497EEBD96C5,Summer projects,Independent
9498E14F5231,Grades for extracurricular activities,Independent
949D00C575AE,Mandatory extracurricular activities,Independent
949F659EF5D3,Summer projects,Independent
94A5C6B052D7,Mandatory extracurricular activities,Independent
94AB35E81587,Community service,Independent
94BD9432CA7C,Seeking multiple opinions,Independent
94C129CC0A2E,Grades for extracurricular activities,Independent
94C2AC40437B,Grades for extracurricular activities,Independent
94C3203A54BD,Cell phones at school,Independent
94C41739F214,Seeking multiple opinions,Independent
94C450F5F6FF,Seeking multiple opinions,Independent
94CAB5BC469B,Mandatory extracurricular activities,Independent
94D37C7BE2ED,Grades for extracurricular activities,Independent
94D889A3859B,Grades for extracurricular activities,Independent
94DC89CA8F6B,Grades for extracurricular activities,Independent
94DDDE49F8DA,Community service,Independent
94DF4BBF522F,Seeking multiple opinions,Independent
94E1D46A0544,Mandatory extracurricular activities,Independent
94E5097F7B12,Community service,Independent
94EFDD45CDD8,Mandatory extracurricular activities,Independent
94F84C21ACCA,Distance learning,Independent
94FE94B27DCD,Community service,Independent
950A06BF04EA,Mandatory extracurricular activities,Independent
950FBFBDD402,Summer projects,Independent
9510F68977D7,Summer projects,Independent
951B691D3564,Seeking multiple opinions,Independent
9523EFEED498,Summer projects,Independent
952569CCDD6E,Seeking multiple opinions,Independent
9529DEA237B1,Seeking multiple opinions,Independent
952CB87D4897,Seeking multiple opinions,Independent
953B7B5B1486,Summer projects,Independent
9550CC8FE928,Seeking multiple opinions,Independent
9553FE340DCE,Mandatory extracurricular activities,Independent
9556E99B95DE,Summer projects,Independent
955DC5092AF1,Mandatory extracurricular activities,Independent
9560CB5AD3D1,Distance learning,Independent
95619672F4CB,Cell phones at school,Independent
956B5E2F3BEB,Cell phones at school,Independent
95765CEE7D74,Summer projects,Independent
9578D4120978,Cell phones at school,Independent
9579947BE786,Mandatory extracurricular activities,Independent
957BE04B350B,Mandatory extracurricular activities,Independent
957D444A9CFE,Seeking multiple opinions,Independent
958229D0AE9F,Mandatory extracurricular activities,Independent
9583FE0522BD,Mandatory extracurricular activities,Independent
958436C26608,Cell phones at school,Independent
958639EF34B4,Grades for extracurricular activities,Independent
9586D2395C69,Cell phones at school,Independent
9588D4FFC84E,Cell phones at school,Independent
958ADE3434CD,Community service,Independent
9590080E51AB,Cell phones at school,Independent
959F4EDECE91,Cell phones at school,Independent
95A1EE29614A,Grades for extracurricular activities,Independent
95A6AB619F10,Mandatory extracurricular activities,Independent
95AAC538586F,Seeking multiple opinions,Independent
95AF348EDA56,Seeking multiple opinions,Independent
95B09C17403B,Summer projects,Independent
95B63ED9E822,Cell phones at school,Independent
95BCD0EEE72B,Distance learning,Independent
95CFC285B762,Distance learning,Independent
95D5978B9E59,Distance learning,Independent
95D847FEBF38,Seeking multiple opinions,Independent
95D8D99C517E,Grades for extracurricular activities,Independent
95ED30690B8C,Seeking multiple opinions,Independent
95EE98CA794F,Seeking multiple opinions,Independent
95EFC4B97466,Community service,Independent
95F3F04190E7,Mandatory extracurricular activities,Independent
96064A0638D8,Summer projects,Independent
9608614D166E,Distance learning,Independent
96088A6BB0AF,Summer projects,Independent
960C3510FA5A,Distance learning,Independent
9612843FDF1F,Community service,Independent
9615F113FAA1,Mandatory extracurricular activities,Independent
961BFAA21188,Distance learning,Independent
9620EB00A5C5,Summer projects,Independent
96253054EFBB,Grades for extracurricular activities,Independent
9627B47C10DE,Seeking multiple opinions,Independent
962F2B7B5DCE,Mandatory extracurricular activities,Independent
9631351EFE3B,Summer projects,Independent
963D4834165D,Mandatory extracurricular activities,Independent
9647C328B8CA,Grades for extracurricular activities,Independent
964AC0FD4F70,Seeking multiple opinions,Independent
964EAD36A568,Summer projects,Independent
96592082F9E3,Community service,Independent
965BE22A69E5,Grades for extracurricular activities,Independent
965C95685E5C,Summer projects,Independent
96611C3C0042,Grades for extracurricular activities,Independent
9662807AD672,Community service,Independent
96751CA1330F,Mandatory extracurricular activities,Independent
9677669AA32B,Summer projects,Independent
9680BEBF5DF5,Seeking multiple opinions,Independent
9689DEA10AF5,Mandatory extracurricular activities,Independent
968C5FD61184,Cell phones at school,Independent
968C65BB4283,Cell phones at school,Independent
968F5DDB7890,Grades for extracurricular activities,Independent
968FEBB33A42,Seeking multiple opinions,Independent
9699E5B44D07,Cell phones at school,Independent
96A0AC812CAE,Distance learning,Independent
96A0B5E5A5CB,Distance learning,Independent
96AA147B4819,Mandatory extracurricular activities,Independent
96B8F7A4DAB9,Cell phones at school,Independent
96BCEE6B6114,Community service,Independent
96C179AA64C6,Community service,Independent
96CBC15EF317,Community service,Independent
96CC30CFE49E,Mandatory extracurricular activities,Independent
96CD9EF2E8FC,Grades for extracurricular activities,Independent
96D1653FFBBA,Grades for extracurricular activities,Independent
96D8BFEF6A8B,Community service,Independent
96E0F82A7BCF,Cell phones at school,Independent
96EF3E46E165,Grades for extracurricular activities,Independent
970171A0AC8E,Distance learning,Independent
9702B3E3D586,Grades for extracurricular activities,Independent
971004AB4EED,Distance learning,Independent
971158C1AE69,Seeking multiple opinions,Independent
971D0C1C75F0,Grades for extracurricular activities,Independent
9723A9225477,Community service,Independent
972D4BFA8AD5,Grades for extracurricular activities,Independent
9733EB28C206,Summer projects,Independent
9741216B0425,Seeking multiple opinions,Independent
9741998E543E,Distance learning,Independent
9741E87BE7CE,Seeking multiple opinions,Independent
97522A3DC6DE,Cell phones at school,Independent
9756E31C449F,Mandatory extracurricular activities,Independent
97622A00565F,Mandatory extracurricular activities,Independent
976ADB7CAC5A,Community service,Independent
977103A9DFE1,Grades for extracurricular activities,Independent
9773921ACBC6,Community service,Independent
9780A12FCE0D,Community service,Independent
9780C6ECDEFD,Cell phones at school,Independent
9782182AEEB5,Distance learning,Independent
979AF798A44E,Summer projects,Independent
979E6E963094,Mandatory extracurricular activities,Independent
979F330774B9,Distance learning,Independent
97A05BD1708D,Mandatory extracurricular activities,Independent
97A6E516249D,Distance learning,Independent
97A8C7304C25,Grades for extracurricular activities,Independent
97AD49AE2944,Seeking multiple opinions,Independent
97AE8EF6D044,Grades for extracurricular activities,Independent
97BB5ABEBCB1,Community service,Independent
97BE845E7D19,Cell phones at school,Independent
97C83ED95515,Distance learning,Independent
97C969492BAB,Mandatory extracurricular activities,Independent
97CEC5F124E5,Distance learning,Independent
97CF6EF5FE26,Seeking multiple opinions,Independent
97D41DF89A0B,Summer projects,Independent
97D648567DE7,Seeking multiple opinions,Independent
97DC786559D4,Seeking multiple opinions,Independent
97E4E42863A3,Seeking multiple opinions,Independent
97E7DD4E7C69,Seeking multiple opinions,Independent
97E88E7F5471,Distance learning,Independent
97F5FE862075,Grades for extracurricular activities,Independent
97F708BE1ADA,Community service,Independent
97FDA53146BE,Mandatory extracurricular activities,Independent
97FF9200A33D,Seeking multiple opinions,Independent
980850873AB7,Community service,Independent
980F069B1644,Distance learning,Independent
981DFF841D8B,Summer projects,Independent
981FB62FF759,Mandatory extracurricular activities,Independent
9828D07FD2C9,Grades for extracurricular activities,Independent
982B7E9F1301,Cell phones at school,Independent
982F005448E3,Distance learning,Independent
983273B60F84,Mandatory extracurricular activities,Independent
98353275507,Distance learning,Independent
983D16297775,Seeking multiple opinions,Independent
9849BD725D61,Distance learning,Independent
98506F561E90,Seeking multiple opinions,Independent
9854782DAC30,Distance learning,Independent
985768B59317,Grades for extracurricular activities,Independent
985A02A10642,Community service,Independent
985B48CBC8FB,Seeking multiple opinions,Independent
985FC4A0FAE2,Distance learning,Independent
9861EDED505D,Mandatory extracurricular activities,Independent
986362428D37,Community service,Independent
987057472F55,Cell phones at school,Independent
9871CC9324B2,Summer projects,Independent
9875EEADB555,Distance learning,Independent
987DDD10D32A,Grades for extracurricular activities,Independent
9883AB26E900,Summer projects,Independent
98852DD3AEB2,Distance learning,Independent
9885BC72C019,Summer projects,Independent
98923EF733F1,Mandatory extracurricular activities,Independent
9893E88CAE61,Cell phones at school,Independent
98944F234E6B,Summer projects,Independent
98949D219E5F,Mandatory extracurricular activities,Independent
9894C4AC0CBD,Community service,Independent
9895709089F0,Grades for extracurricular activities,Independent
9898C2839018,Grades for extracurricular activities,Independent
989D4920EB7B,Grades for extracurricular activities,Independent
98A2AD61198B,Distance learning,Independent
98A2F7251073,Mandatory extracurricular activities,Independent
98A5735C5598,Community service,Independent
98A9BF4E795A,Summer projects,Independent
98BA8B468E18,Summer projects,Independent
98C88790417A,Summer projects,Independent
98D257987FDE,Distance learning,Independent
98D53EBFE307,Summer projects,Independent
98E785817634,Grades for extracurricular activities,Independent
98E848B4CB77,Grades for extracurricular activities,Independent
98EB307EB4CC,Summer projects,Independent
98F7874839E3,Cell phones at school,Independent
99037D0468C8,Community service,Independent
9907C1BD4473,Distance learning,Independent
991D146A2AC0,Distance learning,Independent
992341DBA92A,Cell phones at school,Independent
993835DF599B,Cell phones at school,Independent
9944902AB848,Distance learning,Independent
99451900AE17,Seeking multiple opinions,Independent
9947BA6C3149,Distance learning,Independent
994898BB8EDF,Seeking multiple opinions,Independent
994B1D43D406,Mandatory extracurricular activities,Independent
99523E300943,Summer projects,Independent
9954620B5790,Community service,Independent
99578BFEDC92,Mandatory extracurricular activities,Independent
995D9FEC5FAD,Community service,Independent
9965B6E1B1D5,Cell phones at school,Independent
996A32D1ABBC,Summer projects,Independent
996C6D34FAE1,Mandatory extracurricular activities,Independent
997D422930F9,Community service,Independent
9985FF16512F,Community service,Independent
99863EAC8F7F,Seeking multiple opinions,Independent
9986CAEDD2B7,Seeking multiple opinions,Independent
99872EA097CC,Cell phones at school,Independent
9987A0266A4F,Summer projects,Independent
998B12C291DD,Grades for extracurricular activities,Independent
998C7E979AC6,Grades for extracurricular activities,Independent
998CEAEF3821,Distance learning,Independent
998E0F68318B,Distance learning,Independent
999664D56FFC,Seeking multiple opinions,Independent
99981DBB75F0,Mandatory extracurricular activities,Independent
99A00AF5E4C3,Community service,Independent
99A1DE3CF37F,Mandatory extracurricular activities,Independent
99AE27FBECA2,Distance learning,Independent
99B1B779603C,Cell phones at school,Independent
99B650C97618,Mandatory extracurricular activities,Independent
99B999A8E782,Mandatory extracurricular activities,Independent
99C687C4B554,Distance learning,Independent
99C8EAF5A468,Community service,Independent
99CAD0AF3560,Mandatory extracurricular activities,Independent
99D1417BDA66,Summer projects,Independent
99D4D5568B75,Community service,Independent
99DB34D2A945,Cell phones at school,Independent
99DBB0DC7CC2,Seeking multiple opinions,Independent
99F04B521CFA,Seeking multiple opinions,Independent
99F46DD9067E,Distance learning,Independent
99F7A8700085,Cell phones at school,Independent
99F8774DE653,Mandatory extracurricular activities,Independent
99FD4F79B07D,Cell phones at school,Independent
99FE6D012BF0,Distance learning,Independent
9A03E46C0A51,Grades for extracurricular activities,Independent
9A0972A02B2A,Grades for extracurricular activities,Independent
9A0E90492CA3,Seeking multiple opinions,Independent
9A0FC2A17891,Summer projects,Independent
9A1B0F37C3CD,Grades for extracurricular activities,Independent
9A1B79DE1DBC,Cell phones at school,Independent
9A1BB0A511B2,Grades for extracurricular activities,Independent
9A1E1ED021C1,Community service,Independent
9A1F741EC88C,Summer projects,Independent
9A2B81590B27,Grades for extracurricular activities,Independent
9A30D97F67EB,Community service,Independent
9A3938C8593B,Mandatory extracurricular activities,Independent
9A40D1576A1E,Distance learning,Independent
9A441AF0EA0D,Grades for extracurricular activities,Independent
9A45943A21D5,Seeking multiple opinions,Independent
9A49907A42D0,Distance learning,Independent
9A5D8C898877,Seeking multiple opinions,Independent
9A673A3BB8DD,Mandatory extracurricular activities,Independent
9A6C18B25037,Seeking multiple opinions,Independent
9A6F2CF32BFB,Seeking multiple opinions,Independent
9A79069BB83A,Summer projects,Independent
9A796F96BC28,Community service,Independent
9A7A8A8A2201,Community service,Independent
9A7C858EF23B,Cell phones at school,Independent
9A7E9F3D7FA9,Cell phones at school,Independent
9A7F7ACCC1D9,Community service,Independent
9A83F0158A14,Mandatory extracurricular activities,Independent
9A8B66D3AA68,Cell phones at school,Independent
9AA9AF2C02A2,Mandatory extracurricular activities,Independent
9AB67EA76820,Mandatory extracurricular activities,Independent
9ABAA03ACB4B,Cell phones at school,Independent
9ABD5B7DD107,Grades for extracurricular activities,Independent
9ADC4A3BFDD0,Distance learning,Independent
9ADCC8F2465F,Summer projects,Independent
9AE88E64DF4C,Distance learning,Independent
9AED627D6FDB,Summer projects,Independent
9AEEADD5997A,Mandatory extracurricular activities,Independent
9AF39AF24661,Cell phones at school,Independent
9AF9B9C068B3,Community service,Independent
9AFEE7D734BA,Cell phones at school,Independent
9B003C51D6A3,Community service,Independent
9B0FE1456518,Mandatory extracurricular activities,Independent
9B14802F55B8,Mandatory extracurricular activities,Independent
9B15C49AAF99,Summer projects,Independent
9B1A7C9A90C5,Seeking multiple opinions,Independent
9B1CF41C7F5D,Seeking multiple opinions,Independent
9B284550AB0F,Community service,Independent
9B299DE80D2B,Distance learning,Independent
9B3DE2166927,Cell phones at school,Independent
9B42B1750AD8,Community service,Independent
9B4313D769D4,Seeking multiple opinions,Independent
9B47D88ACD36,Seeking multiple opinions,Independent
9B514BF80BDF,Summer projects,Independent
9B5AC9A7914F,Seeking multiple opinions,Independent
9B66D8446A27,Distance learning,Independent
9B69DE203555,Seeking multiple opinions,Independent
9B6A95DD8E05,Cell phones at school,Independent
9B6DE686AC78,Mandatory extracurricular activities,Independent
9B7371A9B18F,Grades for extracurricular activities,Independent
9B7F129FFB77,Cell phones at school,Independent
9B8E46362E43,Community service,Independent
9B9380760425,Grades for extracurricular activities,Independent
9B983B834050,Mandatory extracurricular activities,Independent
9B9931DF9439,Distance learning,Independent
9BA405DDDF7A,Summer projects,Independent
9BA939E303E3,Cell phones at school,Independent
9BAD071478F4,Seeking multiple opinions,Independent
9BB40EB22025,Grades for extracurricular activities,Independent
9BBB0205D3C0,Mandatory extracurricular activities,Independent
9BBEDD9BD0C9,Cell phones at school,Independent
9BC192B91D83,Seeking multiple opinions,Independent
9BC5D2C54039,Seeking multiple opinions,Independent
9BD1C9E4C34F,Distance learning,Independent
9BD577FF5D3C,Grades for extracurricular activities,Independent
9BDE16784EF6,Summer projects,Independent
9BE5C1E244EB,Seeking multiple opinions,Independent
9BEBB7FDB6A5,Cell phones at school,Independent
9BF316100BDC,Summer projects,Independent
9BF717F45D68,Mandatory extracurricular activities,Independent
9BFBA5356167,Distance learning,Independent
9C0672FF9126,Cell phones at school,Independent
9C11072FEB7A,Summer projects,Independent
9C17D0BAF41D,Community service,Independent
9C19DBD7E37F,Cell phones at school,Independent
9C20E2584A8B,Seeking multiple opinions,Independent
9C245C1269BA,Distance learning,Independent
9C2A464C9716,Grades for extracurricular activities,Independent
9C2D29720675,Summer projects,Independent
9C4444C557FB,Cell phones at school,Independent
9C480C68AA9B,Summer projects,Independent
9C49F198557D,Cell phones at school,Independent
9C4B06B51CFC,Cell phones at school,Independent
9C5094D91192,Mandatory extracurricular activities,Independent
9C52EAA3F005,Mandatory extracurricular activities,Independent
9C61ACA70773,Mandatory extracurricular activities,Independent
9C6D59F13488,Seeking multiple opinions,Independent
9C6DAB936B71,Distance learning,Independent
9C6F949B27D9,Mandatory extracurricular activities,Independent
9C72A7F166C3,Summer projects,Independent
9C82C0E4B743,Distance learning,Independent
9C8A7156AB27,Mandatory extracurricular activities,Independent
9C8F1731D481,Mandatory extracurricular activities,Independent
9C95376E8F12,Summer projects,Independent
9C97C5A04635,Summer projects,Independent
9C9986ED9D48,Summer projects,Independent
9C9A7F516514,Cell phones at school,Independent
9C9F8BC72552,Cell phones at school,Independent
9CA7EB20C36E,Summer projects,Independent
9CB9332C3967,Seeking multiple opinions,Independent
9CBCAE800CB9,Distance learning,Independent
9CC05FDD1C8F,Cell phones at school,Independent
9CC56462B5A0,Distance learning,Independent
9CD2E00F79A3,Grades for extracurricular activities,Independent
9CD49AB8E6A4,Summer projects,Independent
9CD52AD87E2C,Summer projects,Independent
9CE013DB5F00,Seeking multiple opinions,Independent
9CE678CF0BAE,Community service,Independent
9CEF32A439DC,Mandatory extracurricular activities,Independent
9CEF76DD7310,Grades for extracurricular activities,Independent
9CFA2E61E0C0,Seeking multiple opinions,Independent
9CFA62F555FF,Cell phones at school,Independent
9CFB3963E24C,Summer projects,Independent
9CFB67B24EC3,Community service,Independent
9D00C7F1D0BB,Seeking multiple opinions,Independent
9D01B8F6535B,Community service,Independent
9D05C9239608,Distance learning,Independent
9D0665A39328,Seeking multiple opinions,Independent
9D0934987831,Seeking multiple opinions,Independent
9D11DCCB8271,Cell phones at school,Independent
9D1C26B1696F,Mandatory extracurricular activities,Independent
9D1F1FD728E3,Distance learning,Independent
9D1F87DD8CC1,Cell phones at school,Independent
9D1FEBF9237B,Seeking multiple opinions,Independent
9D29B2E438C8,Seeking multiple opinions,Independent
9D29CF8A1C16,Community service,Independent
9D2D6842C1B3,Grades for extracurricular activities,Independent
9D334944FAF2,Distance learning,Independent
9D40E94D6935,Distance learning,Independent
9D44794877F3,Summer projects,Independent
9D449BEA0CA6,Seeking multiple opinions,Independent
9D4F9CC286B7,Mandatory extracurricular activities,Independent
9D53E0729D4B,Cell phones at school,Independent
9D67AEFEBA1E,Cell phones at school,Independent
9D68CE2763CB,Mandatory extracurricular activities,Independent
9D780EA82AD3,Distance learning,Independent
9D785AF5EB4B,Distance learning,Independent
9D7DC07877A6,Summer projects,Independent
9D8B3825C355,Distance learning,Independent
9D8BCE7B3C6B,Seeking multiple opinions,Independent
9D967AA72C96,Cell phones at school,Independent
9D9BC47E7E96,Grades for extracurricular activities,Independent
9D9F53F9EB5C,Summer projects,Independent
9DA131E0F720,Distance learning,Independent
9DB1AA4819AD,Distance learning,Independent
9DB6507F7EEE,Community service,Independent
9DB6D2ADE58A,Community service,Independent
9DBCBFD45366,Seeking multiple opinions,Independent
9DC08D601022,Grades for extracurricular activities,Independent
9DC3CADE8953,Summer projects,Independent
9DC67ADABCA8,Community service,Independent
9DCA96730E4B,Seeking multiple opinions,Independent
9DCBFA0786A8,Community service,Independent
9DCD00FF30A2,Cell phones at school,Independent
9DD27942044E,Summer projects,Independent
9DDC8FDAC3DA,Community service,Independent
9DEE0DB31EF3,Cell phones at school,Independent
9DEE651A7219,Mandatory extracurricular activities,Independent
9DF1B0F9D0D5,Cell phones at school,Independent
9DF4B2596DF0,Seeking multiple opinions,Independent
9DF649C711A9,Summer projects,Independent
9DF9D4AC395A,Seeking multiple opinions,Independent
9E0303CC5824,Cell phones at school,Independent
9E0F552B6A65,Cell phones at school,Independent
9E1F768837D9,Summer projects,Independent
9E225FD2D36C,Cell phones at school,Independent
9E226661A907,Summer projects,Independent
9E24FDD5A196,Distance learning,Independent
9E2CFCC604DA,Community service,Independent
9E2CFFF4A4DF,Distance learning,Independent
9E2E1FDE4D15,Community service,Independent
9E2F70695A72,Cell phones at school,Independent
9E2FE557839F,Distance learning,Independent
9E3359EBC812,Distance learning,Independent
9E33F34E3489,Grades for extracurricular activities,Independent
9E3FF1CEDAC1,Seeking multiple opinions,Independent
9E4100586EDC,Distance learning,Independent
9E4B02A389B4,Distance learning,Independent
9E4F43374DD5,Mandatory extracurricular activities,Independent
9E52C6A0876E,Community service,Independent
9E54D33AF6CD,Distance learning,Independent
9E565ADC63EC,Distance learning,Independent
9E61674DE1D4,Summer projects,Independent
9E6D1C0F5762,Community service,Independent
9E6E0CC04346,Community service,Independent
9E6F70058AC8,Seeking multiple opinions,Independent
9E744C91CE0E,Community service,Independent
9E7468150E78,Cell phones at school,Independent
9E8892FF68A5,Distance learning,Independent
9E8925504E49,Grades for extracurricular activities,Independent
9E8BA894C495,Distance learning,Independent
9E8E7DF87172,Distance learning,Independent
9E8F3C6405CA,Seeking multiple opinions,Independent
9EA5E7312E58,Community service,Independent
9EAB766AF4BE,Summer projects,Independent
9EABE5CEBE94,Mandatory extracurricular activities,Independent
9EADCECA2FB8,Cell phones at school,Independent
9EAE8BE46F4F,Summer projects,Independent
9EB3FBEEDBD9,Grades for extracurricular activities,Independent
9EB66AB2C95F,Cell phones at school,Independent
9EB7C8500032,Mandatory extracurricular activities,Independent
9EB7D09C785B,Distance learning,Independent
9EB8A19DEAB0,Seeking multiple opinions,Independent
9EBA120196BC,Mandatory extracurricular activities,Independent
9EBE1DC9D4A7,Summer projects,Independent
9ED6ED1ED502,Cell phones at school,Independent
9ED9231D9373,Community service,Independent
9EE20D86E488,Mandatory extracurricular activities,Independent
9EE34B9761BF,Mandatory extracurricular activities,Independent
9EE3E7687D4B,Grades for extracurricular activities,Independent
9EE956923B33,Community service,Independent
9EE9B4AAF84F,Distance learning,Independent
9EF6AC7590A2,Seeking multiple opinions,Independent
9EFA79BF42F2,Summer projects,Independent
9EFB9C338D8B,Cell phones at school,Independent
9EFD9F972D67,Seeking multiple opinions,Independent
9EFDAC0F858E,Community service,Independent
9EFEB61AE3F9,Mandatory extracurricular activities,Independent
9F020320C64B,Cell phones at school,Independent
9F03562EA45B,Mandatory extracurricular activities,Independent
9F0900A01266,Seeking multiple opinions,Independent
9F113E685AD0,Grades for extracurricular activities,Independent
9F12C5402E1C,Distance learning,Independent
9F17E63CA44C,Community service,Independent
9F1CC7603B64,Distance learning,Independent
9F1EEDC186E3,Summer projects,Independent
9F203E3DB9F8,Distance learning,Independent
9F2AFB6701F8,Grades for extracurricular activities,Independent
9F346804AC09,Community service,Independent
9F36C2CDD92B,Cell phones at school,Independent
9F39D910B991,Grades for extracurricular activities,Independent
9F3C7383FFA4,Mandatory extracurricular activities,Independent
9F3D55C63C0F,Grades for extracurricular activities,Independent
9F44BE9A9EDF,Grades for extracurricular activities,Independent
9F457CB98667,Summer projects,Independent
9F516900789A,Seeking multiple opinions,Independent
9F58F5814567,Seeking multiple opinions,Independent
9F6A70DBE7A4,Mandatory extracurricular activities,Independent
9F6CA1CD687A,Grades for extracurricular activities,Independent
9F7100885801,Grades for extracurricular activities,Independent
9F71393177F9,Cell phones at school,Independent
9F78D521CCF5,Grades for extracurricular activities,Independent
9F79DB6DE57E,Seeking multiple opinions,Independent
9F7BBA5FC646,Summer projects,Independent
9F93DDF89408,Distance learning,Independent
9F940B25741C,Cell phones at school,Independent
9FA3EE5BDBCB,Cell phones at school,Independent
9FA7B30CC4D1,Community service,Independent
9FA8391D4B9E,Grades for extracurricular activities,Independent
9FA8BC0F29A7,Distance learning,Independent
9FAF37ACBFD7,Distance learning,Independent
9FB9825462EE,Distance learning,Independent
9FC26E3A10AC,Mandatory extracurricular activities,Independent
9FC76480F124,Mandatory extracurricular activities,Independent
9FCA0338E29B,Cell phones at school,Independent
9FD3F72C7BC9,Grades for extracurricular activities,Independent
9FD5F5EAA8E3,Distance learning,Independent
9FD65F435FD4,Summer projects,Independent
9FD82D743836,Community service,Independent
9FDBC2899F9D,Grades for extracurricular activities,Independent
9FDD63289FD1,Community service,Independent
9FDD8A146288,Distance learning,Independent
9FECD0D50903,Mandatory extracurricular activities,Independent
9FEDA127135A,Distance learning,Independent
9FEEF0F10C42,Distance learning,Independent
9FF2F51AFF91,Cell phones at school,Independent
9FF4F0CFFA6D,Seeking multiple opinions,Independent
9FFC1CFE7CD9,Summer projects,Independent
A00EFF7056C4,Distance learning,Independent
A011D641BBDF,Summer projects,Independent
A01A09B4DF9A,Distance learning,Independent
A020F9D9B47C,Summer projects,Independent
A0215B1294B9,Cell phones at school,Independent
A02C479F14E3,Cell phones at school,Independent
A02E1D0BEACF,Distance learning,Independent
A0319BB7A78E,Distance learning,Independent
A03284A8FF24,Mandatory extracurricular activities,Independent
A03767EE9BC3,Community service,Independent
A03BED17CAD2,Summer projects,Independent
A03F03805EF8,Seeking multiple opinions,Independent
A040DFB142C9,Community service,Independent
A044B8E5308E,Cell phones at school,Independent
A04A73BA176D,Cell phones at school,Independent
A04B753B1D91,Community service,Independent
A066ACC53ECA,Distance learning,Independent
A066B195BA06,Seeking multiple opinions,Independent
A070588C06AF,Cell phones at school,Independent
A08514994C66,Distance learning,Independent
A091ADA0095F,Distance learning,Independent
A0928D4B7EC7,Seeking multiple opinions,Independent
A0935CEA2649,Mandatory extracurricular activities,Independent
A0938A136F0A,Distance learning,Independent
A09818C01569,Cell phones at school,Independent
A09916887199,Summer projects,Independent
A0A41E351FC9,Summer projects,Independent
A0A61C1FD07B,Grades for extracurricular activities,Independent
A0C48135C403,Grades for extracurricular activities,Independent
A0C911D1A1AF,Mandatory extracurricular activities,Independent
A0CE8DE23C85,Community service,Independent
A0D127A810E3,Grades for extracurricular activities,Independent
A0D96DEF2ADA,Mandatory extracurricular activities,Independent
A0DD56A8332B,Distance learning,Independent
A0DE768B504A,Cell phones at school,Independent
A0E21080F7EF,Cell phones at school,Independent
A0E3127D3E13,Summer projects,Independent
A0E6B7240C25,Distance learning,Independent
A0EB6EAA4060,Grades for extracurricular activities,Independent
A0F1B1F7D109,Cell phones at school,Independent
A0F328ADB40C,Cell phones at school,Independent
A10226201F3A,Distance learning,Independent
A103E161D9C7,Community service,Independent
A108AF527A6C,Distance learning,Independent
A10F4BAEA92D,Summer projects,Independent
A11947097A2D,Summer projects,Independent
A120BB70687B,Community service,Independent
A1252FD7C25F,Distance learning,Independent
A1274B901F55,Community service,Independent
A13182AA4AD8,Summer projects,Independent
A138DF27F153,Cell phones at school,Independent
A13EFC8CC12D,Mandatory extracurricular activities,Independent
A148C659E98B,Grades for extracurricular activities,Independent
A14D91BB2BE2,Mandatory extracurricular activities,Independent
A165EEC2E930,Summer projects,Independent
A173C6074FEA,Cell phones at school,Independent
A174612F3F64,Grades for extracurricular activities,Independent
A18003975A61,Grades for extracurricular activities,Independent
A187E6D70752,Mandatory extracurricular activities,Independent
A18AABF41A28,Mandatory extracurricular activities,Independent
A19416C96885,Grades for extracurricular activities,Independent
A19756B4C8A5,Seeking multiple opinions,Independent
A197F806756C,Summer projects,Independent
A1A3E9BD809C,Distance learning,Independent
A1B5025267D1,Cell phones at school,Independent
A1B546B918F3,Mandatory extracurricular activities,Independent
A1B65E2C7824,Distance learning,Independent
A1B9570B6749,Community service,Independent
A1BA626DFD42,Summer projects,Independent
A1C00871518B,Distance learning,Independent
A1C3D4F6E4D8,Seeking multiple opinions,Independent
A1CD9D15EC22,Community service,Independent
A1CDD5F607CF,Mandatory extracurricular activities,Independent
A1CE91F40D45,Grades for extracurricular activities,Independent
A1D2C03AA286,Mandatory extracurricular activities,Independent
A1DF3585CBDD,Community service,Independent
A1E09E155EF6,Summer projects,Independent
A1E3FA6EC622,Mandatory extracurricular activities,Independent
A1E4631053F4,Cell phones at school,Independent
A1EAC2434DD1,Distance learning,Independent
A1EC959B8C13,Distance learning,Independent
A1F176C0FF23,Distance learning,Independent
A1F389C6A2A3,Grades for extracurricular activities,Independent
A1F3E0A2A43B,Mandatory extracurricular activities,Independent
A1F6D5360E2C,Seeking multiple opinions,Independent
A1F95E312646,Grades for extracurricular activities,Independent
A1F9F72D3938,Summer projects,Independent
A1FD7287B623,Cell phones at school,Independent
A20001E13EAE,Grades for extracurricular activities,Independent
A20205E47409,Cell phones at school,Independent
A202FBAF0CCD,Distance learning,Independent
A205C9872020,Summer projects,Independent
A21A69767BEE,Seeking multiple opinions,Independent
A21E049EC383,Grades for extracurricular activities,Independent
A222836421FE,Seeking multiple opinions,Independent
A222B298A2BF,Mandatory extracurricular activities,Independent
A2237589F0FE,Grades for extracurricular activities,Independent
A2311DAD8D62,Mandatory extracurricular activities,Independent
A23348674832,Mandatory extracurricular activities,Independent
A2386ED7E56F,Seeking multiple opinions,Independent
A239AE9A985D,Cell phones at school,Independent
A23B2225BBCD,Distance learning,Independent
A247A5FCE34B,Grades for extracurricular activities,Independent
A24A28C64B6B,Distance learning,Independent
A24F3C793D72,Seeking multiple opinions,Independent
A265B1B9043F,Mandatory extracurricular activities,Independent
A2671D3C37B6,Grades for extracurricular activities,Independent
A26919E91856,Cell phones at school,Independent
A26B1E4B4703,Seeking multiple opinions,Independent
A2717785BE8D,Summer projects,Independent
A272AD6BD9AF,Cell phones at school,Independent
A279B0B48786,Grades for extracurricular activities,Independent
A27F852ECCC3,Cell phones at school,Independent
A27F8CE559C8,Summer projects,Independent
A2816855FB22,Summer projects,Independent
A28B8C10484F,Community service,Independent
A28E9B475935,Distance learning,Independent
A29350919975,Grades for extracurricular activities,Independent
A295FDD07F53,Grades for extracurricular activities,Independent
A29794857B1E,Summer projects,Independent
A2979F6CB12B,Summer projects,Independent
A298BA4F5921,Seeking multiple opinions,Independent
A29CD7941E1D,Mandatory extracurricular activities,Independent
A29D41F1E049,Community service,Independent
A2AD4A874BF3,Distance learning,Independent
A2B5E762A740,Grades for extracurricular activities,Independent
A2BEFDE54FB6,Summer projects,Independent
A2C3E5A5B48B,Mandatory extracurricular activities,Independent
A2CB343EDF41,Summer projects,Independent
A2CD2CBF5A87,Distance learning,Independent
A2D381EC10A8,Cell phones at school,Independent
A2DAD0A2B796,Summer projects,Independent
A2E13A686051,Mandatory extracurricular activities,Independent
A2E1F55E3696,Mandatory extracurricular activities,Independent
A2E37BB8E275,Seeking multiple opinions,Independent
A2E4B3830DCB,Seeking multiple opinions,Independent
A2E77A390DED,Cell phones at school,Independent
A2EED30DD075,Summer projects,Independent
A300C28B76F2,Community service,Independent
A30A8AF62E06,Distance learning,Independent
A316602CCDEB,Cell phones at school,Independent
A31AA1436210,Grades for extracurricular activities,Independent
A3285BFDEAA6,Distance learning,Independent
A336FB5F2623,Distance learning,Independent
A33A4F17C350,Cell phones at school,Independent
A33B9D112E23,Seeking multiple opinions,Independent
A34949720738,Community service,Independent
A34FF5F00E3A,Mandatory extracurricular activities,Independent
A35176B2A7B0,Mandatory extracurricular activities,Independent
A3636EF8A9CA,Mandatory extracurricular activities,Independent
A36527430D18,Community service,Independent
A369CA765144,Seeking multiple opinions,Independent
A37EB4141D7C,Mandatory extracurricular activities,Independent
A38187259EEE,Distance learning,Independent
A383D99A04DF,Cell phones at school,Independent
A385801FF637,Cell phones at school,Independent
A385D6FF97BA,Mandatory extracurricular activities,Independent
A3903EDF710D,Mandatory extracurricular activities,Independent
A394468CDEC1,Seeking multiple opinions,Independent
A39803B6EBE9,Seeking multiple opinions,Independent
A39BD96AF114,Grades for extracurricular activities,Independent
A3A00BA86199,Distance learning,Independent
A3A13A14C9B5,Grades for extracurricular activities,Independent
A3A52D0C5668,Summer projects,Independent
A3AEF9F996FB,Summer projects,Independent
A3AF3030682D,Cell phones at school,Independent
A3C150DF33B6,Cell phones at school,Independent
A3C528075F41,Community service,Independent
A3CD546B8DC9,Grades for extracurricular activities,Independent
A3D4D71B62F4,Community service,Independent
A3E66DCF8B6E,Seeking multiple opinions,Independent
A3E684CC43AD,Distance learning,Independent
A3E8AF823886,Mandatory extracurricular activities,Independent
A3E8BB69CC48,Cell phones at school,Independent
A3EA9A580A6A,Cell phones at school,Independent
A3EF457B5F61,Community service,Independent
A3F2C4FFA504,Seeking multiple opinions,Independent
A3F896A51CEA,Summer projects,Independent
A400F5D95ED7,Mandatory extracurricular activities,Independent
A4035C4D846D,Cell phones at school,Independent
A40FA9C91524,Grades for extracurricular activities,Independent
A41214DF1DC5,Summer projects,Independent
A4165F16B852,Summer projects,Independent
A419EE5769AD,Distance learning,Independent
A41DC5DDED17,Distance learning,Independent
A42187554C6A,Summer projects,Independent
A4266A92A0C5,Grades for extracurricular activities,Independent
A42993C8FE60,Mandatory extracurricular activities,Independent
A42A600EEB0D,Distance learning,Independent
A42D0D160547,Mandatory extracurricular activities,Independent
A42D4B7F30EC,Community service,Independent
A44210346B0C,Grades for extracurricular activities,Independent
A448213BC350,Cell phones at school,Independent
A44ADBAC8DB1,Grades for extracurricular activities,Independent
A44E9E70A83F,Mandatory extracurricular activities,Independent
A44F6859B4D8,Mandatory extracurricular activities,Independent
A451B2D00666,Summer projects,Independent
A4648DC5FA2A,Mandatory extracurricular activities,Independent
A4689CAFDED9,Summer projects,Independent
A476784AFAFE,Summer projects,Independent
A47DE80009C8,Mandatory extracurricular activities,Independent
A47EBEEF081E,Summer projects,Independent
A48461463FB6,Summer projects,Independent
A484FD45778A,Distance learning,Independent
A486E99E277D,Community service,Independent
A489B73A1C59,Mandatory extracurricular activities,Independent
A48C41EEA09B,Mandatory extracurricular activities,Independent
A496BC4964A1,Seeking multiple opinions,Independent
A497C32D772B,Community service,Independent
A4A6A187E6F6,Grades for extracurricular activities,Independent
A4A7A35101F4,Community service,Independent
A4AC757E8206,Summer projects,Independent
A4ADCC04C319,Summer projects,Independent
A4B030C3D663,Cell phones at school,Independent
A4B47ECED161,Cell phones at school,Independent
A4B4E3356052,Cell phones at school,Independent
A4B90560C17F,Summer projects,Independent
A4BAA826534F,Mandatory extracurricular activities,Independent
A4BBC75728EF,Grades for extracurricular activities,Independent
A4BC2726A9F0,Summer projects,Independent
A4BD4E0A3B01,Summer projects,Independent
A4BE98BB1E78,Mandatory extracurricular activities,Independent
A4C42F2B3A57,Grades for extracurricular activities,Independent
A4D245A77427,Cell phones at school,Independent
A4E279EC0066,Seeking multiple opinions,Independent
A4E6E2D5658D,Summer projects,Independent
A4EECC69CA30,Distance learning,Independent
A4EFD4CBDE3A,Community service,Independent
A4F773503156,Grades for extracurricular activities,Independent
A4FA2C4BB8C8,Distance learning,Independent
A4FAC154C07E,Community service,Independent
A4FD9B8E6C4C,Distance learning,Independent
A500CCF711B0,Community service,Independent
A501F5FB719A,Mandatory extracurricular activities,Independent
A5073B74C615,Distance learning,Independent
A50ECC86DCDA,Community service,Independent
A5159F0C191D,Summer projects,Independent
A523560DD28C,Distance learning,Independent
A524BC074C36,Distance learning,Independent
A52526F650F3,Mandatory extracurricular activities,Independent
A52CA9B55339,Cell phones at school,Independent
A535F9081747,Seeking multiple opinions,Independent
A538E8B618FA,Summer projects,Independent
A53E02BB0A41,Grades for extracurricular activities,Independent
A540C5E958FE,Community service,Independent
A544DE716883,Mandatory extracurricular activities,Independent
A548B0911394,Mandatory extracurricular activities,Independent
A54C0AA815DE,Distance learning,Independent
A54EB2889518,Grades for extracurricular activities,Independent
A5546DD2FD07,Community service,Independent
A5573D9DBBC9,Seeking multiple opinions,Independent
A559A96650EC,Mandatory extracurricular activities,Independent
A561A3334D76,Summer projects,Independent
A572EAD5ADED,Grades for extracurricular activities,Independent
A57FC6AFB48E,Community service,Independent
A585AF7C6630,Cell phones at school,Independent
A588F05DC41F,Summer projects,Independent
A58C671D5EE3,Seeking multiple opinions,Independent
A59E6A9BEB3F,Distance learning,Independent
A5A55FE930C4,Distance learning,Independent
A5B9C9F26FD6,Mandatory extracurricular activities,Independent
A5C70B7DCBFB,Cell phones at school,Independent
A5C75E6F0811,Seeking multiple opinions,Independent
A5CBE47832DF,Cell phones at school,Independent
A5CCD64F5F64,Seeking multiple opinions,Independent
A5CFDDC32628,Summer projects,Independent
A5D167D7CF4A,Cell phones at school,Independent
A5D5A035D201,Cell phones at school,Independent
A5DA0D5410DE,Mandatory extracurricular activities,Independent
A5DD0CEFE045,Community service,Independent
A5DDC612408C,Cell phones at school,Independent
A5DE8251CBCE,Cell phones at school,Independent
A5E08B9B9392,Distance learning,Independent
A5E5F83207A8,Community service,Independent
A5EBCAEBE97E,Distance learning,Independent
A5F04D377DF5,Cell phones at school,Independent
A5FBF588B2F4,Seeking multiple opinions,Independent
A603DBD5D182,Mandatory extracurricular activities,Independent
A6044930DDA8,Summer projects,Independent
A607E3023F15,Distance learning,Independent
A60ED461EEC9,Mandatory extracurricular activities,Independent
A61A2D0D865A,Cell phones at school,Independent
A61B36D58594,Summer projects,Independent
A61D07193089,Grades for extracurricular activities,Independent
A620127943B6,Mandatory extracurricular activities,Independent
A623F564CB1E,Distance learning,Independent
A629428E974F,Seeking multiple opinions,Independent
A62EBECE741D,Mandatory extracurricular activities,Independent
A643278122A7,Mandatory extracurricular activities,Independent
A6432958C29A,Mandatory extracurricular activities,Independent
A6440604EC36,Cell phones at school,Independent
A6546D2758D0,Distance learning,Independent
A66198E783B0,Community service,Independent
A661A21F0F49,Cell phones at school,Independent
A66598C542EE,Community service,Independent
A66B5A9D1F00,Seeking multiple opinions,Independent
A66B93C3C8F1,Distance learning,Independent
A6759897BBE1,Mandatory extracurricular activities,Independent
A67891ECF902,Summer projects,Independent
A679B566D8CB,Community service,Independent
A67B55BDDA6E,Community service,Independent
A67D3F549FAD,Distance learning,Independent
A692475F6AF4,Mandatory extracurricular activities,Independent
A69B61336132,Summer projects,Independent
A69FAFC409EC,Distance learning,Independent
A69FB0F70DAD,Summer projects,Independent
A6B037934481,Distance learning,Independent
A6B1EBD03706,Community service,Independent
A6B20075B2A5,Mandatory extracurricular activities,Independent
A6B380D5DEBB,Cell phones at school,Independent
A6CC10322C3A,Distance learning,Independent
A6CD1CF86FC6,Community service,Independent
A6D10284A4DD,Distance learning,Independent
A6D1E89AB196,Grades for extracurricular activities,Independent
A6D723F7B8E8,Cell phones at school,Independent
A6E992C5C8BC,Seeking multiple opinions,Independent
A6FCBC1C476D,Distance learning,Independent
A7036C8E5E6E,Grades for extracurricular activities,Independent
A707D99B4C78,Grades for extracurricular activities,Independent
A70A57F5752D,Community service,Independent
A710C1BBBB27,Mandatory extracurricular activities,Independent
A7135E6A66B1,Cell phones at school,Independent
A724ED7B4521,Community service,Independent
A737705B81A4,Seeking multiple opinions,Independent
A74A54902874,Grades for extracurricular activities,Independent
A74B8AFE4174,Summer projects,Independent
A74C8E09C566,Distance learning,Independent
A74CF2F7BC8E,Summer projects,Independent
A74F379C73A9,Seeking multiple opinions,Independent
A75AE257DF5C,Cell phones at school,Independent
A75EB2F907D9,Summer projects,Independent
A7642F5617E0,Community service,Independent
A76BA2CA628E,Seeking multiple opinions,Independent
A76C9C59AD43,Mandatory extracurricular activities,Independent
A76DEAA44D9C,Summer projects,Independent
A77B230FF451,Distance learning,Independent
A78A0641A2FF,Seeking multiple opinions,Independent
A78C3DA1FD12,Summer projects,Independent
A78CEC229621,Grades for extracurricular activities,Independent
A78D349FB188,Community service,Independent
A7963618AB6B,Seeking multiple opinions,Independent
A79897593A34,Grades for extracurricular activities,Independent
A79CF9AC2B58,Summer projects,Independent
A7A4C0BC2D03,Grades for extracurricular activities,Independent
A7A7B0BBA529,Grades for extracurricular activities,Independent
A7AB35E04C19,Distance learning,Independent
A7AB95A87C65,Community service,Independent
A7BC6B60D20F,Distance learning,Independent
A7BF283E400C,Distance learning,Independent
A7D3E138D9E4,Summer projects,Independent
A7E115387C5D,Cell phones at school,Independent
A7E4CD11B5E7,Community service,Independent
A7E8DA7C1247,Grades for extracurricular activities,Independent
A7EB29E9B6E4,Cell phones at school,Independent
A7F68B21DDB0,Distance learning,Independent
A7F6D05B5D22,Summer projects,Independent
A80542F83A7C,Distance learning,Independent
A80B12A8B100,Distance learning,Independent
A80B74026593,Mandatory extracurricular activities,Independent
A817A13D651B,Grades for extracurricular activities,Independent
A818ABB54C22,Summer projects,Independent
A82299609B1F,Summer projects,Independent
A827D5DE2309,Summer projects,Independent
A82E66D99555,Seeking multiple opinions,Independent
A82F551BD455,Summer projects,Independent
A846836E9708,Grades for extracurricular activities,Independent
A8499C6EACA1,Grades for extracurricular activities,Independent
A851E38A7344,Mandatory extracurricular activities,Independent
A853B52D7631,Grades for extracurricular activities,Independent
A8559152A433,Grades for extracurricular activities,Independent
A858CDE91A41,Cell phones at school,Independent
A85F9AA39EB8,Community service,Independent
A860936AC6CD,Mandatory extracurricular activities,Independent
A867CA244C91,Grades for extracurricular activities,Independent
A868395AEAAB,Seeking multiple opinions,Independent
A8694BB95FD6,Grades for extracurricular activities,Independent
A86C5A5446BD,Community service,Independent
A87882E3DD41,Grades for extracurricular activities,Independent
A87B731B2AF4,Distance learning,Independent
A87D3BEDF899,Grades for extracurricular activities,Independent
A885B3EA9C99,Summer projects,Independent
A8889975565B,Cell phones at school,Independent
A889F41FDF94,Grades for extracurricular activities,Independent
A88A21A1B19E,Seeking multiple opinions,Independent
A88BEC03617C,Seeking multiple opinions,Independent
A8907059C00A,Community service,Independent
A89206A14C39,Distance learning,Independent
A89C7AADA223,Summer projects,Independent
A8AB6AF861C9,Mandatory extracurricular activities,Independent
A8B4C79F9954,Grades for extracurricular activities,Independent
A8BAAEDA8475,Mandatory extracurricular activities,Independent
A8BBC8F598F4,Cell phones at school,Independent
A8BED0503A7D,Grades for extracurricular activities,Independent
A8BF1D0AA57F,Summer projects,Independent
A8C8C22C5A3B,Grades for extracurricular activities,Independent
A8D9AE4B4259,Mandatory extracurricular activities,Independent
A8DC4866AEE4,Community service,Independent
A8DFF4D30133,Seeking multiple opinions,Independent
A8E16767A2DA,Seeking multiple opinions,Independent
A8E5BC14F79F,Mandatory extracurricular activities,Independent
A8F433952F79,Community service,Independent
A90048DEAF9A,Community service,Independent
A9007878D94D,Grades for extracurricular activities,Independent
A90544B36B14,Mandatory extracurricular activities,Independent
A90D09A72B23,Distance learning,Independent
A9103BF8F902,Mandatory extracurricular activities,Independent
A916F45DAFB6,Distance learning,Independent
A917258AD9D9,Mandatory extracurricular activities,Independent
A918A3CC7A0E,Grades for extracurricular activities,Independent
A91B06F67319,Community service,Independent
A92254B458C1,Mandatory extracurricular activities,Independent
A9258A6DF8AC,Mandatory extracurricular activities,Independent
A9260C7203ED,Distance learning,Independent
A926E278BB9D,Grades for extracurricular activities,Independent
A92B69B40619,Seeking multiple opinions,Independent
A92B9B2B7418,Grades for extracurricular activities,Independent
A93072F1F0EC,Mandatory extracurricular activities,Independent
A932B6A489DE,Summer projects,Independent
A932B7BEAC6A,Mandatory extracurricular activities,Independent
A95B8B50E0C1,Cell phones at school,Independent
A95DC9851C4A,Grades for extracurricular activities,Independent
A95DF27FF021,Cell phones at school,Independent
A9704EBCDE99,Summer projects,Independent
A971D98DD17A,Grades for extracurricular activities,Independent
A975CBC4A7E8,Distance learning,Independent
A97E6285895B,Distance learning,Independent
A9872AFF064E,Seeking multiple opinions,Independent
A98FC0B6F0FA,Grades for extracurricular activities,Independent
A996BE4B49FA,Summer projects,Independent
A99895FA8F4B,Cell phones at school,Independent
A99C834B122D,Seeking multiple opinions,Independent
A9AEF67EBDC9,Cell phones at school,Independent
A9B89BB57964,Distance learning,Independent
A9BD2FCF25BE,Seeking multiple opinions,Independent
A9BFDB854400,Grades for extracurricular activities,Independent
A9C32291F224,Seeking multiple opinions,Independent
A9CB53645FC9,Community service,Independent
A9D04D3896C0,Mandatory extracurricular activities,Independent
A9D4A57ADCBA,Mandatory extracurricular activities,Independent
A9DC409C8EEC,Summer projects,Independent
A9E4B29E6B0D,Distance learning,Independent
A9E9851F3E7E,Distance learning,Independent
A9EBC5E40694,Grades for extracurricular activities,Independent
A9F45F81526E,Distance learning,Independent
A9F764775832,Seeking multiple opinions,Independent
A9FC7416BFC4,Summer projects,Independent
A9FE240AEBCA,Mandatory extracurricular activities,Independent
AA066CA040D5,Cell phones at school,Independent
AA079BC1923D,Distance learning,Independent
AA07C771D2D2,Mandatory extracurricular activities,Independent
AA0C42595227,Grades for extracurricular activities,Independent
AA0D527B394A,Summer projects,Independent
AA0EC4007F16,Seeking multiple opinions,Independent
AA0F49E35E96,Cell phones at school,Independent
AA12243C8371,Cell phones at school,Independent
AA15F858439C,Cell phones at school,Independent
AA1727BD4947,Seeking multiple opinions,Independent
AA1CDE1DE20C,Grades for extracurricular activities,Independent
AA1F3740A24D,Mandatory extracurricular activities,Independent
AA25CD9D9014,Community service,Independent
AA2A58643ABF,Grades for extracurricular activities,Independent
AA2B7E9642C8,Community service,Independent
AA3A35044E77,Community service,Independent
AA40C0B9B536,Distance learning,Independent
AA44E0F93AE8,Summer projects,Independent
AA45F6AB9AA9,Mandatory extracurricular activities,Independent
AA48C183006F,Seeking multiple opinions,Independent
AA4CF5537352,Community service,Independent
AA51B5B5EF68,Grades for extracurricular activities,Independent
AA59A664939F,Grades for extracurricular activities,Independent
AA5E62173BB5,Community service,Independent
AA63BFA27A2C,Distance learning,Independent
AA6C2F58FC3F,Mandatory extracurricular activities,Independent
AA6E2A489205,Distance learning,Independent
AA75CB9C552C,Grades for extracurricular activities,Independent
AA766FA05F63,Mandatory extracurricular activities,Independent
AA7F2985C1AA,Mandatory extracurricular activities,Independent
AA7F9D6FABE3,Cell phones at school,Independent
AA815FFC2BF6,Seeking multiple opinions,Independent
AA825AADE171,Distance learning,Independent
AA871DB1926F,Mandatory extracurricular activities,Independent
AA90439F8B92,Summer projects,Independent
AA95E0C631D9,Grades for extracurricular activities,Independent
AA9767FB71E9,Mandatory extracurricular activities,Independent
AA9B263544A9,Distance learning,Independent
AA9CF617C348,Summer projects,Independent
AAA9670F8168,Grades for extracurricular activities,Independent
AAB5BB67C620,Grades for extracurricular activities,Independent
AABF59EF8FE8,Cell phones at school,Independent
AADCE1E62CE7,Grades for extracurricular activities,Independent
AAE2C403989D,Mandatory extracurricular activities,Independent
AAE49DDED395,Cell phones at school,Independent
AAEA45B2CEE1,Community service,Independent
AAEED47072D9,Distance learning,Independent
AAF5D100E836,Cell phones at school,Independent
AAFA0B9080C0,Summer projects,Independent
AAFE0E511953,Seeking multiple opinions,Independent
AAFEFFEE5557,Community service,Independent
AB0403712FA9,Mandatory extracurricular activities,Independent
AB0E914DEB96,Summer projects,Independent
AB115EA6CA38,Mandatory extracurricular activities,Independent
AB127AC65E33,Community service,Independent
AB152A57A2D7,Grades for extracurricular activities,Independent
AB1AAD6295FC,Distance learning,Independent
AB1F3BA8AED2,Grades for extracurricular activities,Independent
AB20C40854C1,Grades for extracurricular activities,Independent
AB2DAA9F9151,Mandatory extracurricular activities,Independent
AB2EE99A7ABF,Seeking multiple opinions,Independent
AB3053E08AEC,Cell phones at school,Independent
AB3263A61ECB,Grades for extracurricular activities,Independent
AB3606E85520,Summer projects,Independent
AB49E68A9AD2,Distance learning,Independent
AB4F9B52DF71,Cell phones at school,Independent
AB5D516FC4C3,Grades for extracurricular activities,Independent
AB5D77D7E5A1,Community service,Independent
AB5EBB04C48D,Seeking multiple opinions,Independent
AB6284069E18,Distance learning,Independent
AB69A8EDFA20,Seeking multiple opinions,Independent
AB6F718824A0,Cell phones at school,Independent
AB7706113077,Distance learning,Independent
AB7788B03DC1,Grades for extracurricular activities,Independent
AB7C37512445,Grades for extracurricular activities,Independent
AB811AA2AB4A,Cell phones at school,Independent
AB8291924838,Cell phones at school,Independent
AB831D6AD78A,Summer projects,Independent
AB83C89D3124,Summer projects,Independent
AB887E670FE6,Cell phones at school,Independent
AB8D3B532D2E,Seeking multiple opinions,Independent
AB8EFBD82820,Seeking multiple opinions,Independent
AB937FE6C5DD,Seeking multiple opinions,Independent
AB9E07EE89BD,Mandatory extracurricular activities,Independent
ABA8D98CE4D1,Grades for extracurricular activities,Independent
ABAC4A93E9C0,Distance learning,Independent
ABACC30835CD,Seeking multiple opinions,Independent
ABBA50242CFA,Distance learning,Independent
ABBCD9806D9C,Community service,Independent
ABBDBEE8FE04,Distance learning,Independent
ABBF7FEB056D,Community service,Independent
ABC4770058F6,Summer projects,Independent
ABC59FCA6150,Distance learning,Independent
ABD3B53BC183,Summer projects,Independent
ABDBAB6E1572,Mandatory extracurricular activities,Independent
ABE45B3CCAD9,Grades for extracurricular activities,Independent
ABEB82F77B84,Grades for extracurricular activities,Independent
ABED0C27DF2D,Distance learning,Independent
ABFA0C962CA1,Mandatory extracurricular activities,Independent
ABFE420BA213,Grades for extracurricular activities,Independent
AC04DCF3041C,Seeking multiple opinions,Independent
AC05C210E589,Cell phones at school,Independent
AC09E2C4AE2E,Mandatory extracurricular activities,Independent
AC0B87BB101A,Distance learning,Independent
AC0FEEED417B,Distance learning,Independent
AC134C9AB3CC,Summer projects,Independent
AC31C0D7AFCA,Community service,Independent
AC322869C365,Distance learning,Independent
AC33D93DD897,Cell phones at school,Independent
AC4075563D4F,Distance learning,Independent
AC4B2411A986,Cell phones at school,Independent
AC505EF3920C,Cell phones at school,Independent
AC523741D5A0,Mandatory extracurricular activities,Independent
AC525B50F33C,Distance learning,Independent
AC5784FD5C8E,Cell phones at school,Independent
AC5F232F9F99,Summer projects,Independent
AC61A7E32B06,Summer projects,Independent
AC6348A7ECB4,Distance learning,Independent
AC70BEFCB732,Summer projects,Independent
AC729925620C,Seeking multiple opinions,Independent
AC73CBAA169B,Mandatory extracurricular activities,Independent
AC76BEA677C1,Mandatory extracurricular activities,Independent
AC78193CD7B9,Community service,Independent
AC7AB280A93C,Distance learning,Independent
AC7C84C2A13E,Summer projects,Independent
AC7E6B598391,Summer projects,Independent
AC7FEF69749E,Mandatory extracurricular activities,Independent
AC84A8657812,Mandatory extracurricular activities,Independent
AC8F2F26AB2E,Seeking multiple opinions,Independent
AC8FB147E095,Grades for extracurricular activities,Independent
AC92D49B8CC3,Distance learning,Independent
AC9801E7B7A1,Mandatory extracurricular activities,Independent
AC9EA64819DC,Mandatory extracurricular activities,Independent
ACA08DBF39EE,Distance learning,Independent
ACA6FC4A813D,Cell phones at school,Independent
ACB2761CF6BF,Grades for extracurricular activities,Independent
ACB4C9F4B96D,Summer projects,Independent
ACBB0618CF1A,Mandatory extracurricular activities,Independent
ACC2488E77B7,Grades for extracurricular activities,Independent
ACC87684DC19,Cell phones at school,Independent
ACCD71550365,Seeking multiple opinions,Independent
ACDF0CAAF77C,Cell phones at school,Independent
ACE1A5EF8B3C,Cell phones at school,Independent
ACE2C5B570CB,Mandatory extracurricular activities,Independent
ACE3E472041C,Distance learning,Independent
ACEDBB3C81A0,Distance learning,Independent
ACEFB38EDC1C,Mandatory extracurricular activities,Independent
ACF8D85BE4F4,Distance learning,Independent
AD094AD5740A,Summer projects,Independent
AD172AE23CAC,Cell phones at school,Independent
AD175892EC1C,Distance learning,Independent
AD19FCCF4D66,Seeking multiple opinions,Independent
AD1CF1DE4828,Seeking multiple opinions,Independent
AD21FBA1A7DF,Cell phones at school,Independent
AD25C95CC18A,Distance learning,Independent
AD2E56E68B84,Summer projects,Independent
AD2EB78655F2,Distance learning,Independent
AD330078D176,Community service,Independent
AD3821286500,Summer projects,Independent
AD4118A1F805,Cell phones at school,Independent
AD447A0ADA1E,Mandatory extracurricular activities,Independent
AD53B357BD0D,Seeking multiple opinions,Independent
AD58682D517C,Mandatory extracurricular activities,Independent
AD58FCCE40BE,Mandatory extracurricular activities,Independent
AD6649397582,Grades for extracurricular activities,Independent
AD66766E1629,Cell phones at school,Independent
AD7525091D85,Seeking multiple opinions,Independent
AD792BAF03AA,Grades for extracurricular activities,Independent
AD7BF1EAE72F,Distance learning,Independent
AD802CC1863E,Distance learning,Independent
AD8BBB12682E,Grades for extracurricular activities,Independent
AD8D17327119,Distance learning,Independent
AD968694871B,Mandatory extracurricular activities,Independent
AD97126ECA8A,Summer projects,Independent
AD9CEE5A6FFF,Seeking multiple opinions,Independent
AD9DF5656D88,Distance learning,Independent
ADA5FE621125,Seeking multiple opinions,Independent
ADA8F6319D6C,Seeking multiple opinions,Independent
ADADD3AF30B1,Grades for extracurricular activities,Independent
ADBC6A551DAA,Summer projects,Independent
ADC46484D3B7,Distance learning,Independent
ADC9301EE918,Summer projects,Independent
ADCCB5D55577,Seeking multiple opinions,Independent
ADCE0BCD042D,Grades for extracurricular activities,Independent
ADD3D2BDCC6B,Seeking multiple opinions,Independent
ADD688C18040,Seeking multiple opinions,Independent
ADD7CE85B73C,Cell phones at school,Independent
ADDAA9A7EB90,Distance learning,Independent
ADDD983D6D5E,Summer projects,Independent
ADDF7CABF5A5,Seeking multiple opinions,Independent
ADE6D1DFC53B,Grades for extracurricular activities,Independent
ADEB72AF10FC,Mandatory extracurricular activities,Independent
ADF83B2078E9,Summer projects,Independent
ADFE2CDB6FF1,Distance learning,Independent
AE021F85F4D5,Community service,Independent
AE0341CCEBDB,Cell phones at school,Independent
AE044D6DE72C,Seeking multiple opinions,Independent
AE0675B526C2,Distance learning,Independent
AE08D70812DF,Cell phones at school,Independent
AE13071BFEF8,Mandatory extracurricular activities,Independent
AE1CEA05AB1F,Summer projects,Independent
AE1EA7A93322,Summer projects,Independent
AE25912B8391,Grades for extracurricular activities,Independent
AE359CF88362,Distance learning,Independent
AE37AE3F79C7,Summer projects,Independent
AE3C28BB7160,Cell phones at school,Independent
AE425A221021,Distance learning,Independent
AE47AB399CF4,Cell phones at school,Independent
AE4A6DE0EE74,Grades for extracurricular activities,Independent
AE4E01E44C0F,Mandatory extracurricular activities,Independent
AE56A078E096,Distance learning,Independent
AE5D214AAC85,Community service,Independent
AE6462B51991,Cell phones at school,Independent
AE6BABB53D5E,Mandatory extracurricular activities,Independent
AE6BE874B204,Distance learning,Independent
AE6DBB2AE6DB,Summer projects,Independent
AE7604228277,Distance learning,Independent
AE7A29F3FF37,Distance learning,Independent
AE7DE878CED5,Seeking multiple opinions,Independent
AE8253E52260,Mandatory extracurricular activities,Independent
AE82BD8A926A,Grades for extracurricular activities,Independent
AE8385F10D82,Summer projects,Independent
AE9E8ACD0A6F,Mandatory extracurricular activities,Independent
AEA3FC7D6E3F,Mandatory extracurricular activities,Independent
AEA63015C64E,Summer projects,Independent
AEA7922669A8,Community service,Independent
AEB124976815,Seeking multiple opinions,Independent
AEB7346EA9A4,Seeking multiple opinions,Independent
AEB8B6614549,Cell phones at school,Independent
AEB9F07707B7,Distance learning,Independent
AEBB0D1C98E9,Summer projects,Independent
AEBBFD25000D,Cell phones at school,Independent
AEC47500AA79,Grades for extracurricular activities,Independent
AEC9BAA4E7B1,Distance learning,Independent
AECE752276B3,Mandatory extracurricular activities,Independent
AED0E44B59CE,Seeking multiple opinions,Independent
AED1693001E4,Cell phones at school,Independent
AED7996C9DBC,Cell phones at school,Independent
AEDEB221139D,Cell phones at school,Independent
AEE03367AC03,Distance learning,Independent
AEE79E8B256B,Summer projects,Independent
AEE8D73906FE,Community service,Independent
AEEF884DCBBE,Grades for extracurricular activities,Independent
AEF85C085047,Distance learning,Independent
AEFDD857A5D9,Seeking multiple opinions,Independent
AF012373AD3C,Community service,Independent
AF0203C8BFE4,Cell phones at school,Independent
AF05AA1A49DA,Summer projects,Independent
AF1693F74897,Mandatory extracurricular activities,Independent
AF1A2BDA829F,Distance learning,Independent
AF214D4C47A5,Mandatory extracurricular activities,Independent
AF31964E08DE,Cell phones at school,Independent
AF320373DBAA,Grades for extracurricular activities,Independent
AF345723174D,Seeking multiple opinions,Independent
AF34B1CDD152,Cell phones at school,Independent
AF3A719533E9,Mandatory extracurricular activities,Independent
AF3AC84DD882,Grades for extracurricular activities,Independent
AF4152FBC8DA,Summer projects,Independent
AF41FBC320A5,Grades for extracurricular activities,Independent
AF4B8E3F7BF9,Cell phones at school,Independent
AF517D7FA328,Seeking multiple opinions,Independent
AF5E5BF38512,Mandatory extracurricular activities,Independent
AF5F2794E970,Summer projects,Independent
AF6254DD5494,Community service,Independent
AF637B7047FB,Mandatory extracurricular activities,Independent
AF642CA41345,Seeking multiple opinions,Independent
AF651D592CBE,Seeking multiple opinions,Independent
AF68F7B20B1F,Cell phones at school,Independent
AF6A4C253262,Distance learning,Independent
AF6EA8391841,Community service,Independent
AF7D12A40305,Distance learning,Independent
AF8626974C06,Grades for extracurricular activities,Independent
AF9079B5EF21,Summer projects,Independent
AF90C62BA52D,Community service,Independent
AF96A2176FB7,Distance learning,Independent
AF9939DC1EB2,Distance learning,Independent
AF9AA93024A9,Summer projects,Independent
AF9AAA672210,Seeking multiple opinions,Independent
AF9AE164D6BC,Distance learning,Independent
AFA1B02E1A80,Cell phones at school,Independent
AFA633EBCCAA,Mandatory extracurricular activities,Independent
AFAD4C8AF912,Cell phones at school,Independent
AFB0A60B6038,Community service,Independent
AFB59A8CCD0F,Mandatory extracurricular activities,Independent
AFC3A1FDF322,Mandatory extracurricular activities,Independent
AFC6EE85F5C2,Distance learning,Independent
AFCE5307F69A,Summer projects,Independent
AFD7DF57B19C,Distance learning,Independent
AFDA24702118,Mandatory extracurricular activities,Independent
AFEC37C2D43F,Seeking multiple opinions,Independent
AFED7787CD81,Community service,Independent
AFF314E99BF2,Seeking multiple opinions,Independent
AFF4F4ABC213,Mandatory extracurricular activities,Independent
AFF882607973,Seeking multiple opinions,Independent
AFFD150170C8,Seeking multiple opinions,Independent
B009897F65D0,Distance learning,Independent
B00B5447FE83,Cell phones at school,Independent
B0171B5E2D2F,Grades for extracurricular activities,Independent
B01DC4B13C31,Distance learning,Independent
B01E091E37CC,Community service,Independent
B022347FCF4D,Mandatory extracurricular activities,Independent
B02A4DDA8FC7,Community service,Independent
B0352BB36198,Cell phones at school,Independent
B04BEFD69D01,Seeking multiple opinions,Independent
B04DEC188939,Community service,Independent
B04EBE5811B6,Seeking multiple opinions,Independent
B056AD01475D,Community service,Independent
B05F21B4953A,Summer projects,Independent
B06F15F11C93,Seeking multiple opinions,Independent
B082F1A267EE,Mandatory extracurricular activities,Independent
B083862AF3B4,Distance learning,Independent
B083BE6F3E72,Grades for extracurricular activities,Independent
B08707B954BE,Grades for extracurricular activities,Independent
B08943432C17,Seeking multiple opinions,Independent
B091F6AFF43F,Distance learning,Independent
B092EE6E6C3B,Summer projects,Independent
B09CB4CB2D85,Distance learning,Independent
B0A311ED820C,Distance learning,Independent
B0A3BDF469F7,Grades for extracurricular activities,Independent
B0A88042A599,Mandatory extracurricular activities,Independent
B0AB337A9B59,Seeking multiple opinions,Independent
B0AD7021AB07,Summer projects,Independent
B0BFB2D69DBD,Mandatory extracurricular activities,Independent
B0C022D12C7F,Community service,Independent
B0C3BA432D21,Seeking multiple opinions,Independent
B0C3BBF86B9B,Seeking multiple opinions,Independent
B0C7779B7276,Community service,Independent
B0CA1D56B5ED,Cell phones at school,Independent
B0CA3173B40D,Summer projects,Independent
B0CCB2BD0349,Community service,Independent
B0CCFA21F82C,Mandatory extracurricular activities,Independent
B0CD65C0DE1D,Distance learning,Independent
B0D2190F7312,Seeking multiple opinions,Independent
B0D9116BE51A,Summer projects,Independent
B0DFA8E19584,Grades for extracurricular activities,Independent
B0E17505BCB3,Mandatory extracurricular activities,Independent
B0EBCFB79C3B,Distance learning,Independent
B0F17397621A,Mandatory extracurricular activities,Independent
B0F3FA7DE6CE,Distance learning,Independent
B0F5A3880ECB,Grades for extracurricular activities,Independent
B0FE8DA602E8,Grades for extracurricular activities,Independent
B10961803408,Community service,Independent
B111395C3C6E,Community service,Independent
B119CD1A5145,Community service,Independent
B11A853443A1,Summer projects,Independent
B11D35EE7B0F,Grades for extracurricular activities,Independent
B127CFD81E92,Mandatory extracurricular activities,Independent
B12D568E5775,Mandatory extracurricular activities,Independent
B150F36A25B2,Mandatory extracurricular activities,Independent
B15874A0E53D,Distance learning,Independent
B1589F9F0ADB,Grades for extracurricular activities,Independent
B15AF429027A,Distance learning,Independent
B15CAAF6DF04,Grades for extracurricular activities,Independent
B15DCC651E2D,Summer projects,Independent
B15E9A8C1E3F,Cell phones at school,Independent
B15EA1EE9302,Grades for extracurricular activities,Independent
B16710F91588,Cell phones at school,Independent
B1687066F985,Distance learning,Independent
B16C6D2C17BE,Mandatory extracurricular activities,Independent
B17127A30AC0,Seeking multiple opinions,Independent
B17816AD0AF8,Cell phones at school,Independent
B17A3A770A17,Grades for extracurricular activities,Independent
B17BDAC0197F,Seeking multiple opinions,Independent
B185CAA596E4,Seeking multiple opinions,Independent
B18624117239,Cell phones at school,Independent
B1869256CAE8,Cell phones at school,Independent
B18A0DBBF287,Cell phones at school,Independent
B18CC50F5A1A,Community service,Independent
B18E2DC8E7DB,Distance learning,Independent
B19940812E58,Summer projects,Independent
B19C6EA1C4B7,Cell phones at school,Independent
B1AC534F399D,Community service,Independent
B1AE2526EA45,Distance learning,Independent
B1C0DDEE474D,Summer projects,Independent
B1C9C23EDE4E,Distance learning,Independent
B1C9D89FD27C,Grades for extracurricular activities,Independent
B1D7630EE532,Mandatory extracurricular activities,Independent
B1D882183A63,Community service,Independent
B1DB05B61A1F,Grades for extracurricular activities,Independent
B1DE8840D4C4,Community service,Independent
B1E4B9C99415,Mandatory extracurricular activities,Independent
B1E590527982,Cell phones at school,Independent
B1E6DCD4F05F,Community service,Independent
B1EF45488EA7,Seeking multiple opinions,Independent
B1EFFE527751,Cell phones at school,Independent
B1F95DB388DB,Mandatory extracurricular activities,Independent
B1FBA75AD961,Seeking multiple opinions,Independent
B1FC2FA3AFB3,Distance learning,Independent
B20965019259,Community service,Independent
B211B7A637A9,Grades for extracurricular activities,Independent
B215E1BAC336,Community service,Independent
B21F63120303,Community service,Independent
B222F9F093CB,Seeking multiple opinions,Independent
B2244BA6AE2D,Grades for extracurricular activities,Independent
B2305853B773,Seeking multiple opinions,Independent
B23BDDB4B5FA,Community service,Independent
B240406DD5E7,Community service,Independent
B24B60C74429,Cell phones at school,Independent
B265B2EEBEDE,Distance learning,Independent
B269D53897D9,Seeking multiple opinions,Independent
B26ED6F34796,Seeking multiple opinions,Independent
B27C4443F88F,Cell phones at school,Independent
B286E6029ECB,Seeking multiple opinions,Independent
B286EEAB83F6,Community service,Independent
B28B37BFCC03,Community service,Independent
B292AB3572D3,Community service,Independent
B29C1E38F12E,Grades for extracurricular activities,Independent
B29CFA250576,Distance learning,Independent
B29EB2BF4D96,Grades for extracurricular activities,Independent
B2A621D75A0D,Grades for extracurricular activities,Independent
B2C0ECB08687,Mandatory extracurricular activities,Independent
B2C7EAB1488F,Distance learning,Independent
B2D03F892B0D,Distance learning,Independent
B2DAE4CC6597,Distance learning,Independent
B2DBC0B3AD67,Mandatory extracurricular activities,Independent
B2DDBAAC084C,Seeking multiple opinions,Independent
B2E594733164,Summer projects,Independent
B2E7CD57F60E,Cell phones at school,Independent
B2EC537A5265,Grades for extracurricular activities,Independent
B2F2DAD41E5F,Distance learning,Independent
B2F51A10762D,Mandatory extracurricular activities,Independent
B2F7B08EA688,Seeking multiple opinions,Independent
B2FF6A761EC9,Distance learning,Independent
B3031E720297,Mandatory extracurricular activities,Independent
B30A57DB8F04,Summer projects,Independent
B30E789C19ED,Distance learning,Independent
B30F2CD326C3,Seeking multiple opinions,Independent
B30F7524C444,Cell phones at school,Independent
B312F104B015,Distance learning,Independent
B316580FC02E,Mandatory extracurricular activities,Independent
B31F203DB1A8,Seeking multiple opinions,Independent
B32F41984B27,Distance learning,Independent
B330C76B790E,Grades for extracurricular activities,Independent
B3341D036468,Summer projects,Independent
B33757C833AA,Seeking multiple opinions,Independent
B33809DC1AAF,Summer projects,Independent
B33AAEEF92E5,Cell phones at school,Independent
B343F5E7C7BA,Seeking multiple opinions,Independent
B3493FBE6476,Distance learning,Independent
B34F39598C5D,Community service,Independent
B3526897360F,Community service,Independent
B3541C7B8380,Seeking multiple opinions,Independent
B356D7FBA362,Grades for extracurricular activities,Independent
B35B894BDDEF,Seeking multiple opinions,Independent
B35CDBFBD6D1,Distance learning,Independent
B3712DCA6C26,Seeking multiple opinions,Independent
B375FE480591,Summer projects,Independent
B3813CAD3B8D,Cell phones at school,Independent
B3815FC262CC,Grades for extracurricular activities,Independent
B3826CEDE916,Cell phones at school,Independent
B3842469B183,Grades for extracurricular activities,Independent
B384BEA9572B,Community service,Independent
B38B9288E93D,Distance learning,Independent
B38CA47E7A29,Community service,Independent
B38CEB26C2AB,Seeking multiple opinions,Independent
B38D6D958DB1,Seeking multiple opinions,Independent
B38DBE0AD1B2,Mandatory extracurricular activities,Independent
B392C89CA90E,Cell phones at school,Independent
B39E22A349BD,Community service,Independent
B3A2B0817A9F,Distance learning,Independent
B3A7EA9C932B,Mandatory extracurricular activities,Independent
B3A830730FB7,Community service,Independent
B3AB4E6C5678,Cell phones at school,Independent
B3BBBAE51416,Community service,Independent
B3C8CE820C5D,Seeking multiple opinions,Independent
B3CD019589CB,Community service,Independent
B3CF4188DC2F,Seeking multiple opinions,Independent
B3E4B633261B,Community service,Independent
B3EAA82C827E,Summer projects,Independent
B402430B0616,Distance learning,Independent
B40DD5822E7E,Mandatory extracurricular activities,Independent
B41900D2BB5B,Distance learning,Independent
B42AFC74C063,Mandatory extracurricular activities,Independent
B43A357A9F90,Community service,Independent
B43F583ECE54,Mandatory extracurricular activities,Independent
B44F4F2E6178,Community service,Independent
B460DDD6C6CA,Seeking multiple opinions,Independent
B462DD2E5524,Grades for extracurricular activities,Independent
B46913FEF3E9,Community service,Independent
B46A2BA39974,Distance learning,Independent
B480F24C84B2,Grades for extracurricular activities,Independent
B48302EAFB68,Grades for extracurricular activities,Independent
B4862797CA5D,Distance learning,Independent
B48D82A4EC73,Distance learning,Independent
B490EC2E88FA,Community service,Independent
B496C551E6D8,Mandatory extracurricular activities,Independent
B4994C771190,Distance learning,Independent
B4AC3F641AFF,Distance learning,Independent
B4B8BEB77C2E,Distance learning,Independent
B4BD4DD677AD,Seeking multiple opinions,Independent
B4C4BABFB290,Mandatory extracurricular activities,Independent
B4C542456DE7,Cell phones at school,Independent
B4C5B9F3FB4E,Summer projects,Independent
B4D5A1F379A4,Grades for extracurricular activities,Independent
B4DEA93DAA5B,Distance learning,Independent
B4EB26957632,Grades for extracurricular activities,Independent
B4F6234EE053,Cell phones at school,Independent
B4F7C5D9CA8D,Summer projects,Independent
B4FC71C68AF1,Cell phones at school,Independent
B51FB7EF1F85,Grades for extracurricular activities,Independent
B522B51842BB,Mandatory extracurricular activities,Independent
B526BA896931,Distance learning,Independent
B527F1CEBDA4,Summer projects,Independent
B528C5E19433,Cell phones at school,Independent
B538ED9EE68B,Cell phones at school,Independent
B53910E9E75D,Grades for extracurricular activities,Independent
B541C87764FC,Seeking multiple opinions,Independent
B54BD310F2E7,Grades for extracurricular activities,Independent
B54C2AEBD0A2,Community service,Independent
B55226710587,Community service,Independent
B555B3937F07,Grades for extracurricular activities,Independent
B55FF7648652,Summer projects,Independent
B562D63C7817,Grades for extracurricular activities,Independent
B565CBCD43E6,Seeking multiple opinions,Independent
B567AD10DA07,Mandatory extracurricular activities,Independent
B567E3C423FC,Summer projects,Independent
B57CD09825BE,Cell phones at school,Independent
B5868ECDF875,Seeking multiple opinions,Independent
B5881296C4D9,Summer projects,Independent
B59382C26036,Community service,Independent
B59796948DC5,Mandatory extracurricular activities,Independent
B59B6731525B,Seeking multiple opinions,Independent
B5A5CFDCE29E,Summer projects,Independent
B5A7C13D13B8,Mandatory extracurricular activities,Independent
B5ADA3B3C0CE,Cell phones at school,Independent
B5AFFE1A4431,Seeking multiple opinions,Independent
B5B008D3B5FD,Distance learning,Independent
B5BE21756CF7,Seeking multiple opinions,Independent
B5BEC55A9305,Grades for extracurricular activities,Independent
B5C606F0A883,Distance learning,Independent
B5CA9C10711C,Summer projects,Independent
B5CBE846C3F7,Distance learning,Independent
B5CC94F03E06,Seeking multiple opinions,Independent
B5CFB2339EF5,Distance learning,Independent
B5D7E9862FCA,Summer projects,Independent
B5DB0D021C61,Mandatory extracurricular activities,Independent
B5DE5F7FFDCD,Summer projects,Independent
B5DF4C1B3866,Grades for extracurricular activities,Independent
B5E0ABA73D8B,Summer projects,Independent
B5E26D74877D,Seeking multiple opinions,Independent
B5E9AB29F905,Cell phones at school,Independent
B5FF33681C22,Distance learning,Independent
B601B21F968F,Mandatory extracurricular activities,Independent
B60638E77885,Cell phones at school,Independent
B608721A4DF0,Summer projects,Independent
B60965F6B17C,Community service,Independent
B60ADCB454D8,Mandatory extracurricular activities,Independent
B60BD5B9D118,Distance learning,Independent
B60E0310BEBE,Community service,Independent
B6113C09A9DE,Summer projects,Independent
B61FF40EE999,Distance learning,Independent
B62124DB13F3,Grades for extracurricular activities,Independent
B62735D56CF8,Community service,Independent
B628FF1A07C6,Summer projects,Independent
B629EA259C90,Mandatory extracurricular activities,Independent
B63EAF46C812,Distance learning,Independent
B6467F2220B6,Summer projects,Independent
B64898B85B89,Grades for extracurricular activities,Independent
B64E5519018D,Distance learning,Independent
B651AEF954C3,Seeking multiple opinions,Independent
B65275183C2E,Grades for extracurricular activities,Independent
B65361F90B72,Distance learning,Independent
B655D031D13F,Cell phones at school,Independent
B659CCF9A5C5,Distance learning,Independent
B6666AE07D46,Grades for extracurricular activities,Independent
B66DBF47F3CE,Community service,Independent
B6754C50B4F0,Grades for extracurricular activities,Independent
B68615EF56EC,Cell phones at school,Independent
B68ED8EDBA5D,Distance learning,Independent
B6A680899085,Community service,Independent
B6A7E0AA3574,Seeking multiple opinions,Independent
B6B1ADD3EC37,Seeking multiple opinions,Independent
B6B28560FA92,Summer projects,Independent
B6B2D2FC8F3D,Mandatory extracurricular activities,Independent
B6C0D82C6F85,Community service,Independent
B6C9D15965BC,Community service,Independent
B6D2D0599D30,Grades for extracurricular activities,Independent
B6D345D45CB9,Summer projects,Independent
B6D4400A3B06,Seeking multiple opinions,Independent
B6DA78584387,Cell phones at school,Independent
B6E0685C4299,Mandatory extracurricular activities,Independent
B6E9E12159E3,Seeking multiple opinions,Independent
B6EFDEA59653,Summer projects,Independent
B6F03D0CEABE,Summer projects,Independent
B6F12A1662D4,Distance learning,Independent
B6F2EB10DE3C,Mandatory extracurricular activities,Independent
B6F445EE304C,Grades for extracurricular activities,Independent
B6FA14E88F99,Community service,Independent
B700273E7D4B,Distance learning,Independent
B7075CD10BCC,Distance learning,Independent
B70A8CE779BB,Grades for extracurricular activities,Independent
B70CB72FC1BE,Cell phones at school,Independent
B71521CCA4F4,Mandatory extracurricular activities,Independent
B71DB7CEB4A8,Cell phones at school,Independent
B724D11E09C5,Grades for extracurricular activities,Independent
B727B720430B,Cell phones at school,Independent
B72812E8C21F,Grades for extracurricular activities,Independent
B72A2DB34EE9,Grades for extracurricular activities,Independent
B72C8D543253,Mandatory extracurricular activities,Independent
B731B6D15B45,Seeking multiple opinions,Independent
B731FAF1A933,Community service,Independent
B736B35EC849,Distance learning,Independent
B73FE4F761D2,Seeking multiple opinions,Independent
B74091BD48A1,Seeking multiple opinions,Independent
B7468C4DD17C,Distance learning,Independent
B74852381DC0,Grades for extracurricular activities,Independent
B74EC94193F8,Cell phones at school,Independent
B7530756CE92,Cell phones at school,Independent
B75BF6FFD9A2,Grades for extracurricular activities,Independent
B75E90DC14B3,Distance learning,Independent
B765274CA182,Community service,Independent
B77CB9C82BCB,Cell phones at school,Independent
B7819FA33B21,Summer projects,Independent
B78A191477C9,Seeking multiple opinions,Independent
B79635E19C40,Distance learning,Independent
B796909E583C,Summer projects,Independent
B79712C5818C,Grades for extracurricular activities,Independent
B799DAFE0950,Seeking multiple opinions,Independent
B79DB58FFBA0,Grades for extracurricular activities,Independent
B7A015945756,Summer projects,Independent
B7A0347C68C3,Distance learning,Independent
B7A4F3D53DD6,Community service,Independent
B7AA9C26B8D5,Cell phones at school,Independent
B7ACED7ED339,Distance learning,Independent
B7B158E7E87B,Mandatory extracurricular activities,Independent
B7B7115CD3A4,Cell phones at school,Independent
B7B88467EB00,Mandatory extracurricular activities,Independent
B7B88E6FF395,Seeking multiple opinions,Independent
B7BA180EB8FF,Community service,Independent
B7BC85276656,Community service,Independent
B7BD2B00214C,Seeking multiple opinions,Independent
B7BD520BE938,Seeking multiple opinions,Independent
B7BE5DC0C28C,Community service,Independent
B7C1ABD185A4,Grades for extracurricular activities,Independent
B7CB125E7BD5,Cell phones at school,Independent
B7CEDA3843F3,Distance learning,Independent
B7CEDD36D489,Distance learning,Independent
B7D68CD59B93,Mandatory extracurricular activities,Independent
B7E89307EDCB,Cell phones at school,Independent
B7E98C5C578F,Distance learning,Independent
B7ECC3A7AD2B,Mandatory extracurricular activities,Independent
B7EDCEA9137B,Grades for extracurricular activities,Independent
B801475483E7,Distance learning,Independent
B803E3E11DD0,Summer projects,Independent
B80D5859AC35,Cell phones at school,Independent
B8164EA79177,Community service,Independent
B81988A56B6A,Seeking multiple opinions,Independent
B81A81BDA987,Mandatory extracurricular activities,Independent
B81F8D4BF791,Seeking multiple opinions,Independent
B8206613E7D9,Distance learning,Independent
B82896DAE7D6,Summer projects,Independent
B82D39FFC692,Summer projects,Independent
B8321F8B104D,Seeking multiple opinions,Independent
B834D88C6D32,Community service,Independent
B83D6D54324F,Grades for extracurricular activities,Independent
B84EF55EE7F0,Summer projects,Independent
B8588FFF0828,Cell phones at school,Independent
B860C32986F9,Distance learning,Independent
B864F3DC71FC,Seeking multiple opinions,Independent
B865F245D86B,Community service,Independent
B86D09F6A43A,Distance learning,Independent
B871AAD79344,Mandatory extracurricular activities,Independent
B87B216EF2C4,Community service,Independent
B88301B4E6D7,Grades for extracurricular activities,Independent
B88543B512DE,Seeking multiple opinions,Independent
B88A1ED73119,Mandatory extracurricular activities,Independent
B89AF6677AE9,Mandatory extracurricular activities,Independent
B89E39C1E436,Community service,Independent
B89F37555A14,Summer projects,Independent
B89FAB59B1B3,Seeking multiple opinions,Independent
B8A2B64B089F,Seeking multiple opinions,Independent
B8AB4C6E1F5A,Grades for extracurricular activities,Independent
B8BE5466E96B,Summer projects,Independent
B8C778C456FA,Distance learning,Independent
B8CA9E3E3100,Seeking multiple opinions,Independent
B8CAE254E601,Cell phones at school,Independent
B8D044C6D5CB,Distance learning,Independent
B8D4D1B62526,Distance learning,Independent
B8E2173DE90F,Distance learning,Independent
B8E586DF8C64,Distance learning,Independent
B8E816DA2049,Cell phones at school,Independent
B8EA14D3E542,Grades for extracurricular activities,Independent
B8F20E4A2425,Mandatory extracurricular activities,Independent
B8F95A683EEA,Grades for extracurricular activities,Independent
B8FB806ECDA3,Community service,Independent
B8FCB3C2CB97,Community service,Independent
B8FEB34C1378,Seeking multiple opinions,Independent
B900AB9B5FEA,Summer projects,Independent
B91C344934D2,Distance learning,Independent
B922E85199CD,Grades for extracurricular activities,Independent
B932887DC40A,Distance learning,Independent
B932B6502E71,Summer projects,Independent
B934F3106FCB,Seeking multiple opinions,Independent
B936994E140D,Distance learning,Independent
B939C9FDDAB0,Seeking multiple opinions,Independent
B93AA2C15E8B,Community service,Independent
B94059412B2C,Mandatory extracurricular activities,Independent
B947F9493FAF,Seeking multiple opinions,Independent
B948C72229B3,Seeking multiple opinions,Independent
B95153DCC67E,Seeking multiple opinions,Independent
B95270A9AB79,Grades for extracurricular activities,Independent
B962DA47BC7B,Summer projects,Independent
B962DFFBD558,Seeking multiple opinions,Independent
B9651FC740C7,Grades for extracurricular activities,Independent
B967FC913839,Seeking multiple opinions,Independent
B9683F7A95FC,Grades for extracurricular activities,Independent
B980EA7222ED,Grades for extracurricular activities,Independent
B98606572CA3,Cell phones at school,Independent
B9871E7972A3,Distance learning,Independent
B98CEECCB8B7,Summer projects,Independent
B994BEE43F58,Community service,Independent
B996860E00A4,Seeking multiple opinions,Independent
B9A542B2C36C,Distance learning,Independent
B9B22FD6C9EF,Community service,Independent
B9B653AD964E,Mandatory extracurricular activities,Independent
B9B870FF9795,Mandatory extracurricular activities,Independent
B9B8F5E753FB,Cell phones at school,Independent
B9BB6A0E2F04,Summer projects,Independent
B9CA103F2BF9,Cell phones at school,Independent
B9CFF7E63FD7,Cell phones at school,Independent
B9DABCFD687D,Distance learning,Independent
B9E4540497AA,Distance learning,Independent
B9FEF2CA826E,Mandatory extracurricular activities,Independent
B9FFFA708444,Distance learning,Independent
BA007250F304,Seeking multiple opinions,Independent
BA0DC6904621,Distance learning,Independent
BA18C6F80423,Seeking multiple opinions,Independent
BA1D860F0A07,Cell phones at school,Independent
BA1E2A47DC1B,Mandatory extracurricular activities,Independent
BA2508B83457,Community service,Independent
BA2C7291BBFA,Community service,Independent
BA2E03C7A8F4,Summer projects,Independent
BA30863CDECB,Seeking multiple opinions,Independent
BA318BB2F60E,Summer projects,Independent
BA38004E2A10,Mandatory extracurricular activities,Independent
BA3D6BB860C6,Community service,Independent
BA43E40FDC33,Grades for extracurricular activities,Independent
BA4563DB8F78,Mandatory extracurricular activities,Independent
BA541CCAA2FF,Distance learning,Independent
BA545022DFCD,Cell phones at school,Independent
BA598CD4A9A0,Community service,Independent
BA5C438CC087,Summer projects,Independent
BA5F00503DBF,Grades for extracurricular activities,Independent
BA615AAC44E7,Seeking multiple opinions,Independent
BA6A9F0E5306,Cell phones at school,Independent
BA6E16F7F861,Cell phones at school,Independent
BA7B34D01383,Distance learning,Independent
BA7D7280DF73,Summer projects,Independent
BA7DFD2DC895,Distance learning,Independent
BA84F715BB5F,Cell phones at school,Independent
BA85951767B0,Distance learning,Independent
BA8756AB310B,Community service,Independent
BA881F8A8909,Distance learning,Independent
BA930ABE4928,Distance learning,Independent
BAA1D7B94854,Grades for extracurricular activities,Independent
BAAE75D65C1D,Cell phones at school,Independent
BAAEFBE3AA34,Cell phones at school,Independent
BAB0E8E2AE82,Grades for extracurricular activities,Independent
BAB28ABA8ECE,Summer projects,Independent
BAB720EE1AC3,Mandatory extracurricular activities,Independent
BABDE6C6C7B9,Cell phones at school,Independent
BAC0B3065401,Mandatory extracurricular activities,Independent
BAC5264E2DCE,Summer projects,Independent
BAC9D8631137,Mandatory extracurricular activities,Independent
BAD78C43D291,Cell phones at school,Independent
BAD8D71742D9,Distance learning,Independent
BADF7845CDA3,Grades for extracurricular activities,Independent
BAE5AB74C4F5,Cell phones at school,Independent
BAF3E4907368,Summer projects,Independent
BB009CEC8D8F,Summer projects,Independent
BB05AA24FF3E,Cell phones at school,Independent
BB08150E3DAC,Cell phones at school,Independent
BB207C714EBA,Distance learning,Independent
BB281953DF01,Mandatory extracurricular activities,Independent
BB2AE006B7CF,Summer projects,Independent
BB33169642C3,Grades for extracurricular activities,Independent
BB3615AA4AF1,Cell phones at school,Independent
BB44EB96FFFF,Mandatory extracurricular activities,Independent
BB485D0F7E4E,Summer projects,Independent
BB4A53A0A9E0,Distance learning,Independent
BB4B5D896E96,Summer projects,Independent
BB4CEF5C3899,Distance learning,Independent
BB5B7EE4A1A6,Summer projects,Independent
BB5E6A8A2420,Summer projects,Independent
BB63726A3E94,Cell phones at school,Independent
BB788EF59B9E,Cell phones at school,Independent
BB7BD96F1D9B,Mandatory extracurricular activities,Independent
BB802192D44F,Summer projects,Independent
BB8064D7B327,Distance learning,Independent
BB86D8B194BD,Mandatory extracurricular activities,Independent
BB888E19222B,Distance learning,Independent
BB8AADDCF097,Community service,Independent
BB8F93A2571E,Mandatory extracurricular activities,Independent
BB92579586BF,Seeking multiple opinions,Independent
BB9B2400BE18,Seeking multiple opinions,Independent
BB9E9FAB601B,Community service,Independent
BB9EF9FA2F9B,Mandatory extracurricular activities,Independent
BBB0C6DD06E5,Community service,Independent
BBB2C5E7B286,Mandatory extracurricular activities,Independent
BBB54BC8F12C,Mandatory extracurricular activities,Independent
BBBC74680147,Distance learning,Independent
BBC0E1AA58C9,Seeking multiple opinions,Independent
BBC71057F9A5,Mandatory extracurricular activities,Independent
BBDA39C84AF7,Seeking multiple opinions,Independent
BBE5305DAE8E,Summer projects,Independent
BBE712F7271D,Cell phones at school,Independent
BBEE06BD484C,Summer projects,Independent
BBEF082C0C31,Community service,Independent
BBF72645C803,Summer projects,Independent
BC0703638937,Seeking multiple opinions,Independent
BC0B8B8E499F,Cell phones at school,Independent
BC0D9F77A3DA,Mandatory extracurricular activities,Independent
BC14D201CBF5,Summer projects,Independent
BC16D84D825F,Cell phones at school,Independent
BC17CDFA8BF7,Community service,Independent
BC1B132DB385,Summer projects,Independent
BC1EB41C5606,Summer projects,Independent
BC1F674402CA,Mandatory extracurricular activities,Independent
BC2210868DF6,Grades for extracurricular activities,Independent
BC27CDCD1A45,Distance learning,Independent
BC2CAB7DB6F0,Grades for extracurricular activities,Independent
BC37046CC03C,Summer projects,Independent
BC3ABF1DE758,Summer projects,Independent
BC3BA3BD592F,Community service,Independent
BC40D61679A5,Summer projects,Independent
BC4CC859C08D,Grades for extracurricular activities,Independent
BC56873E3D8D,Mandatory extracurricular activities,Independent
BC5897273E24,Mandatory extracurricular activities,Independent
BC58A9389AF4,Mandatory extracurricular activities,Independent
BC5B1BBADA5D,Cell phones at school,Independent
BC6C957D792F,Summer projects,Independent
BC6FA6976BC8,Grades for extracurricular activities,Independent
BC8ABD92AC4D,Grades for extracurricular activities,Independent
BC9BD45BDC0E,Distance learning,Independent
BC9EB6EF2B1D,Mandatory extracurricular activities,Independent
BCA02BA3F766,Distance learning,Independent
BCA5C180FFD4,Grades for extracurricular activities,Independent
BCA9ED73877E,Summer projects,Independent
BCABCE4B902A,Summer projects,Independent
BCAE5B0783CF,Distance learning,Independent
BCB248D539C3,Community service,Independent
BCB7DF4F1620,Community service,Independent
BCB916A9A9F3,Grades for extracurricular activities,Independent
BCBD7D07903C,Summer projects,Independent
BCCF4B287AC6,Cell phones at school,Independent
BCEF4D5FF6AB,Grades for extracurricular activities,Independent
BCF1394768B1,Mandatory extracurricular activities,Independent
BCF95C5F4A60,Grades for extracurricular activities,Independent
BD0A4A94AC7B,Distance learning,Independent
BD0D555216AB,Summer projects,Independent
BD0D7907E4D7,Distance learning,Independent
BD128A3C6F33,Seeking multiple opinions,Independent
BD1B84C5FC0B,Summer projects,Independent
BD33192DA18E,Mandatory extracurricular activities,Independent
BD4AD688DDDF,Mandatory extracurricular activities,Independent
BD4B01D328B0,Grades for extracurricular activities,Independent
BD4BFB4E8C6B,Distance learning,Independent
BD5D43DD9B27,Cell phones at school,Independent
BD74DC599A26,Community service,Independent
BD7699966452,Cell phones at school,Independent
BD82629E71E2,Distance learning,Independent
BD889A4D831B,Distance learning,Independent
BD88FF0A458D,Summer projects,Independent
BD8D21AC238D,Distance learning,Independent
BD994514CE6C,Distance learning,Independent
BD9CEA31FE1A,Community service,Independent
BDA9F0CED1A1,Distance learning,Independent
BDB04C58DD28,Grades for extracurricular activities,Independent
BDC47D47817A,Summer projects,Independent
BDCAC1A891BE,Grades for extracurricular activities,Independent
BDCD981437BB,Summer projects,Independent
BDD19E45610D,Mandatory extracurricular activities,Independent
BDD5D74671DD,Seeking multiple opinions,Independent
BDD65CF27087,Seeking multiple opinions,Independent
BDE08546F7EE,Distance learning,Independent
BDE41F0B5A4A,Community service,Independent
BDE777E6A89A,Distance learning,Independent
BDEEF1C21803,Grades for extracurricular activities,Independent
BDF7794E56BF,Summer projects,Independent
BE06AE84DE6F,Grades for extracurricular activities,Independent
BE0B394B4E9B,Distance learning,Independent
BE0FA97CA16D,Summer projects,Independent
BE126D453657,Seeking multiple opinions,Independent
BE1367FA4958,Summer projects,Independent
BE1752DCF09C,Distance learning,Independent
BE1E07640466,Grades for extracurricular activities,Independent
BE243683124A,Summer projects,Independent
BE2EFAD9E4DF,Cell phones at school,Independent
BE3528E08156,Mandatory extracurricular activities,Independent
BE3B47A38A44,Community service,Independent
BE3CDD3C096D,Community service,Independent
BE464F52C63D,Mandatory extracurricular activities,Independent
BE467B258799,Summer projects,Independent
BE4764F7BFF1,Distance learning,Independent
BE491CB91FD3,Summer projects,Independent
BE4BF0AD2979,Summer projects,Independent
BE4E34FD45B6,Distance learning,Independent
BE5D3ADC4F2B,Summer projects,Independent
BE62C5534E8B,Grades for extracurricular activities,Independent
BE68B9E53CCB,Seeking multiple opinions,Independent
BE694C1289EF,Community service,Independent
BE6A9A5A2824,Summer projects,Independent
BE6D18BAA3D1,Seeking multiple opinions,Independent
BE803DB36DBC,Cell phones at school,Independent
BE80D73EC131,Summer projects,Independent
BEA1BEB4D331,Grades for extracurricular activities,Independent
BEA3DD78D206,Grades for extracurricular activities,Independent
BEA6B3D459CC,Community service,Independent
BEAC2B192D02,Distance learning,Independent
BEAD93DDDB69,Seeking multiple opinions,Independent
BEB1900622E4,Summer projects,Independent
BEB9FA0DE942,Cell phones at school,Independent
BEBB6FC233B7,Community service,Independent
BEC46C36BC47,Community service,Independent
BEC88463148B,Mandatory extracurricular activities,Independent
BECA96F21873,Grades for extracurricular activities,Independent
BECD43430921,Summer projects,Independent
BECFCA5BFABD,Community service,Independent
BED033B2C361,Seeking multiple opinions,Independent
BED647C69EDF,Distance learning,Independent
BED7C30345A0,Summer projects,Independent
BEDC43C0FE6A,Summer projects,Independent
BEDEBC52CD1A,Distance learning,Independent
BEDFC81C8E66,Distance learning,Independent
BEE16EB0ACF4,Grades for extracurricular activities,Independent
BEE1B9179E2C,Community service,Independent
BEE6B76959CE,Summer projects,Independent
BEEC3F8E676F,Grades for extracurricular activities,Independent
BEEE3AC55C0E,Seeking multiple opinions,Independent
BEF5E55E29CB,Community service,Independent
BF00A0DFDA72,Community service,Independent
BF01FFEF8CB3,Seeking multiple opinions,Independent
BF0241C10324,Grades for extracurricular activities,Independent
BF040431FB95,Distance learning,Independent
BF0ADF374100,Summer projects,Independent
BF0D14D14F35,Grades for extracurricular activities,Independent
BF1212223916,Mandatory extracurricular activities,Independent
BF17866F7014,Distance learning,Independent
BF205C369289,Distance learning,Independent
BF21FE121718,Seeking multiple opinions,Independent
BF2E86982E3A,Distance learning,Independent
BF3A5AE6F0C1,Summer projects,Independent
BF3B2E113A65,Distance learning,Independent
BF3CC3305C55,Seeking multiple opinions,Independent
BF4BD008BA9E,Summer projects,Independent
BF4D8E461594,Summer projects,Independent
BF5384FC042A,Summer projects,Independent
BF5E801B7FD6,Cell phones at school,Independent
BF619ADE9BF4,Seeking multiple opinions,Independent
BF6463EA5A5F,Grades for extracurricular activities,Independent
BF6BB8DC9EF7,Summer projects,Independent
BF795A45BEA1,Mandatory extracurricular activities,Independent
BF7C67E62F30,Distance learning,Independent
BF86BBE4C2E5,Distance learning,Independent
BF8863D1361B,Community service,Independent
BF8BD3F4C67E,Summer projects,Independent
BF950D449303,Mandatory extracurricular activities,Independent
BF960F59D07C,Distance learning,Independent
BF9A3A65135E,Seeking multiple opinions,Independent
BF9ACEA631D8,Distance learning,Independent
BF9D28CEA717,Cell phones at school,Independent
BFA04D3BB1B5,Seeking multiple opinions,Independent
BFA9F9B90BFB,Summer projects,Independent
BFAE37AAB648,Distance learning,Independent
BFB78DA9AC86,Community service,Independent
BFBD47C22FB3,Grades for extracurricular activities,Independent
BFC1DA1CCD97,Community service,Independent
BFC824D7C408,Summer projects,Independent
BFD53A1B3342,Grades for extracurricular activities,Independent
BFDBB9112E6B,Cell phones at school,Independent
BFDFE5AA2F9E,Summer projects,Independent
BFEB164FF565,Summer projects,Independent
BFECB89ECF69,Cell phones at school,Independent
BFED2B049566,Community service,Independent
BFEDA9FE9F1E,Mandatory extracurricular activities,Independent
BFF1386AFBE2,Mandatory extracurricular activities,Independent
BFF614D2073D,Mandatory extracurricular activities,Independent
BFF7296A29FE,Summer projects,Independent
BFF79DCB9336,Cell phones at school,Independent
BFF95BC69F64,Grades for extracurricular activities,Independent
BFFCCDE1E5DA,Community service,Independent
BFFDCA7C7E1E,Summer projects,Independent
BFFE97547241,Community service,Independent
C002A99091B1,Grades for extracurricular activities,Independent
C00C50C17BD3,Summer projects,Independent
C00E1BA4B107,Community service,Independent
C01B298F4F3C,Summer projects,Independent
C0240B58DB32,Grades for extracurricular activities,Independent
C024BE77795B,Mandatory extracurricular activities,Independent
C0288C918431,Grades for extracurricular activities,Independent
C02A65E91884,Seeking multiple opinions,Independent
C02B1D9A374B,Distance learning,Independent
C02D71CA884D,Distance learning,Independent
C02E687A4BB9,Mandatory extracurricular activities,Independent
C0307836F819,Distance learning,Independent
C0355BDE9D90,Distance learning,Independent
C036251405AD,Cell phones at school,Independent
C03D9C272DBF,Cell phones at school,Independent
C03E6E1AF049,Seeking multiple opinions,Independent
C044BD1DAC0E,Cell phones at school,Independent
C0459F75A8DB,Summer projects,Independent
C0493529C98A,Summer projects,Independent
C04A90A73B3D,Summer projects,Independent
C04E9948DEEA,Summer projects,Independent
C0542F9D82BC,Seeking multiple opinions,Independent
C056C8CB9E33,Distance learning,Independent
C05809232F0E,Summer projects,Independent
C05D58286BB5,Mandatory extracurricular activities,Independent
C0611756DF81,Seeking multiple opinions,Independent
C0643251A96A,Seeking multiple opinions,Independent
C068F7168129,Summer projects,Independent
C06AB6F566C8,Summer projects,Independent
C0795AD23ABF,Seeking multiple opinions,Independent
C07B7A0A0AF1,Grades for extracurricular activities,Independent
C08191DD8DD1,Summer projects,Independent
C08F1994B248,Distance learning,Independent
C08FEF535E7F,Cell phones at school,Independent
C0971C7AC826,Mandatory extracurricular activities,Independent
C0979831CC71,Cell phones at school,Independent
C098EB4FFE1B,Cell phones at school,Independent
C09F3A4EA902,Distance learning,Independent
C0AC393B1DC9,Grades for extracurricular activities,Independent
C0AF81E21678,Mandatory extracurricular activities,Independent
C0B2450C6EFC,Grades for extracurricular activities,Independent
C0BA2FA545DC,Community service,Independent
C0BFC88C5F4E,Seeking multiple opinions,Independent
C0D0428510D5,Seeking multiple opinions,Independent
C0D04A96AC45,Summer projects,Independent
C0DF324B581F,Cell phones at school,Independent
C0E0348A72F9,Grades for extracurricular activities,Independent
C0E1F745436E,Seeking multiple opinions,Independent
C0F9FAE946AE,Distance learning,Independent
C101F9CAA4A9,Community service,Independent
C10C76A6A14D,Seeking multiple opinions,Independent
C1152A41E4C8,Seeking multiple opinions,Independent
C11FE94DD6F3,Cell phones at school,Independent
C12807C8F8D5,Distance learning,Independent
C12F7FF27DE7,Mandatory extracurricular activities,Independent
C1442695A931,Seeking multiple opinions,Independent
C1528CD20761,Community service,Independent
C15EBA5345BC,Distance learning,Independent
C160AFBD9D19,Grades for extracurricular activities,Independent
C163D52B6F43,Grades for extracurricular activities,Independent
C18CFB62E375,Community service,Independent
C18D0CE31987,Summer projects,Independent
C18DA1185654,Mandatory extracurricular activities,Independent
C19E458F78DC,Distance learning,Independent
C1A275127D98,Mandatory extracurricular activities,Independent
C1A5212A7E96,Distance learning,Independent
C1A768FBBD12,Seeking multiple opinions,Independent
C1B32D871830,Distance learning,Independent
C1B6590C0397,Cell phones at school,Independent
C1C86CB5DC8D,Summer projects,Independent
C1CC3C045CCB,Community service,Independent
C1D049335CC0,Summer projects,Independent
C1D9A969B6B6,Mandatory extracurricular activities,Independent
C1DD8AC93D1B,Community service,Independent
C1E9FCAC406D,Grades for extracurricular activities,Independent
C1EAD0C50570,Mandatory extracurricular activities,Independent
C1EF875519DC,Mandatory extracurricular activities,Independent
C1F1332EAAE1,Seeking multiple opinions,Independent
C1F37848EC02,Grades for extracurricular activities,Independent
C1F37D3BA776,Mandatory extracurricular activities,Independent
C1F52F0473A1,Mandatory extracurricular activities,Independent
C1FB4CA837E1,Distance learning,Independent
C209A215633C,Cell phones at school,Independent
C20B43E2E9AC,Grades for extracurricular activities,Independent
C20B49FBE2AF,Distance learning,Independent
C20C1032FA1C,Cell phones at school,Independent
C20E686DD676,Community service,Independent
C2108A76827F,Seeking multiple opinions,Independent
C211C3467CCF,Grades for extracurricular activities,Independent
C2128DBEFC42,Mandatory extracurricular activities,Independent
C213E7131A84,Distance learning,Independent
C21666E1F270,Seeking multiple opinions,Independent
C21F5FA26FC7,Distance learning,Independent
C2228FF74DB5,Distance learning,Independent
C223B856BCEB,Community service,Independent
C22959B3262C,Summer projects,Independent
C22DBAED1081,Community service,Independent
C2324684827A,Cell phones at school,Independent
C23535D7A352,Seeking multiple opinions,Independent
C23622128006,Mandatory extracurricular activities,Independent
C236576483D8,Summer projects,Independent
C24AF93496CF,Cell phones at school,Independent
C25CA518A21F,Mandatory extracurricular activities,Independent
C262CF549A63,Seeking multiple opinions,Independent
C2636186175F,Cell phones at school,Independent
C266F2FBD7CC,Grades for extracurricular activities,Independent
C273E9F6D478,Cell phones at school,Independent
C2869BE88FBF,Community service,Independent
C287B9AB69D2,Distance learning,Independent
C28D558C3C2A,Community service,Independent
C290EA8C6F2D,Cell phones at school,Independent
C293D05076A0,Summer projects,Independent
C29A6FAADF82,Mandatory extracurricular activities,Independent
C29C7F7833BC,Seeking multiple opinions,Independent
C2A6C69714EC,Seeking multiple opinions,Independent
C2A80F9E761A,Summer projects,Independent
C2ABDAC2BC2C,Distance learning,Independent
C2ACA7830C43,Grades for extracurricular activities,Independent
C2B40B0DCC34,Distance learning,Independent
C2BF4C553358,Grades for extracurricular activities,Independent
C2DD2FAC6EA4,Seeking multiple opinions,Independent
C2E0FC6F097D,Community service,Independent
C2F236614921,Grades for extracurricular activities,Independent
C2F4EDC43D71,Cell phones at school,Independent
C3002BD0533E,Cell phones at school,Independent
C3172B144AA3,Mandatory extracurricular activities,Independent
C318777ECE9F,Mandatory extracurricular activities,Independent
C3194A4504F5,Distance learning,Independent
C31E318BE4C1,Mandatory extracurricular activities,Independent
C32244E43789,Mandatory extracurricular activities,Independent
C32636188882,Community service,Independent
C32CE391DC3A,Grades for extracurricular activities,Independent
C32DE5F18B26,Mandatory extracurricular activities,Independent
C337C6CCC212,Community service,Independent
C352163DBB69,Distance learning,Independent
C358C5832938,Mandatory extracurricular activities,Independent
C36483B37883,Grades for extracurricular activities,Independent
C374AC1D9119,Community service,Independent
C381020269C2,Grades for extracurricular activities,Independent
C38334385924,Distance learning,Independent
C38FAA6274B6,Mandatory extracurricular activities,Independent
C39D32FD1F07,Cell phones at school,Independent
C39E40DFF3FF,Grades for extracurricular activities,Independent
C3A3146784DC,Cell phones at school,Independent
C3A369E86900,Seeking multiple opinions,Independent
C3AE86A7A222,Mandatory extracurricular activities,Independent
C3B085E2AE8E,Grades for extracurricular activities,Independent
C3B0C8C0F601,Community service,Independent
C3B3675F68FF,Community service,Independent
C3C13F0C0274,Mandatory extracurricular activities,Independent
C3C2EA6B46EE,Distance learning,Independent
C3C456F2758F,Summer projects,Independent
C3D8E8E8B942,Summer projects,Independent
C3D986A84D93,Mandatory extracurricular activities,Independent
C3E739D1FA5B,Mandatory extracurricular activities,Independent
C3E8D00403D9,Community service,Independent
C3EEDCA21B42,Summer projects,Independent
C3EF250CD155,Cell phones at school,Independent
C3F0BCBEED7D,Cell phones at school,Independent
C3F618ABA73C,Grades for extracurricular activities,Independent
C4056209A48C,Distance learning,Independent
C40DB30CB7EB,Cell phones at school,Independent
C40F03045FD8,Cell phones at school,Independent
C4116C4965BB,Cell phones at school,Independent
C4118746172C,Summer projects,Independent
C414E9F1DAA6,Seeking multiple opinions,Independent
C41D0819F2A1,Grades for extracurricular activities,Independent
C42060BAF235,Summer projects,Independent
C421DD678B5E,Mandatory extracurricular activities,Independent
C424CD611304,Distance learning,Independent
C42978129AAC,Cell phones at school,Independent
C431BAD29891,Distance learning,Independent
C435A1D1C3D5,Grades for extracurricular activities,Independent
C43C4C50427E,Summer projects,Independent
C43F61E4FFAA,Cell phones at school,Independent
C440D9C8CE92,Summer projects,Independent
C441FBD9E199,Community service,Independent
C4454B801518,Cell phones at school,Independent
C44A40CDFF3A,Summer projects,Independent
C4579416ABE5,Distance learning,Independent
C4603C43D3A7,Grades for extracurricular activities,Independent
C46949E69D5A,Mandatory extracurricular activities,Independent
C46D504BF8B4,Community service,Independent
C4700AD0EE9A,Community service,Independent
C478F0EDE7AC,Cell phones at school,Independent
C47F20E50D46,Distance learning,Independent
C48A770E3726,Community service,Independent
C48F269A6ED8,Distance learning,Independent
C490AAD18CB2,Seeking multiple opinions,Independent
C493B582595E,Seeking multiple opinions,Independent
C4A4762D911B,Summer projects,Independent
C4A926BBE4AF,Seeking multiple opinions,Independent
C4A9AF8FF90B,Distance learning,Independent
C4AA67D8A012,Distance learning,Independent
C4ABCDD62307,Summer projects,Independent
C4ADC447BAD8,Grades for extracurricular activities,Independent
C4B59C0A3D14,Mandatory extracurricular activities,Independent
C4BCD14367F4,Seeking multiple opinions,Independent
C4C0C752CD48,Cell phones at school,Independent
C4C16DF2FE64,Cell phones at school,Independent
C4C7258F5EA8,Distance learning,Independent
C4CA01FFA237,Cell phones at school,Independent
C4CD645EFB13,Seeking multiple opinions,Independent
C4D39AEFAA87,Grades for extracurricular activities,Independent
C4D76130FDD4,Cell phones at school,Independent
C4D7F37C6969,Summer projects,Independent
C4DFB24CF0DB,Seeking multiple opinions,Independent
C4E2EF38E029,Summer projects,Independent
C4E366BF07A9,Cell phones at school,Independent
C4E882FAAD67,Community service,Independent
C4ED4217DA09,Grades for extracurricular activities,Independent
C4F760DBDD16,Grades for extracurricular activities,Independent
C4FC27B38A8F,Seeking multiple opinions,Independent
C5021AF61E5F,Mandatory extracurricular activities,Independent
C50CDD1C35B2,Community service,Independent
C50FFB4F03F6,Seeking multiple opinions,Independent
C5113BD6EDBF,Summer projects,Independent
C5162A975732,Distance learning,Independent
C51752A9035C,Summer projects,Independent
C519FD18B620,Cell phones at school,Independent
C52FC7AEC11E,Community service,Independent
C532F3BAED7B,Seeking multiple opinions,Independent
C533DB3CDCF5,Grades for extracurricular activities,Independent
C53440E341ED,Seeking multiple opinions,Independent
C5382404A84B,Grades for extracurricular activities,Independent
C53E390ACF12,Grades for extracurricular activities,Independent
C53ECFCAD653,Cell phones at school,Independent
C541FA8BBFDB,Seeking multiple opinions,Independent
C546087ABE6D,Cell phones at school,Independent
C54A9F8D32D5,Cell phones at school,Independent
C54D1303CA88,Summer projects,Independent
C54DFE18A444,Summer projects,Independent
C555B9B02440,Seeking multiple opinions,Independent
C5565E4761B7,Seeking multiple opinions,Independent
C5566100FDF2,Cell phones at school,Independent
C55E03052E48,Community service,Independent
C55E6125411D,Cell phones at school,Independent
C55E751BB583,Distance learning,Independent
C55EA5FFDB2D,Distance learning,Independent
C56C380A7CF3,Cell phones at school,Independent
C579A4D6151E,Distance learning,Independent
C57EBACC6802,Summer projects,Independent
C584DEDB2BAB,Seeking multiple opinions,Independent
C58FBAA7598E,Summer projects,Independent
C594B85513B6,Grades for extracurricular activities,Independent
C59ED272B57C,Seeking multiple opinions,Independent
C5A3278EB458,Mandatory extracurricular activities,Independent
C5A56B482FAA,Grades for extracurricular activities,Independent
C5AA5B05E972,Grades for extracurricular activities,Independent
C5BAE31EFC62,Seeking multiple opinions,Independent
C5C8126C1E65,Distance learning,Independent
C5CED4ACED85,Cell phones at school,Independent
C5D21B0E0FD6,Distance learning,Independent
C5D2BF4CA642,Summer projects,Independent
C5D42689EFA4,Cell phones at school,Independent
C5E15819B7D6,Grades for extracurricular activities,Independent
C5E72440FE13,Distance learning,Independent
C5EDEF3A8C35,Summer projects,Independent
C5EF5C407C10,Seeking multiple opinions,Independent
C5EFBFA0F25E,Distance learning,Independent
C5F1272FF970,Summer projects,Independent
C5F5F1D83B63,Distance learning,Independent
C5F79FBC2A5F,Mandatory extracurricular activities,Independent
C60689EE82FA,Mandatory extracurricular activities,Independent
C616CFDBCA6A,Distance learning,Independent
C6171901DBA7,Distance learning,Independent
C621091FAE94,Summer projects,Independent
C6278E01D797,Seeking multiple opinions,Independent
C6281A6521AB,Summer projects,Independent
C629F50CB2BE,Grades for extracurricular activities,Independent
C632BD2F7AAB,Mandatory extracurricular activities,Independent
C63A4D0D395D,Community service,Independent
C646479A45F3,Seeking multiple opinions,Independent
C647D6659C92,Seeking multiple opinions,Independent
C65820493112,Community service,Independent
C6666C27A92A,Summer projects,Independent
C66B1884100A,Summer projects,Independent
C66BE7AC0796,Grades for extracurricular activities,Independent
C67A906CFBA9,Mandatory extracurricular activities,Independent
C67DED3264EC,Seeking multiple opinions,Independent
C683CDE5D712,Community service,Independent
C68590C2792E,Cell phones at school,Independent
C68A69F99946,Seeking multiple opinions,Independent
C69853525118,Cell phones at school,Independent
C6A6ABE9563A,Seeking multiple opinions,Independent
C6A9C44FAD1C,Mandatory extracurricular activities,Independent
C6B21B6E5767,Distance learning,Independent
C6BB30D4C189,Mandatory extracurricular activities,Independent
C6BF2843D7D0,Seeking multiple opinions,Independent
C6C21C855774,Distance learning,Independent
C6C50AA537AF,Cell phones at school,Independent
C6C57367A0E9,Summer projects,Independent
C6CD02160C0D,Grades for extracurricular activities,Independent
C6CD19E2420F,Distance learning,Independent
C6D0943E61A7,Mandatory extracurricular activities,Independent
C6E34B968553,Cell phones at school,Independent
C6E4BB599BEA,Cell phones at school,Independent
C6EF9DDBAA4C,Mandatory extracurricular activities,Independent
C6F509A96B5B,Cell phones at school,Independent
C6F50F41B977,Grades for extracurricular activities,Independent
C6FC598DC4D1,Community service,Independent
C6FEDB129649,Distance learning,Independent
C70021F6FE17,Grades for extracurricular activities,Independent
C702182B24A5,Cell phones at school,Independent
C70E3EEED307,Grades for extracurricular activities,Independent
C70EF8435281,Mandatory extracurricular activities,Independent
C712BBBA5BF5,Summer projects,Independent
C716B4A085B3,Distance learning,Independent
C71AC41CEDEA,Community service,Independent
C7334AC6BE82,Grades for extracurricular activities,Independent
C7373B980F7E,Mandatory extracurricular activities,Independent
C73951E1672A,Mandatory extracurricular activities,Independent
C73E5FD6E5ED,Community service,Independent
C743CBC9C988,Distance learning,Independent
C74CFA4E78D4,Cell phones at school,Independent
C74D540B715B,Cell phones at school,Independent
C7535D12B057,Seeking multiple opinions,Independent
C75471F5ED96,Summer projects,Independent
C755C1F6B4A7,Distance learning,Independent
C75687356FFE,Summer projects,Independent
C758F58834AD,Community service,Independent
C75AC8417907,Summer projects,Independent
C75B9C4FFEAD,Distance learning,Independent
C762A53BA0E5,Mandatory extracurricular activities,Independent
C764B1469FEE,Grades for extracurricular activities,Independent
C77A4B0D6FF1,Summer projects,Independent
C7868A739937,Community service,Independent
C78D5D70A58F,Seeking multiple opinions,Independent
C794A9BE171F,Cell phones at school,Independent
C79B9A5B5D13,Summer projects,Independent
C79DB872B022,Community service,Independent
C7A018905E52,Cell phones at school,Independent
C7A8E7FB21EE,Grades for extracurricular activities,Independent
C7B95C4C7D3F,Community service,Independent
C7BD62EA392F,Grades for extracurricular activities,Independent
C7BFC84A7A01,Distance learning,Independent
C7C25AB56695,Community service,Independent
C7C8290B69FD,Cell phones at school,Independent
C7CEFE3F256D,Seeking multiple opinions,Independent
C7DA04746915,Summer projects,Independent
C7ECAA52573D,Grades for extracurricular activities,Independent
C7F89A199353,Summer projects,Independent
C7F9CF7196EC,Grades for extracurricular activities,Independent
C7FDBAE38C0C,Distance learning,Independent
C802F00716E0,Community service,Independent
C80312F1821A,Mandatory extracurricular activities,Independent
C8080378BD24,Mandatory extracurricular activities,Independent
C80F42A2B53B,Summer projects,Independent
C816339C4D91,Distance learning,Independent
C818ACA9DB76,Mandatory extracurricular activities,Independent
C81F05802F6C,Cell phones at school,Independent
C822187BF7E4,Mandatory extracurricular activities,Independent
C82BB4F87265,Grades for extracurricular activities,Independent
C834107D49D3,Seeking multiple opinions,Independent
C8352C0FAADE,Distance learning,Independent
C8359CAD745F,Distance learning,Independent
C83A7FABBD07,Mandatory extracurricular activities,Independent
C83EB6623D24,Community service,Independent
C848C44E3004,Cell phones at school,Independent
C848E72F7CE0,Community service,Independent
C85220A1938A,Community service,Independent
C85BA77FBF86,Summer projects,Independent
C85EFB28D2F6,Grades for extracurricular activities,Independent
C86149D0B9FD,Distance learning,Independent
C862AF5812E2,Seeking multiple opinions,Independent
C865637A034A,Distance learning,Independent
C86A3BBC881C,Grades for extracurricular activities,Independent
C87164C940D0,Community service,Independent
C87505F8CC28,Community service,Independent
C879A485810D,Community service,Independent
C87A23D05F39,Distance learning,Independent
C88300C2CA72,Summer projects,Independent
C88B4EAD8DE4,Mandatory extracurricular activities,Independent
C89B8FFD5DAE,Community service,Independent
C8ABD5217114,Mandatory extracurricular activities,Independent
C8AEF0F632C0,Cell phones at school,Independent
C8B5F5F1F6DC,Distance learning,Independent
C8BDD6A253D2,Seeking multiple opinions,Independent
C8BF047C67E6,Community service,Independent
C8C168A9F3CC,Seeking multiple opinions,Independent
C8C6FF614971,Summer projects,Independent
C8C708EC29F7,Mandatory extracurricular activities,Independent
C8D236725B26,Seeking multiple opinions,Independent
C8D3EB90EB29,Distance learning,Independent
C8E30EE22644,Cell phones at school,Independent
C8E9D6F3C80A,Summer projects,Independent
C8EBB096262B,Distance learning,Independent
C8EF7048C03F,Seeking multiple opinions,Independent
C8F035B467A7,Distance learning,Independent
C8F0F3C12D4A,Cell phones at school,Independent
C8F152D4D8CB,Mandatory extracurricular activities,Independent
C8F378A4AC05,Seeking multiple opinions,Independent
C8FB2508978A,Seeking multiple opinions,Independent
C9025EF47F8F,Distance learning,Independent
C90418EBE934,Community service,Independent
C904BF74BED7,Seeking multiple opinions,Independent
C906B982A3F6,Grades for extracurricular activities,Independent
C9083A6A4955,Cell phones at school,Independent
C91AE52A385C,Seeking multiple opinions,Independent
C9297C1BF9C8,Cell phones at school,Independent
C9313379E449,Cell phones at school,Independent
C93D4A5EA7F2,Cell phones at school,Independent
C9408D6689CF,Community service,Independent
C9418C26839F,Community service,Independent
C944AAD86BA6,Seeking multiple opinions,Independent
C9476E86A834,Distance learning,Independent
C94A37408A7E,Cell phones at school,Independent
C94AC952D287,Community service,Independent
C94CAA3F0326,Grades for extracurricular activities,Independent
C955208BEEC3,Community service,Independent
C95E8958D4A0,Grades for extracurricular activities,Independent
C96084A18640,Distance learning,Independent
C9771D45787A,Summer projects,Independent
C977338F6A53,Summer projects,Independent
C97AF423A6AA,Cell phones at school,Independent
C97DFE0AC3C4,Seeking multiple opinions,Independent
C97FB0BE063C,Summer projects,Independent
C9896C21A7AB,Seeking multiple opinions,Independent
C98FE6669AA6,Seeking multiple opinions,Independent
C9966CF28678,Mandatory extracurricular activities,Independent
C99AB6D2F57D,Grades for extracurricular activities,Independent
C99AE311CB7B,Grades for extracurricular activities,Independent
C9A1E85BF75F,Seeking multiple opinions,Independent
C9B06B12D9F8,Mandatory extracurricular activities,Independent
C9B1476CF832,Grades for extracurricular activities,Independent
C9B1827498E4,Mandatory extracurricular activities,Independent
C9BA274FDEBC,Community service,Independent
C9C61B8A1FEC,Cell phones at school,Independent
C9CB05ABAE95,Cell phones at school,Independent
C9CCBA64CAC7,Mandatory extracurricular activities,Independent
C9CEB2109C27,Grades for extracurricular activities,Independent
C9D65FBBED8A,Grades for extracurricular activities,Independent
C9DCBE24604E,Cell phones at school,Independent
C9DD23612CF3,Distance learning,Independent
C9DD4EB1184B,Grades for extracurricular activities,Independent
C9EB6EB6551D,Distance learning,Independent
C9F082EEAFED,Mandatory extracurricular activities,Independent
C9F2A45330E1,Cell phones at school,Independent
C9F4BEBB3C8A,Seeking multiple opinions,Independent
CA04119154FF,Grades for extracurricular activities,Independent
CA085FEC0E7F,Grades for extracurricular activities,Independent
CA0C21200F78,Distance learning,Independent
CA0D04C09E69,Mandatory extracurricular activities,Independent
CA0FB6DB7B80,Mandatory extracurricular activities,Independent
CA12A5A210FF,Grades for extracurricular activities,Independent
CA14AD55CFF2,Mandatory extracurricular activities,Independent
CA290993DFBA,Distance learning,Independent
CA2987A57568,Summer projects,Independent
CA2C46AF6ADA,Community service,Independent
CA3937072A24,Cell phones at school,Independent
CA3BC65D287E,Mandatory extracurricular activities,Independent
CA3D7372D7A1,Seeking multiple opinions,Independent
CA488B39385B,Seeking multiple opinions,Independent
CA4E39042770,Distance learning,Independent
CA4E67209D3C,Seeking multiple opinions,Independent
CA582B3F191F,Seeking multiple opinions,Independent
CA59BF7649BE,Grades for extracurricular activities,Independent
CA5F9BF59047,Cell phones at school,Independent
CA61EF11F94F,Summer projects,Independent
CA62122BB195,Distance learning,Independent
CA79F1AAB238,Grades for extracurricular activities,Independent
CA8A4FFB3340,Grades for extracurricular activities,Independent
CA92495BE92E,Seeking multiple opinions,Independent
CA94E604C5A7,Cell phones at school,Independent
CAA042CADA38,Cell phones at school,Independent
CAA05AE141EC,Cell phones at school,Independent
CAB0789D6C0B,Distance learning,Independent
CAB3B0C8A35A,Community service,Independent
CAB6B814A374,Grades for extracurricular activities,Independent
CABB5AA3A94C,Distance learning,Independent
CAC29E888AC2,Summer projects,Independent
CAC42EC32F44,Distance learning,Independent
CAC4E6021973,Summer projects,Independent
CACCC14E28CA,Distance learning,Independent
CAD0AF209830,Summer projects,Independent
CAD0D30AED49,Community service,Independent
CAD24215C906,Mandatory extracurricular activities,Independent
CAD4163FACC6,Community service,Independent
CAE7D71D66A3,Mandatory extracurricular activities,Independent
CAFA42F8876C,Grades for extracurricular activities,Independent
CAFEA3C5D3D2,Cell phones at school,Independent
CB00405C862D,Summer projects,Independent
CB02DCCE6F0C,Summer projects,Independent
CB0BF6DDF9B7,Cell phones at school,Independent
CB1E8FFD4CB4,Seeking multiple opinions,Independent
CB1FC8879E6C,Cell phones at school,Independent
CB2940550B0B,Community service,Independent
CB31D19D0197,Community service,Independent
CB3749354CBE,Grades for extracurricular activities,Independent
CB5B26848843,Distance learning,Independent
CB601F313149,Grades for extracurricular activities,Independent
CB648246281B,Cell phones at school,Independent
CB66B685DAF6,Mandatory extracurricular activities,Independent
CB7BC04EF923,Distance learning,Independent
CB85284D9023,Summer projects,Independent
CB8B86AD7823,Distance learning,Independent
CB8C066F9865,Community service,Independent
CB8D9DD083FC,Mandatory extracurricular activities,Independent
CB97EA7E4FB7,Cell phones at school,Independent
CB9B610D53B9,Community service,Independent
CBA9043182C5,Seeking multiple opinions,Independent
CBACC9B7B6A3,Grades for extracurricular activities,Independent
CBB4595ECAB7,Grades for extracurricular activities,Independent
CBB4FB668826,Grades for extracurricular activities,Independent
CBB78E310747,Mandatory extracurricular activities,Independent
CBC0F741B812,Mandatory extracurricular activities,Independent
CBC37734DC80,Seeking multiple opinions,Independent
CBC6BC024F61,Community service,Independent
CBCA3CFF320B,Distance learning,Independent
CBCD5EF05F0F,Seeking multiple opinions,Independent
CBD00586CABD,Mandatory extracurricular activities,Independent
CBD364987E2D,Cell phones at school,Independent
CBDAC6EED622,Grades for extracurricular activities,Independent
CBF37BFEBF8F,Grades for extracurricular activities,Independent
CBF4EA907772,Seeking multiple opinions,Independent
CBF57C499977,Grades for extracurricular activities,Independent
CBF7A08C8352,Summer projects,Independent
CBFBF31128DC,Grades for extracurricular activities,Independent
CBFDC3A0F573,Distance learning,Independent
CC059B14457A,Summer projects,Independent
CC06612E842A,Mandatory extracurricular activities,Independent
CC067F0DC876,Community service,Independent
CC0AC8356D9E,Distance learning,Independent
CC149CD4B584,Distance learning,Independent
CC1A3887E593,Mandatory extracurricular activities,Independent
CC207E107BB9,Community service,Independent
CC23A03E8F99,Grades for extracurricular activities,Independent
CC2697CF981F,Cell phones at school,Independent
CC27DF7CB308,Seeking multiple opinions,Independent
CC2EAAA8FA84,Summer projects,Independent
CC2FAE6B5135,Summer projects,Independent
CC38587E9634,Grades for extracurricular activities,Independent
CC3E52BD8711,Seeking multiple opinions,Independent
CC414865C2A4,Community service,Independent
CC41AE0A268E,Community service,Independent
CC4307140FF8,Summer projects,Independent
CC44D32FF288,Distance learning,Independent
CC48A051FAC9,Mandatory extracurricular activities,Independent
CC4A42F9E5A1,Cell phones at school,Independent
CC4B93E84451,Mandatory extracurricular activities,Independent
CC50C8238771,Summer projects,Independent
CC5CB298AF94,Summer projects,Independent
CC68BA9DCB2F,Seeking multiple opinions,Independent
CC7F0C052EBC,Summer projects,Independent
CC859523C0FE,Grades for extracurricular activities,Independent
CC8C5C963660,Mandatory extracurricular activities,Independent
CC9290DC336A,Mandatory extracurricular activities,Independent
CC92F24A2B5D,Community service,Independent
CC93F09080FF,Distance learning,Independent
CC9D461148DD,Distance learning,Independent
CC9DB5A93782,Mandatory extracurricular activities,Independent
CCA7A1220DA0,Seeking multiple opinions,Independent
CCAB0FEFDD57,Summer projects,Independent
CCB089BF4CBB,Summer projects,Independent
CCB48976ED97,Grades for extracurricular activities,Independent
CCB499F8A658,Mandatory extracurricular activities,Independent
CCB5654799E0,Grades for extracurricular activities,Independent
CCC18C6C74FD,Grades for extracurricular activities,Independent
CCD18F76562C,Summer projects,Independent
CCD66CF93741,Summer projects,Independent
CCE09F209A52,Distance learning,Independent
CCF236C2E533,Distance learning,Independent
CCFC07FF5EAF,Grades for extracurricular activities,Independent
CD0BFAC0335E,Seeking multiple opinions,Independent
CD0C46A0B2E6,Community service,Independent
CD0D6C6F1CA5,Distance learning,Independent
CD0E358CA76C,Summer projects,Independent
CD166FD9EFA6,Grades for extracurricular activities,Independent
CD1B4AE39682,Grades for extracurricular activities,Independent
CD1E5F827178,Cell phones at school,Independent
CD2D05D53579,Community service,Independent
CD2F2FAFD908,Grades for extracurricular activities,Independent
CD3621334165,Seeking multiple opinions,Independent
CD53BFFA5474,Seeking multiple opinions,Independent
CD560904AA43,Summer projects,Independent
CD586C88F4F3,Distance learning,Independent
CD7186F8F046,Mandatory extracurricular activities,Independent
CD7860A8F65C,Distance learning,Independent
CD7CD8E7FD01,Summer projects,Independent
CD80ECE3B0B9,Cell phones at school,Independent
CD86F7930D58,Cell phones at school,Independent
CD954674E1A6,Cell phones at school,Independent
CDAE662C4C8F,Distance learning,Independent
CDBC48E5C0CE,Distance learning,Independent
CDBE82430B57,Seeking multiple opinions,Independent
CDC9899690AE,Mandatory extracurricular activities,Independent
CDD50E22791C,Mandatory extracurricular activities,Independent
CDD6D1B45E9F,Community service,Independent
CDDA29D40933,Community service,Independent
CDDBB110BFDE,Mandatory extracurricular activities,Independent
CDE03944D26E,Seeking multiple opinions,Independent
CDE3CED1BF53,Seeking multiple opinions,Independent
CDE59500111A,Community service,Independent
CDEA9FC4A2C1,Grades for extracurricular activities,Independent
CDEC57E94C93,Cell phones at school,Independent
CDEDC1098F6F,Cell phones at school,Independent
CDF1BA18E83D,Community service,Independent
CDF2746198CB,Cell phones at school,Independent
CDF386816566,Grades for extracurricular activities,Independent
CE04D4F7AFFA,Seeking multiple opinions,Independent
CE0E51D39469,Summer projects,Independent
CE15E101E5F4,Grades for extracurricular activities,Independent
CE17C1752FCF,Mandatory extracurricular activities,Independent
CE2EC298670A,Distance learning,Independent
CE38BA1D5ECB,Distance learning,Independent
CE4390D4602A,Community service,Independent
CE464A23BF82,Community service,Independent
CE58704B8EB3,Summer projects,Independent
CE5D744B6D39,Seeking multiple opinions,Independent
CE64FA08E4CF,Community service,Independent
CE6645D21A3C,Grades for extracurricular activities,Independent
CE7153D68C2C,Summer projects,Independent
CE71F3B528C0,Seeking multiple opinions,Independent
CE7797E62422,Seeking multiple opinions,Independent
CE7927383786,Cell phones at school,Independent
CE811414777B,Distance learning,Independent
CE8793AE1BE8,Seeking multiple opinions,Independent
CE8949FA18F7,Grades for extracurricular activities,Independent
CE94B3F26D2F,Summer projects,Independent
CE94E0384C1E,Seeking multiple opinions,Independent
CE96B36BFD62,Community service,Independent
CE97B1D61822,Grades for extracurricular activities,Independent
CE9CD7275C9F,Summer projects,Independent
CE9EB0366069,Summer projects,Independent
CEB3F5203744,Summer projects,Independent
CEB62725E8AC,Cell phones at school,Independent
CEBCD9972E27,Mandatory extracurricular activities,Independent
CEBEA9F6E14A,Cell phones at school,Independent
CEC33A9DE0D1,Distance learning,Independent
CEC514057422,Grades for extracurricular activities,Independent
CEC54A466477,Seeking multiple opinions,Independent
CED03E44340E,Seeking multiple opinions,Independent
CED4ADA9A012,Community service,Independent
CEEFCBFE54E4,Grades for extracurricular activities,Independent
CEF2E641BA34,Distance learning,Independent
CEF302996231,Distance learning,Independent
CEF38B3F9C98,Summer projects,Independent
CEF5DF69B6C8,Mandatory extracurricular activities,Independent
CEF8476956C8,Summer projects,Independent
CEF952C47189,Community service,Independent
CF0214901725,Distance learning,Independent
CF0311F24BF5,Grades for extracurricular activities,Independent
CF0869D8847B,Cell phones at school,Independent
CF17C124F4F5,Summer projects,Independent
CF1A749C4A9D,Summer projects,Independent
CF2138A08358,Summer projects,Independent
CF2400A27FF1,Grades for extracurricular activities,Independent
CF28BC9A342E,Distance learning,Independent
CF2D1F83542F,Distance learning,Independent
CF38E140E4E7,Cell phones at school,Independent
CF43485AE351,Distance learning,Independent
CF4C15E4C499,Community service,Independent
CF6ED3973EDC,Summer projects,Independent
CF6FE8034822,Cell phones at school,Independent
CF73E9CEBB0F,Mandatory extracurricular activities,Independent
CF77CA304B48,Summer projects,Independent
CF794C60C928,Cell phones at school,Independent
CF84C9D788A9,Community service,Independent
CF8567D901BE,Cell phones at school,Independent
CF882151082B,Mandatory extracurricular activities,Independent
CF89338D76B5,Distance learning,Independent
CF8CA7E3A69A,Grades for extracurricular activities,Independent
CF9059F3EC39,Distance learning,Independent
CF91CB6E66F6,Seeking multiple opinions,Independent
CF96F5721A28,Summer projects,Independent
CF9FB3659686,Mandatory extracurricular activities,Independent
CFA85271A07D,Summer projects,Independent
CFAF62184AB2,Seeking multiple opinions,Independent
CFBCF638F69D,Summer projects,Independent
CFC8DF0444C4,Summer projects,Independent
CFCB45ABFDA6,Summer projects,Independent
CFDCEE813DF6,Mandatory extracurricular activities,Independent
CFE773F1600B,Summer projects,Independent
CFE8C526400C,Mandatory extracurricular activities,Independent
CFF4F33406B9,Grades for extracurricular activities,Independent
D000E7A255F9,Community service,Independent
D0013137BFDC,Mandatory extracurricular activities,Independent
D0028C081AAE,Community service,Independent
D00460894B72,Distance learning,Independent
D004E26954B5,Grades for extracurricular activities,Independent
D0050F9D9621,Summer projects,Independent
D0079E60DFF1,Grades for extracurricular activities,Independent
D01060C5AE7D,Distance learning,Independent
D0131DAC0F63,Seeking multiple opinions,Independent
D0179FB2F5C4,Distance learning,Independent
D01974AA2710,Grades for extracurricular activities,Independent
D022656B1A36,Distance learning,Independent
D0279F114F87,Summer projects,Independent
D02E77657183,Summer projects,Independent
D03DB4C370ED,Distance learning,Independent
D03FBD778280,Grades for extracurricular activities,Independent
D04C3774DA9D,Seeking multiple opinions,Independent
D058B8D2DFF3,Cell phones at school,Independent
D058C7DB9BA0,Seeking multiple opinions,Independent
D0647F201215,Cell phones at school,Independent
D06845D6FB0B,Seeking multiple opinions,Independent
D06917E7E152,Distance learning,Independent
D070ABC49274,Grades for extracurricular activities,Independent
D0733E25A2C7,Mandatory extracurricular activities,Independent
D087A8C24570,Distance learning,Independent
D08E02A84446,Grades for extracurricular activities,Independent
D08FD4520B2F,Seeking multiple opinions,Independent
D0959D2F116B,Seeking multiple opinions,Independent
D0A7DA572ED0,Summer projects,Independent
D0AAEE68941A,Grades for extracurricular activities,Independent
D0ACE61F9DB1,Distance learning,Independent
D0B9A46601E3,Distance learning,Independent
D0BE9AFCE9F3,Community service,Independent
D0C00F3D38E3,Mandatory extracurricular activities,Independent
D0C6EB30D833,Summer projects,Independent
D0CE35FADE7A,Seeking multiple opinions,Independent
D0CE7A343841,Cell phones at school,Independent
D0D8097D243C,Summer projects,Independent
D0D8311DFC48,Cell phones at school,Independent
D0DCC58B6C2B,Cell phones at school,Independent
D0EACBBBD862,Grades for extracurricular activities,Independent
D0EDA246FCA0,Grades for extracurricular activities,Independent
D0EEB2FA5D83,Distance learning,Independent
D0F1007406F5,Distance learning,Independent
D101D161CBBC,Community service,Independent
D102D36FB9F0,Cell phones at school,Independent
D11D5C84764E,Grades for extracurricular activities,Independent
D127164A73CF,Grades for extracurricular activities,Independent
D12739E3912D,Distance learning,Independent
D12A571CCFA4,Summer projects,Independent
D12A8B3D1C11,Grades for extracurricular activities,Independent
D1400AFDC972,Seeking multiple opinions,Independent
D140D284B493,Distance learning,Independent
D148D41C5D42,Cell phones at school,Independent
D14F3F93CF54,Grades for extracurricular activities,Independent
D150E09CBC2E,Cell phones at school,Independent
D15265B4D1FC,Cell phones at school,Independent
D15873549B60,Mandatory extracurricular activities,Independent
D16B647E363E,Seeking multiple opinions,Independent
D16ED602B018,Mandatory extracurricular activities,Independent
D1701A8EEF26,Grades for extracurricular activities,Independent
D1748C4CD7B4,Distance learning,Independent
D175BA8792E7,Mandatory extracurricular activities,Independent
D17BD9575C96,Mandatory extracurricular activities,Independent
D185087926CD,Cell phones at school,Independent
D18833F8CBC3,Summer projects,Independent
D198D8C43AD0,Mandatory extracurricular activities,Independent
D1A866170CEA,Distance learning,Independent
D1AC5052EF9B,Summer projects,Independent
D1ACADAC5ED4,Distance learning,Independent
D1AF5CE5040E,Summer projects,Independent
D1B06A3C02B3,Summer projects,Independent
D1B0EE67209F,Cell phones at school,Independent
D1B30FD65680,Grades for extracurricular activities,Independent
D1B97265EAEF,Distance learning,Independent
D1B97A55865A,Community service,Independent
D1C46F162B11,Mandatory extracurricular activities,Independent
D1C69AFBCE83,Community service,Independent
D1D2568C926F,Community service,Independent
D1D5A52C1B67,Grades for extracurricular activities,Independent
D1D8B04AF3A3,Summer projects,Independent
D1DBB999DB47,Cell phones at school,Independent
D1E077EED6E8,Mandatory extracurricular activities,Independent
D1F17C0DED14,Seeking multiple opinions,Independent
D1FBC3B9A8A4,Community service,Independent
D1FE2D751407,Grades for extracurricular activities,Independent
D20068BDE3F8,Mandatory extracurricular activities,Independent
D20C40B1CBF3,Summer projects,Independent
D20DBFBCD4AC,Cell phones at school,Independent
D21485A091BA,Cell phones at school,Independent
D228AB564BF6,Summer projects,Independent
D231A669B482,Distance learning,Independent
D232361A935D,Grades for extracurricular activities,Independent
D234B31FC8C0,Distance learning,Independent
D240A8375BC2,Mandatory extracurricular activities,Independent
D242BBCBEAFB,Distance learning,Independent
D24506D93F4A,Grades for extracurricular activities,Independent
D24777F39289,Seeking multiple opinions,Independent
D248655EAA45,Cell phones at school,Independent
D24996A97544,Grades for extracurricular activities,Independent
D252A6E968AB,Summer projects,Independent
D25329DB4268,Distance learning,Independent
D253E3A5BAE1,Distance learning,Independent
D256A4B24F0B,Cell phones at school,Independent
D25B8D9F7D84,Cell phones at school,Independent
D25C3B9925E3,Summer projects,Independent
D2611A8CF082,Cell phones at school,Independent
D265C0C54BDC,Summer projects,Independent
D268BAAFD698,Grades for extracurricular activities,Independent
D26946892067,Cell phones at school,Independent
D26BF2CC24E2,Mandatory extracurricular activities,Independent
D26C9B0368D0,Distance learning,Independent
D26D8E38326A,Mandatory extracurricular activities,Independent
D27006254575,Grades for extracurricular activities,Independent
D2723B90EEC1,Distance learning,Independent
D282E21C2DB1,Seeking multiple opinions,Independent
D284AB2165C8,Seeking multiple opinions,Independent
D2851DC6AF41,Grades for extracurricular activities,Independent
D287C855A18A,Mandatory extracurricular activities,Independent
D28B89FAFE9E,Distance learning,Independent
D291519003C4,Mandatory extracurricular activities,Independent
D2918EDA94E9,Community service,Independent
D2946A413E6C,Seeking multiple opinions,Independent
D29E70FBCEC1,Seeking multiple opinions,Independent
D2A1577EB7A8,Seeking multiple opinions,Independent
D2A1B5672C12,Grades for extracurricular activities,Independent
D2A4C59D44E0,Distance learning,Independent
D2B408505884,Seeking multiple opinions,Independent
D2B5ED1BA62F,Grades for extracurricular activities,Independent
D2BADE5A3DEF,Cell phones at school,Independent
D2BD6E5B0D1F,Cell phones at school,Independent
D2D4AD42B2E1,Grades for extracurricular activities,Independent
D2DB6F31B6D2,Mandatory extracurricular activities,Independent
D2E8E5A1DE86,Distance learning,Independent
D2F5E24CEEAA,Summer projects,Independent
D2F9E8A1C2B4,Distance learning,Independent
D2FE8D69BCB0,Summer projects,Independent
D30490AE8641,Community service,Independent
D30614F0911F,Distance learning,Independent
D3068B0EFF17,Seeking multiple opinions,Independent
D308EE83481B,Summer projects,Independent
D30AC446FAC6,Summer projects,Independent
D31481D3B465,Seeking multiple opinions,Independent
D3287589C77C,Distance learning,Independent
D32FE4646A6A,Mandatory extracurricular activities,Independent
D336CB3A69F1,Grades for extracurricular activities,Independent
D337DC4042D2,Distance learning,Independent
D33821E5CC1D,Seeking multiple opinions,Independent
D33AE08C2BEC,Cell phones at school,Independent
D343F253FDE8,Mandatory extracurricular activities,Independent
D344430F21DA,Seeking multiple opinions,Independent
D34504244EBD,Grades for extracurricular activities,Independent
D34CD90863C2,Summer projects,Independent
D34DFB9BF717,Summer projects,Independent
D35AE4A7CE83,Seeking multiple opinions,Independent
D35C1DDA7658,Mandatory extracurricular activities,Independent
D363B047F99B,Community service,Independent
D370F48E3AD1,Grades for extracurricular activities,Independent
D37343CEA1EE,Grades for extracurricular activities,Independent
D37412D51517,Summer projects,Independent
D376C98ABBDB,Mandatory extracurricular activities,Independent
D37E97BD69F4,Grades for extracurricular activities,Independent
D381DBB598D3,Cell phones at school,Independent
D38424C495CE,Community service,Independent
D38815C5F013,Cell phones at school,Independent
D389558B10D3,Mandatory extracurricular activities,Independent
D38A46B22248,Summer projects,Independent
D393F9AC577D,Summer projects,Independent
D395BD24262F,Grades for extracurricular activities,Independent
D396045E2CAA,Cell phones at school,Independent
D39ED738414F,Cell phones at school,Independent
D39FAAF86C31,Grades for extracurricular activities,Independent
D3AA884640DB,Seeking multiple opinions,Independent
D3AFCB51AA40,Grades for extracurricular activities,Independent
D3BD101E28A4,Summer projects,Independent
D3C4B340AB3F,Grades for extracurricular activities,Independent
D3C9713AEDC1,Mandatory extracurricular activities,Independent
D3CE9EE4C4D3,Distance learning,Independent
D3CFD3E68F27,Mandatory extracurricular activities,Independent
D3E723651DF3,Summer projects,Independent
D3F48B4D2D6B,Summer projects,Independent
D3FBCDB08BB7,Community service,Independent
D401D3682261,Community service,Independent
D401F5D87E45,Cell phones at school,Independent
D4062D91EE44,Mandatory extracurricular activities,Independent
D40A10C36B30,Community service,Independent
D412E07BF06B,Summer projects,Independent
D425C2472543,Cell phones at school,Independent
D4263CE94952,Distance learning,Independent
D42B6354404D,Grades for extracurricular activities,Independent
D42C8A38D141,Summer projects,Independent
D43178C538DF,Seeking multiple opinions,Independent
D43D3A0AC4C0,Cell phones at school,Independent
D4442F757F02,Community service,Independent
D4494228C749,Mandatory extracurricular activities,Independent
D44C2B3C1C9B,Grades for extracurricular activities,Independent
D450BF08BE17,Distance learning,Independent
D45516C802DF,Distance learning,Independent
D4620A5134E7,Grades for extracurricular activities,Independent
D463BB44024B,Summer projects,Independent
D46BCAFB46F3,Summer projects,Independent
D46BCB48440A,Seeking multiple opinions,Independent
D47240EFB904,Distance learning,Independent
D48813812333,Community service,Independent
D4889CB1C62F,Summer projects,Independent
D4941258B87A,Distance learning,Independent
D496BF3A284F,Mandatory extracurricular activities,Independent
D4988103ADF1,Distance learning,Independent
D49AD6F46BD1,Community service,Independent
D49E57AFD1D1,Grades for extracurricular activities,Independent
D4AA8EC389C6,Grades for extracurricular activities,Independent
D4BB02CCC116,Grades for extracurricular activities,Independent
D4BC716CE227,Mandatory extracurricular activities,Independent
D4BFB840A534,Community service,Independent
D4C789D85451,Grades for extracurricular activities,Independent
D4CA3E411BC3,Distance learning,Independent
D4CF0DF858F1,Seeking multiple opinions,Independent
D4D35DDC74EB,Community service,Independent
D4D701DA6FFD,Cell phones at school,Independent
D4E16401D341,Summer projects,Independent
D4E3104E7591,Summer projects,Independent
D4E76306D0E4,Cell phones at school,Independent
D4F0EA57652D,Grades for extracurricular activities,Independent
D4F10FF804FF,Cell phones at school,Independent
D4F39D3F81E0,Grades for extracurricular activities,Independent
D4F76E7BBE12,Cell phones at school,Independent
D4F826201416,Summer projects,Independent
D4FC7257FBA8,Cell phones at school,Independent
D4FF4B2AEFB4,Seeking multiple opinions,Independent
D50BC91578B6,Summer projects,Independent
D514ED6A3665,Community service,Independent
D5164250EE9D,Distance learning,Independent
D51B0DF8AEEA,Distance learning,Independent
D51D6F5E3DE8,Distance learning,Independent
D52095AEF0B1,Distance learning,Independent
D5228994FD3C,Summer projects,Independent
D522A9399593,Summer projects,Independent
D5303AAD7E37,Distance learning,Independent
D5474D29854A,Mandatory extracurricular activities,Independent
D54821935AA6,Summer projects,Independent
D549B7685CBB,Grades for extracurricular activities,Independent
D54F90711EA3,Grades for extracurricular activities,Independent
D55CA86551D8,Community service,Independent
D56252583678,Mandatory extracurricular activities,Independent
D569BD3E20CD,Seeking multiple opinions,Independent
D5724EDF0DBA,Mandatory extracurricular activities,Independent
D5736E7D21F9,Seeking multiple opinions,Independent
D5826C01FBF8,Mandatory extracurricular activities,Independent
D5847B4B6935,Cell phones at school,Independent
D58980F5EC66,Distance learning,Independent
D58A10234F6A,Seeking multiple opinions,Independent
D58DD07BC0D6,Cell phones at school,Independent
D59EDBD7F38F,Summer projects,Independent
D5A0A8C83A60,Distance learning,Independent
D5A20C71791D,Community service,Independent
D5A3F3F539A8,Summer projects,Independent
D5C7CD75E324,Mandatory extracurricular activities,Independent
D5C8C29F17D8,Distance learning,Independent
D5D12DBE04B6,Seeking multiple opinions,Independent
D5D689030CA2,Community service,Independent
D5D8E7DFCF5B,Grades for extracurricular activities,Independent
D5DCB665A2A2,Seeking multiple opinions,Independent
D5E0305B4E90,Seeking multiple opinions,Independent
D5E3716C5E49,Summer projects,Independent
D5E8832F37DE,Cell phones at school,Independent
D5EE6230B88E,Distance learning,Independent
D5EEF3A6DAC2,Summer projects,Independent
D5F0FC5E6E5E,Summer projects,Independent
D5F24E057CA2,Grades for extracurricular activities,Independent
D5F6593584F8,Grades for extracurricular activities,Independent
D5F7178E3FB1,Cell phones at school,Independent
D5FABAF8F84A,Seeking multiple opinions,Independent
D5FC154349CA,Grades for extracurricular activities,Independent
D5FDDB4DFA82,Summer projects,Independent
D5FDDD8509F2,Distance learning,Independent
D6068FF1B29A,Distance learning,Independent
D6076F5278FD,Distance learning,Independent
D60F86CE307A,Distance learning,Independent
D6105DFE6379,Grades for extracurricular activities,Independent
D6205D9E6E20,Cell phones at school,Independent
D6278021E119,Distance learning,Independent
D628429A0645,Grades for extracurricular activities,Independent
D62BC508C6BB,Seeking multiple opinions,Independent
D62C13D2615D,Mandatory extracurricular activities,Independent
D637A78C881E,Distance learning,Independent
D63BA0463CD5,Seeking multiple opinions,Independent
D6466B4502D5,Cell phones at school,Independent
D6491D0BAEE0,Mandatory extracurricular activities,Independent
D65079331F17,Community service,Independent
D6561FF31782,Grades for extracurricular activities,Independent
D659F8B4298D,Mandatory extracurricular activities,Independent
D65A9A78A23E,Grades for extracurricular activities,Independent
D6668C2DBD4D,Seeking multiple opinions,Independent
D66B1B59778B,Cell phones at school,Independent
D66B89FC3757,Mandatory extracurricular activities,Independent
D68085C15D3C,Community service,Independent
D6830CC770FF,Cell phones at school,Independent
D68F66581BF1,Cell phones at school,Independent
D69416DBA6F4,Mandatory extracurricular activities,Independent
D69CDA890426,Cell phones at school,Independent
D69D38AB04FB,Seeking multiple opinions,Independent
D6AA174A32AF,Distance learning,Independent
D6AED985BFA1,Community service,Independent
D6B4B647FC25,Summer projects,Independent
D6B7EE7B040D,Distance learning,Independent
D6BDA0F9F006,Summer projects,Independent
D6C06F4BC0DA,Community service,Independent
D6CD89424182,Seeking multiple opinions,Independent
D6CF7CB72CAF,Summer projects,Independent
D6DA25B584B2,Summer projects,Independent
D6DAD8CE29A6,Summer projects,Independent
D6DE836BDF1E,Cell phones at school,Independent
D6E2AF2B1B54,Distance learning,Independent
D6E6CFF686BF,Seeking multiple opinions,Independent
D6E6E835191D,Cell phones at school,Independent
D6E7A5034205,Distance learning,Independent
D6E91124E3C1,Community service,Independent
D6EBE6485EB1,Distance learning,Independent
D6ECCFEB0AEE,Distance learning,Independent
D6EF8C8D2542,Mandatory extracurricular activities,Independent
D6F76B0E487F,Summer projects,Independent
D6FD06B5AAEA,Seeking multiple opinions,Independent
D712B132C8DF,Mandatory extracurricular activities,Independent
D7148D8FC7F7,Mandatory extracurricular activities,Independent
D7240B7F063A,Grades for extracurricular activities,Independent
D72B8EA15C83,Summer projects,Independent
D72C6FB455A0,Seeking multiple opinions,Independent
D72CB1C11673,Seeking multiple opinions,Independent
D72D0386600A,Distance learning,Independent
D72FA02E59ED,Distance learning,Independent
D7301CAAFAB0,Seeking multiple opinions,Independent
D733AD9B0C31,Summer projects,Independent
D735AC2E844F,Seeking multiple opinions,Independent
D74117152CBC,Distance learning,Independent
D746FBC79FFA,Community service,Independent
D7497B662A49,Seeking multiple opinions,Independent
D74D7731FEA0,Grades for extracurricular activities,Independent
D751FAE92161,Seeking multiple opinions,Independent
D752DF2541DD,Grades for extracurricular activities,Independent
D762D09E389E,Seeking multiple opinions,Independent
D76E6A1CA5CF,Cell phones at school,Independent
D7704124F319,Mandatory extracurricular activities,Independent
D77B7635FF7F,Community service,Independent
D78579C10220,Summer projects,Independent
D7858B9A54CE,Distance learning,Independent
D786038182B6,Distance learning,Independent
D79A5C8FDE2C,Distance learning,Independent
D79B3C0646C0,Distance learning,Independent
D79E9FFDF3AC,Distance learning,Independent
D7A223203064,Community service,Independent
D7AC0CBF7742,Distance learning,Independent
D7B12358DBA3,Distance learning,Independent
D7B762CDB426,Community service,Independent
D7B78756EA51,Seeking multiple opinions,Independent
D7B7922A821B,Cell phones at school,Independent
D7BED4F214F4,Summer projects,Independent
D7CBAFF010CA,Mandatory extracurricular activities,Independent
D7D1BA7B733C,Community service,Independent
D7D4F8C7FDFD,Distance learning,Independent
D7D5B313943F,Community service,Independent
D7D66E258830,Summer projects,Independent
D7D69872016F,Mandatory extracurricular activities,Independent
D7DA16DF1DFA,Cell phones at school,Independent
D7DB18D1807F,Distance learning,Independent
D7DD6B53B8B6,Mandatory extracurricular activities,Independent
D7EFCB1D6BFC,Distance learning,Independent
D7F08906BCB3,Grades for extracurricular activities,Independent
D7FFBE6E0434,Summer projects,Independent
D800E94913B4,Distance learning,Independent
D81114D5646C,Grades for extracurricular activities,Independent
D81428AC9545,Community service,Independent
D819F9680753,Grades for extracurricular activities,Independent
D8284C3B2D2C,Distance learning,Independent
D830F531C366,Mandatory extracurricular activities,Independent
D83490F6B0B5,Distance learning,Independent
D83B337EB709,Mandatory extracurricular activities,Independent
D83B639CDF7F,Cell phones at school,Independent
D83F89166BD3,Distance learning,Independent
D8406ADB1493,Mandatory extracurricular activities,Independent
D840AC3957E5,Grades for extracurricular activities,Independent
D8423F36D01A,Cell phones at school,Independent
D84271FC252A,Mandatory extracurricular activities,Independent
D84CB197450F,Seeking multiple opinions,Independent
D85638E450CC,Cell phones at school,Independent
D85BF31FDBB1,Mandatory extracurricular activities,Independent
D866C80A55A4,Mandatory extracurricular activities,Independent
D86E4D85A5B1,Community service,Independent
D8708AEA9667,Summer projects,Independent
D870D44CC2A9,Grades for extracurricular activities,Independent
D8728E6AF814,Seeking multiple opinions,Independent
D8782A7B9509,Cell phones at school,Independent
D87E49D020B1,Summer projects,Independent
D88577FFCDB2,Grades for extracurricular activities,Independent
D887C3386299,Cell phones at school,Independent
D889C48DD497,Mandatory extracurricular activities,Independent
D88A1D12032B,Summer projects,Independent
D88B4501DA8E,Grades for extracurricular activities,Independent
D88E55D44EAD,Grades for extracurricular activities,Independent
D891B1BFC6F6,Cell phones at school,Independent
D8934CA35801,Summer projects,Independent
D8A3DBAE8AAD,Mandatory extracurricular activities,Independent
D8B1428C9C49,Cell phones at school,Independent
D8BDF61F6010,Mandatory extracurricular activities,Independent
D8C149300D31,Distance learning,Independent
D8C3DD3A74F1,Distance learning,Independent
D8C47A7C4F39,Distance learning,Independent
D8D90E042134,Community service,Independent
D8DBF197A624,Summer projects,Independent
D8E16EEF6520,Cell phones at school,Independent
D8E4CB99DD3F,Grades for extracurricular activities,Independent
D8E8BBA9E966,Grades for extracurricular activities,Independent
D8EAAA9AB53B,Distance learning,Independent
D8F3781C0ADC,Distance learning,Independent
D8F89BE1861C,Community service,Independent
D8FA1F4C6D5C,Mandatory extracurricular activities,Independent
D9051AACAC49,Cell phones at school,Independent
D90A159EDD27,Community service,Independent
D90FF71D0964,Grades for extracurricular activities,Independent
D91B2369C76D,Community service,Independent
D91DF55E351B,Grades for extracurricular activities,Independent
D91E1C57C0AD,Summer projects,Independent
D925E8553B9D,Distance learning,Independent
D9266AAB3A51,Distance learning,Independent
D92E4A5DAA55,Mandatory extracurricular activities,Independent
D92E631AA886,Distance learning,Independent
D935E6EB5427,Seeking multiple opinions,Independent
D93BADC352CF,Cell phones at school,Independent
D93DE5C411EA,Distance learning,Independent
D941EA296360,Cell phones at school,Independent
D94C5A4EBEDF,Summer projects,Independent
D94F579CFD16,Grades for extracurricular activities,Independent
D94F8C916402,Grades for extracurricular activities,Independent
D954D8B031D4,Distance learning,Independent
D955E21FF1A0,Grades for extracurricular activities,Independent
D95AD99A9225,Seeking multiple opinions,Independent
D95D51EFCBB2,Community service,Independent
D95DB718C0A4,Grades for extracurricular activities,Independent
D95F9F5C8A98,Summer projects,Independent
D96822A98F32,Distance learning,Independent
D972C6918584,Cell phones at school,Independent
D97E47A63218,Grades for extracurricular activities,Independent
D97F2B893D8E,Community service,Independent
D98F3E1DE828,Seeking multiple opinions,Independent
D9969B1F3A15,Summer projects,Independent
D99A7BF56928,Grades for extracurricular activities,Independent
D99A8FDB17D8,Summer projects,Independent
D9A9EEDB9D0C,Seeking multiple opinions,Independent
D9AFEF8F5C41,Summer projects,Independent
D9B24103EA38,Distance learning,Independent
D9B2449945D1,Mandatory extracurricular activities,Independent
D9B3809280F9,Mandatory extracurricular activities,Independent
D9B9F1212FB0,Distance learning,Independent
D9BB6C11F6E3,Community service,Independent
D9C0995BC85E,Seeking multiple opinions,Independent
D9C2561E3D3F,Community service,Independent
D9C7239183B8,Summer projects,Independent
D9C93D8604E1,Cell phones at school,Independent
D9C9F849DC3E,Grades for extracurricular activities,Independent
D9CB3A1C5A65,Distance learning,Independent
D9DD8E066439,Cell phones at school,Independent
D9EA6EA497D8,Distance learning,Independent
D9F140E187E0,Mandatory extracurricular activities,Independent
D9F81CACE60B,Summer projects,Independent
D9F9E6C83C42,Seeking multiple opinions,Independent
DA025E83C104,Distance learning,Independent
DA06C685218C,Mandatory extracurricular activities,Independent
DA0FBE6F11C9,Summer projects,Independent
DA1108A0B880,Summer projects,Independent
DA1AAFBF0C33,Summer projects,Independent
DA1C7D2E4652,Summer projects,Independent
DA1EC7B04A89,Community service,Independent
DA228B928B61,Distance learning,Independent
DA256CE59165,Grades for extracurricular activities,Independent
DA2D885A25C8,Cell phones at school,Independent
DA2D92B73B67,Distance learning,Independent
DA41A7B07DF0,Seeking multiple opinions,Independent
DA4CC3E793A7,Community service,Independent
DA6129048732,Seeking multiple opinions,Independent
DA617DC7E4E9,Seeking multiple opinions,Independent
DA645EE46524,Seeking multiple opinions,Independent
DA67A738611E,Grades for extracurricular activities,Independent
DA6A5A5A67A0,Community service,Independent
DA6D07A177C7,Seeking multiple opinions,Independent
DA723916BCC0,Mandatory extracurricular activities,Independent
DA72D7D20441,Seeking multiple opinions,Independent
DA757F0B202B,Distance learning,Independent
DA86BC9B9FB6,Distance learning,Independent
DA892A0397A7,Distance learning,Independent
DA8F8C0D6952,Distance learning,Independent
DA9250021F33,Cell phones at school,Independent
DA97EDCE0411,Mandatory extracurricular activities,Independent
DAA1B0DC9448,Seeking multiple opinions,Independent
DAA628E2227A,Cell phones at school,Independent
DAAA48575626,Distance learning,Independent
DAAB3F3226B7,Mandatory extracurricular activities,Independent
DAAC37C0B251,Seeking multiple opinions,Independent
DAACA620A21F,Distance learning,Independent
DAAE03562B58,Seeking multiple opinions,Independent
DAB2DE52F977,Seeking multiple opinions,Independent
DAB32DFD9F8E,Community service,Independent
DAC85E32DCED,Seeking multiple opinions,Independent
DACAA57BB2DA,Cell phones at school,Independent
DACB465971AA,Community service,Independent
DACF12F21A7C,Cell phones at school,Independent
DAD962720BFA,Cell phones at school,Independent
DADE59A3F782,Community service,Independent
DAE3E4057810,Cell phones at school,Independent
DAF339DC4E48,Distance learning,Independent
DAF474E5E711,Mandatory extracurricular activities,Independent
DAFE25154516,Grades for extracurricular activities,Independent
DAFF03EE1185,Distance learning,Independent
DB0A595A4723,Community service,Independent
DB0AAE4A906D,Cell phones at school,Independent
DB12BA4206B8,Community service,Independent
DB3A6CE1E72C,Distance learning,Independent
DB4120B86224,Mandatory extracurricular activities,Independent
DB456BAE601B,Distance learning,Independent
DB4B78DAADCB,Grades for extracurricular activities,Independent
DB4B94FE666C,Mandatory extracurricular activities,Independent
DB4FE19B8FDA,Distance learning,Independent
DB5226FDBAD9,Community service,Independent
DB52CF86239E,Distance learning,Independent
DB5EA842EE5C,Mandatory extracurricular activities,Independent
DB61771326C9,Cell phones at school,Independent
DB62D47E5B0D,Cell phones at school,Independent
DB64557FFF45,Grades for extracurricular activities,Independent
DB7C2E4235B4,Distance learning,Independent
DB806AB245CC,Community service,Independent
DB82C7F35E09,Distance learning,Independent
DB8C242CD917,Distance learning,Independent
DB9838545463,Mandatory extracurricular activities,Independent
DB9CAE4A0E72,Distance learning,Independent
DBA1BE0F3883,Cell phones at school,Independent
DBA34EE35681,Cell phones at school,Independent
DBA3D1D1D0B5,Community service,Independent
DBA5AB233A32,Distance learning,Independent
DBA70364DC32,Summer projects,Independent
DBB590C34361,Distance learning,Independent
DBB59F61A74B,Grades for extracurricular activities,Independent
DBB73F490F75,Community service,Independent
DBB86EAFC921,Cell phones at school,Independent
DBB8D193FF22,Mandatory extracurricular activities,Independent
DBC53691CD0A,Distance learning,Independent
DBCDA37271B0,Summer projects,Independent
DBD25468A540,Seeking multiple opinions,Independent
DBE03B6BEC7B,Summer projects,Independent
DBE16C234CF3,Distance learning,Independent
DBE4FF1CA803,Community service,Independent
DBE9780AB73D,Mandatory extracurricular activities,Independent
DBEBB6A866B6,Seeking multiple opinions,Independent
DBF35E9F40A2,Distance learning,Independent
DBFD15D537CA,Seeking multiple opinions,Independent
DC00E095928F,Cell phones at school,Independent
DC011CC0196C,Distance learning,Independent
DC071D6F4B9B,Seeking multiple opinions,Independent
DC0AA2B1EE04,Summer projects,Independent
DC0D4BED5690,Cell phones at school,Independent
DC1DF3697B5B,Grades for extracurricular activities,Independent
DC25CFE5EACC,Distance learning,Independent
DC2EE6A2F024,Grades for extracurricular activities,Independent
DC364EC72968,Seeking multiple opinions,Independent
DC3B3B45F177,Summer projects,Independent
DC3FB660851C,Cell phones at school,Independent
DC430F1F553A,Mandatory extracurricular activities,Independent
DC5B8E6C23E6,Seeking multiple opinions,Independent
DC5BC55992EF,Summer projects,Independent
DC5BDFA3BFD6,Distance learning,Independent
DC5D57703D10,Community service,Independent
DC6181711B08,Mandatory extracurricular activities,Independent
DC67C20F18B4,Community service,Independent
DC6B635B5ACC,Community service,Independent
DC6EDCFCFBC2,Mandatory extracurricular activities,Independent
DC70105E6486,Summer projects,Independent
DC73C0D559C2,Mandatory extracurricular activities,Independent
DC778C27E995,Summer projects,Independent
DC7A5FB980EB,Mandatory extracurricular activities,Independent
DC8F1803CAA3,Summer projects,Independent
DC8FC7A75827,Cell phones at school,Independent
DC957F383300,Summer projects,Independent
DC98401E5435,Grades for extracurricular activities,Independent
DC99A891155A,Mandatory extracurricular activities,Independent
DC9CBB208C6D,Seeking multiple opinions,Independent
DC9CFB86974F,Summer projects,Independent
DC9E68A23D49,Seeking multiple opinions,Independent
DCA37228E485,Cell phones at school,Independent
DCA75F07566D,Mandatory extracurricular activities,Independent
DCA9EC57CDD9,Mandatory extracurricular activities,Independent
DCABFA6AD5AE,Summer projects,Independent
DCC03D6E1A60,Mandatory extracurricular activities,Independent
DCC5C3EDE4B4,Community service,Independent
DCC759FDB81B,Community service,Independent
DCCCC2D2E6F7,Community service,Independent
DCD55461ED69,Distance learning,Independent
DCE82F61BE10,Distance learning,Independent
DCE93861CC17,Mandatory extracurricular activities,Independent
DCEFAC68750A,Summer projects,Independent
DCF69E80899A,Grades for extracurricular activities,Independent
DCF6CF405A9B,Grades for extracurricular activities,Independent
DCFBD4CF4251,Grades for extracurricular activities,Independent
DD0929BB46D0,Distance learning,Independent
DD0C4908118A,Community service,Independent
DD0F3E7B4DDE,Seeking multiple opinions,Independent
DD16D942AAA6,Cell phones at school,Independent
DD1D41CC5388,Seeking multiple opinions,Independent
DD1D7CBCEE67,Distance learning,Independent
DD259D664877,Distance learning,Independent
DD297FC6742E,Distance learning,Independent
DD2A3D3C8EFE,Seeking multiple opinions,Independent
DD2E2344EE9A,Community service,Independent
DD344529E596,Distance learning,Independent
DD42D7A5641A,Summer projects,Independent
DD4452393C7E,Grades for extracurricular activities,Independent
DD474E5804C0,Distance learning,Independent
DD4953261FCD,Summer projects,Independent
DD5516A5BDD5,Seeking multiple opinions,Independent
DD611D7D21FB,Grades for extracurricular activities,Independent
DD6238DB550D,Grades for extracurricular activities,Independent
DD637A4E40F2,Summer projects,Independent
DD66EBC605D1,Distance learning,Independent
DD718D458160,Distance learning,Independent
DD71BE46AFE9,Cell phones at school,Independent
DD769E98B1FF,Mandatory extracurricular activities,Independent
DD77F2D94E3A,Summer projects,Independent
DD861E42F43C,Seeking multiple opinions,Independent
DD8649A7235B,Community service,Independent
DD8F90D2A759,Grades for extracurricular activities,Independent
DD92629D4A50,Cell phones at school,Independent
DD95B403F95F,Community service,Independent
DDA8E22052DD,Distance learning,Independent
DDB424217004,Community service,Independent
DDB51D1B4A5F,Community service,Independent
DDBF7A73F765,Distance learning,Independent
DDC53C7B5B42,Cell phones at school,Independent
DDD1ECC1D35F,Mandatory extracurricular activities,Independent
DDDA4C02DB34,Seeking multiple opinions,Independent
DDE5F76CAE87,Summer projects,Independent
DDE62E929C6B,Grades for extracurricular activities,Independent
DDE64A8AE177,Seeking multiple opinions,Independent
DDEECCE96A13,Mandatory extracurricular activities,Independent
DDEF5E8CEDA0,Summer projects,Independent
DDF590722BF7,Mandatory extracurricular activities,Independent
DDF611F84032,Grades for extracurricular activities,Independent
DDF94CF384FD,Summer projects,Independent
DDFD32F71277,Distance learning,Independent
DDFE32440B4E,Mandatory extracurricular activities,Independent
DE04ED82B911,Distance learning,Independent
DE07BC43B1E5,Community service,Independent
DE0BE442F3F2,Cell phones at school,Independent
DE0F442888D2,Grades for extracurricular activities,Independent
DE11D98D685E,Community service,Independent
DE17AE0AFF7D,Distance learning,Independent
DE2892C0639D,Summer projects,Independent
DE2AEFF23011,Grades for extracurricular activities,Independent
DE2DAA2A9345,Grades for extracurricular activities,Independent
DE34EBAA18EE,Summer projects,Independent
DE3A8BE8C603,Seeking multiple opinions,Independent
DE464738294E,Mandatory extracurricular activities,Independent
DE499912068F,Seeking multiple opinions,Independent
DE4A7CBFD4DF,Community service,Independent
DE51EAD12F36,Distance learning,Independent
DE5734279D92,Cell phones at school,Independent
DE6623432646,Distance learning,Independent
DE6896BD2E62,Seeking multiple opinions,Independent
DE706AB4435F,Seeking multiple opinions,Independent
DE717602BE6E,Community service,Independent
DE728DF42B4C,Mandatory extracurricular activities,Independent
DE74EE90011B,Grades for extracurricular activities,Independent
DE762A22E874,Mandatory extracurricular activities,Independent
DE7A974017E1,Seeking multiple opinions,Independent
DE7F02980A1D,Mandatory extracurricular activities,Independent
DE841BF24A2F,Seeking multiple opinions,Independent
DE84ECE816A7,Seeking multiple opinions,Independent
DE995A14B51D,Mandatory extracurricular activities,Independent
DE9E2CC41A63,Cell phones at school,Independent
DEA0F85D7DB9,Cell phones at school,Independent
DEA8551BCE81,Distance learning,Independent
DEAF202F9EB2,Mandatory extracurricular activities,Independent
DEB61D33E804,Mandatory extracurricular activities,Independent
DEB6DD3E13D8,Mandatory extracurricular activities,Independent
DEB6EF459B10,Grades for extracurricular activities,Independent
DEC0AE0BBCA6,Cell phones at school,Independent
DECDC46197E4,Summer projects,Independent
DECE5ADD8E41,Cell phones at school,Independent
DECECA25BCBD,Distance learning,Independent
DED1836E758C,Mandatory extracurricular activities,Independent
DEDBA7A90125,Cell phones at school,Independent
DEDCFAD56126,Community service,Independent
DEDF5F03E30F,Summer projects,Independent
DEE347FC135C,Seeking multiple opinions,Independent
DEEB40F3A79D,Summer projects,Independent
DEECF8A86136,Mandatory extracurricular activities,Independent
DEFEAAC01F83,Grades for extracurricular activities,Independent
DF00A9FDE3D9,Distance learning,Independent
DF0E5C97D467,Mandatory extracurricular activities,Independent
DF249BCF1B57,Distance learning,Independent
DF255BB19E6D,Mandatory extracurricular activities,Independent
DF30561FC18B,Cell phones at school,Independent
DF3EA9FBAB8F,Mandatory extracurricular activities,Independent
DF4094E2AFA0,Cell phones at school,Independent
DF4A18C70D2A,Seeking multiple opinions,Independent
DF5281802CF1,Mandatory extracurricular activities,Independent
DF564C30E155,Community service,Independent
DF5F5748EEF5,Community service,Independent
DF76BBCD85B1,Summer projects,Independent
DF7A8A771133,Distance learning,Independent
DF7CD9B3B988,Cell phones at school,Independent
DF7CE3C241CE,Community service,Independent
DF7E25AEB331,Grades for extracurricular activities,Independent
DF82E9233655,Community service,Independent
DF8386B85411,Summer projects,Independent
DF890FC7D48F,Mandatory extracurricular activities,Independent
DF89D66120D2,Distance learning,Independent
DF8A499373F4,Seeking multiple opinions,Independent
DF920E0A7337,Seeking multiple opinions,Independent
DF944DD9C026,Cell phones at school,Independent
DF9580284892,Seeking multiple opinions,Independent
DF9D7CEBFBF4,Mandatory extracurricular activities,Independent
DFA350B72363,Mandatory extracurricular activities,Independent
DFA37BC88FA6,Distance learning,Independent
DFB05A5E4FE7,Mandatory extracurricular activities,Independent
DFB074E89515,Mandatory extracurricular activities,Independent
DFB9E05148CD,Community service,Independent
DFBA34FFE11D,Mandatory extracurricular activities,Independent
DFC217C4144E,Grades for extracurricular activities,Independent
DFCE04EE5E11,Summer projects,Independent
DFCF2A3BE972,Distance learning,Independent
DFD2C3047A7F,Distance learning,Independent
DFD700856850,Cell phones at school,Independent
DFE2FC3897AF,Distance learning,Independent
DFE6D4DFE88D,Grades for extracurricular activities,Independent
DFE72C747B5B,Summer projects,Independent
DFEAEC512BAB,Summer projects,Independent
DFF09E77A730,Cell phones at school,Independent
DFF9D6FA7A8A,Distance learning,Independent
E018497ED277,Distance learning,Independent
E024277769DE,Summer projects,Independent
E03004D2EC0E,Cell phones at school,Independent
E0326A44EAA7,Distance learning,Independent
E032A417EBD1,Distance learning,Independent
E03ABEC27E0E,Summer projects,Independent
E04328029B5D,Cell phones at school,Independent
E04915C5EF0F,Summer projects,Independent
E0536CFB1530,Cell phones at school,Independent
E05800F81426,Cell phones at school,Independent
E05ACF2DFCB8,Summer projects,Independent
E05FAF430BBC,Mandatory extracurricular activities,Independent
E060D90D6CB9,Grades for extracurricular activities,Independent
E0641441E7B6,Seeking multiple opinions,Independent
E06A8C8B5666,Summer projects,Independent
E077B0E86DBE,Cell phones at school,Independent
E0797671B1B2,Community service,Independent
E079C8DE0D1E,Cell phones at school,Independent
E083167B7FA9,Cell phones at school,Independent
E088DABCADF1,Distance learning,Independent
E08A1ADE64C2,Distance learning,Independent
E099AB8BFFC5,Distance learning,Independent
E0A1D0E7B2FF,Grades for extracurricular activities,Independent
E0A4A5FB3C3D,Summer projects,Independent
E0A686C9DEFF,Mandatory extracurricular activities,Independent
E0AB88923BA8,Summer projects,Independent
E0B1630FB93C,Seeking multiple opinions,Independent
E0BBCFF37E53,Distance learning,Independent
E0BC31D75246,Grades for extracurricular activities,Independent
E0BC570E02EF,Cell phones at school,Independent
E0C2BC52DEC1,Cell phones at school,Independent
E0C638AF8B52,Distance learning,Independent
E0C65D8198DD,Distance learning,Independent
E0C7A011BEF5,Seeking multiple opinions,Independent
E0C817E9566C,Distance learning,Independent
E0CAF5DAB8E3,Seeking multiple opinions,Independent
E0E07A90CD79,Mandatory extracurricular activities,Independent
E0E704BAA407,Cell phones at school,Independent
E0ED571AED2A,Community service,Independent
E0ED943EC5A7,Grades for extracurricular activities,Independent
E0F74B9F9C79,Summer projects,Independent
E0FEF743B354,Summer projects,Independent
E106B08D9BD5,Seeking multiple opinions,Independent
E10A4D05618B,Distance learning,Independent
E10E42DFDA2B,Grades for extracurricular activities,Independent
E11028B183D4,Cell phones at school,Independent
E112AB5D1FCD,Mandatory extracurricular activities,Independent
E117A2236FB2,Cell phones at school,Independent
E118DBC2FE54,Cell phones at school,Independent
E11931B2A6AC,Community service,Independent
E11AF042D7B5,Mandatory extracurricular activities,Independent
E12450BAE343,Distance learning,Independent
E125061E7C8A,Summer projects,Independent
E125A0E0FD41,Grades for extracurricular activities,Independent
E14632E60C40,Summer projects,Independent
E1464913F4ED,Community service,Independent
E1571FAF496E,Distance learning,Independent
E157A46F6620,Seeking multiple opinions,Independent
E15ECDD9A660,Seeking multiple opinions,Independent
E16916B78B8F,Distance learning,Independent
E1706E7F68AC,Summer projects,Independent
E178F7288BEE,Summer projects,Independent
E188A496D70C,Grades for extracurricular activities,Independent
E1892DEBDF43,Community service,Independent
E193F743822B,Distance learning,Independent
E1A7CA8AAE69,Community service,Independent
E1AA4DD50FFE,Summer projects,Independent
E1AB05589049,Community service,Independent
E1ABD278E4CD,Summer projects,Independent
E1AE7FDD072F,Mandatory extracurricular activities,Independent
E1B4C22E7785,Community service,Independent
E1BF1B0C6C08,Distance learning,Independent
E1C96D7A8110,Distance learning,Independent
E1D90A25415D,Seeking multiple opinions,Independent
E1DDD9115527,Distance learning,Independent
E1DF5A240860,Summer projects,Independent
E1EC4869981F,Mandatory extracurricular activities,Independent
E1F8CC751301,Seeking multiple opinions,Independent
E2008A562703,Mandatory extracurricular activities,Independent
E2051966C4BC,Cell phones at school,Independent
E20BA9FF8CD1,Grades for extracurricular activities,Independent
E214E42B939C,Grades for extracurricular activities,Independent
E215400764F3,Summer projects,Independent
E21F0A8C61AA,Distance learning,Independent
E221E2575DA8,Mandatory extracurricular activities,Independent
E22D53ADC06A,Distance learning,Independent
E237F17B4C4E,Cell phones at school,Independent
E24220DC9CBC,Grades for extracurricular activities,Independent
E2424E02CF26,Summer projects,Independent
E243395D94C1,Cell phones at school,Independent
E24CB91289DE,Cell phones at school,Independent
E24F3C794B08,Distance learning,Independent
E24F801F1C4A,Seeking multiple opinions,Independent
E26249CC6344,Distance learning,Independent
E26250112076,Community service,Independent
E2630767E36B,Distance learning,Independent
E263EB3FBC22,Cell phones at school,Independent
E2644EB8180E,Summer projects,Independent
E2669D67879F,Grades for extracurricular activities,Independent
E267774724A3,Grades for extracurricular activities,Independent
E267AD56BEDA,Cell phones at school,Independent
E272662CDFFC,Distance learning,Independent
E286AD066204,Summer projects,Independent
E29BB3036F42,Community service,Independent
E2ACE0A2F214,Community service,Independent
E2AF0F6F8B0C,Cell phones at school,Independent
E2B4BB363CCF,Summer projects,Independent
E2B7D2BC2163,Community service,Independent
E2BB0AA98EA5,Mandatory extracurricular activities,Independent
E2C5E75AEB85,Grades for extracurricular activities,Independent
E2D4914989F4,Grades for extracurricular activities,Independent
E2D6958F6FC4,Mandatory extracurricular activities,Independent
E2DB73B74268,Grades for extracurricular activities,Independent
E2E3B94DAE4C,Grades for extracurricular activities,Independent
E2E3F9182F8D,Cell phones at school,Independent
E2F4E68CFEAD,Distance learning,Independent
E2FCB022655C,Distance learning,Independent
E2FCF4124BCE,Seeking multiple opinions,Independent
E30209138F4A,Summer projects,Independent
E3097287CBD1,Distance learning,Independent
E3098475BFE3,Mandatory extracurricular activities,Independent
E316A7CADFAE,Cell phones at school,Independent
E317D1070D4F,Distance learning,Independent
E31E8081F587,Community service,Independent
E31EF8887AA4,Grades for extracurricular activities,Independent
E328DD28411B,Distance learning,Independent
E33ACC2CE4A9,Seeking multiple opinions,Independent
E33D8FADD6BC,Seeking multiple opinions,Independent
E3478C339A2B,Distance learning,Independent
E34D8F5E2493,Mandatory extracurricular activities,Independent
E353EF820872,Distance learning,Independent
E3559D8E946B,Community service,Independent
E36518881D9B,Cell phones at school,Independent
E3668C4C4C0C,Community service,Independent
E3752B328709,Cell phones at school,Independent
E37DDD386B5B,Cell phones at school,Independent
E382BBC2D88E,Distance learning,Independent
E38F3F02957D,Mandatory extracurricular activities,Independent
E390C09138FC,Community service,Independent
E392A61F0E02,Cell phones at school,Independent
E392F8BC3F93,Cell phones at school,Independent
E39559BF14F2,Distance learning,Independent
E3A0D17253B9,Distance learning,Independent
E3A2C937BE5C,Mandatory extracurricular activities,Independent
E3A519D05CE5,Cell phones at school,Independent
E3AE96BD6370,Summer projects,Independent
E3B01D3EF8C1,Grades for extracurricular activities,Independent
E3B3792EFF86,Community service,Independent
E3B5F5E76B04,Mandatory extracurricular activities,Independent
E3BA4F414829,Grades for extracurricular activities,Independent
E3C5F6B9EDB7,Seeking multiple opinions,Independent
E3C9B6675588,Grades for extracurricular activities,Independent
E3D6D79EA71F,Summer projects,Independent
E3DB63C503FC,Seeking multiple opinions,Independent
E3DD9FD8CB78,Mandatory extracurricular activities,Independent
E3E283A204F4,Seeking multiple opinions,Independent
E3E50332E6FD,Seeking multiple opinions,Independent
E3E51C3F6E8B,Mandatory extracurricular activities,Independent
E3EA6FB5390E,Summer projects,Independent
E3EC69F1DA50,Seeking multiple opinions,Independent
E3EF725157D1,Mandatory extracurricular activities,Independent
E3F1E3B08625,Summer projects,Independent
E3F7C506105F,Seeking multiple opinions,Independent
E3F990437D0B,Grades for extracurricular activities,Independent
E3FC2388E2A5,Mandatory extracurricular activities,Independent
E3FD686E3696,Seeking multiple opinions,Independent
E3FF67C84443,Mandatory extracurricular activities,Independent
E406678F52D8,Community service,Independent
E40C8427B410,Cell phones at school,Independent
E40FC88896CF,Summer projects,Independent
E40FCCD0202A,Distance learning,Independent
E41069F5273A,Distance learning,Independent
E4196C7BE2AF,Distance learning,Independent
E429FF2A24BC,Seeking multiple opinions,Independent
E42D72563951,Summer projects,Independent
E4303F5DA72C,Community service,Independent
E4306421A388,Distance learning,Independent
E44060CBDCF8,Distance learning,Independent
E4446EFE0F8C,Cell phones at school,Independent
E44539A0116C,Grades for extracurricular activities,Independent
E459422C794C,Seeking multiple opinions,Independent
E4596B010B9B,Mandatory extracurricular activities,Independent
E45E61408FF5,Mandatory extracurricular activities,Independent
E45E9DC77BF4,Distance learning,Independent
E46C52182D66,Distance learning,Independent
E46E59D6FAAC,Seeking multiple opinions,Independent
E46EFDB1A301,Mandatory extracurricular activities,Independent
E47334837113,Cell phones at school,Independent
E475F06BDADC,Cell phones at school,Independent
E4773D5D6BEA,Distance learning,Independent
E490CC452ADD,Mandatory extracurricular activities,Independent
E497A489CA82,Summer projects,Independent
E4994414BA5A,Distance learning,Independent
E49ACBC11993,Grades for extracurricular activities,Independent
E49E1BE24B54,Grades for extracurricular activities,Independent
E4A137196DDD,Distance learning,Independent
E4B7DF413601,Distance learning,Independent
E4BFE6EC3275,Cell phones at school,Independent
E4C696F6D35D,Grades for extracurricular activities,Independent
E4CE8E374B3A,Summer projects,Independent
E4CF900A6CB6,Grades for extracurricular activities,Independent
E4D4DBB54D4B,Grades for extracurricular activities,Independent
E4D780F0FCA4,Community service,Independent
E4DA68D2918E,Cell phones at school,Independent
E4DC7BF5147E,Community service,Independent
E4DD1F3429F8,Grades for extracurricular activities,Independent
E4DE4FCBFA63,Grades for extracurricular activities,Independent
E4E456EF2132,Community service,Independent
E4EDEE977D32,Summer projects,Independent
E4F262D098ED,Summer projects,Independent
E4F64D34C2F1,Cell phones at school,Independent
E4F8F96D1AC4,Distance learning,Independent
E4FACBE9AC22,Mandatory extracurricular activities,Independent
E50212D4B912,Mandatory extracurricular activities,Independent
E504081AA343,Community service,Independent
E50573E4631B,Mandatory extracurricular activities,Independent
E506BA4555A6,Summer projects,Independent
E508BAFC3BF9,Distance learning,Independent
E511D6E99C4B,Cell phones at school,Independent
E51722919697,Grades for extracurricular activities,Independent
E5187E0B5C8D,Seeking multiple opinions,Independent
E51A57766989,Grades for extracurricular activities,Independent
E51DC9CFC464,Mandatory extracurricular activities,Independent
E520A6FF2F3A,Seeking multiple opinions,Independent
E52E535C2CE1,Grades for extracurricular activities,Independent
E53B41F7A542,Community service,Independent
E53B5654C0E2,Seeking multiple opinions,Independent
E53EBCEA33C3,Grades for extracurricular activities,Independent
E540DE3C35CB,Summer projects,Independent
E55640B069F5,Seeking multiple opinions,Independent
E55967D94E2C,Community service,Independent
E55C5624FD0E,Cell phones at school,Independent
E5629850DA84,Grades for extracurricular activities,Independent
E566F0D20F98,Distance learning,Independent
E57694A9EED2,Seeking multiple opinions,Independent
E589B660EDA4,Community service,Independent
E58AEB0A47B8,Seeking multiple opinions,Independent
E58B1AE98FEA,Cell phones at school,Independent
E58C0FE24A2A,Grades for extracurricular activities,Independent
E592D7734E3B,Distance learning,Independent
E59C5ADE38D3,Grades for extracurricular activities,Independent
E59DD4FF67E8,Distance learning,Independent
E5ADCFEF9D75,Summer projects,Independent
E5B45EC8F365,Mandatory extracurricular activities,Independent
E5B6F3AAA311,Mandatory extracurricular activities,Independent
E5B77EA58C0B,Mandatory extracurricular activities,Independent
E5B8D9D7C083,Summer projects,Independent
E5B8DBD2D1CB,Cell phones at school,Independent
E5BC699A64C5,Cell phones at school,Independent
E5C0ED4A75D1,Mandatory extracurricular activities,Independent
E5C38CD92E3C,Summer projects,Independent
E5C524E8ECB8,Seeking multiple opinions,Independent
E5D3ABECD53B,Grades for extracurricular activities,Independent
E5DD1BEF699E,Community service,Independent
E5DD5064713A,Distance learning,Independent
E5DFA12B816A,Mandatory extracurricular activities,Independent
E5E2A3899DA2,Cell phones at school,Independent
E5ED252A0C48,Community service,Independent
E5EF52219F63,Grades for extracurricular activities,Independent
E5F259FAF619,Cell phones at school,Independent
E5F378BE5F7C,Seeking multiple opinions,Independent
E6011A7CB10F,Cell phones at school,Independent
E60257F8B334,Cell phones at school,Independent
E60EAA95E3F1,Cell phones at school,Independent
E6189612100C,Community service,Independent
E620272D484D,Distance learning,Independent
E62935191079,Seeking multiple opinions,Independent
E62F91C1062A,Distance learning,Independent
E6337FDAD05A,Mandatory extracurricular activities,Independent
E63713BC8E38,Mandatory extracurricular activities,Independent
E63821C43C7A,Community service,Independent
E638A1E0C45F,Distance learning,Independent
E63B119399A4,Cell phones at school,Independent
E640BAE6092D,Mandatory extracurricular activities,Independent
E64E850E6E71,Seeking multiple opinions,Independent
E64FA9375E9C,Distance learning,Independent
E651190656B1,Summer projects,Independent
E656F77A6F59,Community service,Independent
E659800B906C,Community service,Independent
E661EBA39ADC,Distance learning,Independent
E676BEF17B80,Cell phones at school,Independent
E67907CD1C06,Community service,Independent
E67BBFA8F72F,Community service,Independent
E680D448BBA4,Seeking multiple opinions,Independent
E68CDA395B2D,Seeking multiple opinions,Independent
E6A0EF9688EE,Mandatory extracurricular activities,Independent
E6B86BBB86AA,Mandatory extracurricular activities,Independent
E6B964D51793,Grades for extracurricular activities,Independent
E6B9A294B454,Distance learning,Independent
E6BF8D197E0D,Distance learning,Independent
E6D105874F5D,Community service,Independent
E6D61167AFFC,Seeking multiple opinions,Independent
E6DDB05EB921,Mandatory extracurricular activities,Independent
E6DEF83C2A61,Grades for extracurricular activities,Independent
E6E7692E6D92,Cell phones at school,Independent
E6F9F8CDF64A,Seeking multiple opinions,Independent
E700839A6803,Community service,Independent
E7080B254922,Mandatory extracurricular activities,Independent
E70FDC4A9010,Grades for extracurricular activities,Independent
E71015CFD95C,Community service,Independent
E7111F690B98,Mandatory extracurricular activities,Independent
E71176878741,Summer projects,Independent
E7140F0919C3,Distance learning,Independent
E717BA8DAB1B,Distance learning,Independent
E71AD2CBA08E,Distance learning,Independent
E726C5DDAD9F,Community service,Independent
E7296D97815C,Community service,Independent
E72EAE4B0792,Mandatory extracurricular activities,Independent
E730E967537C,Cell phones at school,Independent
E73557CE9161,Cell phones at school,Independent
E74E4865B395,Distance learning,Independent
E74F2616693B,Cell phones at school,Independent
E758B77AC952,Mandatory extracurricular activities,Independent
E76389FF2E2B,Mandatory extracurricular activities,Independent
E764AE42E050,Community service,Independent
E76B5F4C93C4,Distance learning,Independent
E76E617CBAA9,Distance learning,Independent
E76FD3AB8750,Distance learning,Independent
E7721A3B1C9D,Community service,Independent
E773A6161A52,Community service,Independent
E7741CA1BDC2,Seeking multiple opinions,Independent
E774D4694AFA,Seeking multiple opinions,Independent
E774EAC59A72,Distance learning,Independent
E792CBEB06C5,Cell phones at school,Independent
E797D7F9B452,Grades for extracurricular activities,Independent
E7988483480F,Grades for extracurricular activities,Independent
E79BEA9BFC6E,Summer projects,Independent
E7AF1FC5DBB1,Cell phones at school,Independent
E7B411F1D446,Mandatory extracurricular activities,Independent
E7C552A90707,Grades for extracurricular activities,Independent
E7C973BC4FDA,Seeking multiple opinions,Independent
E7CB6A91A381,Grades for extracurricular activities,Independent
E7CBE8FEFCDF,Seeking multiple opinions,Independent
E7D7A233ED11,Seeking multiple opinions,Independent
E7DA3EBD8366,Mandatory extracurricular activities,Independent
E7E7F9BA0F30,Seeking multiple opinions,Independent
E7E8F2F6314B,Mandatory extracurricular activities,Independent
E7F8EFED6469,Seeking multiple opinions,Independent
E7F9A77683D2,Cell phones at school,Independent
E8027B1E86C2,Cell phones at school,Independent
E803918F35BC,Cell phones at school,Independent
E808AD021E0C,Grades for extracurricular activities,Independent
E80959E551E1,Grades for extracurricular activities,Independent
E81A28C40FF5,Cell phones at school,Independent
E81B50098AAC,Distance learning,Independent
E82267D7C2FB,Summer projects,Independent
E8247E1BBF06,Seeking multiple opinions,Independent
E827A459B025,Summer projects,Independent
E82B39E10E69,Community service,Independent
E82F173F9C67,Mandatory extracurricular activities,Independent
E8310EE7808E,Grades for extracurricular activities,Independent
E8312870BC60,Cell phones at school,Independent
E83B8BD5D5A4,Cell phones at school,Independent
E83BB12A2F88,Mandatory extracurricular activities,Independent
E83BEEE4EF18,Seeking multiple opinions,Independent
E83EAE114F13,Cell phones at school,Independent
E84A634F67DC,Mandatory extracurricular activities,Independent
E84AB4FFA81C,Grades for extracurricular activities,Independent
E84B37C0DC10,Mandatory extracurricular activities,Independent
E84E56E90C78,Mandatory extracurricular activities,Independent
E852725A7D4A,Mandatory extracurricular activities,Independent
E8554E8D2925,Grades for extracurricular activities,Independent
E85C45D90D1D,Distance learning,Independent
E85D576C9EA2,Seeking multiple opinions,Independent
E85D65895039,Grades for extracurricular activities,Independent
E864A028109F,Grades for extracurricular activities,Independent
E86DE76F68EF,Cell phones at school,Independent
E877D5AD16DA,Grades for extracurricular activities,Independent
E879F32DA754,Cell phones at school,Independent
E87EA7CD7578,Community service,Independent
E880AE12B9AA,Seeking multiple opinions,Independent
E881D51A63E0,Seeking multiple opinions,Independent
E88B3A355149,Distance learning,Independent
E89C454FDDCB,Mandatory extracurricular activities,Independent
E8A04869CFD0,Grades for extracurricular activities,Independent
E8B1304AFD9D,Grades for extracurricular activities,Independent
E8B7708CFA87,Cell phones at school,Independent
E8BB10123BFE,Distance learning,Independent
E8BF036DCFA5,Mandatory extracurricular activities,Independent
E8C3CD780A55,Grades for extracurricular activities,Independent
E8CA56DE95A2,Seeking multiple opinions,Independent
E8D3A695C074,Distance learning,Independent
E8D7B5F63B11,Mandatory extracurricular activities,Independent
E8DB38E62A2A,Summer projects,Independent
E8DD372E679E,Seeking multiple opinions,Independent
E8E27F3D811B,Community service,Independent
E8FB293C0D4F,Community service,Independent
E8FF0D2483FE,Seeking multiple opinions,Independent
E9012D606564,Community service,Independent
E9026A3D93B7,Community service,Independent
E9041778B163,Community service,Independent
E9141ABADBD4,Seeking multiple opinions,Independent
E9179F8981D6,Distance learning,Independent
E91ACFD30D10,Cell phones at school,Independent
E9245097F146,Cell phones at school,Independent
E92E7BAEF0BE,Community service,Independent
E9363204BCEF,Mandatory extracurricular activities,Independent
E939E9FE8D2C,Community service,Independent
E940448E4323,Community service,Independent
E949DAF7C54B,Seeking multiple opinions,Independent
E94D9F90C2DE,Grades for extracurricular activities,Independent
E9572AFBB5A5,Community service,Independent
E95AA3E3AC4B,Summer projects,Independent
E95B8AE3FB44,Cell phones at school,Independent
E96117D22492,Distance learning,Independent
E9621B1CE4F0,Mandatory extracurricular activities,Independent
E968C7C1A689,Community service,Independent
E96C2AD465F8,Mandatory extracurricular activities,Independent
E9739967700C,Cell phones at school,Independent
E974D272C14E,Distance learning,Independent
E97556BF38C0,Mandatory extracurricular activities,Independent
E97A5C116E30,Cell phones at school,Independent
E97D16349835,Distance learning,Independent
E98F49492C8B,Cell phones at school,Independent
E99200305F7B,Summer projects,Independent
E9A10ABAF3B6,Mandatory extracurricular activities,Independent
E9A8AA566985,Summer projects,Independent
E9C1EC2403E8,Community service,Independent
E9CCA2E31DCB,Summer projects,Independent
E9D4A272DDAE,Community service,Independent
E9E6AC0ABFB1,Summer projects,Independent
E9E9AEC9100C,Summer projects,Independent
E9F914C7849F,Seeking multiple opinions,Independent
EA03135D3C88,Summer projects,Independent
EA04020F5ECD,Seeking multiple opinions,Independent
EA054F4D6041,Distance learning,Independent
EA195C29ACB1,Summer projects,Independent
EA1B8288F9F4,Seeking multiple opinions,Independent
EA2AF2EF79D7,Cell phones at school,Independent
EA2B5EB1DFDA,Seeking multiple opinions,Independent
EA317CE76E48,Summer projects,Independent
EA31BBD77334,Seeking multiple opinions,Independent
EA3B2BC17E2A,Community service,Independent
EA441360E42C,Mandatory extracurricular activities,Independent
EA493ECF9F3B,Grades for extracurricular activities,Independent
EA4A41CF477E,Cell phones at school,Independent
EA4E4199A90F,Mandatory extracurricular activities,Independent
EA5067362719,Grades for extracurricular activities,Independent
EA532C0ED925,Distance learning,Independent
EA57C6750829,Seeking multiple opinions,Independent
EA5BFD706570,Distance learning,Independent
EA66CD458EE1,Cell phones at school,Independent
EA6A616C5990,Summer projects,Independent
EA7403CC3053,Distance learning,Independent
EA799C43B004,Grades for extracurricular activities,Independent
EA7CFD7E6789,Grades for extracurricular activities,Independent
EA7DF5E3AE3D,Seeking multiple opinions,Independent
EA9AFF6762A7,Cell phones at school,Independent
EA9C3C6FCDE2,Community service,Independent
EA9E0708DE17,Seeking multiple opinions,Independent
EAAF750723A4,Summer projects,Independent
EAB40015735D,Community service,Independent
EAC03FA78D0C,Seeking multiple opinions,Independent
EAC2A13BE93C,Mandatory extracurricular activities,Independent
EAC3596461E7,Cell phones at school,Independent
EACE18447D2D,Cell phones at school,Independent
EACEDA8DD189,Distance learning,Independent
EAD0F017B5D4,Seeking multiple opinions,Independent
EAD34355445F,Distance learning,Independent
EAD3F5B3AE77,Cell phones at school,Independent
EAD7F1F02A93,Grades for extracurricular activities,Independent
EAE3A1E3B396,Mandatory extracurricular activities,Independent
EAE8AB55E9B1,Community service,Independent
EAEC2EA52BEC,Summer projects,Independent
EAF09825C7C6,Cell phones at school,Independent
EAF1A1E138E8,Seeking multiple opinions,Independent
EAF72F67654F,Summer projects,Independent
EAFA7F1C0627,Distance learning,Independent
EAFFC084F3D3,Mandatory extracurricular activities,Independent
EB05DCA04676,Community service,Independent
EB063AA76EB8,Grades for extracurricular activities,Independent
EB13EC9C3AB5,Mandatory extracurricular activities,Independent
EB1500B8EA75,Distance learning,Independent
EB1A6A5DDC55,Cell phones at school,Independent
EB1B056DA1D7,Community service,Independent
EB1CBB0FFEAF,Summer projects,Independent
EB1E061F404D,Cell phones at school,Independent
EB2729A98E7B,Distance learning,Independent
EB274FBC904F,Distance learning,Independent
EB28D5B91DCC,Distance learning,Independent
EB29E13CF6D7,Distance learning,Independent
EB2A9662967E,Cell phones at school,Independent
EB2FC5321E67,Community service,Independent
EB32D8CAEC88,Grades for extracurricular activities,Independent
EB39727D0F7B,Mandatory extracurricular activities,Independent
EB3C0E8A3280,Distance learning,Independent
EB3D0704BCF0,Community service,Independent
EB49C042DB20,Grades for extracurricular activities,Independent
EB4AD7A46168,Community service,Independent
EB4FE2D03A6F,Distance learning,Independent
EB509BF4303C,Seeking multiple opinions,Independent
EB593834E039,Mandatory extracurricular activities,Independent
EB5A7CAAFFC6,Grades for extracurricular activities,Independent
EB5D6E0CD129,Mandatory extracurricular activities,Independent
EB6C2AF20BFE,Seeking multiple opinions,Independent
EB71F370D655,Mandatory extracurricular activities,Independent
EB78EABD33B0,Grades for extracurricular activities,Independent
EB793B72A8C4,Mandatory extracurricular activities,Independent
EB819A2CF765,Mandatory extracurricular activities,Independent
EB8D5B9798AE,Summer projects,Independent
EB94208AC8AF,Grades for extracurricular activities,Independent
EB9C5ADE320C,Grades for extracurricular activities,Independent
EBA1B05B6624,Community service,Independent
EBA2F18D9666,Seeking multiple opinions,Independent
EBAA812BF6F7,Mandatory extracurricular activities,Independent
EBAC7604E958,Cell phones at school,Independent
EBB5E199D177,Community service,Independent
EBBA36F7459C,Seeking multiple opinions,Independent
EBBA6790B73B,Mandatory extracurricular activities,Independent
EBC02425174E,Summer projects,Independent
EBC108B0E57E,Cell phones at school,Independent
EBC1A7DD8878,Mandatory extracurricular activities,Independent
EBCDED6944ED,Distance learning,Independent
EBCF73C7921E,Distance learning,Independent
EBD07D2D103C,Distance learning,Independent
EBD98D754ECD,Seeking multiple opinions,Independent
EBDA2869DB6D,Seeking multiple opinions,Independent
EBDBA726D479,Distance learning,Independent
EBDDA261B802,Cell phones at school,Independent
EBE406D40544,Mandatory extracurricular activities,Independent
EBEEC72062D9,Mandatory extracurricular activities,Independent
EBF3EC9EA3B1,Mandatory extracurricular activities,Independent
EBF9131A638F,Distance learning,Independent
EC025D0FFD23,Grades for extracurricular activities,Independent
EC0988E6BB43,Distance learning,Independent
EC0AD655AA20,Grades for extracurricular activities,Independent
EC0D097E498D,Summer projects,Independent
EC18719C3539,Community service,Independent
EC1A91C83C2A,Grades for extracurricular activities,Independent
EC1D25B7A42E,Distance learning,Independent
EC1FE04E8EE2,Community service,Independent
EC2147043BD8,Mandatory extracurricular activities,Independent
EC2519262F03,Distance learning,Independent
EC2BF10403AF,Grades for extracurricular activities,Independent
EC347BE5ADE4,Summer projects,Independent
EC36C2737376,Summer projects,Independent
EC3D5F3383D0,Mandatory extracurricular activities,Independent
EC42C3E828E7,Grades for extracurricular activities,Independent
EC488F9F8910,Seeking multiple opinions,Independent
EC490F5D4DD8,Distance learning,Independent
EC4BB9A4E431,Cell phones at school,Independent
EC4BE8A6021C,Cell phones at school,Independent
EC576AA1C8C5,Mandatory extracurricular activities,Independent
EC591630ED15,Seeking multiple opinions,Independent
EC6DEED37814,Grades for extracurricular activities,Independent
EC6E2D618E20,Distance learning,Independent
EC719533AB43,Distance learning,Independent
EC740EDD6834,Summer projects,Independent
EC8040CEB1E1,Mandatory extracurricular activities,Independent
EC94E187997D,Community service,Independent
EC9BB8FF0638,Summer projects,Independent
ECA4D673EC46,Mandatory extracurricular activities,Independent
ECAD3D8FAB97,Community service,Independent
ECBA9E6AF61B,Cell phones at school,Independent
ECBCF0499AB0,Mandatory extracurricular activities,Independent
ECBF33747F9F,Grades for extracurricular activities,Independent
ECC26616F6AB,Cell phones at school,Independent
ECD640058D57,Summer projects,Independent
ECD81C1A4F62,Community service,Independent
ECE0D33B9B85,Distance learning,Independent
ECE3D2BE037D,Community service,Independent
ECE6DB354262,Summer projects,Independent
ECE9818085EB,Grades for extracurricular activities,Independent
ECF265A73C7E,Distance learning,Independent
ECF63F6AB48E,Community service,Independent
ECFB72244DAB,Community service,Independent
ED0A8E614649,Distance learning,Independent
ED0C40B8C17A,Community service,Independent
ED166208A2EE,Mandatory extracurricular activities,Independent
ED1EFE97C40F,Distance learning,Independent
ED201C3D1F84,Summer projects,Independent
ED2DBF2627BF,Cell phones at school,Independent
ED3DFE4AB197,Community service,Independent
ED4A8881B092,Community service,Independent
ED4AC32945B3,Community service,Independent
ED62619C520F,Grades for extracurricular activities,Independent
ED6A21874533,Cell phones at school,Independent
ED6E36CAFB74,Cell phones at school,Independent
ED74D2C2403B,Distance learning,Independent
ED830B1151E7,Distance learning,Independent
ED8B1FBCC956,Community service,Independent
ED8C3FA6FC82,Seeking multiple opinions,Independent
ED91D9E8F1DF,Cell phones at school,Independent
ED939DCC05A8,Summer projects,Independent
ED977E586BC4,Distance learning,Independent
EDA3D66A8A28,Distance learning,Independent
EDACE717C302,Distance learning,Independent
EDAD8F6AE680,Cell phones at school,Independent
EDB7681BCFF5,Distance learning,Independent
EDBC0E9475DD,Mandatory extracurricular activities,Independent
EDBD833C3A4E,Cell phones at school,Independent
EDBDDA26B49B,Distance learning,Independent
EDC27501821A,Mandatory extracurricular activities,Independent
EDC567D40996,Distance learning,Independent
EDD3DA14F057,Mandatory extracurricular activities,Independent
EDDFFD34DBD4,Seeking multiple opinions,Independent
EDE56797770A,Community service,Independent
EDE659B4CB90,Summer projects,Independent
EDEA70DE2D47,Distance learning,Independent
EDF1C2B554B5,Cell phones at school,Independent
EDF528C06A8B,Mandatory extracurricular activities,Independent
EDF68039869C,Summer projects,Independent
EDF7F5BCBD05,Mandatory extracurricular activities,Independent
EE0947EB2C78,Distance learning,Independent
EE1078DB877C,Summer projects,Independent
EE153BA22CAB,Summer projects,Independent
EE1661BF8227,Distance learning,Independent
EE194115BAAF,Cell phones at school,Independent
EE19BA20AA8D,Summer projects,Independent
EE1BD54150CC,Seeking multiple opinions,Independent
EE2B9B613BB2,Distance learning,Independent
EE2DBFDFBAFD,Mandatory extracurricular activities,Independent
EE30FF826F46,Community service,Independent
EE3A09C24124,Mandatory extracurricular activities,Independent
EE3BABC4649F,Seeking multiple opinions,Independent
EE440E670405,Grades for extracurricular activities,Independent
EE48F303DC25,Community service,Independent
EE5022C8157C,Mandatory extracurricular activities,Independent
EE54292AC2A8,Grades for extracurricular activities,Independent
EE580368CD1D,Seeking multiple opinions,Independent
EE619355F724,Seeking multiple opinions,Independent
EE6826C8E470,Community service,Independent
EE6DDAF8FD20,Cell phones at school,Independent
EE6FAC759013,Seeking multiple opinions,Independent
EE7FBC14426F,Grades for extracurricular activities,Independent
EE8578BB0856,Mandatory extracurricular activities,Independent
EE888799A911,Distance learning,Independent
EE90061719C2,Mandatory extracurricular activities,Independent
EE92D5471D45,Cell phones at school,Independent
EE9F26C71FF6,Community service,Independent
EEAC91E3A3E5,Cell phones at school,Independent
EEB113169637,Community service,Independent
EEB58B11D40C,Mandatory extracurricular activities,Independent
EEB704529BFC,Summer projects,Independent
EECAB3812EEF,Summer projects,Independent
EEDE0B05DE51,Summer projects,Independent
EEE3F17EAA22,Cell phones at school,Independent
EEF3247D69D0,Distance learning,Independent
EEF682310C01,Summer projects,Independent
EF0543C6FA6D,Seeking multiple opinions,Independent
EF0AC8A124F0,Distance learning,Independent
EF160D7F80A4,Cell phones at school,Independent
EF1A6D00C3D1,Seeking multiple opinions,Independent
EF1E56E86D9B,Seeking multiple opinions,Independent
EF1F075952C8,Grades for extracurricular activities,Independent
EF23CA70CA1F,Distance learning,Independent
EF24A49892C3,Mandatory extracurricular activities,Independent
EF29F6D4BBF7,Grades for extracurricular activities,Independent
EF2D45E53F40,Community service,Independent
EF3D0D368ED7,Summer projects,Independent
EF3DA4810AA5,Community service,Independent
EF3E760C17B5,Cell phones at school,Independent
EF478C3A8264,Seeking multiple opinions,Independent
EF4951AAD772,Summer projects,Independent
EF506E2B5E66,Summer projects,Independent
EF5A8F9E551F,Seeking multiple opinions,Independent
EF62C29BE292,Cell phones at school,Independent
EF7B40F9314A,Cell phones at school,Independent
EF7D7E91EB17,Summer projects,Independent
EF7D81F39A1D,Summer projects,Independent
EF835E27D5A3,Community service,Independent
EF87277FCDA0,Mandatory extracurricular activities,Independent
EF88FF901CB5,Summer projects,Independent
EF8D535C76AE,Seeking multiple opinions,Independent
EF907722A512,Cell phones at school,Independent
EF9677DEFA79,Grades for extracurricular activities,Independent
EF96F17720DA,Grades for extracurricular activities,Independent
EF9D79A33BE7,Seeking multiple opinions,Independent
EFAD20A5F4A0,Cell phones at school,Independent
EFB0B1F14828,Grades for extracurricular activities,Independent
EFB0DDC8EA77,Distance learning,Independent
EFB47F372780,Distance learning,Independent
EFB9DEFA20F9,Seeking multiple opinions,Independent
EFC6EC79D28D,Cell phones at school,Independent
EFCD0D6ECB46,Cell phones at school,Independent
EFD3322BBB77,Cell phones at school,Independent
EFDC396D9F7A,Distance learning,Independent
EFDCE6A9E77B,Mandatory extracurricular activities,Independent
EFE31525B288,Seeking multiple opinions,Independent
EFE6BB94073F,Grades for extracurricular activities,Independent
EFEFA4F6596E,Grades for extracurricular activities,Independent
EFF2F345EFA5,Summer projects,Independent
F009C17298B7,Grades for extracurricular activities,Independent
F00EE807FD5E,Summer projects,Independent
F01079641FE1,Seeking multiple opinions,Independent
F0246A38BA8C,Summer projects,Independent
F027D353C3B1,Community service,Independent
F02917D47F5C,Community service,Independent
F02A6B0F9C92,Mandatory extracurricular activities,Independent
F02A721B1221,Seeking multiple opinions,Independent
F035784A0407,Mandatory extracurricular activities,Independent
F03582FFA3AB,Community service,Independent
F038426B8B5A,Summer projects,Independent
F038D8A7DF32,Cell phones at school,Independent
F03B2CBA9BED,Community service,Independent
F03B8BB4539F,Summer projects,Independent
F04A513C2963,Distance learning,Independent
F04B2EFE5187,Summer projects,Independent
F056824CA285,Distance learning,Independent
F058680DCA46,Seeking multiple opinions,Independent
F05B7A59CDD2,Seeking multiple opinions,Independent
F05C1028E3E9,Grades for extracurricular activities,Independent
F05C641B8FF4,Distance learning,Independent
F05EB1468473,Community service,Independent
F06170F0184D,Summer projects,Independent
F0656070D527,Grades for extracurricular activities,Independent
F067C9A96732,Seeking multiple opinions,Independent
F069420C6DB7,Distance learning,Independent
F0705A8B29DE,Grades for extracurricular activities,Independent
F07126BF97EB,Mandatory extracurricular activities,Independent
F07E0FD0BFD5,Mandatory extracurricular activities,Independent
F07E5C7663E4,Mandatory extracurricular activities,Independent
F08130204554,Cell phones at school,Independent
F082049D272E,Mandatory extracurricular activities,Independent
F0839E68FFC5,Summer projects,Independent
F08529DC8ACE,Seeking multiple opinions,Independent
F08DE35EFE16,Mandatory extracurricular activities,Independent
F09ACEC4850C,Seeking multiple opinions,Independent
F0AA6B265B6F,Distance learning,Independent
F0AE4067D9AA,Seeking multiple opinions,Independent
F0AE7B4CB71F,Cell phones at school,Independent
F0B058B80C0D,Seeking multiple opinions,Independent
F0B1C389A815,Seeking multiple opinions,Independent
F0B2E946A04C,Cell phones at school,Independent
F0B46DACB512,Seeking multiple opinions,Independent
F0B7D3D08407,Distance learning,Independent
F0B85AFBC243,Summer projects,Independent
F0C2837665BF,Mandatory extracurricular activities,Independent
F0C80155C06C,Grades for extracurricular activities,Independent
F0C98C6F006B,Cell phones at school,Independent
F0DBA31AF30C,Cell phones at school,Independent
F0DF7FC426DB,Seeking multiple opinions,Independent
F0E65057011B,Distance learning,Independent
F0E76CC2EF7A,Mandatory extracurricular activities,Independent
F10231811C61,Distance learning,Independent
F116BD09B7F6,Cell phones at school,Independent
F11D449380E6,Distance learning,Independent
F11E6745A8DA,Distance learning,Independent
F11F7F15AC08,Seeking multiple opinions,Independent
F12B4BDEEED4,Summer projects,Independent
F14A078615E5,Community service,Independent
F1547BB65936,Cell phones at school,Independent
F16183F4AFA4,Cell phones at school,Independent
F163B4249C07,Cell phones at school,Independent
F170C1A461F7,Distance learning,Independent
F17279F65DCE,Seeking multiple opinions,Independent
F173E4A2271E,Grades for extracurricular activities,Independent
F176A8CF72BB,Grades for extracurricular activities,Independent
F17A4EF296EB,Distance learning,Independent
F17D56052066,Seeking multiple opinions,Independent
F18093A3093A,Distance learning,Independent
F18ABB1A8920,Grades for extracurricular activities,Independent
F18B05581BAA,Distance learning,Independent
F18C87AFC020,Community service,Independent
F1904C98076E,Distance learning,Independent
F195E0A7FB04,Summer projects,Independent
F1973E9DB4CF,Grades for extracurricular activities,Independent
F197689A74A7,Summer projects,Independent
F1982187FCC1,Summer projects,Independent
F19896E2D232,Grades for extracurricular activities,Independent
F19B178A98C7,Mandatory extracurricular activities,Independent
F19C45212A59,Community service,Independent
F19F66A28B7E,Distance learning,Independent
F1A1CB2EB831,Mandatory extracurricular activities,Independent
F1AA4130BE5F,Cell phones at school,Independent
F1AE8A4416AA,Mandatory extracurricular activities,Independent
F1B388E9F65A,Mandatory extracurricular activities,Independent
F1B408D44166,Seeking multiple opinions,Independent
F1B5E79A298B,Distance learning,Independent
F1CEA8FBCBB3,Summer projects,Independent
F1D2BA3E0D47,Cell phones at school,Independent
F1D42413F451,Seeking multiple opinions,Independent
F1D6EEE24467,Seeking multiple opinions,Independent
F1D7C5E42757,Community service,Independent
F1E0CBCC1AE5,Seeking multiple opinions,Independent
F1F3B4EA6FC4,Mandatory extracurricular activities,Independent
F1FA12A05439,Distance learning,Independent
F2010012FD04,Distance learning,Independent
F206F1A6AB67,Grades for extracurricular activities,Independent
F2080B933EE4,Cell phones at school,Independent
F2081C903659,Grades for extracurricular activities,Independent
F2098CE98E10,Cell phones at school,Independent
F20C7D112B12,Mandatory extracurricular activities,Independent
F20EB5901789,Cell phones at school,Independent
F20FACCF5373,Community service,Independent
F210BB512E24,Summer projects,Independent
F21A02C66DAB,Distance learning,Independent
F21ACF702D35,Community service,Independent
F21CBEE52702,Summer projects,Independent
F22418409600,Grades for extracurricular activities,Independent
F23669129C75,Seeking multiple opinions,Independent
F239C36AE2AB,Summer projects,Independent
F23A47F745C2,Distance learning,Independent
F23D76828AF1,Distance learning,Independent
F240F0F6861E,Community service,Independent
F241492F8808,Distance learning,Independent
F245631F4D97,Summer projects,Independent
F24E35F969B0,Distance learning,Independent
F24FA9D60071,Summer projects,Independent
F2593ED19F12,Cell phones at school,Independent
F25BD0534126,Mandatory extracurricular activities,Independent
F264D97DE408,Grades for extracurricular activities,Independent
F26E4B13C5FB,Grades for extracurricular activities,Independent
F270B76E605F,Community service,Independent
F2725AAFA685,Seeking multiple opinions,Independent
F276902405C1,Distance learning,Independent
F279907DAE5B,Community service,Independent
F2799C0DBF24,Distance learning,Independent
F27E2DDE71F5,Community service,Independent
F284AE52B3E1,Community service,Independent
F29244150DCB,Distance learning,Independent
F2941764EE14,Seeking multiple opinions,Independent
F29E589C11F2,Grades for extracurricular activities,Independent
F2A039D4E087,Mandatory extracurricular activities,Independent
F2A2383962D7,Seeking multiple opinions,Independent
F2A61FD0CF46,Community service,Independent
F2A6DF88AD73,Seeking multiple opinions,Independent
F2ADCA41BC30,Community service,Independent
F2AF7AB56B7A,Distance learning,Independent
F2BAC6095D8A,Distance learning,Independent
F2BDB9DFFB57,Distance learning,Independent
F2C32E15FC7F,Mandatory extracurricular activities,Independent
F2C57EEEF02C,Summer projects,Independent
F2CA9835E496,Seeking multiple opinions,Independent
F2CD78FA54AD,Community service,Independent
F2D8E9CA2C3F,Distance learning,Independent
F2D9DA6E635A,Seeking multiple opinions,Independent
F2DF6570D8C4,Mandatory extracurricular activities,Independent
F2DFE12EA3B4,Summer projects,Independent
F2E12C08A78E,Grades for extracurricular activities,Independent
F2FA27A84BE6,Grades for extracurricular activities,Independent
F303574EF861,Seeking multiple opinions,Independent
F30616F1C79B,Summer projects,Independent
F30B7DE35BBC,Cell phones at school,Independent
F30D8FEB1A0F,Cell phones at school,Independent
F30ED43E2E60,Summer projects,Independent
F3222AB6C1AD,Grades for extracurricular activities,Independent
F322355F51AE,Mandatory extracurricular activities,Independent
F32618051327,Mandatory extracurricular activities,Independent
F32665CC66E7,Seeking multiple opinions,Independent
F32A0A41B697,Grades for extracurricular activities,Independent
F32A2BA3BEC6,Summer projects,Independent
F334AE3F8510,Distance learning,Independent
F33BC3C2DDF3,Cell phones at school,Independent
F345260A27F3,Mandatory extracurricular activities,Independent
F3454E01E31C,Distance learning,Independent
F345A408922D,Summer projects,Independent
F3471BC447BD,Distance learning,Independent
F348A404E38B,Summer projects,Independent
F348B69F4341,Seeking multiple opinions,Independent
F34EB2CD6789,Distance learning,Independent
F359B5C9762C,Summer projects,Independent
F359E262A14A,Distance learning,Independent
F35BE53F93D9,Seeking multiple opinions,Independent
F362313AF4DE,Grades for extracurricular activities,Independent
F3645924B5B5,Grades for extracurricular activities,Independent
F368BBECCCD1,Distance learning,Independent
F36AF3EF5FA8,Mandatory extracurricular activities,Independent
F36C5149D0E2,Cell phones at school,Independent
F374D9ED39F8,Seeking multiple opinions,Independent
F377008A387D,Summer projects,Independent
F378D4CF4EC8,Distance learning,Independent
F37DA10C6552,Distance learning,Independent
F38249CB8435,Cell phones at school,Independent
F38B43CAEEEB,Distance learning,Independent
F393BAAAB876,Summer projects,Independent
F39A10D394F2,Grades for extracurricular activities,Independent
F3A197A8348C,Cell phones at school,Independent
F3A52106F794,Summer projects,Independent
F3A94AC4FD8E,Summer projects,Independent
F3ABEAC1432D,Grades for extracurricular activities,Independent
F3B161B692F9,Grades for extracurricular activities,Independent
F3B22F37C39E,Community service,Independent
F3C003AF7423,Seeking multiple opinions,Independent
F3C678637DCE,Mandatory extracurricular activities,Independent
F3CB6601CF24,Seeking multiple opinions,Independent
F3CE7992E75E,Cell phones at school,Independent
F3D1C6C6C574,Distance learning,Independent
F3D6CFB60918,Distance learning,Independent
F3DC75A47A25,Cell phones at school,Independent
F3DCBC704B3C,Seeking multiple opinions,Independent
F3DE9D926591,Mandatory extracurricular activities,Independent
F3EE4E149F45,Distance learning,Independent
F3F07BA4DCC7,Seeking multiple opinions,Independent
F3F134FA362D,Summer projects,Independent
F3FD0BC0028C,Seeking multiple opinions,Independent
F4003A737E0A,Cell phones at school,Independent
F407D70D45AD,Distance learning,Independent
F4138C1AB360,Distance learning,Independent
F424BF3E3525,Seeking multiple opinions,Independent
F4280C0353B0,Seeking multiple opinions,Independent
F42CD95ADB88,Summer projects,Independent
F42FF5B7D208,Summer projects,Independent
F43203DF6001,Grades for extracurricular activities,Independent
F43B82E81D75,Summer projects,Independent
F43C812A0073,Seeking multiple opinions,Independent
F44018D39BEF,Community service,Independent
F44662214D2B,Summer projects,Independent
F44F5DCB59E6,Cell phones at school,Independent
F44F8A3C3CDD,Cell phones at school,Independent
F45847241E48,Seeking multiple opinions,Independent
F45A719EB22B,Mandatory extracurricular activities,Independent
F45DA946AC14,Mandatory extracurricular activities,Independent
F45F03EBB2CA,Community service,Independent
F463CF95C8EF,Seeking multiple opinions,Independent
F4650B5DFF47,Cell phones at school,Independent
F4691334F828,Distance learning,Independent
F46B54DF7141,Mandatory extracurricular activities,Independent
F47A4FDF687E,Grades for extracurricular activities,Independent
F486B5722EEB,Summer projects,Independent
F486FF9AED73,Grades for extracurricular activities,Independent
F492EFD91D3C,Summer projects,Independent
F4931416AC4C,Seeking multiple opinions,Independent
F497B058DEB9,Grades for extracurricular activities,Independent
F49906416D5E,Summer projects,Independent
F49AB5F36E8F,Mandatory extracurricular activities,Independent
F49FA5EFCF75,Grades for extracurricular activities,Independent
F4A23C97798B,Community service,Independent
F4A3B4B14952,Summer projects,Independent
F4A4E65ADD95,Seeking multiple opinions,Independent
F4B17EF5C67E,Summer projects,Independent
F4B3B2CAB030,Distance learning,Independent
F4B7B78CB47D,Community service,Independent
F4B8EF210070,Community service,Independent
F4BC7E681EF9,Cell phones at school,Independent
F4C2261D0379,Cell phones at school,Independent
F4C26753B35F,Cell phones at school,Independent
F4DE4C7F2976,Grades for extracurricular activities,Independent
F4E463291051,Community service,Independent
F4E4C8EEF637,Cell phones at school,Independent
F4E9B4A968FA,Summer projects,Independent
F4EC42B28077,Mandatory extracurricular activities,Independent
F4F623308FCF,Cell phones at school,Independent
F4F75FAEAFD6,Summer projects,Independent
F4FD84517F40,Distance learning,Independent
F506ED27C8CA,Distance learning,Independent
F50D3D001E67,Mandatory extracurricular activities,Independent
F5152BBB18F6,Mandatory extracurricular activities,Independent
F51E137446CB,Seeking multiple opinions,Independent
F52B9A0882BB,Seeking multiple opinions,Independent
F52F99CDFF23,Summer projects,Independent
F537EA7DEE8E,Community service,Independent
F53C55BBD326,Seeking multiple opinions,Independent
F53DA3118668,Grades for extracurricular activities,Independent
F54276730F7A,Summer projects,Independent
F5428139729A,Mandatory extracurricular activities,Independent
F543F26EF1E9,Seeking multiple opinions,Independent
F54672352542,Summer projects,Independent
F54AED29459C,Cell phones at school,Independent
F54BD89B665A,Distance learning,Independent
F54E37281F0C,Distance learning,Independent
F550D727520A,Summer projects,Independent
F555E204579E,Mandatory extracurricular activities,Independent
F566EA761D0E,Community service,Independent
F576B3F624B3,Summer projects,Independent
F57E2EF9F638,Mandatory extracurricular activities,Independent
F57F48291B12,Community service,Independent
F5926953B7C3,Distance learning,Independent
F59898110195,Distance learning,Independent
F59DDBF5DB0B,Seeking multiple opinions,Independent
F59E8A52AF52,Community service,Independent
F5A0BD46D3AF,Seeking multiple opinions,Independent
F5A232FFBCCC,Grades for extracurricular activities,Independent
F5A45A1D51D5,Community service,Independent
F5A8A38005A8,Mandatory extracurricular activities,Independent
F5AF8BD99F29,Distance learning,Independent
F5B2DED407D1,Summer projects,Independent
F5B7F5E745A0,Summer projects,Independent
F5BB40767917,Cell phones at school,Independent
F5BC1532013D,Distance learning,Independent
F5BC72AE5196,Community service,Independent
F5C5289B5C50,Summer projects,Independent
F5D4904B0155,Distance learning,Independent
F5DD72FA313E,Distance learning,Independent
F5E3CF7E54B6,Cell phones at school,Independent
F5F07E4D62C9,Seeking multiple opinions,Independent
F5FDFAB37522,Community service,Independent
F605023B87A7,Summer projects,Independent
F608321073FA,Cell phones at school,Independent
F60ED753621E,Seeking multiple opinions,Independent
F610C7BCD9EC,Distance learning,Independent
F612D53B4DD9,Distance learning,Independent
F614B9D35C09,Summer projects,Independent
F61646B5CC08,Cell phones at school,Independent
F62295251C0D,Community service,Independent
F62AADC67A63,Distance learning,Independent
F62C0023C996,Summer projects,Independent
F636159D0A0B,Mandatory extracurricular activities,Independent
F636AB0D2707,Summer projects,Independent
F63819BEA874,Mandatory extracurricular activities,Independent
F6382C89BCA3,Mandatory extracurricular activities,Independent
F647D77D7396,Summer projects,Independent
F64FF1936B91,Cell phones at school,Independent
F651889F1A2D,Mandatory extracurricular activities,Independent
F654D80CEA0E,Cell phones at school,Independent
F65841299359,Mandatory extracurricular activities,Independent
F662030E7CCC,Distance learning,Independent
F665C15D731C,Mandatory extracurricular activities,Independent
F666D2588232,Distance learning,Independent
F668F7A36DBF,Cell phones at school,Independent
F669B55DA0B1,Cell phones at school,Independent
F66EAF7D640D,Distance learning,Independent
F66F60655794,Summer projects,Independent
F677B763457E,Summer projects,Independent
F67D6B12D494,Distance learning,Independent
F683D9D28CE7,Distance learning,Independent
F684C09CCC0D,Community service,Independent
F68664C634EE,Mandatory extracurricular activities,Independent
F68A995107BE,Distance learning,Independent
F693E138BDAB,Distance learning,Independent
F6A15556865B,Mandatory extracurricular activities,Independent
F6A2AEEBDF0D,Cell phones at school,Independent
F6A36E99D801,Cell phones at school,Independent
F6A92E43251E,Mandatory extracurricular activities,Independent
F6ABF87FA054,Community service,Independent
F6BE3A555C49,Seeking multiple opinions,Independent
F6C05963F191,Cell phones at school,Independent
F6CA5589DCDA,Distance learning,Independent
F6D56988EB7D,Community service,Independent
F6DA09C9C0C1,Mandatory extracurricular activities,Independent
F6DB5CB9682B,Cell phones at school,Independent
F6DF9D77C80B,Distance learning,Independent
F6DFC933BCC3,Grades for extracurricular activities,Independent
F6E37C093553,Grades for extracurricular activities,Independent
F6E5E7C080A5,Grades for extracurricular activities,Independent
F6E6BF805605,Seeking multiple opinions,Independent
F6EA5E76CC32,Grades for extracurricular activities,Independent
F6F0E2017603,Community service,Independent
F6F18B358031,Community service,Independent
F6FF5119789B,Mandatory extracurricular activities,Independent
F7046A9A968A,Summer projects,Independent
F704BCDD5FC4,Seeking multiple opinions,Independent
F70EC9F33AAA,Cell phones at school,Independent
F710E50D27B3,Cell phones at school,Independent
F711AD68730E,Summer projects,Independent
F7197E77F319,Distance learning,Independent
F71E8AB99F9C,Cell phones at school,Independent
F72CD30CAD70,Cell phones at school,Independent
F72CDC88D31A,Community service,Independent
F7341069C4A4,Mandatory extracurricular activities,Independent
F7348BC5C1F0,Cell phones at school,Independent
F739195A9518,Distance learning,Independent
F739511F0EAC,Mandatory extracurricular activities,Independent
F73ADEA6A74B,Community service,Independent
F7693B02CA5B,Distance learning,Independent
F76D9F22B0A1,Summer projects,Independent
F776F9881474,Summer projects,Independent
F777F214BD6D,Summer projects,Independent
F77AA450FA77,Grades for extracurricular activities,Independent
F78B66358F6F,Mandatory extracurricular activities,Independent
F78C425E3D48,Mandatory extracurricular activities,Independent
F791DBCECB74,Summer projects,Independent
F79E7650B5B1,Grades for extracurricular activities,Independent
F7A0A69080B8,Community service,Independent
F7AAC922ED23,Distance learning,Independent
F7AE3F6BE6AB,Cell phones at school,Independent
F7B157AE1751,Cell phones at school,Independent
F7B1C57D753F,Distance learning,Independent
F7B5465E1AC5,Seeking multiple opinions,Independent
F7B97D4C1869,Summer projects,Independent
F7B9D8C440B2,Distance learning,Independent
F7C142237DA8,Distance learning,Independent
F7CB662CA783,Summer projects,Independent
F7D8A49D3396,Distance learning,Independent
F7DE0C3BDC04,Mandatory extracurricular activities,Independent
F7DFF6D988A0,Distance learning,Independent
F7E94EADC403,Grades for extracurricular activities,Independent
F7EEB04BEE8D,Distance learning,Independent
F7F709ACC532,Grades for extracurricular activities,Independent
F7FACDD619D9,Mandatory extracurricular activities,Independent
F7FC42836147,Cell phones at school,Independent
F7FF64013DF7,Distance learning,Independent
F800DF0813A5,Distance learning,Independent
F805589FE04C,Grades for extracurricular activities,Independent
F806675B9B70,Seeking multiple opinions,Independent
F80AD1771E54,Grades for extracurricular activities,Independent
F814820E2B45,Mandatory extracurricular activities,Independent
F814EB30A6F5,Cell phones at school,Independent
F8173F146C1B,Summer projects,Independent
F8261D76CC4A,Cell phones at school,Independent
F829912AF887,Grades for extracurricular activities,Independent
F82B94864F06,Community service,Independent
F82EEC81C4D7,Community service,Independent
F82FA4181D92,Summer projects,Independent
F831783F5164,Grades for extracurricular activities,Independent
F831EAA238CC,Grades for extracurricular activities,Independent
F833C49DAD0C,Community service,Independent
F83702EEB830,Mandatory extracurricular activities,Independent
F843F47EB767,Seeking multiple opinions,Independent
F8474CC7670F,Summer projects,Independent
F84CB4D0589A,Cell phones at school,Independent
F8503314C44F,Distance learning,Independent
F858935559FA,Distance learning,Independent
F86616365497,Community service,Independent
F879F281F121,Grades for extracurricular activities,Independent
F897574FD4E9,Community service,Independent
F8984AC798E2,Community service,Independent
F8996C605E84,Summer projects,Independent
F8A1AC1C01D6,Distance learning,Independent
F8ABA40201AB,Community service,Independent
F8ABE1CE8B68,Distance learning,Independent
F8B0AB93F522,Grades for extracurricular activities,Independent
F8B12D60AEDC,Summer projects,Independent
F8BF09AEDD7B,Grades for extracurricular activities,Independent
F8C22ACD1774,Summer projects,Independent
F8C397108272,Mandatory extracurricular activities,Independent
F8CDAD03758D,Cell phones at school,Independent
F8D6746C205C,Community service,Independent
F8ECBEE8609E,Grades for extracurricular activities,Independent
F8EE15322D8F,Mandatory extracurricular activities,Independent
F8EF2AEFF621,Community service,Independent
F8F1F70A38AE,Grades for extracurricular activities,Independent
F8F47AD6ACBE,Distance learning,Independent
F8F52BEF7FD9,Grades for extracurricular activities,Independent
F8F6EAA3E0FF,Community service,Independent
F905CE2A775A,Cell phones at school,Independent
F9075802927A,Mandatory extracurricular activities,Independent
F908A9D980F5,Cell phones at school,Independent
F90A25704212,Distance learning,Independent
F9238D9E5631,Summer projects,Independent
F9279BE5EC46,Mandatory extracurricular activities,Independent
F927AC7199CE,Distance learning,Independent
F92B3B747F33,Seeking multiple opinions,Independent
F93337F4DB42,Grades for extracurricular activities,Independent
F934542997DC,Distance learning,Independent
F93874852507,Cell phones at school,Independent
F93D06BC99D8,Seeking multiple opinions,Independent
F949490671FA,Seeking multiple opinions,Independent
F94DD5145346,Grades for extracurricular activities,Independent
F955CADBB6B4,Summer projects,Independent
F95EAFC4F1F0,Grades for extracurricular activities,Independent
F9692B89FE21,Grades for extracurricular activities,Independent
F978C05D2215,Distance learning,Independent
F9807DE48A3B,Cell phones at school,Independent
F983FFA8BB50,Summer projects,Independent
F984E463893F,Distance learning,Independent
F985766E9F50,Mandatory extracurricular activities,Independent
F986C612AC3A,Community service,Independent
F9877560A95C,Seeking multiple opinions,Independent
F98964E3EBF4,Seeking multiple opinions,Independent
F98C913B5446,Community service,Independent
F9920D24D31B,Distance learning,Independent
F99C7F4BC23A,Grades for extracurricular activities,Independent
F99F42AC41FF,Community service,Independent
F9A5B72FAD82,Distance learning,Independent
F9A6C670D4A8,Mandatory extracurricular activities,Independent
F9A942CF5DE3,Community service,Independent
F9ADBC6C60CD,Grades for extracurricular activities,Independent
F9BB3636CB6B,Grades for extracurricular activities,Independent
F9BE4676CA35,Mandatory extracurricular activities,Independent
F9CF17C68E82,Community service,Independent
F9D397FC0259,Summer projects,Independent
F9D6B1172C58,Seeking multiple opinions,Independent
F9D82122DB46,Mandatory extracurricular activities,Independent
F9E1434B2151,Distance learning,Independent
F9E7D51B3006,Seeking multiple opinions,Independent
F9F927CD8BA2,Mandatory extracurricular activities,Independent
FA0062B54727,Mandatory extracurricular activities,Independent
FA043D2FAA3C,Seeking multiple opinions,Independent
FA058ADBE64F,Seeking multiple opinions,Independent
FA138B97C15F,Summer projects,Independent
FA1B10147C1C,Mandatory extracurricular activities,Independent
FA1CE35CA43F,Seeking multiple opinions,Independent
FA1DE4EF2FAB,Cell phones at school,Independent
FA1E56F220C0,Summer projects,Independent
FA1E97DAA131,Grades for extracurricular activities,Independent
FA205817C3C5,Grades for extracurricular activities,Independent
FA211B13B80F,Grades for extracurricular activities,Independent
FA2592B4C2AB,Grades for extracurricular activities,Independent
FA277F2D6E48,Distance learning,Independent
FA2EF4B0E2E7,Grades for extracurricular activities,Independent
FA3007D9CDA6,Cell phones at school,Independent
FA34C91658A9,Seeking multiple opinions,Independent
FA35444BD9C6,Summer projects,Independent
FA38B62F80E5,Distance learning,Independent
FA3BDEECBD44,Summer projects,Independent
FA3E37900E3D,Mandatory extracurricular activities,Independent
FA3E50D30004,Distance learning,Independent
FA4200AB1CBC,Grades for extracurricular activities,Independent
FA480C1038D5,Mandatory extracurricular activities,Independent
FA483ED371E7,Seeking multiple opinions,Independent
FA49F4D9E6A8,Distance learning,Independent
FA4D3E89245D,Summer projects,Independent
FA4FEA8D0DA1,Distance learning,Independent
FA5043677B2F,Community service,Independent
FA5C17345A74,Cell phones at school,Independent
FA5D64EC3C72,Distance learning,Independent
FA625035B96F,Seeking multiple opinions,Independent
FA63A2D4191E,Grades for extracurricular activities,Independent
FA7B0CD8DC92,Seeking multiple opinions,Independent
FA7CB239D0E0,Cell phones at school,Independent
FA7D58EC4C52,Mandatory extracurricular activities,Independent
FA87416EF173,Distance learning,Independent
FA8856EA5635,Mandatory extracurricular activities,Independent
FAA1621106BE,Cell phones at school,Independent
FAA638E881EB,Seeking multiple opinions,Independent
FAA7B824C589,Mandatory extracurricular activities,Independent
FAA9FC1B315B,Distance learning,Independent
FAAD5938CEF4,Grades for extracurricular activities,Independent
FAB2A6A368E5,Grades for extracurricular activities,Independent
FAB2B88C059F,Distance learning,Independent
FAB88954B1AF,Seeking multiple opinions,Independent
FABC5DD649FD,Grades for extracurricular activities,Independent
FABE0E966789,Cell phones at school,Independent
FAC1A3B4097F,Distance learning,Independent
FACA3592FCD0,Mandatory extracurricular activities,Independent
FACC93B5A80A,Seeking multiple opinions,Independent
FAD0AE0CA89B,Cell phones at school,Independent
FADC153B3843,Grades for extracurricular activities,Independent
FAE1A7023F1F,Community service,Independent
FAE3AC62234D,Summer projects,Independent
FAE64D6D08BA,Distance learning,Independent
FAEBC736C623,Distance learning,Independent
FAEF1DFCF68E,Mandatory extracurricular activities,Independent
FAF866755DFA,Grades for extracurricular activities,Independent
FAF91DDF582C,Summer projects,Independent
FAFDA54C78E1,Grades for extracurricular activities,Independent
FB07AD956C87,Distance learning,Independent
FB14FF43E876,Mandatory extracurricular activities,Independent
FB1DB922DE1B,Cell phones at school,Independent
FB1F420E4642,Community service,Independent
FB4C199449F3,Distance learning,Independent
FB4EAE59106B,Distance learning,Independent
FB4FE2503800,Distance learning,Independent
FB501A408B8A,Grades for extracurricular activities,Independent
FB56AA75F65F,Seeking multiple opinions,Independent
FB59DB8F78ED,Cell phones at school,Independent
FB5B7A42E985,Cell phones at school,Independent
FB5ECCB3FB10,Grades for extracurricular activities,Independent
FB5FEC50CD57,Distance learning,Independent
FB7A3804560B,Community service,Independent
FB81CD2A82AD,Mandatory extracurricular activities,Independent
FB8549B2A141,Community service,Independent
FB8E886E748C,Cell phones at school,Independent
FB946CB635AC,Seeking multiple opinions,Independent
FB95695B4B46,Community service,Independent
FB96D08289B1,Grades for extracurricular activities,Independent
FB96DB942F3B,Summer projects,Independent
FBA17F954C2D,Distance learning,Independent
FBA3B87A37EA,Mandatory extracurricular activities,Independent
FBA94EEA61BF,Distance learning,Independent
FBB254C7E479,Cell phones at school,Independent
FBB32B4B5F8C,Mandatory extracurricular activities,Independent
FBBA8C2C378A,Seeking multiple opinions,Independent
FBC4F9ADED9A,Community service,Independent
FBC7DC3C27C0,Cell phones at school,Independent
FBC98CE96EB2,Community service,Independent
FBCFA4D35602,Community service,Independent
FBD21BB50633,Mandatory extracurricular activities,Independent
FBD852FCA5C1,Community service,Independent
FBDAEF796D29,Mandatory extracurricular activities,Independent
FBE8983EF69C,Mandatory extracurricular activities,Independent
FBF8E0C998BF,Mandatory extracurricular activities,Independent
FBF9ECC8AA31,Cell phones at school,Independent
FBFA1FD8E2F1,Cell phones at school,Independent
FBFF39C1F504,Cell phones at school,Independent
FC038159C7BC,Summer projects,Independent
FC15D48EB587,Mandatory extracurricular activities,Independent
FC273A287819,Distance learning,Independent
FC2845A0ECD0,Summer projects,Independent
FC2EF19C51AC,Summer projects,Independent
FC32A69615FF,Cell phones at school,Independent
FC39D2688C50,Community service,Independent
FC3BD2A0D23E,Seeking multiple opinions,Independent
FC492DC3D1D3,Seeking multiple opinions,Independent
FC4FADC00B91,Grades for extracurricular activities,Independent
FC4FBC43EF32,Mandatory extracurricular activities,Independent
FC5120C98AE7,Distance learning,Independent
FC73A83CF59C,Summer projects,Independent
FC79A21481C3,Distance learning,Independent
FC84D472CB97,Mandatory extracurricular activities,Independent
FC8CF8BB7644,Community service,Independent
FC97FB8F850C,Summer projects,Independent
FC9DA73D1EA0,Distance learning,Independent
FC9E2A38AFBB,Grades for extracurricular activities,Independent
FCA553D1B819,Seeking multiple opinions,Independent
FCABDAE05333,Community service,Independent
FCAD8148404A,Distance learning,Independent
FCAEA7829C3A,Community service,Independent
FCB208A4710C,Community service,Independent
FCB625EB3C1A,Community service,Independent
FCBD4BC9112B,Distance learning,Independent
FCBE588E47E4,Summer projects,Independent
FCBF9BD46666,Community service,Independent
FCD8E0AB7133,Cell phones at school,Independent
FCE4AFE078FF,Mandatory extracurricular activities,Independent
FCEC225CA2D0,Seeking multiple opinions,Independent
FCEF76504A79,Mandatory extracurricular activities,Independent
FCEFFF74C652,Summer projects,Independent
FCF1574F9D04,Community service,Independent
FCF375174C1C,Summer projects,Independent
FCF3A5BD8371,Community service,Independent
FCF5D3ED5218,Community service,Independent
FCF9802D7F21,Grades for extracurricular activities,Independent
FD0061B1786E,Distance learning,Independent
FD05FDCEA11B,Seeking multiple opinions,Independent
FD08070510FB,Cell phones at school,Independent
FD099950BAEA,Summer projects,Independent
FD14F4ECD14F,Cell phones at school,Independent
FD1511BE7AD2,Seeking multiple opinions,Independent
FD1869C76891,Grades for extracurricular activities,Independent
FD251457BE38,Community service,Independent
FD2DD23CB152,Summer projects,Independent
FD38779AFF13,Summer projects,Independent
FD3BDEB06028,Grades for extracurricular activities,Independent
FD3D8B9ADF30,Grades for extracurricular activities,Independent
FD48D4BB6F06,Distance learning,Independent
FD562A12092E,Summer projects,Independent
FD5AF33900D9,Grades for extracurricular activities,Independent
FD607B909E07,Distance learning,Independent
FD617838612E,Mandatory extracurricular activities,Independent
FD6E0C78E9BB,Grades for extracurricular activities,Independent
FD6E784EAED0,Summer projects,Independent
FD84DB08498A,Grades for extracurricular activities,Independent
FD883FB88BA1,Distance learning,Independent
FD8A9514C8BC,Seeking multiple opinions,Independent
FD8DA401BE5D,Cell phones at school,Independent
FD92F284A349,Distance learning,Independent
FD97228DE00F,Cell phones at school,Independent
FD9C10176D2A,Distance learning,Independent
FD9CC83A98C5,Mandatory extracurricular activities,Independent
FD9D16FF6710,Grades for extracurricular activities,Independent
FDA09342D0C4,Seeking multiple opinions,Independent
FDABEB626A28,Grades for extracurricular activities,Independent
FDBC5C68ED9F,Community service,Independent
FDC077398F13,Mandatory extracurricular activities,Independent
FDC60E5A9011,Seeking multiple opinions,Independent
FDCBCA9B0636,Cell phones at school,Independent
FDD398F4D5E9,Distance learning,Independent
FDD7D9AA0940,Seeking multiple opinions,Independent
FDD81292D8A4,Distance learning,Independent
FDE0BDCA403C,Distance learning,Independent
FDE359A2F973,Community service,Independent
FDED2C6F4C0F,Cell phones at school,Independent
FDF0AEEB14C3,Distance learning,Independent
FDF36AD8FC91,Summer projects,Independent
FDFC2042EAF8,Grades for extracurricular activities,Independent
FDFE18598112,Seeking multiple opinions,Independent
FE01BAE235A1,Distance learning,Independent
FE0B381BC161,Community service,Independent
FE0C18C5B8AF,Summer projects,Independent
FE0CFF7FA460,Mandatory extracurricular activities,Independent
FE0F75B1CFFD,Distance learning,Independent
FE133737091E,Summer projects,Independent
FE19167C0BF8,Seeking multiple opinions,Independent
FE1C2CA9661F,Grades for extracurricular activities,Independent
FE1E8BC27781,Mandatory extracurricular activities,Independent
FE21B0B76C9C,Community service,Independent
FE2BD46D97C5,Cell phones at school,Independent
FE3141FA4163,Cell phones at school,Independent
FE3973324F8B,Cell phones at school,Independent
FE3CA06DDCA1,Seeking multiple opinions,Independent
FE44B9FBC6FE,Cell phones at school,Independent
FE504DF4879E,Cell phones at school,Independent
FE56E3645667,Grades for extracurricular activities,Independent
FE591B56101B,Community service,Independent
FE69FBDD5681,Distance learning,Independent
FE776C83FE1B,Mandatory extracurricular activities,Independent
FE8900F731E7,Grades for extracurricular activities,Independent
FE992E464FAD,Cell phones at school,Independent
FEA0C5E4E12C,Community service,Independent
FEA1E2C40283,Distance learning,Independent
FEB96AAC45DB,Grades for extracurricular activities,Independent
FEC8B95B3459,Summer projects,Independent
FECF4BCDDE02,Seeking multiple opinions,Independent
FED42BB10805,Seeking multiple opinions,Independent
FEDA46BB37A7,Community service,Independent
FEE59DA64E91,Distance learning,Independent
FEEBBB786DFA,Community service,Independent
FEEDB5B924F3,Mandatory extracurricular activities,Independent
FEF42864AE28,Distance learning,Independent
FEFC23A6781D,Summer projects,Independent
FEFEDFE935D3,Community service,Independent
FF04A1F3B985,Distance learning,Independent
FF056F9CD1D3,Distance learning,Independent
FF13996AB0B3,Distance learning,Independent
FF153C07B39D,Cell phones at school,Independent
FF15470AABF0,Seeking multiple opinions,Independent
FF197A6B15B2,Cell phones at school,Independent
FF1E82DB933B,Mandatory extracurricular activities,Independent
FF1FAA91122E,Distance learning,Independent
FF3F4514BF85,Seeking multiple opinions,Independent
FF40DF77AD46,Community service,Independent
FF410031A764,Mandatory extracurricular activities,Independent
FF4C6C6FDB91,Cell phones at school,Independent
FF543E9E9EB2,Distance learning,Independent
FF678908A963,Distance learning,Independent
FF6B7128255A,Grades for extracurricular activities,Independent
FF6E114981D0,Seeking multiple opinions,Independent
FF6FE6A0C875,Grades for extracurricular activities,Independent
FF7C9DB45E8F,Distance learning,Independent
FF862D058D1D,Community service,Independent
FF8AC9C34B6D,Grades for extracurricular activities,Independent
FF8BAC351714,Distance learning,Independent
FF9202FAA566,Seeking multiple opinions,Independent
FF9DB9D43F72,Seeking multiple opinions,Independent
FF9E0379CD98,Distance learning,Independent
FFA381E58FC6,Seeking multiple opinions,Independent
FFA6D576449B,Seeking multiple opinions,Independent
FFABA4957A3F,Grades for extracurricular activities,Independent
FFC02BE9D865,Distance learning,Independent
FFC8A1F3CE94,Grades for extracurricular activities,Independent
FFC8B7C53600,Cell phones at school,Independent
FFDC850C3652,Community service,Independent
FFE4B98E0B1E,Summer projects,Independent
FFE91DA2A101,Distance learning,Independent
FFF868E06176,Summer projects,Independent
FFF964B8ACC0,Cell phones at school,Independent
