essay_id_comp,judge_score
000A58BC095E,3
000BAD50D026,3
000E6DE9E817,3
0016926B079C,3
00203C45FC55,5
00299B378633,3
0029F4D19C3F,3
003FDC7E6F20,4
0045BE2791A2,3
004AC288D833,2
004EA492DA04,4
0054DD9BDFC7,3
0056F3D261D5,5
005D28D3FEC2,4
005DA83BD607,4
008015604AA0,5
0083B82A9C6F,4
0085F7F83D83,3
00898D9FB10A,4
008C191EF21C,4
008C457C8E0B,4
00941DB98302,3
0094474956AD,4
009F4E9310CB,3
00A4CB36E006,4
00A551B2B4B2,4
00B0190508AD,4
00C2C86DCC23,3
00C315EF49C7,4
00C843E757F4,3
00D304153840,4
00E3F86E3E6A,3
00EE23F071DE,4
00F11421BE7F,3
00F477C0C28F,4
00FF0A430A56,4
010A9CFB3108,3
01267F2F5B01,3
012CB3D46662,3
013692FA66AF,4
01374C8A76BC,3
0147365CB20D,3
01495BF80A2A,4
014BF1790D44,4
015480E09FE1,3
0158970BC5D2,4
015F4D9DE71D,4
016451AABDF0,3
016A403802E8,2
016B35EDC7B8,4
017FB36B3B0C,4
018311715B91,4
018A7B9DA61B,3
0191274639A4,3
019B73E2A599,4
019BDC9DF7CD,3
01A53D28E44A,3
01ACD1326679,4
01B3A57AB13D,5
01B44DA627B6,3
01BBB8075DC9,3
01BCD3BFBAD0,4
01C53183305A,3
01D017390DBC,4
01D04F3DF6CA,3
01DB053153E0,3
01DF3961CF90,3
01E81DCE4F59,3
01F69867D1BE,4
01FC4BCFD7CB,4
01FE696E9CC2,4
0201B7877AD3,3
0214F87B86C3,4
021823AF0384,5
021B23C3C2C6,4
021B2E55384C,4
0222CB9AEFFC,3
0222E19C41BC,4
022585D2819F,3
0228C92DFDF2,4
022DD0BE5A38,4
022EE73C4244,4
0230E2A9E656,4
02322AA38631,3
0242719E9969,3
025453135C64,3
0257D9E42247,3
02580BFD0105,3
026D034610CE,5
026DB1116D4D,4
028E0CD5DACE,5
02A3E737A10F,3
02AEBAE6EC47,3
02B12E0E4025,4
02B6F6D24B6F,4
02C172EEAFE4,3
02C49FD99F7D,5
02CDFA415350,3
02D500B937EB,3
02DE2BC0EC95,4
02DE71CCBB4B,5
02EB601F0107,5
02EE98C9DB32,4
02F4114B1F63,4
03004B5AD2CC,4
03036B87A396,5
0309F61A6F1A,4
030A70B9F194,3
030BBFC7D7F9,5
0316F6288791,3
0322EFDA120C,4
0333283809F6,3
03401B71D0F2,4
034A4394335C,4
034F335E1B82,4
03503E5155AE,3
0358E1A5CC75,4
03656D51096B,4
03739A8DFD62,4
037A3E847693,3
03803A910311,2
038480498E5A,3
038BD0772A14,4
039228E4B779,4
0398942EFF6E,3
03990A4F67B4,3
039E3E7329B2,4
03A12A02CE62,4
03A2687FCE27,4
03B3EDA0F9D7,4
03B55D3B695B,4
03B874232827,4
03BA5E41C5E4,5
03BAAAE93383,4
03BC86ED932A,4
03C562EF629C,5
03C96AF26E75,5
03CFA8202072,3
03D0A8C34AFB,4
03D134875F1C,5
03F52910C24F,4
03F56A5C191A,3
03FDC60BE33B,4
04042B33F470,3
0408B654C48C,3
0411473808DC,3
0416D5BC09FB,4
041FABDBF592,3
0426BE0F775E,4
042F1ABC1DC7,3
04326B0CA099,3
0433D61E8652,4
043CEF390B3E,3
044C80B2A55A,4
044D921A8C99,4
045020BFAD75,4
0459F1BBF74A,3
0459FB59CBA7,4
045C51AB37B3,3
045C9829A0F9,4
046A86DE2898,4
046C6FB91CBA,4
047BD3CB80B4,4
04810832D23A,3
0483125DCD62,3
048CE592752A,3
04906D555188,3
0496DBA378FB,5
049E10369FBA,4
04A018921C58,4
04A24D0BAB28,4
04A7E6D80ADD,4
04AAE2E8EFB4,4
04ACA7EB3994,4
04AF157D14EA,4
04B5CE4CBF61,4
04B6F07AC0EC,3
04B9D7851CAC,2
04BC78F95F4A,4
04BF8771ADA6,4
04C46E44F660,3
04C4DFEECF27,4
04D10F678D31,4
04D4F9F350F6,3
04D653441263,4
04D8A1F09465,3
04E2B40088AB,4
04F17031683C,3
04F4F6D2ABE2,4
05011EB91BCE,3
0504EEB01AD9,4
0507DAFBE89D,4
050AB114EBE2,4
050ABE0F7EDA,3
050EC6489A64,4
05101578DCA8,4
05118F820085,3
051C3A22AEE0,2
051F7768F76D,4
05273EE0A28A,4
0527DB04DCC0,5
052BF542A50F,3
052F182ACD73,4
053ACB9DFE74,3
05452D9728B2,4
054C082D0304,5
054D758A0DD0,4
05512D7C6578,4
05528E85EA1B,3
0555B97EB61C,4
0563F089C239,4
058675A4D020,4
058BD5D122D1,3
058CA87825F6,4
05A0DA9580E5,3
05A2C2BB8082,4
05A474FBA68F,3
05A6C6DF86A9,4
05B414601770,3
05B970A2AA96,3
05BA34E2D72A,4
05C19B6DF445,3
05C28F111573,4
05C8C18D341B,4
05CE48E8193E,5
05D237F606EA,4
05D84C1F29D4,4
05E4FBBF2E50,3
05E95229344B,3
05EC08C05019,3
05EF8571B859,4
05F30981F3EB,4
05F3A442CAE3,5
05F76135BBE1,4
05F87BEFBD79,4
05F9DC51226B,4
05FB627DCA52,4
05FFBFA9B3BA,4
06082EEC2458,4
0610C8536282,3
0611BEFA3685,4
062C24EF834D,3
06348D6E4080,4
063D5478D82F,4
0640FE8DF9D6,5
06462BAC62B2,4
0647269B45A1,3
064E497ED786,4
0652A1415220,3
06544C8704C4,4
06592F816295,3
0664B75B49BA,3
06699F123D6B,4
066B1D7C9214,4
066BF70B8B98,3
066F06E5E52C,4
067194796AD7,4
0679BAADD10C,4
067A65349063,3
06814DF362D6,4
0684F83533CE,4
068B2C038555,3
068EECC9A878,4
068F206FE4F8,4
06936C8AA35D,5
0699B4A08981,4
069EFABE5A55,3
06A22B3B4BD9,4
06A9B4BC2E90,4
06ADDCC67A61,4
06B1E9A43C96,4
06BC6DAE198F,4
06C145EE7C45,4
06C88B7A0E1D,4
06CDC40C681B,4
06DAD53DA2B9,4
06DC11A94052,5
06DD81D3CF74,3
06DDAA4EB60C,3
06E3595C94BF,3
06E490F2538D,4
06E8CF6B7DD0,3
06EC785D1238,4
06F37AF3F52A,2
06F5F6A09DC6,3
0713804A7926,3
071BF63AF332,4
071E1B145717,4
071FB27E532B,2
0726FFE208DE,4
0730ACD2E23E,3
07397A3E9D8D,4
073F001C3DAB,5
0741F0C1D776,5
07555937FA5D,4
0756FE811833,3
075952A15F65,4
075ACD93F7FA,4
076391C8B532,4
076C80C8D6FD,4
076D21D61C04,3
076DBAE9AA98,3
076FE42102A1,3
077B2A708101,4
077CBD1D991B,5
0780999D8532,4
07881BC0DDB9,4
078FCB89177B,4
07970BC175FC,4
0797349D7D61,3
079FDB42E429,4
07A023BE2629,4
07A88E52FC70,4
07AB5218B889,4
07BDA9A96A77,3
07C3B59F13B0,4
07C49C9E6178,4
07C6BB6ADA38,3
07C7A31386A0,3
07CC30055043,4
07CE3E0B4129,4
07CF059A90F6,4
07D52443B420,5
07DD81C2D396,4
07DEAD316EFB,5
07E3AD494BC0,4
07E503B34962,3
07E9F8609AC6,3
07EA2B30D5B6,3
0802AEA16E9F,5
080E2CA04B67,4
080EC4BBF650,4
0814426B27DF,3
081C66256B98,4
081F2D862A89,4
0825571D1A47,4
082598CC8955,3
082E19093947,4
083555B77983,4
0839B4ACC2AF,4
0843E8886EC2,3
08479124D1C4,3
08482C3DA43A,3
084898C37A44,4
084A87B3B853,3
08530C01BCFB,4
08584DAB22EB,3
085AF5011C2E,3
086603D5B319,3
086D6343AB33,4
0872DEBC7F18,3
087B943BBF9C,3
087E56206FE1,4
087F3F05712B,3
08855915B1F3,3
0886711ECD4E,4
088C5E1694FB,3
088CB85E5B7A,5
088FCB397B74,4
08904A41504E,5
0891D4A76005,3
089CDCA504A1,4
089DE1EB8CAF,4
089F4D797A5E,4
08A03F44195D,3
08A9CC07474D,4
08B72DCFD859,3
08B9D254FD4C,3
08BFFA9AD871,3
08C05F2480E4,3
08C34A980940,4
08CE03D82736,4
08D32CC20CAD,4
08D6D5B01824,3
08D8F3EF3B08,4
08F8BF983C64,4
08FBED9A66DA,3
08FC0154E0EF,3
09035E72A3AE,3
0910E011143F,4
091522181D61,4
093403D63CA6,3
093BD0824B7E,5
093F76C75A93,4
0949D328CAC8,3
09537221A5ED,5
095595DDF4AC,3
0959BDBD0FB4,4
095D057ACAD7,4
095F6D0A8377,4
09618943A295,4
09621E6AE55D,4
0971823179F9,4
09770DECD26C,4
097BDC9D09D2,4
097FE8053507,3
0982C9F47D30,3
0982DD0EB8E5,3
0982F748C034,4
0985602832CD,3
098FA5D40CF6,4
09935EBDBB7C,4
099764B21768,4
099773A903CD,3
09978094D17C,3
09A5C0911124,3
09AA28BBE192,4
09AA7375FE64,4
09ABE1DE8537,3
09ADB0629CD0,4
09AE5FE4E4D9,5
09C0C3EFC66E,3
09C47605F3D6,3
09C8F49982B9,3
09CC8EB90437,3
09E2F282EC82,5
09ECF76CBD3C,3
09F032EC5F21,3
09F1FC4F0F47,3
09F294EFAFC2,4
0A082DA0A890,3
0A0B289272ED,4
0A23334002E0,3
0A259B8AA9B2,4
0A273CDFC416,5
0A2A6855DE4F,3
0A2EE9B6BF75,4
0A373C01EAD7,4
0A3818A64CF5,3
0A43A08B43DA,4
0A4A60D36D7F,3
0A57811CB8A2,2
0A591A9C5A7F,4
0A5B8761B187,2
0A5BA91AA8B5,3
0A5FBB44DC50,3
0A6324CE9AD0,4
0A66AD23400E,4
0A67029FA17C,3
0A6BC5C6C8D3,4
0A6C0B6D3925,3
0A7A8F866208,3
0A7EE102DFCB,4
0A821CBEEBB1,5
0AA2CC0ED760,4
0AA8E5C89F0F,4
0ABAB1A72BD6,3
0ABE27218D9C,4
0AC49CE1A516,4
0AC92FABBDEF,3
0AD49DAA4C83,3
0AD69388300B,4
0ADBB145FC2C,3
0AE484ECECE6,4
0AE4F7182044,3
0AF19FB6EFB5,4
0AF71A83C114,4
0AF80C04491F,2
0AFAD06336F3,3
0B084590D876,4
0B0A72BE66A0,4
0B14040A5B27,4
0B25AA5D6644,4
0B2C0C1833BF,2
0B3BA24EAF48,4
0B4FAC7A4A8B,3
0B59FE37329D,3
0B5BC07C6E03,3
0B5BFD4E5904,3
0B64C3347CCA,4
0B720B5EA0E9,4
0B7832DC2556,4
0B83D59D898C,3
0B858FF5C4C0,3
0B88C91C0403,4
0B8F67C0A3A1,4
0B994B3916FB,5
0B998187123D,4
0B9CE8AC36DD,4
0B9F19D6B713,3
0BA3163D4609,4
0BA416865EFD,5
0BA5506F91C5,3
0BA5EF441ADD,3
0BAA5F009116,4
0BAF08001514,3
0BB223A348F6,4
0BB4037BFB98,4
0BC016A285DC,3
0BC2CAE08FDF,3
0BC2D988CA5D,3
0BC531D9A1FD,3
0BCA18283DBE,5
0BCB61C92C49,4
0BCBCD2D4FEA,4
0BCF9505A354,4
0BDADA3AFF77,3
0BE21117EB3D,3
0BE6935B5A54,4
0BEB59F1FC9F,4
0BF56A2681D3,3
0BF6D9E2CAFF,4
0BF9E22B7981,4
0BFAE39E5020,4
0C02DB524F25,4
0C06B988433C,5
0C085229F46A,4
0C0DECDCFD52,3
0C1372F878A8,3
0C1A8B5D2903,4
0C1BFE5E9F69,3
0C216F2C365B,3
0C235A04EC44,4
0C25854E9900,4
0C2F4FE7BAB4,5
0C386AFA6EB4,3
0C3BBDB91972,4
0C40CA84544C,4
0C4ADE185903,3
0C5456B41BD0,3
0C57E7728900,3
0C636735B18E,4
0C636C7DADB4,4
0C67F1A5230C,4
0C699C871AA5,3
0C751C31DE85,3
0C7C06A6D656,3
0C80AA2C816D,4
0C82FD59BA0B,5
0C88519C4C03,3
0C9C3B277852,4
0C9DF15EB6EA,3
0CA02601D5C5,5
0CA6C4864708,3
0CAB1510D416,4
0CAC184297FF,3
0CAF8CEA967C,4
0CB2758A3289,4
0CB3A4D9ABF9,5
0CB3CA3672E2,4
0CB7BE27C466,2
0CC7CB437B4C,4
0CDA737BEA89,4
0CDCBCF07C6D,4
0CDCC84B9EA9,4
0CE2B34B05CB,3
0CE521F8D172,3
0CE6E6BF8EA4,4
0CF046E953FB,3
0CF568439ADB,4
0CF61A389E37,3
0CFDDC1CF75A,2
0D0BB94FCCFA,5
0D1493FDAAD3,4
0D18BDF22C59,4
0D1951E5DA3E,4
0D1B0AE68DC6,5
0D1CB28776D2,4
0D221F0798ED,4
0D29A98FE8FB,4
0D32A07A3986,3
0D34832378C0,2
0D3737E9F443,5
0D57449ADB7E,3
0D6549D2F364,4
0D6A0F3CE1CD,3
0D6D92C4EAC4,4
0D6EAC137920,4
0D6F5D6E2E77,4
0D788E8BDADB,3
0D794A60E418,4
0D7E8A53C9B7,4
0D8E321A9415,4
0D9011021C2B,3
0D91FC8A9FE7,4
0D944DDF9492,4
0D983D66364A,3
0DA533FE0FB1,4
0DAD662B1782,4
0DB1509D2CDB,3
0DB1CE0764E9,4
0DB421BA1BFD,5
0DBDA28DA968,4
0DBEBB0EED72,4
0DC26D7994A7,4
0DC3194D5EDE,4
0DD088792AA7,4
0DD93F825FD7,4
0DE08F4053C5,4
0DE4BFD7B94A,4
0DE6D016C7FC,3
0DEA400FB9F8,4
0DEAB57A504B,4
0DEB291B21FA,3
0DF0F6199BD0,4
0DF2006FC8F1,3
0DF2DA5C58FA,5
0DF3E1BC7D04,4
0E07647BBC59,3
0E0ED6AD074D,4
0E1251EF8544,3
0E24F08F16D5,4
0E24F8C90CFB,4
0E3AC9BFA07C,5
0E40A58A09D7,3
0E5278E12B82,3
0E5434B8EA66,4
0E5FA083E123,4
0E6A84091310,4
0E6ADE74D132,4
0E6BB199BF93,3
0E6C3C2133C4,4
0E848AA38DB7,3
0E89829FDE70,4
0E8CB55193E3,4
0E8CBECB7CCB,4
0E976DD14859,4
0E9A166C4B67,4
0E9A98725D87,4
0E9E596A69D0,5
0EA2F253563A,5
0EA59AC549C4,4
0EA67D518E94,4
0EAB0E4FC56C,3
0EB16BF9C6D8,4
0EB3DD3D4789,4
0EB68912667C,3
0EBA0162ABBB,4
0EBE92AFBD97,3
0EC6CB60A702,5
0EDBF71D5CF6,3
0EE6F614F2F0,4
0EE9980F4C4B,4
0EF272634FEE,3
0EF6C038DD32,4
0EFDADD0CCD9,5
0F0813F0146A,4
0F13AFF35C0C,4
0F1439303944,4
0F14FEA19E2A,3
0F1A6DA7027E,3
0F1F7F935A01,4
0F2720F5FBED,5
0F2D20318CBE,4
0F2D3B9FDD3A,4
0F2E9FA7DAF4,4
0F2FAAC3EEA0,3
0F3877B7D800,4
0F38D6102C2C,3
0F3BCECF9901,5
0F5247051127,4
0F571C3502D3,3
0F62638EB677,4
0F659402E51B,5
0F6E3C622E7F,3
0F71E5F49E17,4
0F757049FA41,4
0F7862191BC4,4
0F787DD4A61A,4
0F7934223515,4
0F7DB6BD1AD5,3
0F7FEA47FA3E,4
0F89C0EE8981,3
0F8D99B7AC0F,4
0F92CE19A137,4
0F9E444C9DF7,4
0FA1E3CA3D73,4
0FA7BA9A1FB9,3
0FAA6C7B06C2,4
0FB0700DAF44,4
0FBAD334BACA,4
0FC32E083BDE,4
0FC3D22B2DB8,3
0FC97658A027,3
0FD256479257,4
0FD27A7C4257,4
0FD5B95A957D,4
0FDA6AC79713,4
0FDEE427FD46,3
0FE04DC094ED,4
0FE5C9C13E7A,4
0FE8DC0B8513,4
0FF049B01070,3
0FF781FB6050,4
0FFF13DC0B0C,3
1.02E+75,3
1.06395E+11,4
1.15E+48,4
1.32496E+11,4
1.61213E+11,5
1.67E+46,4
1000DD448EFE,3
10049349777A,4
1006FE578078,4
100AA438ECE8,4
10100E19E2C3,3
101256FB2FB2,4
1016199DA6FD,5
101C3E9B985D,5
10266FD6FA36,3
103CC3AA8F90,3
105A6ECC9A9E,3
105FBB463064,3
1067ADE80412,3
10738FAB1350,4
107F15C6D272,3
108363724F15,4
108C28958E5B,5
108CCC90A2FB,4
109421D070BF,5
1098BEDFB182,3
109A06A4FB60,4
10ABD322F49B,4
10ACBFAA9809,4
10B5AC99E165,5
10B79C092DE1,4
10C813389A74,3
10CE47991891,4
10D09AB4D6C7,5
10D1D5724C4A,3
10D7845FC5D4,3
10E1C7EDACB8,3
10E592ECBDB0,4
10E73EB00BA8,4
10E7A0414D14,3
10F4C4CDB76D,3
10F4FEDEF052,4
110CB433ACF7,3
1111D5CDB343,4
11168209A49C,3
111E90E1DB45,4
1125B1716D5E,4
1129201DC11C,3
112AA24D20BC,4
112ACF74B759,4
112B1760D112,4
112ECA514F8B,3
1135CD7FBE4F,4
1136D95D28E7,3
11393B68F12C,4
113942A18C27,3
115972ADCF50,4
1160237A1858,3
116209F5E812,3
11647A73E2B9,4
116A50DF4ADF,3
116D6C03549A,5
116ED6BCEA4E,3
1173D7C535A3,3
1175204C51AF,5
117FFA9B4B12,4
11854A885ED6,4
11862ECFA000,4
118C90DCC636,4
11A48AF9668D,3
11A680B3FB42,4
11B659A6D867,4
11BEB30F68EA,3
11C0555D3ACA,4
11C0D83F479E,4
11C1833E04B6,4
11C658295AC7,3
11CE345BAEF2,3
11D36CD1AC96,4
11DD0B26B584,4
11DE2050A727,4
11DF8476ED7F,4
11E1C6E089DF,3
11E3D2D8C85E,5
11F106935EDA,3
11F14A342E56,4
11F43325A858,4
11FCFBA42882,4
120174AE39B7,3
12118E6058A7,4
12135DEF3C3F,3
12156BA6D875,3
121AAD6AE49F,4
1226089D55CC,4
123722DA6464,3
123BBF5BAAED,4
124750B04447,4
1249AFEBB95D,4
124C24EE768C,4
124E04CB45B8,5
124EDC15E692,4
12660C832798,4
126747A179A8,4
1269B4FB7E6B,3
1271164467DA,3
127670CABA7C,3
12796C5A0480,2
127A60BC4DF2,4
127C44A70BAC,4
1284A423E338,4
1287FB93CF6F,4
129391F5ECBF,3
1294A6CEEAC5,3
1295E8C0327F,3
12988594D953,4
129C5DED720B,4
129E8C26C10D,4
12A49BF3B556,3
12AAF9C7C266,3
12BA7182FFC7,4
12BE2367222D,4
12C40C11C57C,3
12C4FDD062F3,3
12C580353B69,4
12C8DD7C074E,3
12CB536B6C39,3
12D86A369DBE,4
12E283B3F303,4
12F2A2D4AB24,3
12F3403879BF,3
12FEB57ECB4E,4
1300228ADAC3,3
1300CBEB1F39,5
1306DBD7573C,4
1308F5C3347E,4
130F9B6DCCF9,4
1313ADFE62C6,5
131D4EC3D03F,4
131DA85211F7,4
13224DF00A6A,5
13294E9A7CA1,4
13299580C8AD,4
133BA823C9DC,4
133BF9052FCA,5
133DA8BD32F9,3
13426BBB0EC2,5
13457D2F2557,4
13481B549329,4
13493E22AB5A,3
134BAA2D43CF,3
13502C406F65,4
13556F3D510C,4
1359D3CCD936,4
135F922187BC,4
1360BDCC0176,4
1365F7051B17,3
136B9BDB53E0,4
1377A50485F1,4
137BAE6EAA41,4
1385E7A90736,4
138BB07570E0,4
138F86B73F7D,4
13989868021A,4
139E760C6DEE,3
139FC472EA3E,3
13A30C894FAD,3
13A4CE233CDA,3
13AAAD860217,4
13AF1E268C99,5
13B3514D9E55,4
13B7179EB6D3,4
13B7ABDC0051,3
13B841D2BC21,3
13BC8BC3654E,3
13BD2F675384,3
13C271A7BB26,5
13CB8629B839,3
13CFDB110C7C,5
13D055D4F041,4
13D62898496F,4
13E62C937FCA,5
13E733243771,4
13F1DF1DB4DE,4
13F4CEEDDCBD,4
13FDCF58A955,4
14044A2FF1FC,3
1405831818EE,3
140781159BAD,3
14097CCF4030,4
14107BE4409C,4
14122B906E30,4
14125B6C50B8,4
1417CDA8D493,4
141A60AB7B0D,4
141CC621E949,3
1424DEF8AEA5,4
142BF0B5376A,4
143449132EAF,4
143881605B57,5
1440BFF921C4,4
1445C99DF53B,3
1449A333A335,4
14542AA79AA4,3
1461C0EEEE77,3
1463D1D9EC8F,4
146440EF28B8,3
146818D2FAF1,3
1469BBBDF3ED,4
146D260F5526,4
1484F69AB31E,4
1495BAF55143,4
149E8C278863,4
14C42742BD87,3
14CB51AFA416,3
14CBCA18C124,3
14CC75D0E9D0,3
14CD7481EF35,4
14D4B556B3A2,4
14D67698786D,3
14D6911BF51D,3
14DBFF7A7AD3,4
14DC8313ACDD,4
14DF107E8ADD,3
14E573422FEA,3
14E83FCCC2AF,5
14EA20764FD8,3
14EE006078C4,3
14F0D1DFE3B1,4
14F754342EA0,3
1509D8D81A10,3
150C879555C6,5
151645FFA225,3
151B0CD2ACE4,5
1523EEF201C4,3
15260AF98824,3
1529F615275D,3
152A4E283823,4
1536D4AC6501,3
153972503B34,4
15398FCF1379,4
1546CF3CFEEF,5
154DA8FC14D7,4
1553852F57B7,4
1556FDEA70E3,4
155918C91905,3
155CAAB3DC95,2
1566C25438D4,3
156E24130528,4
158096ED2561,3
158EDBD5EC25,4
1590FD8BEA8E,5
15912A718F26,4
159424F57C24,3
1596E1BA9983,4
159B993974F6,3
159C888039CA,5
159CB166349B,5
159D4CDA17B0,4
15B1386353B7,4
15B6AD38663B,4
15BDCD238E51,3
15C0E61BC1E5,4
15D3501518B0,5
15D68BD247CD,3
15DB03CB7A98,2
15DB2779EC7A,4
15E235D694BE,3
15E317EDD7A0,4
15E93D248649,3
15EAD0CC9F3D,5
15F20233CFA6,3
15F434699355,4
15F52C3B4580,3
15FD5B635B50,3
160060CC2418,4
16030592A7B7,3
160942A326B8,4
160B02D673E9,4
160C1321A536,4
160C8B8C0E64,4
160D4AE46A61,4
16206760663F,3
16255EBBB49B,3
1626F27A828F,4
16271A900F31,5
16482660AC91,3
1649A2246587,4
164E8B76D5D4,3
1655FBD1D22A,4
165BE1E22902,4
1669F1CC90D9,3
166A1383A90C,5
166AA098DBBB,4
166B8C946173,4
166CE6EE73AE,4
16759AEA250C,4
16760A114ACB,4
167AE151377D,3
167C0474C7F6,5
1681878C051A,3
1684BE6E2D54,4
168890CF840E,4
168E5BD0AECE,4
168FBD2247BA,4
169CCAB1500F,4
16A19F37921F,4
16A44AFEC63B,3
16AFB1342251,4
16B7CA362E71,4
16BC80DFCF74,3
16C808F5F642,5
16D1DCBC366E,4
16D2B327B978,5
16D3EFBE11FD,5
16DEF72E220A,3
16E17D54523A,3
16E4FB7A2BAF,4
16F34D94DC83,3
16F6DD028926,4
16F9A11EE38E,3
170444AD3129,5
17050101B707,5
1706A44CC656,4
17095E50E21A,4
170E5EDC8024,3
1712A40F635E,3
171E655CC8F1,3
17249776EA6D,4
172A3013AF1B,5
172DCAD4E21A,4
172F67E7FBBC,3
1734511166A2,4
173C9B92AEB0,3
173DB7DA3CE3,4
17643FC4CA90,4
176FA6CB13C6,5
1777FB4DAD97,5
177CE5335966,4
1780FCAA0B8A,4
17840D290E28,3
179E672AB25B,3
179F54C0EE22,4
17A4A5CB6DCE,4
17A4F48BD589,4
17A50BE2FA1C,2
17AA836BF229,4
17B15F103D26,4
17C7C1CAF7E8,3
17C80F3C80B3,3
17D10719473B,4
17D2212B02FC,4
17D59A9E37E1,4
17D80502253D,3
17DC48A9BF65,4
17DDD76F2023,3
17E0D40B3CB8,3
17E2B6FC3FEE,5
17F0C18337EA,4
17F339479482,4
17F7000992D7,3
17FE6E535BC3,4
180159E53733,4
180B47FDF4C2,4
180CC35C87D9,3
1830EFB03CF9,4
18322782389D,4
183FB472C06E,3
18409261F5C2,4
184212E8F6CB,4
184218DDCD92,4
1842B5E46878,3
1844936308C0,4
1853B94F3ED9,4
18554EA0420F,4
185B843FA452,4
185E32754366,4
1871E7C9919E,4
18854B42A655,4
18860D492AB7,3
18925C953322,4
18A2E82D5F05,5
18A38B04783D,3
18A77D3DD491,5
18A9E56DA884,4
18AF1F41C208,3
18B491F739EE,4
18BE93994E21,4
18BF6A6DF1A2,3
18C4625AD025,3
18CF13F4818D,4
18D33D605574,3
18D47A791678,3
18DD6D2A09F2,4
18DEE198FBE2,3
18EA3BD58A42,4
18EDFBD73F06,4
18F28119181E,3
18FBB0E38C68,3
18FCCD9CAC40,3
18FDF183D4D1,4
1906F877011D,4
190A7CF741CE,3
19157F773204,4
191D76BCC101,4
1926EA0A1D87,3
1927C4B37295,4
192A27F0608C,3
195719C5F1CD,3
1957F0D79C24,4
195EF688A6FB,3
19668E0A6B97,4
19692639977E,3
196B4ED6FA4F,4
196E73AAF08F,4
197A2E0615B2,4
197CEA0EF269,4
197FF5255963,4
1988A2DCF0CB,4
198ECA5E2E5A,4
199246A25EFF,3
199656C3699E,4
199980ADEC34,4
19A01FCD9C30,4
19A9B6881B50,4
19B5612E4AC4,3
19BAEA71834C,4
19BB34EEB248,5
19BE60654AFE,3
19BE726697A9,4
19C571180C49,4
19CC3C000C6C,4
19D014A29353,3
19D02F757F74,4
19D04291B198,4
19E44CA7DF5A,4
19E57B0657A6,4
19E9A735673D,3
19EF33B3D3C7,4
19FDE7E48C74,5
1A04C4505577,4
1A067085A035,4
1A068661D19E,4
1A0AD9EDC773,3
1A0E4BA7410D,3
1A14F52C0C72,4
1A1F158C0D82,5
1A243FC51E59,4
1A2699103F72,4
1A2E1741BF9F,4
1A31F3084DC0,4
1A34410E8209,3
1A3C21FDBDCB,4
1A3C75CD285A,3
1A3F808C7AD9,4
1A425C27196E,3
1A495E1C7906,4
1A569C9C492E,3
1A5894AF1B58,4
1A58E2543D00,5
1A5CC8CE870F,4
1A88DC345340,4
1A96C4AC477B,3
1A9B74784B92,4
1AA55FB101FD,3
1AA901C2E32E,4
1AAA0FA599F9,4
1AABCEE311CE,4
1AABFCFD715A,4
1AB8B1ABEA17,3
1AD208F3F94A,4
1AD236405FBA,3
1AD65D131BE6,5
1AD9FF75F9ED,4
1AE24A0A5097,3
1AE4FE93159C,4
1AEB326AE57A,5
1AFDA30737C0,3
1B061D85405F,4
1B069ADEF513,4
1B0AA9A7628F,4
1B127A370E2A,4
1B13689BCDF1,4
1B17CB43C47D,4
1B2083B9F74C,4
1B267567985A,4
1B293B50B28E,4
1B2BB2B6DE45,4
1B2E72AE87B6,4
1B3701EE4951,4
1B3BC0D7C62C,4
1B46E32DAA7F,3
1B4B715EAC9A,4
1B5012856219,5
1B52BB98FACA,3
1B5312BB32B3,3
1B622A28EDD9,4
1B65222659D1,3
1B682BC69828,4
1B6D51980EDE,5
1B76E1F1267C,4
1B7A049ADE47,4
1B7DB4CB6B2F,4
1B87EDD72ED2,4
1B8F4DDB120A,3
1BA120ABF733,3
1BA91BC3D89A,4
1BAE4E235915,3
1BB1E58F694A,3
1BB2EB85C41C,4
1BB9080C5E67,4
1BBCEF0C1832,3
1BC6B0614AD2,5
1BC811EC52DD,4
1BCF061FF0FF,3
1BD5E6B368B8,4
1BDD5C33D152,3
1BDDA880A886,4
1BE638E9C951,3
1BF239A971C9,4
1BF52A5CA35D,4
1BF9AA238FCE,4
1BF9FD62E30B,5
1BFF05FC5A72,4
1C03DC666CB4,3
1C088E6CD17E,5
1C125837DEEB,4
1C13CBFCF87F,4
1C1B1DA16C45,4
1C22B0A7AAB8,4
1C29F0363194,5
1C32F25C46EE,3
1C3B06789FCB,4
1C53CA9C2F0C,4
1C53D136E6EB,4
1C554F1D9D75,4
1C58F2AF08B4,4
1C592378CBD1,4
1C596BFDD837,5
1C5AB511BF86,3
1C6A490C7CAA,4
1C6AD56843C8,3
1C6B45AF8116,3
1C6B5FFBD027,3
1C715455970B,4
1C7D1F04503D,4
1C7E0D499FBB,4
1C8564154C20,2
1C899F124FEB,4
1C8C28FBE64E,4
1C8F6219CF27,4
1C913AB5444E,4
1C961BCC0E95,3
1C9A50A60FB6,4
1C9ADFB81C4D,5
1C9E388C17B8,4
1C9F99DCD7E1,4
1CA7B8FAA58E,4
1CAC3BAE4A39,4
1CAEAE4A474A,4
1CB3534B82E9,4
1CCC679F54A2,4
1CCEB6CD629D,4
1CCEDB8144D5,4
1CD91E790D98,4
1CD944028E3C,4
1CE6C10B9683,4
1CF149052D11,4
1CF3776F970D,3
1D039586402D,4
1D0DD38A4428,4
1D0ED4D5C9D9,3
1D10B524E194,3
1D222E2831FC,4
1D3CCF452096,3
1D3DB70632B9,4
1D459BD1F763,4
1D4FFD3360DA,4
1D51BCF69AD3,3
1D51C620FCBB,4
1D5346180BBF,4
1D5D22EBADBB,3
1D6257F878C4,4
1D6BF18EB6EE,4
1D75D76AC202,4
1D7E734B4A3D,4
1D7EEE65F780,5
1D828863ECB6,5
1D8D04DBA122,4
1D8D31593552,4
1D8D7B32B98A,4
1D91A956FD79,4
1D994E88DBB6,4
1D9D3DCE169A,3
1DA010DC8392,4
1DA7EAA3CE67,3
1DA96102D0F1,5
1DB195AA7BE3,3
1DC6485ABFF6,4
1DC6C1064011,3
1DD339DE06D4,3
1DD3D8CCFF56,3
1DD5B206DC55,4
1DE4E5333FE6,4
1DFC4D084BB9,4
1DFC980DF01B,4
1DFF3734BA4B,4
1E009323E02F,5
1E1804459747,3
1E19464E4C30,3
1E1A489F2DC6,4
1E354DDC784B,4
1E3699ABBECC,3
1E5487955F16,4
1E563F170C61,3
1E5FF0F98ECA,4
1E656BE75E59,3
1E658787B2CD,3
1E6835823351,3
1E759EE13558,3
1E7E1B256F16,4
1E8FBFB5D07B,4
1E9789CE290E,3
1E9F7661E8EA,4
1EA0EB93157E,4
1EA78F0F8633,4
1EAB51728A20,5
1EB21F75AB8A,4
1EB4D8BFB732,3
1EB7F2CB7A0D,4
1ED627A6FC40,4
1EDE0A7134BE,3
1EEFEAF4481C,3
1EF0599146E7,4
1EF3F333D2C4,3
1EF7C63675AE,4
1EFA2916E5A8,3
1F06A4B670A1,3
1F0A461A2589,3
1F0FE892EC33,4
1F1036C2B418,5
1F150143FE89,3
1F2351768406,4
1F25E363B7CC,4
1F265D1089C1,4
1F26EB15E91D,3
1F2DD4E07ECA,4
1F30B1F276A7,3
1F4234C9B91C,3
1F46EFAFBDED,3
1F4F8D4E1E93,3
1F51352E0E5F,4
1F56575F6388,3
1F58CB4D5847,4
1F5A8C38324F,3
1F62CA3289DF,3
1F6AB4756E2B,4
1F7354AA60CE,3
1F7997582855,4
1F8012FFBEBE,3
1F8354F0A861,4
1F8987BC7DAC,4
1F8DDCFCA766,5
1F939ECCB2B7,2
1FBDE79B7DE3,4
1FBDEE7FC78D,3
1FC7F0D3FB27,3
1FD55698D1E5,4
1FD6E30AAEE1,4
1FE6D3E74838,4
1FEBEB39986A,4
1FF01ED707B6,4
1FF56BEDD938,4
1FFD96FC48A6,3
2.03527E+11,5
2.24E+09,3
2.84131E+11,4
2.93994E+11,4
20020164071C,3
200ADAF3A255,4
20141DCB5346,4
2017D32A0639,5
201EB1D0F1D5,3
2022B8E2B360,3
202A2848311C,4
202C16A5B108,3
2036EC78D2A8,4
203C3C0F1250,5
2042CFDC3B39,5
20498D2BFDBE,3
204D7AB9CE39,4
204E5D4294C2,5
204F7EAA0EBA,4
20529E261AA8,4
2052CF966A42,4
2054D2FC64B5,4
2056B171116E,5
20644ECC874C,4
206668BD9662,3
2066F8A811A8,4
206B99189A87,4
20751E8B947B,3
2079B764948D,4
207B0FEB5BEF,5
207D9B0083FC,4
2080B945CF87,4
20835D731FF0,4
2083E1A7DEE8,3
2084B16E2FB2,3
2089EF1099EB,3
208C0541845A,4
209523F52F65,4
2095C9D9F5B2,3
209A6BC99DB9,4
209EE46FB0BB,5
20A42E81AC2B,2
20A4E74DE0C3,3
20AFE3565B10,3
20B68A9E272C,4
20B859376593,4
20C01368FC3E,4
20D0120E0F48,4
20D092AFC4C5,4
20D2723ED2DB,3
20DB11FE439D,3
20E1ED11F61C,4
20E2A9554CFD,4
20E89E9AE5DE,5
20EE7E422C2D,4
20F2A0811902,3
20FE40010F03,3
21047CC94658,3
2104D2D71F9F,3
2107BAE9CB50,4
210E5C7F2F35,3
211F21B81B38,3
2127D8777A44,4
2128C7FE7B98,4
213479A5F0F2,4
214613C46F3F,3
214B8A25615F,3
216054C99572,4
2165829CACBD,4
216AEAE3EF97,3
21707382C0F0,4
2172A101602E,4
2173CA2A86C6,5
21750F35CEF4,3
217A7429341D,4
2181C567F6B0,3
2187FAAB11BD,4
2189471C5C78,4
218A21C443ED,3
218D823057E2,4
21959ECFE644,4
219670F16AF1,3
2198FC9EDB6C,3
219BA92044F6,4
219CD728CDA8,4
21A20247B3BC,4
21A24A785A7E,3
21A42B48B15B,3
21A87B922013,5
21AF117D5E82,5
21B1546505A8,4
21C75B3F290A,5
21C84DF6129A,4
21D853C79076,4
21E0940DB28C,3
21EFAE02832D,3
22075172920B,4
2207AE9DCDE3,3
22083B21A7CB,3
2208F4EB02E5,3
220A26E7E802,3
220B64DA6B5C,4
220E202448F4,3
2213EE7BF546,4
22164E215B04,3
2221985D49BD,3
2222A56620C0,3
22291845AEDC,5
223370B9F564,3
223FCA37F79D,3
22416450E0EF,5
2248AC325F36,4
224F10CBF764,4
2270FFC2D480,4
2272E232DFD6,4
227853D28137,4
2298E32EC81F,3
22AD8A978FDA,4
22B0E90D524E,3
22B275BF971C,4
22B6586B8AC2,3
22BF4720FB84,3
22C47823C6B4,4
22CDED7996CD,3
22D4F1298062,3
22D938F5E0E2,4
22DB84B437CC,4
22DC16B8F0A6,5
22E2EE7963FA,4
22E3898773C3,5
22E55C32A973,4
22E583DA7364,5
22ED0ED1EF2C,4
22ED4D73E0D1,3
22F3B43D815D,4
22FD17FB1BEB,4
23011CDB368B,4
2304F1CAF693,3
23125D54C38E,5
23172C7BD629,3
2319365E6640,3
231993662C14,4
2321C93F8D7E,4
2321FAC1E823,5
232936504C18,2
23393129100A,3
233A35247566,5
233B42867340,3
234B430EDAEE,4
234C30A69CA4,4
234C54F93ABC,4
2352FF50900C,4
235437780D47,3
23584D5738EE,4
2372C99019C2,3
2375E96B7653,3
23770C56BF47,3
237968EDE68A,3
2379C4EA00DF,4
237FA40D5CFD,4
2388E2CAC922,4
238A68D91301,5
2393A995A4A5,3
239695A3CE7C,3
23972FBA1934,3
239C29327493,4
239FAAA1C2FD,4
23A77FF701B3,4
23A8E9D02DBB,4
23B3D8854723,4
23B7C4778106,3
23C514D3D801,4
23CC3629CEC0,3
23CE04ED9655,4
23D479DD8197,4
23DFB0D7B17D,3
23F0ABEF8370,3
24041E649D2E,3
240D22669177,4
24122D3D3AED,4
2412D8A6EDB4,3
241CF8E86F9C,4
2421208F6A6E,3
24241413242F,5
242E9BA55C0C,5
24311D9459DD,5
2437AAC4FFEC,4
2438536A9907,4
2439596F6AF3,4
243C2673D4A1,4
244D42657A60,4
246A11006D33,4
24708E827578,3
247B73B47DFF,4
247E13C6D8DB,3
24804BF1823C,3
248AD4A808F4,5
248F805B58E5,4
2491845AE919,4
24969BC6AB56,4
2498B1D89628,4
24A44D78C494,4
24AB166876CE,4
24AE99ACFB83,4
24B130898C0A,4
24B385AF486F,4
24B46AF7A944,4
24B659FCEC04,3
24BA92F852DF,4
24BC9F21DAE0,5
24C26AB99AAA,3
24C5ED476177,4
24CA09FC2888,3
24D418729648,3
24D7E9159963,3
24D93C4D0921,4
24E0B6DB7B49,4
24E2967E7441,3
24E58541E795,3
24E83FA682F8,3
24EB88B49A7E,4
24F0488F11ED,3
24FA36D49DB7,5
24FC5E6ADF1A,4
250A3F61B6D8,4
251DC3DC07F9,4
252137EC9528,3
25225E638919,4
25269EB7FE0D,4
25279CF8444F,4
252C111E462C,4
25325F09BF85,3
2545BE194727,5
2546400260B3,4
2549F87DC5A0,3
2558BFD73442,4
255C21BE7CFB,3
255E3A6F95D4,3
2568B64DB374,3
256E7C7650C8,4
2575D2691B29,5
2577AEEDE0B5,4
2579DC590809,4
257D81CFBA84,3
258C98EFD4F8,4
258F5D734299,3
259C2BDB1FFF,3
259C732E5942,4
25A6881175B1,3
25A98E60DA30,4
25B15676D65B,3
25B1E8E15BCB,4
25BCAAC2FE62,4
25C37AACECA3,4
25C400582197,5
25C41D233D24,3
25C5C068B05E,3
25C803068D4C,3
25DE215F8B82,3
25E486CDCCBB,4
25E5A9483945,3
25EE1A06C0D9,3
25F15C75DBE2,4
25F39A646127,4
25F76B255B43,4
25FA1DF1C205,5
25FC80C2D25E,4
25FCAC7AE925,4
25FEFF118AEA,4
26018F746873,4
26078C934E0F,4
260791E4C620,3
26089316800B,3
260CD1DDA84C,3
260D9A25B1C9,3
2617310033A4,3
262A455A7060,4
262D4488693E,3
2634F01562BB,3
26370DAD607F,3
263A29FC4FB1,3
263E94CD1C90,4
263FD8ADA546,4
2640CD15FE02,3
26432FDB0644,3
26453BA910DE,4
2646BB37564C,4
26485BBC6E47,3
2648CF0962FC,4
264C52745EE1,4
264E2A6BC7E6,3
26557C3672F2,4
2674CCDD70E6,4
26788B95F2F2,3
267F9C38F948,3
26810C6F8A51,4
268675CF9C2B,3
2686D9471361,4
268FBF7E756F,3
269088714D10,4
2693AFBE8AEF,3
269483FFAB82,4
26981B151FD2,3
269BCDCD7A56,3
26A2D097B6CB,5
26A9D74443D0,4
26B43880FD1E,3
26B9F1A418E2,3
26BF9C028BF5,4
26CAE294C16B,4
26D70B50EB41,3
26D82BAF75DB,4
26E36C5938C1,3
26EC49492A0F,4
26ED9496E08C,5
26F0870BE37F,5
26F1A49ABC3E,4
26F783EC8DF5,3
270498B515AB,3
2704E9C5DD78,5
270BC1D689DF,5
270C135130B5,3
270C9CF15B1B,4
27132DEB3498,3
271CBAA44AC3,3
2723DB12AC00,4
2726E31ECDC6,3
27323553A085,5
27347E260F1C,4
273863D43441,4
273A6BFCD55B,3
273D52E9DC95,4
2741B42624E4,3
274FC279EC5D,4
2754EA322F36,4
276B92955757,4
2770798B73B2,4
277530A14E18,4
27778596AFD5,3
278800A79148,5
278C1879DA87,4
27910796A7B1,4
27A071CC4338,3
27A2E22A4634,4
27A806C76E9F,3
27AAF664DF23,4
27ABA3D8F2FE,5
27ACC3AD950F,4
27ADAEF01316,5
27AFA00901D3,4
27B51EEF47E7,5
27C1F6B19E89,4
27C2C3000FBC,4
27C6C2D4CC0B,4
27C714014E17,4
27D28F942C45,4
27D30B303EEE,4
27D868D68359,4
27E6536433B9,4
27E6F6FD3EB0,4
27F4D048EB58,4
27F648D17D4D,5
27FC2D31B704,3
27FF1FD699B1,4
280C6F2C65F0,4
280D13EB16F0,3
280F4A13DE2B,4
2818231D67EE,4
2823EC999322,4
2825E78AC8A9,4
282920A19940,4
282C1013B7B5,4
282D1DEB08F3,4
28314B1AC842,4
283EDC22483C,3
2844FD2BF83B,3
285F882853A4,3
2863DFA5BB0D,5
286C3B565456,3
2871CFE6B66D,4
2874CC27310F,3
28775172455A,5
28782BBE3CBA,4
287A262E4417,3
287F79B6D6F6,5
287FB47E4D2A,3
288183B3184A,5
28823EC65BA2,4
2891B0280044,4
2897B71A5E94,3
28A6D4AB0F50,4
28A7B5B9219E,4
28B00BFB8BD3,3
28B166158C54,3
28CA29BE678E,4
28CFE95203D4,4
28DB1BCCB6AF,4
28ECC096EEBA,4
28EF3F88FB87,4
28F1E43C7884,3
28F2073AD0CD,5
28FF89DC3B40,3
290021A1D937,4
2907A97CC7C4,4
2908D48CE405,4
2909EE180A2A,3
290C7EB656AB,4
2913843F6DE1,4
29192A5DEFD5,4
291D2BC7F86A,5
29203AAA6CC5,5
2922D6AF678F,3
29235C3B3472,3
2929DA478E37,4
292FF100BEF8,4
29371D115009,3
2939DD925D5F,4
2939F620E6BE,4
293B615771F9,3
293C1D45E66B,4
293FDE512821,4
294167CBC710,3
29450AD2A452,3
294C41270CAB,4
29502FC048A0,4
2958AC21BB05,3
296228784AA5,3
29627B30B5A6,4
2962D1BB17A2,4
29687C1F98F1,5
29712E7FC7C8,4
29765A8DA7DC,3
297E9F6638BC,4
29899EC43F4A,4
298E5C25E843,3
29905A8482BC,3
2990DEB561F1,4
299591FA8205,3
299831F64225,4
299A4489B427,5
29A05955A444,3
29A53E96B8C4,3
29AB81B05092,4
29B1CA7F267E,4
29BB45AA907C,4
29BB51045AD5,3
29BCE8906E8E,4
29BE597866EE,4
29C1E2CE5DB3,4
29C9EF546659,4
29CA453A339D,4
29CAF243AA8C,3
29D0D6C26624,5
29D2B919695A,4
29DD7B64A099,4
29DD86A89693,4
29E116AF432A,4
29E443A561CC,3
29EA4DF2C9B0,4
29F0053BC75F,4
29F53618A9F7,4
29F5457E7E90,5
29F61F8EACF0,4
2A0589121A2D,3
2A0B44CCA0CD,5
2A0D1193C5EF,4
2A124200FFBF,4
2A16D21F4FC8,4
2A242B3DCC49,3
2A27D5383112,4
2A29BA5D1EF6,4
2A2CDE97B76F,4
2A2F04CC199E,4
2A35A23BE3C3,4
2A373FF286ED,3
2A4221CE52DC,4
2A43B5C34CD0,2
2A4C1A1AD665,4
2A52459E72AD,5
2A563A6D8FD5,3
2A5D14A17747,3
2A60500B8179,4
2A6F79AB6CEA,4
2A79C81E7B71,4
2A7C4A1CBA41,5
2A7DA5E61374,3
2A88E84558F2,3
2A8E5AE68CA5,3
2A90C50AFFE8,3
2A934E1D02B7,4
2AAA5F2F5270,3
2AAC91E9E2E6,4
2AAE43DCEAAE,3
2AB31C89B344,3
2AB4CD937595,4
2ABFDA03AB4B,3
2AC01E3AB211,5
2AC878B831DE,4
2ACA19551483,4
2ACB43DD4A24,4
2ACCA33A2E15,3
2ACDFF7FCAAA,3
2AD868FBE028,4
2AD8A9FEE4C0,5
2ADE4CD09C5B,4
2AEEA0A97907,4
2AFADBF8D316,4
2B015051803E,3
2B0153FF2D4F,4
2B12BCC7303A,4
2B26619F1C1E,4
2B2BA9FC021C,3
2B374862F2C4,3
2B39201EEEE0,4
2B3AA27C59CB,5
2B4218A99969,4
2B5011D4C860,3
2B53D5D29EAE,3
2B568E2031B1,3
2B5A9EF786E7,3
2B5D7FDAFEE5,5
2B605EED5E4E,4
2B683EE1691A,3
2B6B50852E0B,3
2B6F75CC6941,4
2B7169FF4FBF,3
2B81FF610FB7,4
2B8C899A136C,4
2B94F21871FC,3
2B98EC6BE001,5
2B9C5C3BB7B9,4
2B9F531F1F59,4
2BA01892D7EE,4
2BA142AF4BEF,4
2BA422F3619F,3
2BB1B9853257,4
2BB25A23C9CA,4
2BB327C90883,5
2BB3F440A1A5,4
2BB45C0C7802,4
2BB6641B0B02,4
2BB881487FD0,5
2BBF809305C6,2
2BD0B513E03D,4
2BDB4651C49E,4
2BE26052C376,3
2BE944782131,3
2C021FD670EB,3
2C0A4D88629E,3
2C0AE28084B3,4
2C0BDEB99FDD,4
2C0D4A3D4590,3
2C191F7F9FA1,3
2C1BB6C07105,3
2C1D74F72797,4
2C24880113A2,4
2C276911E448,4
2C2FC1BA95AD,4
2C302B2A9020,3
2C344E66F358,3
2C3911F2CA28,3
2C3E3E48A880,3
2C469434A463,3
2C4CF1EF39A2,4
2C4F19141C94,4
2C5DB9FE0B0B,3
2C670AC05A4E,4
2C737A1FDB6B,3
2C7750B811F3,3
2C7934648594,3
2C871443D686,3
2C896B95DA8E,4
2C8BA60F1666,4
2C8BAD341085,4
2C9C9A03C5C9,4
2CAD08064A6A,3
2CAEF7197A17,3
2CB0A75DDF7F,4
2CB23505789E,4
2CB6039E6165,3
2CBBBA8D15E9,5
2CC4B554C694,3
2CCB36FFC40D,4
2CCFB8C0BAF7,5
2CD160148A6E,4
2CD20ADA226B,3
2CD45C47FFE6,3
2CE045D2EBA4,3
2CE725C8E928,3
2CF60EE0D6B5,4
2CFBD4AA7BE5,4
2CFC7FE26251,3
2CFF8146A4BC,4
2CFFAD8DF67D,4
2D01E2DE3ACC,3
2D0AD6FF07F8,4
2D0CDBC81DC0,4
2D1B2B8833C3,4
2D28CE622B8E,3
2D3F81D21421,4
2D40E0391ED0,3
2D4643197395,4
2D4D71F910AA,4
2D4DC3D5845A,4
2D508127DEF1,3
2D508D3CD27E,4
2D58D03DE536,3
2D59E1BB8883,4
2D5F50B0E765,4
2D6B650A15FD,3
2D6EF1777E02,4
2D765BC7C9E4,3
2D7FD832995B,3
2D976D9E1787,3
2D9C280D296E,4
2DA25C61D18D,4
2DA62D709DD7,3
2DA6436E3BEA,4
2DAF1788DEC2,4
2DB2B8124AA8,3
2DB6CE093601,3
2DC06FFB7E07,4
2DCD1AE7AED4,3
2DDDB7AA7C51,4
2DDF4051E688,3
2DE332CFF475,3
2DE95E7D6776,5
2DEBD2B0AB2C,3
2DEC2BE40CB5,4
2DF807DD1767,3
2DFE8246A388,4
2E0478042A1F,3
2E0830F07EC8,4
2E1266682F4A,3
2E1F288230F2,4
2E20D79B96DC,4
2E25F9F0DED6,5
2E2C996BBE7D,4
2E3043C283B5,5
2E32EE82D785,4
2E41CEAA9830,3
2E4A88C4D580,4
2E5633A79557,4
2E5A5418F173,3
2E60E360C7DC,4
2E62A47405BC,4
2E64615FFB93,3
2E655BA40E7D,4
2E68BA8F2B65,4
2E74B317EA8C,5
2E7E6EBD372D,4
2E7FA51C438D,4
2E810318FBD2,3
2E8A8C550F8D,3
2E8CD9C797B3,4
2E9B0D031C89,4
2E9C3762DC25,4
2EAE515F6F39,4
2EAFA0911EC3,4
2EB12DA322F4,3
2EB94A444839,3
2EC2D5F64FD8,3
2EC83DDCAFB6,4
2ECC79E1E5D8,3
2ECCE525D35D,3
2ECD72FE0B34,4
2ED1E6441A1B,5
2ED265408C82,4
2EEA9454E26C,2
2EEC70448423,5
2EED7D472A3C,4
2EFAF4CE944E,4
2EFB606F3C1B,4
2F032C44C82E,4
2F13BCA56EF3,3
2F172236E865,3
2F191B309816,5
2F281D9E264B,4
2F286C2A60B6,5
2F3210D23414,4
2F4441343457,4
2F5A100EB508,4
2F60025ED6D0,3
2F63222FA0FA,5
2F656E04AC84,5
2F740510B666,4
2F76D50DCF47,4
2F79AEAA8009,4
2F7E08CF0EBA,4
2F831F895B84,4
2F852F042CE6,4
2F8F04D2D0C6,4
2F92C7B52712,4
2F95EA7A9F3B,4
2F9941439707,4
2F9C2FCB6880,3
2FA001A3D229,4
2FA02A1E3654,4
2FA2ABCDD456,4
2FA8056C7201,4
2FAE6DFF45F1,5
2FAF6849AFE4,4
2FB17659DA36,4
2FB9732FDD1A,4
2FB9BA37AA3C,4
2FC186382EDD,3
2FC6AA5BBAE9,5
2FCA68C17EA3,4
2FCED491B631,4
2FD1B73048CF,4
2FD2ECB1B5DC,4
2FD3B620DE15,3
2FDB1B6086C9,4
2FDE1544FD26,3
2FDF1D055178,4
2FE09CD5CD8C,4
2FE4587D0800,4
2FEBCE09CF3C,4
2FED062E2E88,3
2FEDEDACA7E3,5
2FF01AA49B76,4
2FF49615D63E,4
2FF6C7542D18,5
2FF9836001F4,3
2FFBE61E4B84,3
3.24844E+11,4
3.24895E+11,5
3.27504E+11,4
3.68606E+11,4
3.98662E+11,4
300B76F37D8E,3
3020EB58260E,4
302578B02AF9,5
302A70590A53,4
302DC21A6DEE,4
3030A5BB7889,3
303FCCA4B05F,4
3043D46807AA,5
304B55907101,4
3052DB170D3E,4
3062BD8AB8CE,3
3063BD6D280D,3
30687EEA6586,4
3069CFB48737,4
306C9043FC14,3
306CF68D63A3,4
307DF96FE1EE,4
30832988F476,4
308A7304F6A4,4
308DA02A219C,4
30935D02377A,5
309367E834ED,4
30A0189058E5,3
30A3F81C11AD,3
30C58EE38D16,5
30C8220EBBC5,4
30C99806C7B7,3
30D1C9635C0C,4
30DB0EC83D10,3
30E8E3CE1C32,4
30F141B991EC,5
310201844A5A,3
310F8AB55A40,4
31225EE0EABC,4
3127E2B3B68A,4
312860BEC6C5,3
314A073FF242,3
315CF6A9667A,4
31608C81265C,4
318C3D719F7C,4
318CE9377535,3
318E29BC6F06,4
318E4DA84F60,3
318F40822873,5
31998D3364B9,5
319B2511943D,4
31A3040F487C,3
31A655925A8A,4
31A65BE34B0B,4
31B421A815BE,5
31BC49520E9D,4
31BCC13FC4B2,3
31BDD33875A4,4
31C7E435A083,3
31D2096A0478,3
31D92B78B151,3
31D94B250960,5
31DB1BDE89A1,4
31DEDD89C49A,3
31EEF9A4A29B,4
31F19F915306,3
31F4831C794D,3
31F5385F21B7,4
31FFFAFD3987,4
3206079FDA69,4
3206E3F5CA39,4
320C8882B73C,3
32152B4D2B18,4
3215F95D4312,4
321B924C8441,3
322B33C931CA,4
323528BC0FDB,3
323FCB4E294A,3
3243E4862D4A,4
32440040C61B,4
32445E3C6B22,5
324E7EA1820D,4
324FCF9DA47C,5
3252E8F623E4,4
3253860FE997,4
3254ADC7B428,4
32612321B31E,3
32647EC2D489,4
32676DEE9A39,4
326DEFF8D486,3
326EE5515F2D,4
32700E9C48B8,3
3275120B2E8A,4
327AAC23CF5D,3
327C46078B4A,4
328A777ADA33,3
329A17C419E1,4
329C6644B488,4
329FDFF9DAEF,4
32A5C2EE44FE,4
32AA6481C3FA,4
32B5DBE46E09,4
32C41774E38D,3
32C565B12D08,4
32CD23AAC462,2
32CDDF4AA80D,3
32D0A06A0A23,2
32D3B300954A,4
32D85652B5AC,5
32D9054C3246,4
32E214906DF4,3
32E2949B0C66,3
32E980DFCD96,4
32EF13D64655,4
32F056351D0F,3
32F21701F28D,4
32FE31495988,2
3305CBBCB258,4
331588D6432C,3
331CA007D0AD,3
3321A3E87AD3,4
332921BEC390,3
332C13592AE6,4
332DFAC29243,4
33475A71956C,3
3348F1455A61,3
334B7D161667,3
33518A2CC63F,4
3351F137568E,3
336249F35AD0,3
3364D48B3E73,3
33679BAB1D36,3
336CAAC890EC,3
338F8137CB7F,4
33916D898F9B,4
3392F73AE2DB,4
33A53CC19E40,3
33A64A98CAE0,3
33ADAAB38BFC,3
33B1DB03DCAD,3
33B3B5E41042,4
33BB7DB867F0,5
33D741DE2BCA,4
33D9BCB1A7CD,3
33DB30E519E5,4
33E1A39FFC48,4
33E25E6A8028,3
33E67D072963,4
33F18D5D8867,4
3404A30E92C7,4
3410CE477160,4
341C1F4D29F1,3
34262AC688A1,4
342AED7864B0,4
343084E34E9A,4
343A95F8B1A2,4
34401843BCDB,3
34406EB29D45,3
3441F00346EA,4
3449CE7058D5,3
344D9A0422E6,3
345AB12E9B44,4
3464012E360B,3
3470DA60B592,4
347DE248D051,4
348227886FD6,5
348C415DE78D,4
349D1C76A0FA,4
34A590772E2D,4
34A969F02539,4
34AB53DA73EF,4
34BABC0E3795,4
34BCE7C3F803,3
34BD942EBBD7,4
34C2F0929B18,3
34C430A25890,3
34C6AD5D2F58,3
34CC756C2707,4
34E0039AC74E,4
34E0E261FDE7,3
34E1D0E60106,3
34F016931102,4
34FB26C4FFDE,5
34FB9E0DF44A,4
34FF5653BC2A,4
34FF9E09D7C8,4
35014316E750,4
3504E2757216,3
351EB4DBB252,3
35242F4AB789,3
35279D8353D6,3
352CEEDDF08C,3
352FAD192BB9,4
3532AF1395A3,3
35382AF523B4,4
353CAC9AC658,5
353E9AFBC42B,4
35495037D856,5
3552BC0CBB1C,4
356088A3EC46,3
3572E4DC8EA5,4
3579E5EE4EC8,4
358263CF4444,3
3588380B5507,4
359E66B73109,3
35B6AC9150EB,3
35B96F2A9F88,4
35C1EF0AD877,4
35D4D20892A6,3
35D64739B0D2,3
35DD0F455947,4
35DE2CC6BBD9,3
35E43CD12135,4
35FDC36E1D27,4
36064F137F20,4
3609B5F15C8C,3
360F4E7D2631,4
361958A6AA45,4
36240867324F,4
36246752B6F8,4
364AB53BF679,4
36571D1CDCAD,3
365C55F26DFC,4
3661D3C5DB6B,3
36677FE57D6B,3
3668AE375F14,4
366BB66B5A89,4
3671DB5110C0,4
368AF8A98CE6,4
369954E1B96A,5
36A126CF8658,4
36AADFA80764,4
36B1FA4B40A7,3
36C4F0B8B4D7,4
36C7368968C0,4
36CC2A1A8BBC,4
36DF4C0101F2,5
36E730A1040C,2
36EE2607AB46,5
36F90F86ED01,4
370732B4F376,4
3709B707B55D,4
370E7C2794AB,3
371210DE268D,4
3716F1DB5880,4
3716F4794AB4,4
371719D9B43D,4
371C9C47A787,4
371DCD0EF85F,4
372B34B48E84,3
373D03BB20EF,3
373F73E9E830,4
3741469BB646,4
3741D275F8BC,4
37423449B879,3
3748EA26DFFD,3
37513D076D09,4
375BD3144BC3,3
375DD78BB2FD,4
376B211265BD,5
37771E9C2A8D,3
377E070688E1,3
378970057A1A,3
37986AF08E7A,4
3799343B6C0A,4
37A2E6EA2337,3
37A40AF3028A,3
37A4D1348B83,4
37B0303FA993,3
37B05EDB1C50,5
37B2B196F7C5,3
37B2C9BE78C2,4
37B47DC62A78,2
37B985859EB8,4
37BF4818673C,4
37C3C036AC0F,3
37C47D9B9596,3
37C9830D8815,4
37D102E9C36C,4
37D40E1CD549,4
37E07916B614,5
37E2BC1D72FA,3
37EA539179FC,5
37FC9DB2D1DB,4
37FDBF9C7EE7,4
37FED48BEDBD,4
38043B171DAC,3
381537D74495,4
38187C081B25,4
3819C0A62313,3
3821238FE334,4
38283A07296C,4
38398D01FC11,4
383B847BBF7C,3
38418C0F9D91,4
384D8653D8E2,4
38544AECD63C,4
3857B01712B3,4
3857EDCD3437,3
38627CBBA304,5
3862E2B8AD54,3
3864A8B9C6B5,3
386F96C2DCE1,4
386F9703C1F0,3
38702CDFDBE7,3
38733F6A4A36,4
387A6ABAC720,4
387C6CD3FD66,4
387D12FE2D94,3
38823B4C6318,4
388F31A9A1A1,3
3892D5C76B39,3
38930EEDA19B,4
38959CF98F8D,4
38968B108FBC,5
389752B5BECF,4
3899C281559F,3
389BA8389F32,4
38B237B2F190,5
38B7875D420E,5
38C3001D7D16,3
38C30CFFD0E4,4
38C5C8A4C583,4
38CFC25785E2,4
38D00F509FF1,4
38D227AB68A0,4
38D37BF69E5F,4
38D57197F5B3,4
38D88866ABD9,3
38E1266098C9,4
38E4FB60F320,3
38E5CA5C3B95,4
38ED111577E8,4
38EE63B226BA,4
38EEC115DC68,4
38EEEB5BC11C,4
38EFDBCE162A,4
38F68FC5317C,3
38FB68E6353C,4
3901A0BB6B92,4
39065509F761,4
390C619217DB,4
391757E8299B,4
39179028B2DA,4
3919F3440FB6,4
391FDAA58AA0,4
39211D068D20,5
3923909DE518,4
3925EB5265DF,4
3928A3B8A298,4
393AA5E5A2C2,3
393BDF8C7897,3
39458542D0DB,3
3946C28D4D7E,4
39492CE9549E,4
394E5EF1B5AC,4
39556E3D684B,4
395E57F50A76,3
39776B3A4C70,3
3977FF952798,4
397E84AEDCB0,4
3985883CA075,5
398C90CE0CAB,4
398D1E26AA89,4
398F0B9690AE,3
3992F89490E9,4
3997C6D12E37,3
399B11ACA702,4
39A822883189,4
39AAD2CA2F1F,5
39AD2FCCD35E,4
39B6454376C8,3
39B6908F453E,4
39D507D7EBB5,4
39DE1C961946,5
39E08058C7B8,4
39E98ECA8354,4
39EA615EA7C0,3
39EB3C6F0683,3
39FCD9C9727F,5
3A08788DCA7D,3
3A09C844E429,4
3A2A77A19E6D,3
3A2D732CA9A2,4
3A317901A1B7,3
3A38C6310D54,4
3A46873F3E37,2
3A4B4B2CA9AD,4
3A4E619499C7,4
3A5D94F715D1,4
3A6447DDD481,3
3A66E0D2874D,4
3A777021089B,4
3A78FDB5DF52,5
3A83E8B7AB1B,4
3A87EAAFBEA0,4
3A9561759383,4
3A9853B9390D,4
3A98BE969D1F,5
3A9A95F48F86,3
3AA24312B2FE,5
3AA266BAD4BA,4
3AB30AB267DA,4
3AB3FC197550,3
3ABC3C461EE1,5
3AC3BED193AA,4
3AC9C50357E9,3
3ACABC081389,5
3ACABEEA34D2,5
3AD4E35CBBA8,3
3AD6264469AF,3
3ADF2D3323BE,3
3ADF4890A470,3
3AE58AC9DFC2,5
3AE78FBC7ED0,4
3AF199D7B081,3
3AF207431A35,3
3AF8147D6DB0,4
3AFA78FFFC15,3
3AFC1056E452,4
3AFC305BC43F,4
3AFEB01D9E38,5
3AFF28A9D01B,2
3B053B2F03A3,4
3B067F759865,3
3B1BB6384D7C,3
3B1CE6EEA66E,4
3B27DB9B21FE,4
3B2C8BB36BD4,3
3B30FDC5AAE8,3
3B349382B66E,4
3B355996A407,3
3B3A47EA684D,4
3B3D06A95461,4
3B3DFE1192FB,4
3B4C23859101,5
3B50C316E9CA,4
3B55EC92FAAF,4
3B62370779A1,3
3B6914A9D5D0,3
3B76811E5D92,3
3B8116100309,4
3B85EB3B7207,4
3B888FC510B1,4
3BA15254E27F,4
3BA1C8442151,5
3BA2029AFBC0,4
3BAA2C7E2CA2,4
3BB2C60B97E4,3
3BB75823DA5B,4
3BBD028592D7,3
3BC19FD6B29F,4
3BC3AB612FAA,3
3BC78976B522,4
3BCA8FF7A62E,5
3BD1B5A4F714,4
3BD1F2EA30B4,3
3BD4C7E7DE37,4
3BE469553D75,3
3BE93D14041D,4
3BF2F496AF76,4
3C04A5B6C8F8,5
3C133B27FD35,3
3C1431342B09,4
3C17ED55E3A8,4
3C1A3C7FB8C8,3
3C1B911C0C75,5
3C2032CEEC9C,3
3C26EC679114,5
3C28743B377D,3
3C2E56DBA570,3
3C315C4345C7,3
3C35ABD78529,3
3C442451101C,3
3C48236462CD,4
3C4A286D0976,3
3C559F318141,3
3C58C11EE58B,4
3C693CBFEFB5,4
3C697FD6C57D,3
3C732B8FAF71,3
3C7B282032BE,4
3C8360258FE5,3
3C870B534788,3
3C879A5C86D9,4
3C9ABAD0EB27,3
3C9B9DAFB0AE,4
3C9EE9C1A2D8,3
3CA1D9450791,5
3CA5A09CDC38,4
3CA8BC5FDD12,3
3CA8DFA49511,3
3CC0CE77D0A2,4
3CC68E5F3802,4
3CD912C299E0,4
3CDDA85AA3C7,5
3CDE1D9E6E57,4
3CF26DBFD304,4
3CF52C3ED074,4
3CF61A705D4C,3
3CF722FB17B1,4
3CFA497859E6,4
3D071A53EF80,3
3D419C1C388A,5
3D4475C949C2,4
3D491C4153CE,4
3D5C564AACDD,4
3D613F2FF95F,4
3D6607FA5531,3
3D670976A2FE,5
3D6BD2217AD5,3
3D7067F5F0E8,4
3D87B595B6E2,4
3D8BD3820279,4
3D8D67C9E2D0,3
3D94C80366E7,4
3D9C932F2EB1,5
3DAC64829E27,3
3DAE21FF789C,4
3DAE999D059A,3
3DB6FCCA1445,3
3DBBEBD828B5,3
3DC336733E9F,3
3DC3405DF531,3
3DCB4591B077,3
3DCE7545329C,4
3DEF59603E74,4
3DF2569374B6,4
3DFC27F27E29,4
3DFCB419BA08,3
3DFF5C74C39B,3
3E0A9E722795,4
3E17AB4A1416,4
3E1A21FAB4A5,4
3E22E1F1A48C,4
3E2DD51983F4,5
3E2DFEE1A973,4
3E3CBB78E42B,4
3E447261F53A,4
3E597CFD9697,4
3E7F5037EF94,4
3E81849D82B7,4
3E8567275081,4
3E866ECC376A,4
3E89989D6585,4
3E9AC2434A7F,4
3E9D0BE87490,4
3EA7F29FFED8,4
3EAA08EB3E4E,5
3EAC45B15D2C,4
3EAC832BAB92,3
3ECCF531F73A,3
3ECD274709E5,3
3ECE3D9AD865,4
3ED79EE23357,4
3EDECE385E2F,4
3EDEDAB44961,4
3EE4F2B2B160,4
3EE81BEC8978,4
3EFA3EE80C51,4
3F0396A77EE0,5
3F03A55FF4C4,4
3F04C12160E5,4
3F06BE2C68DF,4
3F0A465CBE35,4
3F0E512E243F,3
3F142A739C54,4
3F1C215FB2D9,3
3F1D5295B714,4
3F1E511E2E1E,3
3F249F1FCBBC,4
3F282F13765A,3
3F2E569A486F,4
3F30E7FDE6F1,3
3F36005DC45A,4
3F36104344DB,4
3F443A810D91,3
3F44E430D0AF,4
3F47D1C0FA1C,5
3F4D8262235A,3
3F51F5840A15,4
3F535B618050,4
3F5D082F3DD3,3
3F5DCA4D1330,3
3F65AF00FC67,3
3F6710DB72DF,5
3F6E2E7E7734,4
3F7080BE5E42,4
3F72977E9580,3
3F7A0163C8E7,3
3F876627789B,4
3F8A01E216B1,4
3F8CFCF8DF07,5
3FA34FE01526,3
3FB024B6D050,3
3FB35A81AA24,4
3FBCFA6F3065,3
3FC093EFB96C,5
3FC933A3FB55,3
3FCC183CC09B,5
3FD62131C5BC,4
3FDDD603DDF5,4
3FEA65A1F11E,5
3FEB1129B8D7,3
3FEC98F9D442,4
3FF04D1D12B0,4
3FF0FB7E93BD,3
3FF853798919,4
3FF91197E74D,3
4.10957E+11,3
4.30762E+11,3
4.53465E+11,4
4.96459E+11,4
4.97079E+11,3
400715BAA227,4
40115E5E4653,3
4014F3766E03,4
401940D9830D,3
4023681265EF,3
4032ED0063E4,3
40331978F344,3
40355ED1C675,4
403DC7E71F42,4
404A5E2C5120,4
405A9A2516C4,4
406287CE2DF9,4
406445F43B9B,4
406802BF672B,4
4082B539D6E1,4
4084C729DD4F,3
408959B1EA22,3
40899B186542,4
408A7D3D2EEC,4
40922D5AB806,4
409934FDBFBC,3
409D312BDC8D,4
40AB9AF60E36,4
40B45209C774,3
40C12D359EEB,3
40F436B62E66,3
40F5F0642A89,5
40F9DCD1794D,3
40FB5A8DB596,4
40FEDD6DE160,4
4103156B5B45,4
4118DDEC9E35,4
412227C301CD,4
412B3957025D,5
413384DAACAB,3
413841173F16,4
413AE4A36667,4
413AF04AE970,3
4141D61871DE,3
4155D50399D1,3
415672DB1873,3
415C68EF76E4,3
4169721228D0,4
416A62A2D2C8,4
4176E05183E0,3
417F362A7B19,3
41811B5B8FDB,4
4183BA00BE40,5
41845057A255,4
4184BAF78C22,4
418926C5327A,4
4189BE6EB2BB,3
418A275E8556,3
4193E47EE1D8,3
419C8EFADABA,3
419FDC37495B,3
419FFE0FF11B,2
41A3FC274B69,3
41A45843C231,4
41AB66A59849,4
41ADEA51A15E,4
41AEF2D0D03E,3
41B00C33B8AE,4
41B139DE66D1,4
41B2F4B0B8EB,5
41B8C0A3D56B,4
41B983E1E1EE,3
41BEF59908B1,3
41BFE4156488,3
41C35CC4989B,4
41CAD080DC9D,3
41CC238F5738,4
41CE9804B226,3
41D5D90F8287,5
41E45EFE43AA,5
41E9768ADAF5,4
41EE2492D913,4
41F11AC58B17,3
41F5B84911C4,3
420B1BB01B16,4
420D3018845E,5
4212518DAD4F,5
4216AC2DDEC4,4
4223E5722166,4
4225F6D4303A,5
42289AA391B4,4
4231D38F38CA,3
42323BF2B1F8,4
42346BC90146,3
423EAE044024,3
4248174EB223,4
4248882EDCCC,3
424944E8A883,4
424C7EF762F2,3
4254C990BD0A,4
4259261D1C5E,4
425D3E01C3F4,5
42661B3C5F70,5
426B322D25DA,4
426B7994C26A,3
4272C8064E89,3
4275B4160F85,4
4288F88C8D15,3
428FD33185B5,3
42933710EB6E,4
4295337EFE17,3
42997AC50E1D,4
429F4E63967A,3
42A5941E3924,3
42AD5E1F4167,3
42B977C6E77F,4
42BBC5BB7D71,4
42BC1A7578B2,4
42BDAA30E0DE,4
42BDE6E6B140,3
42C48EAC4B1E,5
42CE598E99CA,5
42D1F54DD184,4
42D5B756CACE,3
42D8CCA3643E,4
42E7F97740A0,3
42ECF767F3AC,4
42ED793FF2CC,3
42F0BEBB42B4,3
4305C62498F0,4
4306DFFBD5CC,4
4312BE04F2B3,3
4316B5E2B308,2
432ACA3E8971,3
432FD5A0C5D2,3
4332C80A5690,4
4336E25D1D6C,4
4340F2CE282E,3
434145A7D215,4
434616FBA2C7,4
434C1F133BA0,4
4353BF70C4A3,3
43596925AF2A,3
435FEA5EA3C7,4
436637E5292F,4
436E25853B7F,3
43725C5F910C,5
437E9376FB71,5
438ABF2E294B,4
438E28BC10DD,3
4390794B2751,3
439605C44328,4
4396826744B9,4
439A6D5B2062,2
43A4DCBC26BB,4
43A549F003C5,3
43A603645B8A,3
43A8EE7F1045,3
43AF502C49E6,4
43B24ED85767,4
43BF2EC06123,3
43C6275B5CC8,3
43D612E69031,4
43DAAB1D4E9F,4
43E43F7BF502,4
43EC1533429B,3
44066F9A0874,4
4409FED98F5A,4
4410B038283F,4
4413099767EB,4
44189559196D,4
4423B65DF221,5
44249693A8E4,4
4427BED9AFFD,3
442CB680039F,3
442CFAE61CC3,3
442DD1515A61,3
443033444A5F,2
443597A6A71D,5
4439A9E6FBDB,4
4449300739D3,4
444932A89C28,4
445909AC0FE5,3
445A7391C15D,5
4465723B5B4D,4
446DFCDAD7F4,4
446FB49C6537,4
4472129F46CF,4
44735791FDA0,3
447790D1438B,4
4477F6E0FC39,4
447812A6FB58,3
44785A012122,3
448F5DC3237F,3
449481205E2D,4
449E99B2C0A0,5
44A286931141,4
44A5406282B8,3
44B06B4A6D7E,4
44B37CB91CF8,4
44B42361188C,4
44B9A0BA45A7,4
44BA6813AA4F,3
44C8DE8F569D,4
44D318388E8C,5
44D7EF3EDDD4,5
44DBEAA8A894,5
44DDD4D88456,4
44E2726DA1B3,4
44E7D4E2BDE4,3
44E91CBF4115,4
44EB991E35AA,4
44EBCF75BE1F,4
44F6DC9C8326,4
45050F5E7A34,4
450F44822D14,2
451321E506A6,4
45150279591B,3
451BE494A2C0,4
451E8369BB76,4
4523DBC6372B,3
453195490AEC,4
453380C5CA9C,4
453564C3F4E3,4
453771E00335,4
453ACA22D3B4,4
453CFCB2BFE8,4
453D762EF267,4
453F56D5BB3E,3
454FA9C8E4C0,3
4557E9E83E8D,4
455F9695FAAF,4
45656F1FF705,3
45699BBC8BB8,3
4575B9D207C5,3
45775C79FA64,5
4579B625E1E8,4
458A9CBC087F,3
458D4C5C5727,4
458DAF10CB17,4
459EDDA36F73,3
459F27598FA9,4
45A5FD941F4A,3
45A85D1AA919,4
45AE96545D1A,4
45AF6741757E,5
45B3000D47C1,3
45B6B3734D1F,5
45B98A4875F3,4
45BF01B7EF4D,3
45CBE29D23E0,5
45D156498F73,4
45D37DC2C553,3
45DBD907A064,4
45DDB26E6EF5,3
45E96E189978,4
45EA1B11A1F7,3
45EF6A4EDB1A,4
45F0D8644892,3
45F6FCBF0CCA,4
46018A418B66,3
4604BEF875BC,4
4605F8B93BFF,3
4614B3AC1408,3
46177223B985,4
46183881BE11,3
4618DCF43061,4
4622343DB96F,3
462769ABDD5B,3
46284DF2F31C,4
4639878D6C17,3
463BD99B611C,5
463FD72544EC,3
4645167FB476,3
464612D779B3,3
46462FB89C84,4
464AF4533985,3
46559F9C74D1,4
46570D1804DD,4
465810444E5F,4
465FAD6FEDC4,3
4660CE6F0FB5,4
466103CE7D5D,4
466766082D8B,3
46677CD5B4C7,3
466945C86DFD,3
466D70AB6CDE,4
46772923BE1C,4
4692ACEC5FF4,3
4698AB6B27C5,4
46A177920976,4
46A196DFB54F,3
46A92C87B030,4
46B92194BDB8,5
46BB96D9BC9B,3
46BCC66EAE6B,4
46BE37782CD7,4
46CA5D7C4910,3
46CBC9429ADB,3
46CFE621048E,5
46D50B899316,4
46D66DD407B1,2
46DC70997CEB,4
46E2CA801FCF,3
46E9F045643C,3
46EA4744DAC5,4
471611351FAB,4
47228B569E22,4
4722B4D2C6E7,5
472760F320CD,4
473019D8E912,4
47355D7141C0,4
4739D03E52FB,4
473FF163E44A,3
47470951BBDB,3
47599B8DE9F9,5
47650F5F247C,3
4766AC689B19,3
47683240F3F5,4
476E421236ED,3
477129D4EF86,4
4776005B77F0,3
4779C9C9093F,4
477A4637E689,4
477B00F899E2,4
477C978F3582,4
4789DE789DB8,5
478A901B5D00,4
478B474A0A00,4
4791C7D8BB6B,4
479346DE1EF6,4
47976C4EE85A,4
479A2864FFFC,4
47AAA199994F,4
47AB06B723A5,5
47B65C7E16F9,4
47B770CB6B51,5
47C88CA583C6,3
47CAD052900E,4
47CB738BB612,4
47CC7361B35B,4
47D025408E0F,3
47D8EACFF91F,4
47E14166B3F0,3
47E1A1500282,4
47E3B3E558E1,3
47E9FD8EF2FB,4
47F31D88DFB5,3
47F7E409D879,4
47F818E17801,4
47FA53DDD7F5,4
47FCD0F878B6,4
4801AC90F66F,2
4810EA26495B,3
4819AB11D62A,3
4819FB3ED5E8,3
481B86F1521E,3
481C7323BF42,5
481D9D54CE86,4
482AA9ABD7D9,3
482E0EF0E93F,4
4834A18D4C76,3
4838F967821D,3
483A53143CF3,4
483B15E6B6DE,3
4844CF56336D,3
484D83483EAF,4
4858280EA8BC,3
485D52DB2024,5
485E595428A2,3
4860A4878ED5,4
486B53D5F8A0,4
486C6568640D,3
4870AB2B3E7D,3
487A91198C6E,5
48837626943D,3
48898FA30C5B,4
4889971AB30F,3
488C23E895EF,4
488C83FBC0D6,4
488DEE769EEF,5
489309043FA2,4
4896AD6DD91E,4
489CCED96F76,5
489D79BE18C6,3
48A79347EF59,4
48B386AA9B32,4
48B50A9C7D0F,3
48B6B42AF44E,5
48B7B61CE51A,4
48B9DA15FD36,5
48BB9C255A67,4
48BC63AF08BB,4
48C7DA094B9A,4
48C98C854FD4,4
48CCDC664931,3
48D545616F87,2
48D580D3379E,4
48D7F6B4B788,4
48FB3005F4DC,4
48FB3180E4EF,4
4907E85DC78A,3
490867E5D019,4
490C111A36D3,3
490C899F285D,4
490CF39F69C9,3
4918D9A545C5,4
492712A4FA4B,5
492ED47AC122,3
49340A641E1E,4
493EF6BC8883,4
4943FDD99039,3
495D976147B4,4
496CB1061EDC,4
497842E73629,4
497BE4933DED,5
497EA11FDF82,3
49817AA0BC99,4
4997306E980D,3
49A315660C2E,4
49ABE8B9E22F,4
49AEA23D2E9A,4
49BB5CDB13FD,4
49C4EA2A4D21,3
49CC6192468C,4
49CF9D20146B,3
49D1E60EB808,3
49D4360E9AF0,3
49D702493C91,5
49DA281C7585,3
49DB71765783,3
49EB1825B99B,4
49EC8E017664,5
49EE99F5B6B4,4
49F0104EFC3C,4
49F54A35F6F3,4
49F6198DE921,3
49F934497799,5
49FF5BB9A6CA,3
4A072A1632BB,3
4A0B12C1D10B,3
4A10B3C41630,3
4A12B5FDB00B,4
4A19828FAE05,5
4A19D1B57BC4,5
4A2693C68175,5
4A28DE0DB485,4
4A292725EE82,4
4A2A4B83E9B1,3
4A38FAE588D9,4
4A3AF3695873,4
4A668371A5A3,4
4A67B7E5549F,3
4A7464AFAB1F,4
4A75A98113A0,3
4A76C861F788,3
4A7F5648AB3F,3
4A81C9528150,4
4A8AC5E138FA,4
4A8AC603C9C5,4
4A9D5AC501BC,4
4AAB59EDE0FD,4
4AB030046F42,4
4AB0CDFFE459,4
4AB461F16BAA,5
4ACB29936C94,4
4AD0CB1D701E,4
4AD3DB40F5D3,4
4AD92CAEF8B0,3
4ADD5B2B4FF8,4
4ADD9D52FC2E,4
4ADE83D804BA,3
4AF4567BBE9F,4
4B045E8DF326,4
4B097196C25B,4
4B0CFB5539BA,3
4B11B66984CF,3
4B154F5DCF68,5
4B18A3D32AA3,3
4B1EF95AF0B5,5
4B201D2C2152,3
4B22D00F9BD7,5
4B25EDB36089,3
4B2A3D04660A,4
4B2EFF31A56A,3
4B36797FA8B2,3
4B3862D5B402,5
4B39C0D759AA,3
4B3F625D1815,4
4B40011977B4,5
4B47096239FB,5
4B4A48BAED30,2
4B55DB8974B1,2
4B57350C7661,4
4B598963BE1E,5
4B5B0839A03D,5
4B64E914C68B,4
4B8DA6C2D322,3
4B9F8C01BFA1,4
4BA7D3CA69FA,4
4BA9296EBE9F,3
4BB688100D15,4
4BC0F772980D,3
4BC4DC58DB30,4
4BC83A053CEA,3
4BCA0580352F,4
4BCF412489DF,4
4BD30FA12457,3
4BD52DB31748,4
4BD9A9FE0FA4,2
4BDCA46AC00E,4
4BE21E5EFBA9,4
4BF07DAD296D,5
4BF47B5D416B,4
4BF6BB594DD0,4
4C0042C0C4C6,5
4C083F3FA3EA,5
4C0F81CD1EF1,3
4C1B863AB0AD,4
4C2D66D7EF01,4
4C3B693C4E52,4
4C3D01DA2767,4
4C3FC32093AB,3
4C40CE78F807,3
4C50D19BC48B,4
4C5EADB2C894,5
4C60445C5681,3
4C60FE6BE07C,4
4C6B05BD5A81,3
4C6BB0618D7E,4
4C8066726324,5
4C877DD810D4,4
4C9494B6DD95,4
4C9D310A1516,4
4CA50E2333F2,4
4CAB27E45729,4
4CAE60F391E8,4
4CB46BC4B97B,3
4CB975113547,3
4CBB994F69F3,5
4CC422B5E710,4
4CC56880FDF0,4
4CD535DDDE26,3
4CDEB518A777,4
4CE0D4553658,4
4CF351AC23BA,3
4CFEE034318F,3
4D01E3613C86,3
4D06D6F02594,4
4D079D8ECC08,3
4D1755B1E482,3
4D1A2D62BDC4,4
4D23A7FA9408,3
4D2A27BF5AB4,4
4D44F84D6821,4
4D4548484E40,4
4D4683449914,3
4D51DD14B0E4,3
4D54AA1341D5,4
4D550F63270C,4
4D55CD8CCF85,4
4D5772D6A709,5
4D60247D96CE,3
4D67D54D6BE3,4
4D6B9CAE9B5C,4
4D7787F1E2CB,3
4DA58F8F319A,5
4DA6DE1267AC,4
4DB01BAEA36B,4
4DB5B49E56D4,5
4DBB73BBC84D,3
4DBCED679910,4
4DC0660FD777,4
4DC710357850,4
4DE033202375,3
4DE2EAF8914F,4
4E078101C9DD,4
4E07EED92E2E,2
4E0B09BFA60D,4
4E163434729E,4
4E1A49DAA439,4
4E2BE70F9551,3
4E30F0777917,3
4E3D602783EB,3
4E48D58E859A,4
4E49BF91D772,4
4E4FAB530872,4
4E5902274F7A,4
4E67F6534ABA,4
4E68CFD1B4D6,4
4E6D9C9F9318,3
4E6E66266A2A,5
4E6F19F29DA9,3
4E70543A2909,4
4E73009CC4AF,5
4E73A80AAEB3,4
4E7557A13281,4
4E7BE43833F1,4
4E8255A83429,4
4E8BA703D87A,4
4E8F8A840479,4
4E928B4EBC53,5
4E947C63E6E9,4
4EA1D91A526E,4
4EA35584BB87,3
4EA86A6799D9,4
4EAB0293267B,3
4EACC56E424C,5
4EBA44D861BE,3
4EBD10D304A9,4
4EC121AB2F3F,4
4EC4DB053AE7,4
4EC4EF410FC7,3
4ED044414560,4
4ED1DD11B208,4
4ED5C9162A01,3
4ED769B5CE44,3
4EDA41528FA4,4
4EDB197A680E,3
4EE1B353819F,4
4EE5BF805EB5,4
4EE5E97529E0,3
4EE7DCB86BB4,3
4EF56F42107E,4
4EFC8F589A83,4
4F072A94FC53,5
4F097E15A450,5
4F0FF47B3CC5,4
4F112B2712E2,4
4F1617F685BD,4
4F225B82A62C,4
4F2438C131F2,4
4F2C6D1D9AF1,4
4F2CC610F271,4
4F2FD00AB17E,3
4F3313E29951,4
4F354E3FCD30,4
4F37F3579D51,4
4F39C001C736,4
4F41DBBF6462,3
4F46B0E32EB7,4
4F4AF32BE55E,3
4F4C3717EEE8,4
4F4EF9C3957B,4
4F53FDABD596,3
4F5A0012432A,4
4F5DCB0DCCD0,3
4F68A8CE6F27,4
4F7A79EFD3AB,4
4F7E14B7D72F,4
4F7F24918F42,3
4F7F5784717B,4
4F829961E964,4
4F83DD9D0130,4
4F8B988580CD,4
4F9AF69E310B,4
4F9E529C1FBD,3
4FA737C9DC2E,3
4FAB69773758,4
4FAC3B29417F,5
4FB1EC92A6CC,4
4FB443E89181,4
4FC6489E8006,4
4FD4CE18CCDF,4
4FE8CD4987B6,3
4FF5D3885FD4,3
4FF7C90E8071,4
4FFE43F4135B,3
5.19879E+11,4
5.29033E+11,4
5.34354E+11,4
5.45506E+11,3
5.46814E+11,4
5.53083E+11,4
5.75256E+11,3
5003A90A759A,3
50062F957F2C,4
5008F4C9D932,3
501548D29BA2,4
50165AB9C6F2,3
5016DBF9E5A8,4
5017EF96E33C,3
5019D1373922,4
50247922908C,4
502A32AFDB6A,4
5032D57FC9F1,4
503552AC24F4,3
5035B5AFCDEA,3
503CF32C50EF,4
503DA2534877,4
50446FC1E14D,4
504CC3493DAF,4
505A24640C8D,4
505BC02CDE23,4
505DBCB27320,4
505E7BE96294,4
50614A110213,4
506BF8E786CE,3
5075F133AA2D,4
507DD961E85E,3
5082B266C097,4
50855373AC95,4
5086805A319F,3
50A20D5E39BD,3
50A729516950,3
50AACA046816,5
50B574FED819,4
50B623B2E5B0,3
50BC2C5D78A9,4
50BCAECC0F0B,4
50BFBC374361,3
50C08AC99E2D,4
50C2BE78BEF7,4
50C6B70DF247,4
50D2E73ED47E,3
50DFF5C46D9C,4
50E303775600,4
50E6B14375AB,4
50E905BAF3AD,3
50F828AEE977,3
511B82DC07D1,4
511D6D3C51FB,3
511D856B4842,4
511ED4952D93,4
513761FDC07A,4
513C8CADC353,4
513F26B1B2FC,4
515244292F97,3
5153133CE3CA,4
515CFDAAA723,4
5163679C254B,4
516557988F8B,3
516AF42ED2C9,5
516C0021B78F,3
516C1A08EF31,4
516ECA74E0D5,4
5171E1D8A82A,4
5173FB3C75A9,5
51862B10529B,3
518A59BA91F4,4
51A54CE0D413,3
51A5A4C583D2,3
51A7C4616A18,3
51B19F4A5042,4
51B21A17D1E7,5
51B65B5ADC4F,4
51B8712EF620,4
51BE91C501F9,4
51CC68B4A5B3,4
51D1B45542A1,4
51D490A60F0F,3
51DB76880081,4
51DD6A82BD9D,2
51DD72AD9EAF,4
51E211998DF0,4
51E4EB3745CB,3
51E6646E0733,4
51EE6BE022BC,3
51EF8C7D4263,3
51EFEB9D8D09,4
52043A84C3BC,3
52052A7BEEE1,3
52119FF73675,3
52145F7349A8,3
52158495C326,5
5218172D792D,4
521D89F262DF,5
52228E95FAC5,4
52233E7A7574,4
5223640D0D11,4
522421AC1CDB,3
52315F217E9A,3
523DC90B340F,4
5245516C1B2F,3
524CC4D3EEA3,4
5256BB4022DE,4
52579F4BBE4E,5
525E3781C41B,4
526CC6ABF8FE,4
52724D83C323,3
5273831FA984,4
52779E469111,4
527B7AAC2310,4
527D2EC10B3C,5
5283BE3A9AA8,4
52A206351DE6,4
52ABB31C93C1,4
52B0537F4B05,4
52B24BAEDC8C,3
52B54A7DBAD5,3
52C5975044F4,4
52D49831B279,5
52DB1B03971F,4
52DC3B7C3952,4
52F01172985F,5
52F4BE946D52,3
52F5C4141DD6,3
52FEF34F4AC7,3
52FF7CE735BE,3
530265997AD1,4
53093659491E,4
530F6C620945,3
532496FD6727,3
533305B42133,3
5341197C5A59,4
534835158D10,5
534A2664E872,4
534B7D65F1BC,3
534F8FD6D72C,4
53531A799B5D,4
5358773AF219,3
5369752CEAB0,3
536F6375C0F1,4
53858BE44997,3
538E02E87EE2,2
538EC7762A0E,4
5397604AE717,4
539B8000A428,3
53A08016E38C,5
53A15ABA8872,3
53A248BAC35D,4
53A5B5898974,3
53A6EF0C462B,4
53A88F5C2B68,4
53A9C12D80B1,3
53AFB23F2879,4
53B076D547AE,4
53B21C3A440F,5
53B5A0C383D7,3
53B68DAFE78B,4
53B9330A8106,4
53C9F177EB03,5
53CC67B72AC4,4
53CD63A1A92E,3
53CF7CA4FF9B,3
53DCD2003C08,4
53DE53537B56,4
53E64E2FB1DE,3
53E982E9957C,3
53EEE7A5B5A1,4
53F1450AF8DF,5
53F969ED1B94,4
53FB958D0310,3
5402D8B83297,3
5403979D49E5,4
5408E5D0F397,4
5412AD81F965,4
54177B4F0399,3
5419620CA869,4
542161D0012C,3
543192A13FBE,4
5435CA799064,4
5441B7ECF4ED,5
5444797664B1,3
54487928DAA3,4
54489E26F9F5,4
544B3D56A4C9,4
544D3AC4F148,4
5459D1AEA59F,4
5461798BA519,4
546B079DDC60,5
5478972243CE,3
547B0846CB1B,3
547B4C347058,4
547D92E1FFA5,4
548A2C7E3124,3
548A58E068EB,4
548EC5B339E3,3
548ED77A3B2E,3
549C74C7A6F8,4
54A7A2CF8D60,3
54AA3CF403CC,5
54AD5B3231DE,4
54B02D438BA3,3
54BB8F3AF22B,4
54C09D108011,4
54C805A7869C,4
54C93D88E8F6,3
54CACD132533,3
54D9B881F9C6,4
54E67CFD7039,5
54EBADB0DE35,4
54ECEEDEB966,4
5503B9964A09,4
5509D9C673A2,3
551135544B29,4
551BB83EEF11,3
551CE8C1C767,4
5526DCFDACF0,4
552E1E612147,5
5534E738B129,3
553A7E9B393C,3
553A7F2CFA9E,3
553DAFEC175D,4
554117C603DC,4
554DAEE7BBCF,3
55575FFF5993,3
55578E1EC4D9,3
555B1B7D2167,4
555BB0D560CA,3
555EC033AAE4,3
5562FD4D4820,3
556CAEBD8954,3
5574E4DD548A,3
557DD5E4BAAD,3
558299F3D69E,3
55904A998741,3
5593451440F8,5
55AA396C81EB,3
55ABBABE4AA6,3
55B0C90197A0,4
55B4C84AC4E3,4
55C612B32725,3
55C6A894F0CD,5
55CA4D9CE7BE,4
55CE4FDD7C6C,4
55D64FBD10D2,4
55F959645CF4,3
55F9635ECFD7,4
56090663E82F,5
56121F282D95,4
561798F1DC3D,4
561F034DEF7C,4
563B63C53B71,4
56489993A8DC,3
564FEF97AC52,4
5658A5617BA5,3
565A4234C56A,4
565C0B89C2C9,4
5662D458F65C,4
5666D5642C98,4
56671797633F,4
5672F9F49336,3
5674A7E93E14,3
56774BA72B7B,4
5686C7042536,3
568E35E8B116,3
568EF23DE225,4
5690C4B1DE7E,5
56934EC946BE,3
569400270AD9,4
56977F9F1BC8,4
56A410AD96CD,4
56A5852FC1D3,3
56AC4BE71C2F,3
56AF012A8C6C,4
56B4E3A8FA68,4
56B858DDB45C,3
56BC370EF7C6,3
56BDBCA6E4C8,3
56C594C8AD61,4
56CE596E4779,5
56D0D649CBB7,3
56D0DEFE8006,4
56D1E00149AF,3
56D7340B7056,4
56D96BC94CD1,4
56DDE8F7EF4B,5
56EAC01DACE4,4
57035905015E,4
570749EC9327,4
570D3C7684D2,4
5716C4DAFC9E,5
571B29B60BDC,4
571BE3159B48,3
571F127C69ED,4
572095E6FD5E,4
572236CAAFCE,4
572258CAB3B0,5
5725491F64E8,3
573CC8D2D71B,4
573D3A222492,3
573E39E45177,3
573FECFBABF1,3
5742BBAD7FAA,4
5757C902C635,4
57729F5DAC81,4
577CEC84D7E1,3
57859DBF4B4D,3
578917C04D28,5
5789A415F29D,4
578F55185BA7,3
5799F532C5CE,4
579C38EE157B,4
57A4BDE06D1B,4
57A68036E7F5,4
57A6B1103088,3
57A892269E96,4
57B23EB24F91,4
57BB48970618,4
57BB9D93F0CA,4
57BD9065E3EC,3
57C5D1B5D26B,3
57CE99683629,4
57CF03A3C5E4,3
57D117F52A26,4
57D5D51D6D7A,4
57D8DC790742,3
57E38AB72398,3
57E588F2AE93,3
57E6F4BD9AE2,3
57E8161AEF27,4
57EB0A572616,4
57ED566E615C,3
57FCE6EFA636,4
580B2818EAD3,4
580D283A8895,4
5818B1EE4923,4
58211510AB4F,3
583148511DEF,3
58358B109222,4
583A264BBC01,4
584318BAA12F,4
5843D4C6EFCC,4
58453EDC66BA,3
5847329FD197,4
584A4BB1E954,3
584F4FBD5836,3
5851531DD4FE,4
58567312BDAB,4
58621C689C7B,3
586269D6471F,4
58647D4AF653,3
58669BF55DF1,5
587B9AD94902,3
58842626BD36,3
5886FEE892A7,4
5893410E4804,3
58A457A5CC45,3
58B24F7BCFEA,4
58B67E59C661,4
58CC6C4321B5,5
58CE20CD7539,3
58D1B2CFF55A,4
58D25D8574F3,4
58DA41AD8D5D,3
58E3C1A0DB31,4
58E432E2DC35,3
58E84BCE4B90,4
58EBDB3621E5,4
58EE193B3F7D,3
58FE015253B7,3
5902D762C891,3
590D3E0A466C,4
590E55688000,3
590F70DF6614,3
591B7E3E2B40,3
591E36982F38,4
592A0A7ED525,3
592C7623E346,4
593E2802E27C,3
59409428D80E,3
5940D91292F8,3
5945ADE75E5E,4
594BA746F1E3,4
595BF7E204FD,4
5967C9CB596A,4
59838705785F,4
5986652F6023,4
5988A483AC88,3
5993D6213F79,3
599620A50158,4
59981B992996,3
59A2F81ECDB5,3
59A565081D48,3
59A5BE420CB6,4
59B8A753F73F,4
59C0B7954201,4
59C968EC9BED,3
59CD6F1E3E98,5
59CD7BE99BD1,3
59DB96D6A677,3
59DC7E507A13,4
59DE92B483E3,3
59DF391EF178,4
59DF6605E8E4,4
59E76F18BFAC,4
59E8C8BE4ACA,4
59EA4BEE9B35,4
5A014068C6F1,4
5A220D6D2F3A,4
5A39C21B332E,5
5A3BABA1AE21,3
5A3EF40C9936,3
5A412BB760A7,4
5A533A7D1C03,3
5A5C03C6F19D,4
5A68798F2808,2
5A6AE4CDEEF1,5
5A7743501C3A,4
5A7EE12D0893,3
5A8078112B57,3
5A87756191DD,4
5A8F4BFCF4F1,3
5A91C6A1224E,3
5A9A9B620C8C,4
5A9C20C851FD,3
5AA56B345704,5
5AA8F2432639,4
5AAE43F07F55,4
5AB3EDABE80F,4
5ABF1468BB07,3
5AC16E188F1B,4
5AC37FFFB62E,3
5AC479FF1B7D,3
5ACA20C17FED,4
5AD3EAC6A195,5
5ADBB426F7FD,3
5ADDA95F6DD0,4
5AE5BAD81018,5
5AEDB0F22B98,4
5AFB5923E1DD,5
5B033D12F24B,4
5B035425DEF3,4
5B0F0AE2457E,4
5B0F0C4C998D,4
5B11DE2C4232,4
5B14D0F18119,3
5B14E2CB36CB,4
5B1796FE9AFB,3
5B222B47AA21,4
5B2822CE075A,4
5B2A66C903D8,3
5B2B04C5E20C,3
5B33DBFCC997,3
5B3B6284CCEC,3
5B4AE145379C,5
5B4F42FD7AB8,3
5B5EC31A45C1,3
5B6020273290,4
5B6CC5060C83,4
5B6F224A710F,3
5B73CB41A1FD,5
5B762EBD64C1,5
5B7839D9261F,4
5B7A026CD3C4,4
5B7E3DF2251F,4
5B7EF88D3947,4
5B89C074E210,3
5B8A26E5511F,4
5B8A8EABE08A,4
5B8D0FA010AA,4
5B8F4494DFEC,2
5B92A6484CCB,4
5B9A78A026ED,3
5B9E1E0553AB,3
5BB2AD58AF12,3
5BB702C07F75,3
5BBD1E5ABCA1,3
5BC187A4FE09,5
5BC582396E5B,4
5BCE3F6D4C83,4
5BD888B4E549,3
5BD8BEC4B87E,4
5BDF483698A5,4
5BE3649A250D,3
5BE6F3FD90DB,4
5BEEB3F5D022,3
5BF438587881,4
5C0A85EEEDDD,4
5C123B44E9B7,4
5C12763A0F7B,5
5C18B01089E2,3
5C2A497012B9,4
5C2C61B71D4B,4
5C2F188C0177,4
5C2F6504DDB7,3
5C3209958B40,3
5C3B7683D560,5
5C3D046EC7CF,3
5C58DF1B1468,4
5C5B17B1E3FA,4
5C5D301481AB,4
5C5EB17E8684,3
5C6687B1AA0B,3
5C680F1815BD,5
5C69455A5553,4
5C73E6F0C191,3
5C742ECB809D,5
5C75F3C6AE71,3
5C7AF7C12082,3
5C7D43A28B7A,4
5C7D64170E32,3
5C843C6BD232,3
5C89C0506A97,3
5C911C2B4F28,4
5C9E35099AEF,4
5C9E6CCEAF57,4
5CA70FA823B1,4
5CA96D4D1F77,3
5CAB30E76547,3
5CB049559D6C,3
5CB2AC659B79,5
5CB615A9027C,4
5CB6D0FC4D80,5
5CBABB7D3A65,3
5CC68A132D2E,4
5CC94F3773B1,4
5CCBFD688D7C,4
5CD698A502C8,3
5CE073B74680,2
5CE0853A33EB,4
5CE0E9A7214D,3
5CE935EFB869,4
5CEA51DD2414,4
5CED5AFA7473,2
5CFD0AB2D231,4
5D021E279D42,4
5D0B341BF482,4
5D20393B5BB9,4
5D24FD22556E,3
5D3A5D985052,4
5D3A82DB2443,3
5D3C4E1B09BB,4
5D438CA4AE18,5
5D44D3B6B7C3,5
5D48FA3291DE,5
5D5F108C0FC9,4
5D67E6FF363D,5
5D74C7B81D0F,4
5D7515123676,4
5D7699670F94,4
5D843D1CD37D,4
5D89C9BCA3B7,3
5D8E6B28C99F,5
5DA8A292351C,4
5DACADC48565,4
5DAE5C8E951C,3
5DAF24E0E18F,3
5DB370AD8EFB,4
5DB4FE5D6A00,4
5DB8391BB037,3
5DB8A4809D87,4
5DC052306F3F,4
5DC140B8BCA4,4
5DC65B4940CF,4
5DC7885F3849,4
5DD0E0AE3472,4
5DD49B415BED,3
5DD5A3F1A234,3
5DF0EDF0D7A5,4
5E021C5964F3,4
5E05A71851AD,4
5E14CA138C09,4
5E178A82D743,3
5E1DC9D62201,4
5E226FB79B69,4
5E26C9276FE3,4
5E320957311B,4
5E33FEEB3EED,3
5E3C351AB579,3
5E411004B068,3
5E460A253EA9,4
5E47B63AEE2A,4
5E5507D2C91E,5
5E5678C3195A,3
5E67059E3067,3
5E6E28DFFAB6,4
5E75902533E2,5
5E77E2114BB2,3
5E8341C10D90,4
5E83F6D46ACA,4
5E88F0EC802B,4
5E8943E437AC,4
5E8B50F6DF84,5
5E9118C7949A,4
5E919DD8B404,4
5E9444EE8F6F,4
5E95EF84B113,3
5E9E3C993595,3
5E9EABBE6805,3
5EA363E66828,3
5EA83BC0530E,5
5EAD3E81CF0E,4
5EB03D5E79DC,4
5EB43212A8DC,4
5EB7A0B134B4,3
5EB99924C996,4
5EB9ECE0BE68,4
5EBCAA54A599,4
5EBDFA356030,3
5EC2696BAD78,4
5EC6E75028EF,4
5EC799B04F58,2
5ECB2C9552EF,3
5ECBD433868E,4
5ECD00F7DBAF,5
5ED9F80F1134,4
5EE37CF33717,3
5EE526AB840B,4
5EE8CB200D9B,4
5EE96783493A,3
5EF21F142C51,4
5EF660E481FF,3
5EF7607660F0,4
5EF9672456E6,5
5EFC63975196,4
5EFE548412A3,4
5F02CAE49707,3
5F0EFFD4CAF7,4
5F1314EFC0BF,4
5F1A624338DD,5
5F1ED0796466,5
5F26913D0F6A,4
5F27253980BB,4
5F3D6FB9F6A0,3
5F498065B47B,4
5F4997E3A45D,4
5F4E561AB62A,3
5F522FE6B030,3
5F584C7A7B66,4
5F63B317E634,4
5F6F7DA0B342,4
5F7773622C17,4
5F897635CDDE,4
5F8C39B2B552,4
5F97B60F370E,3
5F99013AD518,4
5F998012DDCD,4
5FA725C41F36,4
5FA8C1D30129,5
5FAB26EAECD2,4
5FB0797A7BFC,4
5FB3B837BB81,3
5FB8B334138D,4
5FBE6E6D86F9,4
5FCF56BDB113,4
5FCFD7CBEFFD,4
5FD6686E9FE8,4
5FD82A1B4A55,4
5FDFA90D3EDA,3
5FE1CC117D50,3
5FE5DA09149F,3
5FF174EA44A8,4
5FF1D599D746,2
6.15327E+11,4
6.36755E+11,3
6.60366E+11,4
6.77663E+11,3
6.91309E+11,4
6005B14C294E,4
6006F1328003,3
60090FD45183,3
600959D8A343,4
600D15606C01,4
601599CA6F3F,3
602BF2AD3B3B,3
603959BC623B,5
603C2AE099F4,3
603D3019DCC5,4
603D38C864DD,3
603DE0BD3A92,3
6043BA11ED60,4
604BECEA8FBE,3
604E0A104A97,4
604F56303E46,4
605DDF3EA948,3
6060D28C05B6,2
606260AC76E2,4
606699C7A754,3
606B03D848FB,4
606C4015BD6B,3
606C73F97E17,4
60772C514A37,4
607AB7FA0E57,3
6081F7294031,4
60848B9FED16,4
6086E26A9B8B,4
6089950C03C3,3
608A0F691705,4
608B8AF21000,4
608E2E406B74,3
60AEEA05E1A9,3
60B64507D3BD,4
60B8793E4EC5,4
60B9CA06540D,4
60C183CFA58F,5
60C439A28A94,5
60C9C0AC9F48,2
60D5DEB40F45,4
60D68C264688,3
60E686BA1E09,3
60E98C89CF04,4
60F9BE7AF29C,4
60FFF26260C1,5
61055119521E,5
610C4705559E,5
611087AD50CD,4
61112AD2A25E,3
6115AB81F5D6,3
6116446CF0BC,3
6120612BAC0D,3
61294B5B8ADB,4
61343B6C7E0B,4
61398AE8B2EE,4
613F12D063F5,3
6149F0876D30,4
614FF07AA1FC,4
615CFA3ABB2B,3
6166AF313473,4
616B65B19BB2,4
616F112B59F4,3
61722DC84881,3
617350A70F78,4
6173BAAAA7FD,5
617F2F7BF090,4
6180C9A37B2B,4
6183574CA5FC,4
618C71C6B2BE,3
618DF148C39F,4
618F39ACC1CE,4
619180B69DBE,4
61940F7893FF,3
619D4176B04A,5
619F7C42139E,3
619FCB9DAC94,4
61A0FEA827E4,4
61B15EC2F7B6,5
61B3D40AA856,5
61D13513C992,3
61D5DB6C54F7,4
61D89583005B,4
61E87D530E50,3
61EA611AD31A,4
61EDBF8CEC7D,3
61F3B1F549CD,5
6200EAC0CBBF,4
62049767E58C,4
6204A1726C16,4
6208F1920B19,3
620D3774F474,3
620DE3FDAA4F,3
6225570285BC,4
62274F02BC50,3
624586746EB4,4
624A092E7C32,4
624A50DFE702,4
6257C846D070,3
625B5EA39197,4
625EB4BAA19B,4
62654020C48D,3
6269893C45DC,3
626AE66A4F00,3
626D81DA387E,5
627AD4369D37,3
628019536B7A,3
628101B81007,4
62884F478162,4
628AD453CFD8,4
628D02AAB498,4
62903189839,4
6292FA7E5BD1,3
629862A6AB15,3
62A5873FD2BC,5
62A99B6D846E,4
62AA2FDC41C6,3
62AFBD98AFA9,4
62B435DCB587,5
62BE2CD4427F,3
62C57C524CD2,3
62CA32AA1C52,3
62CFC135C5C0,4
62D3895B702E,4
62D65CAACC4A,4
62D796BB3724,4
62D832A8630C,4
62DCC3EF0507,5
62E08644BD3B,4
62E0E0159843,3
62E441E58EC2,4
62E87716DFDB,3
62EA05528EFF,4
62EA3F855DB2,3
62F9D6559F14,3
62FC97D29846,5
62FD49CAE1AE,4
6314A8C1D128,4
631F9CBDFD7A,4
6321CFDD093A,4
632998A6072F,3
63382FEE34A7,4
633E15276E05,4
634150E86FAE,4
6341B5F6D0D5,3
6348F3FAB2F4,4
63496B24B9BD,5
63529F7E789A,4
635484AE3669,3
635BE73842BB,4
635C6FD4CD45,3
636811ED1516,4
636E30C86B69,4
63714646F1F4,4
637673A6DF01,3
637F17D96F48,4
638546C1C924,5
63901FEE7589,4
639AB094CEB1,2
63A908894771,4
63AE2EE9B28A,4
63AFEF7824B1,4
63B4820B55F7,4
63BC0E332F24,4
63C087C70C54,5
63C74FF7DB27,3
63C762CF1FB6,3
63E9529594F9,4
63EE52366E69,4
63F2D35452AC,3
63F533DA2C4E,4
63FA4F48E6F9,3
63FBD807F6A3,3
63FEC53AF437,3
6401CA1C645F,4
6402C64B1444,4
64077B385B48,4
640899CC6EC5,5
640A7B8CBD72,5
640AAB71319F,4
6415C4D644EE,3
64246ED6F213,4
64251865C84E,3
642D1C60A615,3
643133AE3E5F,4
64319E500339,4
644ABEAF2199,4
6458DE216471,4
646500FB5CD3,4
646DBA929C37,4
647A9F4B13E2,3
649807ACDD9F,3
64A4EBA4CC37,5
64B986E7853C,4
64BD20F9CCC8,4
64C09A835374,4
64C6CB509C0C,3
64C934615733,3
64D9D150E43D,3
64DF7B801614,4
64E208B0CC5E,3
64E91043AF2C,4
64EB5FFF3DB9,3
64EB91C84A32,4
64F4EEE18DAF,5
64FDE4FDCDDB,3
6504F77A1674,4
650FFD51AD15,3
65183AEA7FC2,4
651CE6F22A06,3
65231CB357DF,3
65286FBCAD2D,3
652D6561FE8B,3
65353E231139,3
654204F23B4C,4
65447D9FE11E,4
654CA2DA610B,4
655A3B3F19E1,3
6565F5930D6E,3
65688F5C5F82,3
6575CFE1F211,4
6576358C3754,3
6578E97B8E0E,4
65799645548A,3
658428760D94,5
65871B0D00E9,3
6587820089F3,4
6589766A4C78,4
658D9641A1C6,3
659143BDC3B2,4
65980B1BCBAD,4
65991D1DA389,3
65994ACB31EF,3
659A00D789F0,4
65A3291CB6FA,3
65A67EDDDB58,4
65AA1348FD1A,5
65AACA4E3F2E,4
65AEB26E0525,4
65AFC6455E89,3
65B90292739C,3
65D6233D8448,3
65D771A9D1FD,5
65D860D68148,4
65D8D9AA5947,4
65D97AB33D46,3
65DD39531321,4
65E3280D899A,3
65EADED456D1,4
65F4647C00D4,4
65F51DF3A870,5
65F8264950AD,3
66031F0D0329,5
661426A2C8DE,4
6614342DF86D,4
661B7E9A641F,4
6620CDFFF042,3
6621856784A9,3
66288718AF60,3
6629A229A900,5
6629CFE36B2C,4
662BC175152E,4
662E20DE95C8,3
66306888222D,4
663149D85F9C,3
663222D95A56,3
663555E90485,3
663ECF6AF702,3
66418ED2289D,3
6641EA903719,3
66435002F527,4
6645078FF1DD,3
6646414809D0,4
664DC178A65E,3
66500F49DA0A,4
665A2D50F034,3
6661064715FA,3
6661EAEC9023,3
667499205A97,4
6681FEF3AA13,4
6685C02108BA,4
669954011A4C,4
6699DEA066F3,5
669A595FD66F,4
66A42012C206,4
66AA8E8F6789,4
66AD7F03F068,3
66B4C5358537,4
66BFF6F846DA,3
66C8EFF0BD08,3
66C96029DE3B,3
66CDB0D96058,3
66D29FC8F9AD,4
66D810E0A3D1,3
66D9C293DB80,4
66E71B6C50F5,4
66EAC5C59580,4
66EEDB0C0494,4
66F4DE5B55E1,4
66F7AD6B99E2,3
6703193EBE49,4
67115999420C,3
6726B4680CA6,4
672CD0AEEA90,3
672D0F5241A4,5
6743F5B9985B,3
6745076C4F5E,3
674CA6631291,4
675D63C3D265,3
6761F7EC5A94,4
676201F75AB8,4
67631924513E,4
6770A2F02671,3
6776B92E4513,4
67787C34A08F,4
677CF91FDC97,3
6783CF0808E5,5
678504F90802,5
6787D1982CEE,3
6789C92FBD8F,4
678F9DC7579A,5
67907FCA021A,3
6796C7366713,3
67984D18D30D,4
679DC940206E,3
67A24E5541AF,5
67A7E2367263,3
67BBF262FE34,4
67C79BC87A66,4
67C8EC23C79F,4
67D14DACC392,5
67D40BFD6844,4
67D58F9FA53C,3
67DCF9B166A5,3
67E34C1004D4,3
67E48B0CB147,4
67E5376117EF,4
67EA44FE037E,4
67F5281DAE5F,3
67F6F36C0B66,3
67FFAD7BD23C,4
6805FE96E548,4
6806B74BD8E3,4
680BAC6A82BD,4
681279579E8A,3
681B9CD21B07,3
684652D976EB,5
68486609C73E,4
684D9F76006C,4
684DE5B645D8,5
684F637DD1E8,4
6867D67B3444,5
68685615FE0C,4
686901D47360,5
686A0D833422,3
686A4F5FDD23,4
6872BC56971B,4
68822E9EEE00,4
688629E5EF45,4
688EE5891D8C,3
68989269D0E2,3
68998828307D,4
689A9ACF5486,4
68B10E50F695,3
68B1B9C3EA1D,3
68BC89FB3051,3
68BF11B32272,5
68C18C22E48B,4
68C31A543A83,4
68C5CA5BF14B,5
68D384EBB6FB,4
68D68DA97502,4
68E2E5922B31,3
68E7029BE2C0,4
68E95519CBCA,4
68EA100E4CB1,5
68F5B0E051A5,3
690713606EEF,3
690D4166C20C,4
690D9455E629,4
6910A7FECEEA,4
69135A9AD20F,3
69144038DA0E,4
6915333490BD,4
691CEE65C243,4
69241D10E69A,4
692AE96B2A25,4
69327DD44191,3
6937959572F0,4
693B87BAB53F,4
693D502DB723,3
6948779DA63C,4
69545D179252,4
6955B59F6BDC,4
6956113E95B7,4
6957C415FEF9,5
6961829A2E92,4
696261D4BE63,3
6971E147ECDF,4
6974F39BF193,3
697A11B8C862,4
6980434BF3A3,5
6986FE5E3D95,3
698B957C1FAD,4
698C98E57B3D,3
698E89BCF1FD,4
6991D6795EA7,4
699259F14D89,3
699EBFBA9770,3
69A0715FA8A5,5
69A1A0E6B176,4
69BBFF7B8842,4
69BF0FC870C0,4
69C237AC88FF,3
69C6F32846E9,5
69C9C47F8E8A,5
69D18D73D53A,4
69DE06E31D1D,4
69E159567D65,5
69E3314D361E,4
69E49978A8AE,4
69E64FA788BC,3
69E7D8C23897,4
69EE2FC28DD0,3
69F34C1CBE67,3
69F4D7B711FE,4
6A11804E60B6,4
6A14B4BFBFFA,4
6A27243CF725,3
6A273D6F0816,5
6A2AAAC00995,4
6A2DD90BCD04,4
6A36FD955AB7,5
6A3B0EFBDA4A,3
6A416896C5DE,3
6A437891CA7F,4
6A47B80F3283,3
6A62A748E4F0,4
6A62CD23AF8B,4
6A67C3F51562,4
6A78A7225C3F,3
6A78F638EF3D,4
6A7B9BAD96D1,4
6A916423AA6A,4
6A93EFD01EB1,4
6A9615F317EF,4
6A977849DE08,4
6A988A538ED8,4
6A9E327A5D72,4
6AA3A9F9519E,4
6AA91C1058ED,3
6AB3E21421F5,5
6AB7A38DBD70,3
6ABC44A06B02,3
6AC162B7BF45,4
6AC63FF66486,3
6ACDC003F40F,4
6ACEE4C0B638,3
6ACFB267B042,3
6AD64F9A9437,4
6ADE59423D69,3
6AE1BDB955C3,4
6AEC3D4895A7,4
6AEE71815EF0,4
6B030715E953,4
6B06546E87F1,5
6B23A1A47D4A,4
6B292C385744,4
6B32D01DB822,4
6B32EC069C00,3
6B34BD2CA144,3
6B36E17606DE,4
6B38FB57A1D3,3
6B3AF4AD81EA,3
6B3C020565C4,3
6B3C70C249F0,4
6B4CAB939463,3
6B4CE12D92B5,4
6B54832BDB7F,4
6B56C630FFC5,3
6B5809C83978,4
6B5D04317738,3
6B5FA24D86FC,4
6B7FFEA03FE5,4
6B850987631D,3
6B864230D83E,4
6B933220124E,4
6B9658ADB143,5
6B9A69F6E448,3
6B9F6BDE002B,5
6BB78B64A509,3
6BC2B4F5FC00,4
6BC591C09F92,4
6BC6FFB7D1C7,4
6BC7BF3A5D56,3
6BCD21E497A5,4
6BD335C22E05,4
6BDD35D47FCB,3
6BDFC792D2D4,4
6BE489CADC95,3
6BE99331A705,4
6BE9E2687BD6,4
6BEDE1C49244,3
6BF660314A53,4
6BFCF08938D8,4
6BFD37C9B6E6,4
6BFE57AA416B,4
6C014506F9A2,3
6C0442426DD3,4
6C13B2E8B2E7,5
6C151643C67E,3
6C1C86ECD6BC,3
6C25E5BA529E,4
6C2B5C74A377,5
6C30C0076FAD,6
6C3A46E13181,4
6C44DE90E3B3,4
6C47182F230C,4
6C4D40695123,5
6C4DB05BBBF2,4
6C4E27499B8F,4
6C523894E825,4
6C54BA5C90F9,3
6C58D645112B,4
6C59EAA45BC1,4
6C5E715175F9,3
6C663E086B0E,4
6C6F9213C5C4,4
6C7C9840311F,3
6C7F33FA9820,3
6C81C1F21203,4
6C842D6D66A0,4
6C952F781B57,4
6C991A1A6C39,2
6C9EE085A021,3
6C9F4BAEE6E4,4
6CA8D48652D3,3
6CAE55B3180D,4
6CC532978E81,4
6CDA4CFF1F30,4
6CE4C9D54C9C,4
6CEC273AC859,4
6CF1C36F4F23,4
6CF7172119EB,5
6D027100AAF3,4
6D045785B48D,4
6D091EC2A64B,4
6D0960F54CC0,4
6D0DFC557E3B,5
6D119B5A576C,4
6D189F6CF34C,4
6D1F2EB7A389,5
6D1FB567121E,5
6D21E6095A62,4
6D2D945B925E,3
6D39215A55E1,4
6D3CEEF29C44,4
6D3D5F619A29,3
6D42E21D4A28,5
6D43A188D1DD,3
6D45BE9D4539,3
6D4DCE0C2EF6,4
6D50C3075ED7,3
6D5342D9F89C,3
6D552C38EBCB,5
6D5BAFCA5CF7,3
6D5EAA79FB50,5
6D6B05E5478D,4
6D776557E2D5,4
6D7A4D514692,4
6D7B020952E0,4
6D7CB0579AEE,4
6D7FF613393A,4
6D8814C66BB4,4
6D8D977452A1,4
6D9E65B7A322,4
6DA050124183,5
6DADC0DF0C87,5
6DBF918B3AEA,3
6DC268B2F2F3,3
6DC4BC2A440B,4
6DC53CAA1B35,2
6DC91973041A,4
6DD72D0584FA,4
6DDE240B08E9,3
6DE083E38A0F,5
6DEFC88D4E0B,3
6DF4B6E56381,3
6DF747F4A277,4
6DFB980B835D,4
6DFD772CFC64,3
6DFF43AD5171,3
6E050DCAB4E6,4
6E2EA3B14180,4
6E3023F09394,3
6E30CA06DF13,4
6E3219126915,4
6E343BA0B521,4
6E3731F3AF2F,5
6E500B8B5DD9,3
6E596D038721,4
6E59CC205803,5
6E5F280580C4,3
6E60D098D3AA,4
6E67381CC535,3
6E6B1C6D559E,3
6E6BCEE073C6,4
6E6D32164A61,4
6E79DD8F293C,4
6E7B5C8939F7,3
6E80360E58BF,3
6E8B43214951,3
6E8D4C59132C,4
6E8DD4A49F00,4
6E940FF8CC10,4
6EA927368020,3
6ECEC81235E5,5
6ED00F0E1BFE,4
6ED2F18504B1,3
6EE64CBD47FA,4
6EE7AC39A32E,4
6EEC89E5A1A4,4
6EEFC81B16F0,5
6EF90C13B4D7,3
6EF942E79112,3
6F271187D67D,4
6F29660C48D9,4
6F297FC794D9,4
6F29B2264805,4
6F30A0A740AA,3
6F3F3F42FA43,4
6F40445FBA3D,4
6F4951FB29A2,4
6F4CAC98A2D6,3
6F563DEA1D26,4
6F5652DC6E6A,3
6F72C00FFB71,3
6F7CCB64354C,3
6F8081D34E75,4
6F83F249780F,5
6F868B506EB5,2
6F8B90DCF4C5,4
6F9101D079EC,4
6F9173D54DD8,5
6F949796E593,3
6FA1253A087F,4
6FA1977F85C4,4
6FA5454B11D4,4
6FA5D944A279,4
6FAB328F1CF5,5
6FAC69D9A362,4
6FC0142F5E73,3
6FC04D8BDEDE,4
6FC1CB4C0CCF,3
6FC359E7AFD1,4
6FC7030E1395,4
6FC90DA103BA,4
6FD9C7865B56,4
6FDD48A7F9F2,5
6FDDCDDBB509,3
6FDF8A3FE345,4
6FE142AE1BD0,3
6FE36C7E17F1,3
6FE4847F2900,4
6FECBAE9AEDE,4
6FEEBA3EFAE2,4
6FEEF90FD706,4
6FF1769D744A,4
6FF213F44F92,4
6FF3C3A95428,3
7.09821E+11,4
7.4434E+11,4
7.75465E+11,3
7001C733FC64,3
7001F9909BB4,3
7003B12B37B9,3
70041E13A0CC,4
700B6C4E7835,3
700CBE8C8353,4
7014840DF363,4
70269A5240FC,4
702A25E4B218,3
703ED1AC72C4,4
70419DDBEA1F,3
705C7BF3BCF0,5
70613B5BD0B1,3
7062EA2055CB,3
706681C5C2A5,5
708169BA6515,4
708226E85CD6,4
7082A75CC03B,4
709156BCF733,3
70995EB4F599,4
709BFAD9491B,3
709EF21B80F2,4
70A1591F0B20,4
70A25239A8B7,4
70A778488D3F,4
70AA813BB5BF,5
70AB057C7BEA,4
70B291155F0E,4
70BA862F3917,3
70BCA4514358,3
70CD4162725C,4
70D2F22E29D4,4
70D5347F02B0,3
70D7DD568DA6,3
70ED039EAD61,4
70F865624B85,5
70FA14CF404C,4
70FC597EF571,3
71041E811684,4
710819DE9003,4
710928FFC6BC,5
7109E73A180D,5
7117C54BA9D6,5
711C732ABF1F,4
71259B3EA87F,4
7127D8A7CDF5,3
712A5A89778D,5
712C7781C2D9,4
71300EBD502E,3
7138D9E3CC76,3
713B362568B4,4
71466A710ABD,3
7146D46AA496,4
714A13797698,4
714C2CC7885E,4
7157D835228A,4
715ECA916439,4
71621D2D3D49,5
71681FC0F7CF,4
71703F0C0ABD,4
7172C3C82401,3
7181D43663A6,5
7185FB63F21B,4
718D30F59A16,4
718F49EDE5EC,1
7192C44AF0A2,4
71971D412CEC,3
71A690B6C0D6,3
71A7F1FF6BA8,4
71A85D2651C3,4
71B477D6D77E,3
71B7928491A2,3
71BA75E9C429,3
71C866E275D9,5
71CEE0DC98A3,4
71D3F6E61C14,3
71DAC3C0B6CA,3
71DCB7BFA985,4
71DFDFAB8621,5
71E504E02C7F,4
71F8BAE50541,3
71FD7C072BF5,3
7203112033A1,4
7209E2E0A3E4,3
720C8D48B840,4
7214C472823B,3
72173F3A0279,3
721AA6791441,4
7221D7BD4111,3
722412C20BB7,3
72279B65EB03,4
7227B698E693,4
722AB94D10BD,3
723AE830442A,3
723E742AD81A,4
723FE730E8C6,4
7244EE88EFA3,4
7245B7DB7729,3
726191FFAA4A,4
726A55CB1411,4
726E0D51E937,3
72765D1D4721,3
7277DA6BE697,5
727C769BB973,3
727F83C82B08,4
728BCEE2399D,3
728C8B788C4C,4
7292C0A357FA,3
7294BD879F8B,4
72964A81A10C,4
72B22E89D0EE,4
72B5654D61BD,4
72B6ABEFDE0E,4
72B9ED71EAE0,4
72C11495DA32,3
72C2648F9AA4,4
72D8B5600A8F,3
72DAB70BC479,3
72DF448D608C,4
72DF5D84477A,4
72DFE98B5939,3
72EEE627E450,4
7301B174090E,4
73038C17880E,3
7309980B7A6F,4
7309B62216DC,3
730A18816DB0,4
731D759856F0,4
733DB414740E,3
73485E8654B2,4
734ED39AAFBF,4
7350C5796E16,3
735346F7F34E,3
7357BEF32128,4
7359BD785A25,5
735BB8DF6EF6,2
73656858947C,4
73800CBD3F1A,4
73851AC4551C,3
738752DF2122,4
73886FC7FAA1,4
7389808551A6,4
738A2AE1D797,4
738CDF34130F,4
738DC00343DA,4
73A7CE028611,4
73B7AA4CFB1C,4
73B8CA4B266A,4
73C0EEBEA4EC,4
73C9ACF023C7,4
73CDE1582FCB,4
73D03C57B29E,5
73D12C005B3D,3
73D2B941F40F,3
73D52BB6390A,5
73D69658CF95,3
73D6F19E24BD,2
73DE5AB824F0,4
73E0F93F113B,4
73E2C823411B,4
73E8763E5F73,3
73F61C6675AB,3
73F69FA2E0E3,5
73FB23F4670B,4
73FCB4BF3C14,4
7417FAAAD521,3
741CBE3E43C4,3
7424FCCFC984,5
7429789954ED,4
743722F19788,4
743B458B5D2B,5
743D207540B1,4
7443D525E32D,4
7448145C4A5F,4
74495878DAA3,4
744F36739D39,3
7450531F9573,4
7456CE5BB6E2,4
745C60ED8D8D,5
745F880CEFA7,4
7476076AF500,4
747C27055C44,5
7480BDC7C131,3
74823E250780,4
7483C23F8C17,3
7489B153118D,4
748AF6AED4DB,5
749E1B13022A,4
74A11372794B,4
74A1DF7F9403,4
74A95DB15E93,3
74B57E07F63D,3
74B605E72740,5
74C3DBFE6AD1,4
74C44149CA38,5
74C6A9458BFD,4
74CC1D0FE728,4
74CD1613DE1F,4
74CE2F003968,3
74D3781011D8,3
74DAEA65F420,4
74DFB0255FF0,4
74E66DFB5113,4
74F07823BCB9,5
74FF3575E386,3
7503F2114244,4
750AFA674F45,3
751B4C3EA663,3
7526E274A25D,3
75344DED4A43,4
75361406733C,3
753E320B186B,2
7549ED1EDDC9,4
755E2E08FF37,4
75663A9B7490,3
7570F7DF9C98,3
75727BE9749A,4
757C4090BE0E,5
757E9E1595A7,3
7581E5970FE9,4
75843AB21505,4
758703E5BF73,4
758A03587A0E,4
759A5313BDC4,3
759AFC5BD52A,4
759C3FAFA8BF,4
759D8643FC0D,3
75A635A498F4,3
75B4C84E8AC3,4
75B66CAFC3EE,3
75BD2CB94662,3
75C2D5CE58D0,3
75C36F8EC421,3
75C4CC1ABECF,4
75CF1D729EB9,3
75D006293D7F,5
75D2D889464D,4
75DD7D356424,4
75E1AD078830,3
75EB10B417F0,5
75F1E9E4E399,4
75F35B39F4AA,3
75F4DD868EF3,4
75F898F291C7,4
75FADC33519F,3
7600F1C7D884,4
76056531D3D9,5
7623CC7BC75F,3
7631F8FACAED,3
763585B6169F,4
7638EA873CAB,5
763AE37F4BD7,4
763EF698F56B,3
7644C10D8A51,4
764BF089CE9C,5
764CF7C9DF70,5
764E1524D325,4
765A364BDA2E,4
765FE8D30F1A,4
7663EA3B91A3,4
7664117EC6DD,4
76652F60F5D1,4
7672B22A2D8F,4
7675891A9A05,4
767920BDAD93,4
767A8DA91E69,4
7684EDBD6DB7,3
768885A4B61A,4
768D792790F5,5
76932FF6893C,4
7693B8DBE1C0,4
76ABA4C1D852,4
76B1E5A86F75,5
76BF3852B313,4
76BF6BED1A08,4
76C0FD26B20A,3
76CC5A1E920E,4
76CDE9069DBE,4
76D127736D17,4
76D459CE0410,4
76D57BCC7A10,3
76D6A168140D,5
76D946F75D6A,4
76DC969AB5A0,4
76F4A2CFF66B,3
76F9A875942B,3
77049F94BE17,5
7708DEC10E5B,4
770B9AC48B2E,4
77137A574A95,5
771698A8CE95,3
771C8CAD2E80,4
77230760B85F,3
7727F4D58387,4
77289E5A15FD,3
773348315C73,4
77351280D0B0,5
773ED9A4F7C0,4
774AC0E422C9,4
7753F679B922,3
775D4F2FEACE,3
7767F0989650,3
776FBF88E6FF,3
7770B90F2FEF,4
77788AFCC014,3
777E8CA790B3,5
7780043938EE,4
7782DC357595,4
7785695E4128,3
778D4138218D,4
7794085FE26D,4
77947A3CBF0F,3
779EADA2AEF5,3
77A579CB2F86,4
77A9AECC5F0D,4
77AD6EF55B2C,5
77AEF426D6C8,4
77B1A113941A,4
77B24A0D87C0,4
77B490FA901B,5
77B7E6ED8594,4
77BA08AAE108,3
77BC5E98CEC6,3
77BD30EC277D,4
77C4B9C80BCF,3
77C6991E5BEB,4
77C7BF4D07D2,3
77CD03AA7E0F,4
77D0D2C9ED91,4
77D210B9EC7E,3
77D40CC92F62,4
77D77EE99B3E,3
77E95471DE20,3
77EC35543BBE,4
780B8C757C48,5
7811A36C87ED,2
781AEBFF3786,3
781CBCA4C8BD,3
781EB1109B99,3
7820048B53C8,3
7828F43230C2,4
782EF1136565,4
78312744722D,4
7832EF6A2D70,3
7834D569421C,4
783A5BC572A9,3
783BF2A32C8E,3
783CDF5EA9E4,2
783F20C124A4,3
784C7AB308C6,3
78573079654D,3
78611275D9A2,5
7863164BA896,5
786CC75D9EEE,4
7870822546A4,3
787BA22FD1CF,3
7880E9702E1B,3
788E89F6806C,4
789FBEBEAA5A,5
78A6A188B132,3
78A7721BE775,4
78ACA86DE2DE,3
78AF7BDB9CE8,4
78B3A1ADC89B,4
78B951722074,5
78D1409FFDC7,4
78D5951B96C5,3
78E39B7962F1,4
78E9B6AC7532,3
78EE1B17A02D,5
78EE5E5D9395,4
78EEA7477151,4
78F04BE79449,3
78FA6A4C45F1,5
78FFA7DA37CA,5
7903205CD088,3
7907EE44F9B2,3
7910EA24344A,4
79125DE3F351,4
791E0902EAD5,3
79329585D105,4
7932EB16DD1A,5
793379D7FAE6,4
793517BB1BB3,4
793D97BCA3C4,4
7942D6E87A7B,4
794A0704B01C,5
79516FC7C54E,4
795558799D7A,3
79662DEC0A1B,3
7968DF6D2AD5,4
7970C0236A1F,3
79745179D7CE,3
79750A580EEA,5
7976C6FB117C,4
797AC1502EF2,4
797C07E1F6DB,4
79828CEB9FBB,4
79848F24BB9F,4
7987F926DA46,4
79887DA7C1B1,4
79890532CA7D,3
798A81F6D572,4
798D1DA1BE28,3
799138EA965E,4
7999CE056DE6,4
79A15CB80B4F,4
79AA889C2340,3
79B04B83078E,3
79B8EB97260A,3
79BF06DEF9AA,4
79CB3AFC6ABF,3
79CDD9460FB4,5
79CDFD13AE8D,5
79CF90622262,4
79D634E4575F,4
79DD90A5672B,4
79DD950E0FE3,4
79F15B520AB4,3
79F1EBED5921,4
79FB988CC40F,4
79FF99DF37EA,3
7A0493F083E6,3
7A07A59E5C5B,3
7A084B63F473,3
7A08512D4114,3
7A0D5E468AB3,5
7A0F3C54115A,3
7A0F4648B341,4
7A12DA743677,4
7A3E4D5F7F6D,4
7A425A58F136,5
7A532625FFDC,3
7A56F29D9707,4
7A5926192F3C,4
7A5D38D49C13,4
7A5DBFF57812,4
7A6334828D03,5
7A75826F5403,3
7A788F9A3894,4
7A7A3BA067F9,3
7A83EB6D2278,4
7A8637086DFA,4
7A96B668850C,3
7A9B42FE8719,4
7AA14225FB01,4
7AA48CB7269C,3
7AA7EC751B9D,4
7AB4115D825A,4
7AB5014A07DD,3
7AB88F053E8F,4
7ABE298D9C05,4
7ABE9F1D3F99,3
7AC3F8284F40,4
7ACD45D12DD3,4
7AD4CB4029C0,3
7AE4C8D9B286,4
7AE9C2E0846E,3
7AEBFE7B59D1,4
7AEC26540C49,4
7AF7BFC4BF8D,4
7AFEC882B9F5,4
7B078F57DA7D,4
7B0BDBE64C05,3
7B0D23FCA29B,4
7B12C9A10547,5
7B175B939A72,3
7B1A0CEA348A,3
7B279795EF91,4
7B2CB7ECC0B5,4
7B30DEB3D1F3,3
7B32DC6B83F6,3
7B3C62105341,3
7B3F3A80030B,3
7B4DD08B4A67,4
7B4FAE7A57C1,4
7B52C05A4BDB,3
7B57528DA2B1,4
7B5D27D241EA,3
7B5F5B33B566,3
7B6440A3F279,3
7B64BC831CD9,3
7B6F4F1F08FE,3
7B6F9C7801B2,5
7B751C9BE162,4
7B77B6E76249,4
7B828DD19BF2,4
7B864858BC20,5
7B869330F14A,4
7B8984E700BD,5
7B8DBB84E77E,4
7B8EC9B78501,4
7B8F7C1825BA,4
7B917D36C604,4
7BA662FCD635,3
7BAAA1C96089,3
7BAB116B663D,3
7BB00D6357FC,4
7BB954F6C5EF,4
7BBCDFAA20C3,4
7BBDEA554F80,4
7BC6842C3297,4
7BC73C8FBDBC,3
7BCA4D717649,4
7BCDFDF03FBC,3
7BCFD0C9880F,4
7BDCBAD204BB,2
7BDDEB63EE13,4
7BE42605E717,4
7BE6E9F93FE2,4
7BE7CE9DA4E9,4
7BEBFFA40896,3
7BEC28964B8F,4
7BF0B4AE6917,3
7BF3FF676633,4
7C12F166B5F3,4
7C1D05780C33,4
7C1EAA5096AC,4
7C1FF9F7C5C8,4
7C22432ACEED,4
7C25E532E66B,4
7C2AE05A5A26,3
7C3544BEFA37,4
7C3D428E13BC,4
7C499255C798,4
7C5DBB16CA97,4
7C6D2CC7B5A6,3
7C76C8F85EC2,3
7C7826E3F76B,4
7C7963A10D5E,4
7C7A000868BF,4
7C7B69674803,3
7C7D34EB1627,3
7C87868719A0,4
7C8C9A176F90,4
7C8E873E3A88,4
7C929E4D63A5,4
7C94E3190D66,5
7C9A64C54CB7,3
7C9E8F9D661F,3
7CA2BA44B1A6,3
7CA54081314B,5
7CBBF4E14697,5
7CBE5AD11805,4
7CD4B78938B6,4
7CDBC36566FF,4
7CDF01D1DB32,3
7CE82E687AFD,3
7CE8F1088A3E,4
7CEB4836BAFA,3
7CED441887D8,4
7CF49298CBEF,3
7CF49BA27233,4
7CF8EEE92A86,4
7CFE08CE9D0E,5
7D0190DF4E7D,3
7D078233C975,4
7D0E449754CD,4
7D1925281627,4
7D232CE603BB,4
7D2794FBFEB4,4
7D2CD1D3A4F3,3
7D2D54F2F50F,3
7D3F52D8F662,3
7D462AA4E1FC,4
7D4CB386BB17,3
7D537E539C9B,4
7D577B9D3888,5
7D5909D8FBA3,4
7D5947A4060E,4
7D5D980FD05F,4
7D609EE1A5EC,4
7D6CAE9CA2C1,4
7D737972C0CE,3
7D83374556C1,5
7D92AFA8EB0C,4
7D95539DC1AE,5
7D9D5DFB9B6F,4
7DA14E1D6FA0,5
7DA4B734D5B3,4
7DA61B775AB2,4
7DA7F08F38D2,3
7DB352480689,4
7DB938B61150,4
7DD12D888212,3
7DE4F9A8CDEC,3
7DE9E964097A,4
7DF03EFCA553,4
7DF12B42AB72,4
7DF54B9223DC,4
7DFEAD13F3D6,3
7DFF4F286469,4
7E026B760EA0,3
7E0447C178D8,4
7E08C001A673,5
7E1386249DA8,4
7E1F0C3CC6D0,3
7E2A0EF24A0F,4
7E39CBA95CB1,5
7E3CDEFECEC6,4
7E46229A7CA5,4
7E558B4E7009,5
7E5E88E27A8F,4
7E7976B1BD71,4
7E7BE5817CF8,4
7E7C67A0DC16,4
7E8238B5BA1C,5
7E8A0A0A9A43,4
7E8ED7CA1E70,4
7E978C5E7761,3
7EA257CB8491,3
7EA35A78AEF8,3
7EA5429CA87B,5
7EA804FD13A8,5
7EA81DEDF997,5
7EA90813B62A,3
7EA9C3EDA163,4
7EAF43DBF89C,5
7EB7891E8D16,4
7EC12CB2D9B0,3
7EC8390E36AA,4
7ECE5C64E150,4
7ED41458ABAF,4
7ED6F7BA72F9,3
7ED81049325E,3
7EDC154C0632,3
7EDF56FCB4AC,2
7EE10745D09E,4
7EE30A511B75,4
7EEC3E21D0C6,3
7EEC55B04308,3
7EEE11CF0775,3
7EEF498A0C92,4
7EFA9BE7A23F,4
7F034CF1ECE0,3
7F0CB07D9B67,3
7F139940D2FE,4
7F1808A53482,4
7F22BF0859BB,4
7F23522935FD,4
7F2AF2E21E2B,3
7F2C3D877C97,4
7F375C57B28A,5
7F3E86846794,5
7F3F990451F6,4
7F438CA11201,4
7F4479488C31,4
7F4608EA5743,3
7F47FC448059,4
7F4E3283ECE3,4
7F523261B071,4
7F539C089AFF,5
7F5C09BED8AE,4
7F616F0C4D8F,3
7F63036D0C59,5
7F658EA3F2EA,4
7F7B48A486BE,3
7F87920E2DFA,3
7F8AD2B6CCCC,4
7F8F42E38A0A,3
7F974959003A,4
7FA0313E733E,3
7FA3E6DDC0B6,3
7FA6B07F2373,3
7FB02EF0CF58,4
7FB5A53C6DD8,3
7FC7FFE08C80,4
7FCE22059A5B,3
7FD41B78B3A4,3
7FD4A314D751,4
7FEB91640AAE,3
7FF21C0ABC9E,5
8.30881E+11,3
8.71311E+11,4
8.91E+13,3
8.97E+16,4
800D1BAA86C4,3
80118749FB42,4
80144F17A71C,4
801C34D883FD,4
801DA1EF0C47,4
8026F9CF4C95,4
80270A6CC6EF,4
8027D8B7844F,2
802E234C4BB9,3
80368BCB869B,4
803C3E9E14B2,3
803FCF571644,4
80510BCCEA59,4
8051853E8AF7,4
8060648FFE0D,4
80619550D955,4
8061D44308E9,4
8062735D7B3E,3
80664125F8D0,3
80667AD3FFD8,4
8075A44B3D4E,5
80762DA00183,4
807EB6CA95EB,4
808052FD74DF,4
80877A1F0A7D,4
80889A79B329,4
808E8ED91EED,4
80905F810672,4
80935ABC7D39,4
8093D01B2742,4
80AB29F23E1E,3
80BA1C4DB6F0,3
80C861916EB4,3
80CAF7FFFD56,4
80D1357B10A0,4
80D2FE30F665,4
80D55B272621,5
80D5ECB994F3,4
80DCC4992B10,4
80E2B7016611,3
80E51C7379CD,4
80F2427F337D,5
80F8E7B1ABBA,3
80FCBE64AC16,3
80FE1A70F85C,4
810142FCE213,4
8104E64577EB,4
81122C8AD46A,4
811EA43C1813,3
8129CE323993,3
812CBC21EE50,3
8135441CED7B,3
8136D5F6F7A4,3
81407E5C8299,4
815AB04BFBF3,4
815EE0AF066F,5
81720D00C09E,4
8172F9426183,4
8175DAF201D2,3
8182360CC270,3
8192F4D79528,5
81A41F6CFC71,3
81A723D57718,4
81B5E59B9ACB,4
81C5893C9CF5,4
81C85E0925CC,5
81D05263142A,3
81E073241214,3
81EB648B5B51,5
81EFE876B2CE,4
81F8C7B45A58,5
81FD42FF7DBF,4
8201C5613F2C,4
82069370B661,3
821096176D61,4
821366C0A216,4
82177357AAB8,3
822440E5EF9F,3
82280B54C392,5
822A901609CD,3
823A09BFA77B,3
823C62BADB7E,4
823D54325D65,4
823E2D5A4722,4
82457B1EB82B,4
8248E7E6E2A0,3
824DAEDF9E75,4
824F5CC94C0F,3
8252036912DC,5
826100BD96F9,3
82618B162AAC,3
826C0231C0BE,4
8279663F8F18,3
827C8F96A128,4
827DB1A83F7A,2
8281BBB80A67,3
82894F0260CF,4
828F31F78F78,3
828FE7B8D02C,4
8290407C0F6B,5
8296F0F59F3D,4
829A1FD8A7EF,4
829D60F08792,4
82A577255345,4
82BBC3EC5C3A,3
82C8D991C949,4
82CBA25E2806,5
82D51CA85C5C,4
82DC5A71EDBA,3
82E1E80B9F3B,5
82E21B844F8E,4
82EA455D26AA,4
82EA4B643F77,4
82EB399A8961,4
82F18DAE70E4,5
82F1B8436E48,3
82F7210163B5,4
830F3C15936F,3
831456662FB5,4
8315EB545E9D,3
8315F09ED7A6,5
831F54B2B19D,4
8327864CB51A,4
832BF7151D40,5
8331F4B3ADFC,3
833696A5748C,3
833EF924344E,3
83460DEC7009,4
836389DC45F4,3
836FC7F5F535,3
837A4ADE887E,3
83821661B8F5,5
8386ED5577DF,4
8387BDBA7F9B,3
83882CA03A48,4
838A96E95C09,4
838FEC2EF38E,4
8391AA01FFCF,4
8398E04E5365,4
839908CBDB40,3
839F4F7F7DD7,5
839FBFBB7054,4
83A08732498F,4
83A7376E9454,4
83AAAD315F57,3
83AE9B85F6FD,5
83B0293B9D2F,4
83B1E7A4E840,4
83B32016A5D1,4
83B913544D0A,3
83BB96F966DB,4
83BE91B3EF1F,4
83C27F297E94,4
83CAAFEF8194,4
83D78B6382F4,5
83D8EED426D9,3
83D933BD5B81,3
83E0907005B6,3
83EC644E325D,4
83ED986D8BC0,4
83F4F29E9662,4
83FA1948A3F4,4
840A520F0D99,4
840ADB958D7C,4
840BD934198B,4
841618F63777,3
841F9E15D42E,3
842D4576CB4E,4
842FD7CFFDDB,3
84305C417C4B,4
8430D63288D2,4
84367AEE6898,4
843F8AFA3905,3
844406CFDCD9,4
844CC1FA570F,3
845A0E7E3013,5
845A6CB0C648,4
845CC4EB2039,3
846655D3F807,3
84705C9E9180,3
847AF2857FBF,4
8484FA8389A3,3
849228E9ADD8,4
84969F34483A,4
8498B3A8642D,5
849911F5126B,4
849BE041D1C8,3
84A0AE362A83,3
84A55E13EEC1,3
84A5803E6C6A,4
84A786DDC40D,4
84A96D976445,3
84B1E0E85878,4
84C2FE4B60BC,3
84C6F616721B,3
84CBD44248F2,3
84D2A6C75C67,4
84D460E228D7,4
84D821F541E7,3
84D827C2D12A,5
84D8BC64E749,5
84DA3A4E84CC,4
84DC56271CF8,4
84E693790A66,3
84EC5D05E3E2,4
85004BC426B1,3
8501E9EDF0FD,4
8508D4805CEC,4
85150B337E02,4
851CDCC848DF,4
851FFB9D96E1,3
8521B650F8A9,3
852F3C1EE704,4
85344BC765F7,5
853F856CA64C,3
8542D5615740,4
8554C275A365,3
855FF8C43FAE,4
8563982CE8C7,3
856462BFBBB1,3
85783DD810EF,3
857D1D3BC2C6,4
857F8C1E0A0A,3
857FAF7C385C,4
85800ECFE568,5
85808F0851D8,3
8586AF2475F3,4
858A41A513AF,5
858C24FE7A08,3
8593D649EBE4,3
85ACDB1C7BE4,4
85B0876A1FBA,4
85B3B76C4384,3
85B3EE483BEF,3
85B5621E1876,5
85B700BA5A7C,3
85C5BA416D54,3
85C8AC30C12F,4
85CC7B182ED6,3
85D7C9ADFE4F,5
85DB79959EEB,4
85E2FCE046E8,4
85E46E4774B2,4
85E48EAD158A,4
85E4A10D0918,4
85EB8DC94BD0,3
85EF5F2BDA22,3
85F4C57672EA,3
85F85936F1E6,4
86002C63D9C4,4
86052928ECB9,4
860691D518C6,4
860738F5857F,4
860E4F40B57D,4
861588AA9001,5
861B660C2E86,3
8621C5C419CE,4
8624013087D0,3
86245BB1A314,4
8624720F50AA,4
862995E50ECE,4
8644441AB019,4
864557850F63,3
864AF793CBA7,4
864B67B1FF46,4
864C2D595DF7,4
864E45D7BD5B,3
864EE35A4744,4
8650490FD98E,4
86542460611A,3
865E665B13F7,4
866B61E17B7D,5
866DC580CBF3,5
867777EC86C8,3
8679D5C9C9C7,5
867A58ACE30E,4
8680D4F9266D,4
86887AB8BE18,3
868D445794AB,4
86A24627502D,3
86A362AFF89F,3
86A511A55117,3
86A99FA674E5,4
86B56FCAE0E5,4
86B8E74548F4,3
86BB790A5875,4
86C3087B78A3,4
86C3CBD25A60,4
86D1F207868B,4
86D78A2CD591,3
86DACAE7097F,5
86DC4C84C053,4
86E5ADAE8206,5
86FB71F29A12,3
86FE14E918D1,4
86FF8C35A885,3
87055E1EDAC2,4
871097AE113C,3
871287046F85,4
87186C957B20,3
871B7DB49A3F,4
871CE2BE3370,4
87251EF8082E,4
87258EA0A73C,2
8726B24BA724,4
8727FFFF8441,4
872A3AAEC127,5
872AED166FA6,5
872D2382D49E,3
872F02B58AA6,4
87301169FEAA,5
87328D07C574,4
8737264DDCD4,3
8742BE58A671,4
8745FC479838,3
8751DABF6F73,4
876A650B692E,5
876BE44293AE,4
876EB8B99AC6,3
877D7E614694,3
877E5E24D71D,4
8783D7E09D7E,4
878757F074DB,4
878EF77AEFED,4
8793444EF088,4
87947A34CAEA,3
87958B77E2DC,4
879899ED7AEF,3
8799ED61A608,5
87A2153DC6CF,3
87A3A28A5EB8,3
87A8B315A26E,3
87A974F87B12,3
87AF2FEABA83,3
87B3B5E45156,5
87B5969668D7,4
87B830921FBA,5
87B9974CE965,3
87C4CE3E96BE,3
87C607A0EF62,4
87C7180CD212,3
87CA45AA5B23,4
87D07D40F15E,4
87D436B64CB4,4
87DC9D17D46E,3
87E637213D66,4
87F69F495958,3
87F826CDE47A,4
8805BDE4E251,4
880E4340D062,3
880F6C543080,4
8812C76524F0,3
8814CF59BC3B,4
881C594055EB,4
8822513C8D85,4
88273D2F8BB4,3
883880ACBA01,3
883D374AC02F,4
883E45198895,3
884190375DAB,3
8846B3225DEB,5
884E6C7D3160,4
885CBDD4A297,4
886FED68C229,4
8871239EBCA5,4
88816FFD8A5C,4
8882BE4360A5,4
88860671767F,3
8886AD6E3BF1,4
888D36BD7FD3,4
88910DE4976E,4
88990A944CC0,3
88A4F79B5203,4
88B0F016492E,4
88C4EAEB95A1,3
88C9F52F748F,4
88D0417284B4,4
88FA9C1FF56D,4
88FC05DDCC92,5
88FCD4D35128,4
88FD7FAAFA90,4
890BA90FED9D,5
890E9CBF7BF8,5
89152EA3528E,3
891AEC9CAFC5,3
8925498D8C36,3
8930F3F9E554,3
89326D7277B1,3
893B6A0CDB2D,4
8945D160056D,4
89593AEC5E89,5
896B223BF708,3
896F322AE281,4
897004C788FB,5
8971626EE759,3
8975E6D0380E,4
89822D57FE56,3
898BBCB60510,4
898FBF6ECEEE,4
8999E5263723,4
899C33966AE0,3
899D394E518E,4
89A1E2B6F0A1,5
89A31DD6C8E1,3
89AB334EE7ED,4
89B939843B8D,4
89BED1950DFE,3
89C191C7957C,5
89C55AA2CA12,3
89C921B360F7,4
89CD5C5D9180,4
89DD12847D93,4
89DF30396BAE,3
89E1708E4BCA,3
89E1BF0D40C8,4
89E1CF43B214,4
89E73E0B8EF5,4
89ECFD2A6D68,3
89EEA7194D7C,4
8A00BBFCFABB,4
8A06243FE484,2
8A0A3FE01FE7,3
8A0F7E327BC5,4
8A10A65857EE,4
8A11B24EEE66,5
8A142C377525,4
8A16C162C867,3
8A16CDB6F50B,4
8A1DE798ADA5,3
8A20964F35B1,4
8A2979AB26BE,5
8A3392CDCCF1,3
8A33C5C1A579,4
8A40C9A48BC3,4
8A44EA466431,4
8A459F1BFC23,4
8A468F18FF8D,5
8A4C6D3B4469,4
8A4C87E23966,3
8A4D99910F10,3
8A4E9D1BB2B2,4
8A516907464A,3
8A57EE89F26C,3
8A63149E402C,5
8A64F8D74D5B,4
8A6AAA29FBB2,4
8A6BD40A8B7A,3
8A7433E0DF67,3
8A745CBCD81E,4
8A77BC846EF0,5
8A8109553B2D,4
8A8644A0E3D4,4
8A89EF004B9C,4
8A8D7134E77C,4
8AAA87E056FD,4
8AAB8EE320C1,4
8AB95D7C4CA6,4
8AE119913109,4
8AEFA9EA182D,3
8AEFE911A7ED,2
8AF3FAAA529A,3
8AF4B766BF21,3
8B01E218767C,3
8B05C662379D,3
8B095EB24288,3
8B194A531EC1,5
8B2CB9C1F189,4
8B3383F07C51,3
8B3DB5B8F0B7,3
8B477C53521B,2
8B48AD97F01C,5
8B48DC44951A,3
8B495F122E5B,5
8B4A257DC797,4
8B4B5C6DD5DA,3
8B4E52225236,4
8B537610A20A,5
8B58FBDF6414,3
8B5B15211390,4
8B615331164C,3
8B74BC1E0166,4
8B8155332486,3
8B81ECA8E78D,3
8B8B965BCDF4,4
8B8D65CD4BDA,4
8B9455709423,4
8B98BA980EB9,3
8B9D13065168,4
8B9EEF86DD66,3
8BA0BFC49C4F,4
8BAAA0D5D6C4,3
8BB4CE5D8355,4
8BB4FACB073C,3
8BB53C15BE15,3
8BC25F3822AD,4
8BCB7962E7E3,4
8BCC11CF4350,3
8BCE4A1BBB8E,3
8BD27AA126F7,4
8BD74B7B3DE2,4
8BDA09CC9FD2,4
8BE5C35F126C,5
8BE78B7C2ABB,3
8BE96D64F102,4
8BEA456945B0,3
8BEC48C6C5E9,3
8BF2D128CAEC,4
8BF8505849C8,4
8BFAB96C9341,4
8BFF78A27A8B,5
8C003FEE68D7,4
8C0EA954AEF8,4
8C15FC3C3BCB,5
8C164B08A8BD,3
8C1E5AD4174A,3
8C21145A08FA,4
8C215301594E,4
8C23517167EF,4
8C2D0E1314DB,4
8C3943289925,4
8C3993109983,3
8C419632B296,4
8C42568E1362,3
8C476636EA8F,3
8C47976A1F6D,4
8C4C7081A2AF,4
8C4ED47912C3,3
8C5088CDA686,3
8C54B0F3D1D3,4
8C5FF7AD4E99,3
8C61F2374230,5
8C700479696A,4
8C702C379B8A,3
8C71CB303712,3
8C79D66ECC0B,4
8C887CDDBA32,4
8C928B2D6AB9,4
8C9F3C1C03BF,3
8CA5DF6BAB4D,4
8CA7DA405671,4
8CAF09D8BEE8,3
8CB337D8D65C,3
8CB363DF204D,4
8CCB7E601107,4
8CCF9900F220,3
8CDB88E77EE3,3
8CE67A7B4BDF,4
8CE968DB99AB,3
8CEB8AAC385C,3
8CEF5FC94454,3
8CFD338AFB98,3
8CFFE7AE6128,3
8D02DCC6275E,4
8D0E04684275,4
8D11A578A7FF,4
8D12DB28E3A2,4
8D13461BD81C,3
8D1AFB0201C0,4
8D1BE4C96059,4
8D1F74040579,4
8D2143211365,4
8D260545092F,4
8D2C20BDCDE0,5
8D384941F7F6,4
8D47E7F9968F,3
8D49AD0975A1,3
8D4DEBDCF603,3
8D507482923B,4
8D509BBA7DD5,3
8D69EF890AAA,3
8D8BF05B7936,4
8D8E0FEE6BD5,4
8D8EC1F1E36A,3
8D99FEDB5FE9,4
8D9BFCD85CAE,4
8DA0993625FF,4
8DA0B80420FC,3
8DA298718DD7,4
8DB8768A7649,4
8DBEE30EF6A7,3
8DC48882E2F7,3
8DD65866A83A,3
8DD7745DFCDF,4
8DD8AC01540E,3
8DDF38ABED0E,4
8DF155F94446,3
8DF397BE5387,4
8DF39EDCEE7D,4
8DFC402F09AB,4
8DFCC03C34D8,5
8DFFA4FB6135,4
8E053EA4FE6F,4
8E1560B7C2E1,4
8E1908F2616E,4
8E1B32095441,4
8E20AB58A907,4
8E2246CF7F85,4
8E280425BFBF,3
8E35C504B480,5
8E3A5F23A705,4
8E3D55B11AEE,4
8E536E1B7AFE,3
8E555DA6ED4D,4
8E5637455B8E,5
8E572B0D4250,4
8E5816188853,3
8E6166FA732A,4
8E61C7C0F57F,4
8E634C8CED65,4
8E64BE4119C3,4
8E668341EE05,4
8E73ED6F2FCC,4
8E77B1B19F32,4
8E7A674BF659,3
8E81EB46243D,4
8E8321EFF66E,4
8E89A7A62A82,3
8E9007F863C7,4
8E98853DF374,3
8EA083F14784,4
8EA41EF1EC70,3
8EADDF7F6FB7,5
8EB22AFF2A96,5
8EB647435835,3
8EB73A991757,4
8EBF990F1622,4
8EC7A8075CAD,4
8ECC067F27E1,4
8ED19683D8A7,4
8ED6445B91AD,4
8EDAB25CCB08,3
8EDD5A7B2310,3
8EF4E5DEB3D3,4
8EF775DCEAF5,3
8EF7C2316736,4
8EF7F6812DE9,4
8EF89B5F5E21,5
8EF9BE158AD3,3
8EFD48D53319,4
8EFDE74335BD,3
8EFE0973A57A,3
8EFF66B61E7D,4
8F05747D5AE1,4
8F13AAF260A1,4
8F16365E363D,3
8F189C6F9E85,4
8F1B3DEA0508,3
8F2132376B0C,5
8F2FCF066A81,4
8F350047E2C7,4
8F36773A007F,3
8F40BA1ECB08,4
8F456999E008,4
8F45D2644332,4
8F4912F74D42,4
8F4B595CF9E7,4
8F4D8B1065BB,4
8F5794D959A1,4
8F584A5648B9,4
8F5B92D7513B,4
8F60DD600C3B,4
8F78D1ABFDB6,4
8F7C21724491,4
8F85E4509835,4
8F88ABD06CED,5
8F8B11DD9ACC,5
8F8BCC081DC6,3
8F91417B8A7D,5
8F9F5B885FA9,3
8FA214DB6E8B,3
8FA7B3E4FC78,3
8FAAAECA64BD,4
8FB706C890A2,3
8FBA79DE20E6,3
8FC5C278EFCF,3
8FC654F1B091,4
8FD417FC6A03,3
8FD5B5C10AF2,4
8FD62BC04585,4
8FDE3B793E4C,2
8FE1C585E552,4
8FE49A2999D0,3
8FE60434BEFF,2
8FEC3A849513,4
8FED07B315E2,3
8FF1FA6E84FB,4
8FF38F8470E2,3
8FF9315CDCAF,4
8FFDA5B9D359,4
9.33848E+11,3
9.74383E+11,4
9000217714BE,3
9003CAD2E74F,4
900853D24E86,3
900EE82A7C8D,4
901790F023DD,5
9019F9FEA638,4
901E4717A246,3
90345B5B064D,5
903B04C2AA48,5
9049E16579D4,3
905D77AA5E83,4
906B27CFFFA0,3
906E7C2C57D6,4
9072C97C4481,3
9075A6EEB3C5,3
90764819E3A9,3
907B493FEF99,5
908906779AB1,4
908C91AF86BC,4
908CA741DAF6,4
90978A2F8599,3
90A21329D7C8,4
90A45BE42FCA,4
90A67909259E,4
90A986A7470B,3
90A9BF35582F,4
90B0118A8C55,3
90C32C97725A,5
90C423514A8D,3
90C942265780,4
90CE234C9684,5
90D16D754BBA,5
90D83C644ECF,4
90DB680F14F5,3
90E5BB6CBE11,3
90ED5CDDE123,5
90F900708083,3
90FD792769FF,4
91010998BF86,4
910189559FBD,4
9107A1C2DD9C,4
9114D5C32D36,4
91176971F6BA,4
911CF138D0AE,3
9124F45B4832,4
9127434E8CF8,3
91377BE7D4ED,4
9145AB74E1DA,3
914D457FE4DC,3
9151F588041F,5
9165D265E932,4
9167D9F70613,3
9168DF355F2F,3
916958737B60,4
916CDD686404,4
9172095B8522,4
9174D620243B,3
917524B223F8,5
91755A979CF5,4
917DE223C943,4
917F3695D84D,4
917F50B27723,4
91893044CA95,4
91962F622C5A,3
91A00DFD46DC,4
91A7412303BD,4
91A780360B9E,2
91AC63E82AC2,4
91B00B44402B,4
91B15D1BDD98,4
91B1F82B2CF1,5
91B840A41637,3
91B88A23A5E4,3
91CD65156E4B,4
91E61EF42E33,4
91EB3DE61286,4
91ED6A6E4B3A,3
91F5038B20AF,4
91FA9C603A6B,4
92017C74CF22,4
920839AC2871,3
920E71AABE39,4
920F1ACDF4E4,3
9222915C4C76,4
9229E9E6F30D,3
923043ECE82F,4
9230E5F2AC7F,3
9235C87BACDF,4
923948B18A6D,4
9254D9526E87,4
9256EDDD856B,4
9258984A6CEB,4
9258C64F577F,4
9259FAACA3D3,4
926AD76F8E36,5
9271B11A158B,3
92800D9CB22E,4
9281F68924D1,4
9288FF19115E,3
928C9AE07FE0,4
92933212F4D9,4
92970638812,3
92A78941DF77,4
92A9A90A1ABB,4
92AD77013CEE,4
92B407AFBCBE,3
92B72DE78204,3
92BA1245F66C,4
92BBD78A3499,4
92BFE3DA469F,3
92C09304882D,3
92C94CAD934B,3
92D79549D7F3,4
92DB57DCD12B,4
92DFAC1BCB02,4
92E1CFD27E95,4
92E97E947628,3
92E9A4B7A6D0,5
9306D72EC3E7,4
930B1E8914CA,4
930B801F059A,4
930F6F0E29D5,4
93106B20FE87,4
93112F2AC395,4
931ABBB91FAA,4
931D5E447FA7,3
9327A79BF065,4
9329A9DD13F2,5
932ACB9DEA12,3
932D13D609F6,4
93385DED39E7,4
933E9F407D2D,4
934168169D89,4
9343CC458B7E,3
934980B8A79A,4
934A9AF419EA,3
9359778E21C2,3
935C66D249E1,4
9365B0297C47,3
9378EAFFDFB6,5
9382CB04D6B4,4
93863972F6EF,4
9394F1006E9B,3
9396FCEB118A,4
939B172F88F0,4
93A96D8DCA78,5
93A9B27859BB,3
93AC62CB1702,4
93AE46205ED2,4
93AEAAB8F1D2,4
93B11461B925,4
93B23DB0F67B,3
93B4EABFBBF3,3
93BEF2162D6C,4
93C0100883BB,3
93C0F32F4CBB,5
93D6E4071601,3
93D9AC33BF71,3
93E101B6AB4E,4
93E6151BC67E,4
93ED5FEC058E,5
93F0E3B4826D,4
93F5F89369D9,3
93FB5B058E50,5
94000E9DF26E,3
9400D174DEC9,5
9401DDD45E43,4
9402AF49F2B6,3
9414386BFE05,5
94208F2B5E80,3
9420CADEF8F6,4
9426B08DA6B0,4
942BFAC1A722,4
943226ED1150,5
94330AB7CD65,3
943421D61935,4
9434A2466218,3
943611A73135,3
94372C4820F4,4
94381B3CEBFA,3
943F3B3FBB17,3
9446B19E4B04,3
9449DEE489DF,3
944C945E1766,4
944FCD948396,3
9451FC111896,3
9462A544DEC7,3
946AC22B5C6E,5
946BE2800F04,3
94712914C4F0,4
94728AA2B9D6,4
94770265DD47,4
94872E0B0E4B,4
948F5C2EADFF,4
9497EEBD96C5,5
9498E14F5231,4
949D00C575AE,4
949F659EF5D3,4
94A5C6B052D7,4
94AB35E81587,4
94BD9432CA7C,5
94C129CC0A2E,4
94C2AC40437B,4
94C3203A54BD,3
94C41739F214,4
94C450F5F6FF,4
94CAB5BC469B,5
94D37C7BE2ED,3
94D889A3859B,4
94DDDE49F8DA,4
94DF4BBF522F,4
94E1D46A0544,3
94E5097F7B12,4
94EFDD45CDD8,4
94F84C21ACCA,5
950FBFBDD402,4
9510F68977D7,4
951B691D3564,4
9523EFEED498,4
952569CCDD6E,4
9529DEA237B1,4
952CB87D4897,4
953B7B5B1486,4
9550CC8FE928,3
9553FE340DCE,3
9556E99B95DE,3
955DC5092AF1,3
9560CB5AD3D1,4
95619672F4CB,4
956B5E2F3BEB,3
95765CEE7D74,4
9578D4120978,4
9579947BE786,4
957D444A9CFE,4
958229D0AE9F,4
9583FE0522BD,4
958436C26608,4
958639EF34B4,4
9586D2395C69,4
9588D4FFC84E,4
958ADE3434CD,3
9590080E51AB,4
959F4EDECE91,4
95A1EE29614A,3
95A6AB619F10,5
95AAC538586F,4
95AF348EDA56,4
95B09C17403B,4
95B63ED9E822,4
95BCD0EEE72B,4
95CFC285B762,5
95D5978B9E59,4
95D847FEBF38,4
95D8D99C517E,4
95ED30690B8C,4
95EE98CA794F,3
95EFC4B97466,3
95F3F04190E7,5
96064A0638D8,4
9608614D166E,5
96088A6BB0AF,5
960C3510FA5A,4
9612843FDF1F,3
9615F113FAA1,3
961BFAA21188,4
9620EB00A5C5,4
96253054EFBB,3
9631351EFE3B,5
963D4834165D,4
9647C328B8CA,3
964AC0FD4F70,4
964EAD36A568,3
96592082F9E3,4
965BE22A69E5,4
965C95685E5C,4
96611C3C0042,4
9662807AD672,4
96751CA1330F,4
9677669AA32B,4
9680BEBF5DF5,3
9689DEA10AF5,4
968C5FD61184,4
968F5DDB7890,3
968FEBB33A42,4
9699E5B44D07,3
96A0AC812CAE,4
96A0B5E5A5CB,5
96AA147B4819,4
96B8F7A4DAB9,4
96BCEE6B6114,3
96C179AA64C6,4
96CBC15EF317,3
96CC30CFE49E,4
96CD9EF2E8FC,4
96D1653FFBBA,3
96D8BFEF6A8B,4
96E0F82A7BCF,3
96EF3E46E165,3
970171A0AC8E,4
9702B3E3D586,4
971004AB4EED,3
971158C1AE69,3
971D0C1C75F0,4
9723A9225477,3
972D4BFA8AD5,3
9733EB28C206,4
9741216B0425,4
9741998E543E,5
9741E87BE7CE,4
97522A3DC6DE,3
97622A00565F,3
976ADB7CAC5A,4
977103A9DFE1,3
9780A12FCE0D,4
9780C6ECDEFD,3
9782182AEEB5,4
979AF798A44E,4
979E6E963094,3
979F330774B9,4
97A05BD1708D,4
97A6E516249D,5
97A8C7304C25,4
97AD49AE2944,5
97AE8EF6D044,3
97BB5ABEBCB1,3
97BE845E7D19,4
97C83ED95515,5
97C969492BAB,4
97CEC5F124E5,4
97CF6EF5FE26,4
97D41DF89A0B,4
97D648567DE7,4
97DC786559D4,4
97E4E42863A3,3
97E7DD4E7C69,4
97E88E7F5471,4
97F5FE862075,4
97F708BE1ADA,3
97FDA53146BE,4
97FF9200A33D,4
980850873AB7,4
980F069B1644,4
981DFF841D8B,4
981FB62FF759,4
9828D07FD2C9,3
982B7E9F1301,3
982F005448E3,3
983273B60F84,4
98353275507,4
983D16297775,4
9849BD725D61,4
98506F561E90,4
985768B59317,4
985B48CBC8FB,4
985FC4A0FAE2,3
9861EDED505D,4
986362428D37,3
987057472F55,3
9871CC9324B2,4
9875EEADB555,3
987DDD10D32A,3
9883AB26E900,4
98852DD3AEB2,5
9885BC72C019,4
98923EF733F1,4
9893E88CAE61,3
98944F234E6B,4
98949D219E5F,4
9894C4AC0CBD,4
9895709089F0,4
9898C2839018,4
989D4920EB7B,3
98A2AD61198B,5
98A2F7251073,5
98A5735C5598,3
98A9BF4E795A,4
98C88790417A,4
98D257987FDE,4
98D53EBFE307,4
98E785817634,4
98E848B4CB77,3
98EB307EB4CC,4
98F7874839E3,4
99037D0468C8,3
9907C1BD4473,4
991D146A2AC0,4
992341DBA92A,4
9944902AB848,3
99451900AE17,3
9947BA6C3149,3
994898BB8EDF,2
994B1D43D406,4
99523E300943,4
9954620B5790,4
99578BFEDC92,4
995D9FEC5FAD,4
9965B6E1B1D5,3
996A32D1ABBC,3
997D422930F9,4
9985FF16512F,4
99863EAC8F7F,5
99872EA097CC,3
9987A0266A4F,4
998B12C291DD,4
998C7E979AC6,3
998CEAEF3821,4
998E0F68318B,5
999664D56FFC,4
99981DBB75F0,3
99A00AF5E4C3,3
99A1DE3CF37F,4
99AE27FBECA2,4
99B1B779603C,3
99B650C97618,3
99B999A8E782,3
99C687C4B554,5
99C8EAF5A468,4
99CAD0AF3560,4
99D1417BDA66,5
99D4D5568B75,4
99DB34D2A945,4
99DBB0DC7CC2,3
99F04B521CFA,3
99F46DD9067E,4
99F7A8700085,3
99F8774DE653,4
99FD4F79B07D,3
99FE6D012BF0,5
9A03E46C0A51,4
9A0972A02B2A,3
9A0E90492CA3,4
9A0FC2A17891,4
9A1B0F37C3CD,4
9A1B79DE1DBC,4
9A1BB0A511B2,3
9A1E1ED021C1,4
9A1F741EC88C,4
9A2B81590B27,3
9A30D97F67EB,4
9A3938C8593B,4
9A40D1576A1E,4
9A441AF0EA0D,3
9A45943A21D5,4
9A49907A42D0,5
9A5D8C898877,4
9A673A3BB8DD,3
9A6C18B25037,4
9A6F2CF32BFB,4
9A79069BB83A,4
9A796F96BC28,3
9A7A8A8A2201,4
9A7C858EF23B,3
9A7E9F3D7FA9,3
9A7F7ACCC1D9,3
9A8B66D3AA68,4
9AA9AF2C02A2,3
9AB67EA76820,4
9ABAA03ACB4B,4
9ABD5B7DD107,4
9ADC4A3BFDD0,3
9ADCC8F2465F,5
9AE88E64DF4C,4
9AED627D6FDB,4
9AEEADD5997A,4
9AF39AF24661,4
9AF9B9C068B3,3
9AFEE7D734BA,3
9B003C51D6A3,3
9B0FE1456518,4
9B14802F55B8,5
9B15C49AAF99,4
9B1A7C9A90C5,3
9B1CF41C7F5D,3
9B284550AB0F,3
9B299DE80D2B,4
9B3DE2166927,2
9B42B1750AD8,3
9B4313D769D4,4
9B47D88ACD36,4
9B514BF80BDF,5
9B66D8446A27,4
9B69DE203555,4
9B6A95DD8E05,3
9B6DE686AC78,4
9B7371A9B18F,3
9B7F129FFB77,4
9B8E46362E43,4
9B9380760425,3
9B983B834050,4
9B9931DF9439,4
9BA405DDDF7A,4
9BA939E303E3,3
9BAD071478F4,3
9BB40EB22025,4
9BBB0205D3C0,5
9BBEDD9BD0C9,4
9BC192B91D83,4
9BC5D2C54039,4
9BD1C9E4C34F,3
9BD577FF5D3C,3
9BDE16784EF6,4
9BE5C1E244EB,3
9BEBB7FDB6A5,4
9BF316100BDC,4
9BF717F45D68,3
9BFBA5356167,4
9C0672FF9126,4
9C11072FEB7A,2
9C17D0BAF41D,5
9C19DBD7E37F,3
9C245C1269BA,4
9C2A464C9716,4
9C2D29720675,5
9C4444C557FB,3
9C480C68AA9B,4
9C49F198557D,4
9C4B06B51CFC,4
9C5094D91192,4
9C52EAA3F005,4
9C61ACA70773,5
9C6D59F13488,3
9C6DAB936B71,4
9C6F949B27D9,3
9C72A7F166C3,4
9C82C0E4B743,5
9C8A7156AB27,5
9C8F1731D481,5
9C95376E8F12,4
9C97C5A04635,5
9C9A7F516514,3
9CA7EB20C36E,5
9CB9332C3967,3
9CBCAE800CB9,5
9CC05FDD1C8F,3
9CC56462B5A0,3
9CD2E00F79A3,2
9CD49AB8E6A4,4
9CD52AD87E2C,4
9CE013DB5F00,3
9CE678CF0BAE,3
9CEF32A439DC,4
9CEF76DD7310,4
9CFA2E61E0C0,4
9CFA62F555FF,3
9CFB3963E24C,4
9CFB67B24EC3,4
9D00C7F1D0BB,4
9D01B8F6535B,3
9D05C9239608,3
9D0665A39328,4
9D0934987831,4
9D11DCCB8271,3
9D1C26B1696F,4
9D1F1FD728E3,4
9D1F87DD8CC1,3
9D1FEBF9237B,5
9D29B2E438C8,5
9D29CF8A1C16,4
9D2D6842C1B3,4
9D334944FAF2,4
9D40E94D6935,4
9D44794877F3,5
9D4F9CC286B7,3
9D53E0729D4B,4
9D68CE2763CB,4
9D780EA82AD3,4
9D785AF5EB4B,5
9D7DC07877A6,3
9D8B3825C355,2
9D8BCE7B3C6B,4
9D967AA72C96,2
9D9BC47E7E96,4
9D9F53F9EB5C,3
9DA131E0F720,4
9DB1AA4819AD,5
9DB6507F7EEE,3
9DB6D2ADE58A,4
9DBCBFD45366,3
9DC08D601022,4
9DC3CADE8953,3
9DC67ADABCA8,4
9DCA96730E4B,5
9DCBFA0786A8,4
9DCD00FF30A2,3
9DD27942044E,4
9DDC8FDAC3DA,3
9DEE0DB31EF3,3
9DEE651A7219,4
9DF1B0F9D0D5,4
9DF4B2596DF0,3
9DF649C711A9,4
9DF9D4AC395A,4
9E0303CC5824,4
9E0F552B6A65,4
9E1F768837D9,3
9E225FD2D36C,4
9E24FDD5A196,5
9E2CFCC604DA,3
9E2CFFF4A4DF,5
9E2E1FDE4D15,4
9E2F70695A72,4
9E2FE557839F,3
9E3359EBC812,4
9E33F34E3489,3
9E3FF1CEDAC1,4
9E4100586EDC,4
9E4B02A389B4,4
9E4F43374DD5,3
9E52C6A0876E,3
9E54D33AF6CD,5
9E565ADC63EC,5
9E61674DE1D4,2
9E6D1C0F5762,3
9E6F70058AC8,4
9E744C91CE0E,4
9E7468150E78,4
9E8892FF68A5,4
9E8925504E49,3
9E8BA894C495,5
9E8E7DF87172,4
9E8F3C6405CA,3
9EA5E7312E58,3
9EAB766AF4BE,3
9EABE5CEBE94,4
9EADCECA2FB8,3
9EAE8BE46F4F,4
9EB3FBEEDBD9,3
9EB66AB2C95F,3
9EB7C8500032,5
9EB7D09C785B,3
9EB8A19DEAB0,3
9EBE1DC9D4A7,4
9ED6ED1ED502,4
9ED9231D9373,3
9EE20D86E488,3
9EE34B9761BF,3
9EE3E7687D4B,4
9EE956923B33,3
9EE9B4AAF84F,5
9EF6AC7590A2,4
9EFA79BF42F2,5
9EFB9C338D8B,4
9EFD9F972D67,4
9EFDAC0F858E,4
9EFEB61AE3F9,4
9F020320C64B,4
9F0900A01266,4
9F113E685AD0,4
9F12C5402E1C,4
9F17E63CA44C,4
9F1CC7603B64,3
9F1EEDC186E3,4
9F203E3DB9F8,4
9F2AFB6701F8,4
9F346804AC09,4
9F36C2CDD92B,3
9F39D910B991,3
9F3D55C63C0F,3
9F44BE9A9EDF,3
9F457CB98667,5
9F516900789A,4
9F58F5814567,3
9F6A70DBE7A4,4
9F6CA1CD687A,3
9F7100885801,4
9F71393177F9,3
9F78D521CCF5,4
9F79DB6DE57E,4
9F7BBA5FC646,4
9F93DDF89408,4
9F940B25741C,4
9FA3EE5BDBCB,4
9FA7B30CC4D1,3
9FA8391D4B9E,4
9FA8BC0F29A7,5
9FAF37ACBFD7,5
9FB9825462EE,4
9FC26E3A10AC,5
9FCA0338E29B,3
9FD3F72C7BC9,3
9FD5F5EAA8E3,3
9FD65F435FD4,4
9FD82D743836,4
9FDBC2899F9D,4
9FDD63289FD1,3
9FDD8A146288,3
9FECD0D50903,2
9FEDA127135A,3
9FEEF0F10C42,4
9FF2F51AFF91,2
9FF4F0CFFA6D,4
9FFC1CFE7CD9,4
A00EFF7056C4,4
A011D641BBDF,4
A01A09B4DF9A,3
A020F9D9B47C,4
A0215B1294B9,3
A02C479F14E3,3
A02E1D0BEACF,4
A0319BB7A78E,4
A03284A8FF24,4
A03767EE9BC3,4
A03BED17CAD2,4
A03F03805EF8,3
A040DFB142C9,4
A044B8E5308E,3
A04A73BA176D,3
A04B753B1D91,3
A066ACC53ECA,5
A066B195BA06,4
A070588C06AF,4
A08514994C66,5
A0928D4B7EC7,4
A0935CEA2649,4
A0938A136F0A,4
A09818C01569,3
A09916887199,4
A0A41E351FC9,4
A0A61C1FD07B,3
A0C48135C403,4
A0C911D1A1AF,4
A0CE8DE23C85,4
A0D127A810E3,3
A0D96DEF2ADA,3
A0DD56A8332B,3
A0DE768B504A,3
A0E21080F7EF,4
A0E3127D3E13,4
A0E6B7240C25,5
A0EB6EAA4060,3
A0F1B1F7D109,4
A0F328ADB40C,3
A10226201F3A,3
A108AF527A6C,5
A10F4BAEA92D,4
A11947097A2D,3
A120BB70687B,3
A1252FD7C25F,4
A1274B901F55,3
A13182AA4AD8,4
A138DF27F153,3
A13EFC8CC12D,4
A148C659E98B,3
A14D91BB2BE2,4
A165EEC2E930,4
A173C6074FEA,3
A174612F3F64,3
A18003975A61,3
A187E6D70752,3
A18AABF41A28,4
A19416C96885,3
A19756B4C8A5,3
A197F806756C,3
A1A3E9BD809C,4
A1B5025267D1,4
A1B546B918F3,4
A1B65E2C7824,3
A1B9570B6749,3
A1BA626DFD42,4
A1C00871518B,3
A1C3D4F6E4D8,4
A1CD9D15EC22,4
A1CDD5F607CF,4
A1CE91F40D45,3
A1D2C03AA286,3
A1DF3585CBDD,3
A1E09E155EF6,5
A1E3FA6EC622,3
A1E4631053F4,4
A1EAC2434DD1,3
A1EC959B8C13,4
A1F176C0FF23,4
A1F389C6A2A3,3
A1F3E0A2A43B,4
A1F6D5360E2C,4
A1F95E312646,3
A1F9F72D3938,4
A1FD7287B623,4
A20205E47409,4
A202FBAF0CCD,4
A205C9872020,4
A21A69767BEE,3
A21E049EC383,3
A222836421FE,4
A222B298A2BF,3
A2237589F0FE,4
A2311DAD8D62,4
A23348674832,3
A2386ED7E56F,3
A239AE9A985D,4
A23B2225BBCD,4
A247A5FCE34B,4
A24A28C64B6B,4
A24F3C793D72,4
A265B1B9043F,3
A2671D3C37B6,4
A26919E91856,3
A26B1E4B4703,4
A2717785BE8D,5
A272AD6BD9AF,3
A279B0B48786,4
A27F852ECCC3,4
A27F8CE559C8,4
A2816855FB22,4
A28B8C10484F,3
A28E9B475935,3
A29350919975,4
A295FDD07F53,3
A29794857B1E,4
A2979F6CB12B,4
A298BA4F5921,3
A29CD7941E1D,3
A29D41F1E049,3
A2AD4A874BF3,4
A2B5E762A740,3
A2BEFDE54FB6,4
A2C3E5A5B48B,4
A2CB343EDF41,3
A2CD2CBF5A87,4
A2D381EC10A8,5
A2E13A686051,4
A2E1F55E3696,4
A2E37BB8E275,5
A2E4B3830DCB,5
A2E77A390DED,3
A2EED30DD075,3
A300C28B76F2,3
A30A8AF62E06,4
A316602CCDEB,4
A3285BFDEAA6,5
A336FB5F2623,4
A33A4F17C350,3
A33B9D112E23,4
A34949720738,4
A34FF5F00E3A,3
A35176B2A7B0,4
A3636EF8A9CA,3
A36527430D18,4
A369CA765144,3
A37EB4141D7C,3
A38187259EEE,3
A383D99A04DF,3
A385801FF637,3
A385D6FF97BA,3
A3903EDF710D,3
A394468CDEC1,3
A39BD96AF114,3
A3A00BA86199,4
A3A13A14C9B5,4
A3A52D0C5668,3
A3AEF9F996FB,5
A3AF3030682D,3
A3C150DF33B6,4
A3C528075F41,3
A3CD546B8DC9,3
A3D4D71B62F4,4
A3E66DCF8B6E,4
A3E684CC43AD,5
A3E8AF823886,3
A3E8BB69CC48,3
A3EA9A580A6A,3
A3EF457B5F61,3
A3F2C4FFA504,4
A3F896A51CEA,3
A400F5D95ED7,4
A4035C4D846D,4
A40FA9C91524,3
A41214DF1DC5,5
A4165F16B852,3
A419EE5769AD,3
A42187554C6A,4
A4266A92A0C5,4
A42993C8FE60,3
A42A600EEB0D,4
A42D0D160547,3
A42D4B7F30EC,3
A44210346B0C,3
A448213BC350,3
A44ADBAC8DB1,3
A44E9E70A83F,3
A44F6859B4D8,3
A451B2D00666,5
A4648DC5FA2A,4
A4689CAFDED9,5
A476784AFAFE,4
A47DE80009C8,4
A47EBEEF081E,5
A48461463FB6,4
A484FD45778A,3
A486E99E277D,4
A489B73A1C59,5
A48C41EEA09B,4
A496BC4964A1,4
A497C32D772B,3
A4A6A187E6F6,3
A4A7A35101F4,3
A4AC757E8206,4
A4ADCC04C319,4
A4B030C3D663,4
A4B47ECED161,4
A4B4E3356052,4
A4B90560C17F,4
A4BAA826534F,4
A4BBC75728EF,4
A4BC2726A9F0,3
A4BD4E0A3B01,4
A4BE98BB1E78,3
A4C42F2B3A57,4
A4D245A77427,4
A4E279EC0066,3
A4E6E2D5658D,4
A4EECC69CA30,4
A4EFD4CBDE3A,4
A4F773503156,3
A4FA2C4BB8C8,4
A4FAC154C07E,4
A4FD9B8E6C4C,5
A500CCF711B0,3
A501F5FB719A,4
A5073B74C615,3
A50ECC86DCDA,3
A5159F0C191D,5
A523560DD28C,5
A524BC074C36,4
A52526F650F3,4
A52CA9B55339,4
A538E8B618FA,4
A53E02BB0A41,3
A540C5E958FE,3
A544DE716883,4
A548B0911394,4
A54C0AA815DE,5
A54EB2889518,3
A5546DD2FD07,4
A5573D9DBBC9,4
A559A96650EC,4
A561A3334D76,3
A572EAD5ADED,3
A57FC6AFB48E,3
A585AF7C6630,4
A588F05DC41F,3
A58C671D5EE3,4
A59E6A9BEB3F,4
A5A55FE930C4,5
A5B9C9F26FD6,4
A5C70B7DCBFB,4
A5C75E6F0811,4
A5CBE47832DF,4
A5CCD64F5F64,3
A5CFDDC32628,4
A5D167D7CF4A,4
A5D5A035D201,3
A5DA0D5410DE,4
A5DD0CEFE045,3
A5DDC612408C,3
A5DE8251CBCE,4
A5E08B9B9392,4
A5E5F83207A8,4
A5EBCAEBE97E,3
A5F04D377DF5,3
A5FBF588B2F4,3
A603DBD5D182,4
A607E3023F15,5
A60ED461EEC9,3
A61A2D0D865A,3
A61B36D58594,4
A61D07193089,4
A620127943B6,3
A623F564CB1E,4
A629428E974F,4
A62EBECE741D,3
A643278122A7,3
A6432958C29A,4
A6440604EC36,4
A6546D2758D0,3
A66198E783B0,4
A661A21F0F49,3
A66598C542EE,3
A66B5A9D1F00,3
A66B93C3C8F1,3
A6759897BBE1,4
A67891ECF902,4
A679B566D8CB,4
A67B55BDDA6E,4
A67D3F549FAD,3
A692475F6AF4,4
A69B61336132,4
A69FAFC409EC,4
A69FB0F70DAD,4
A6B037934481,4
A6B1EBD03706,4
A6B20075B2A5,4
A6B380D5DEBB,3
A6CC10322C3A,3
A6CD1CF86FC6,4
A6D10284A4DD,4
A6D1E89AB196,4
A6D723F7B8E8,3
A6E992C5C8BC,3
A6FCBC1C476D,4
A7036C8E5E6E,3
A707D99B4C78,4
A70A57F5752D,4
A710C1BBBB27,3
A7135E6A66B1,4
A737705B81A4,3
A74A54902874,2
A74B8AFE4174,4
A74C8E09C566,4
A74CF2F7BC8E,4
A74F379C73A9,5
A75AE257DF5C,4
A75EB2F907D9,3
A7642F5617E0,4
A76BA2CA628E,4
A76C9C59AD43,4
A76DEAA44D9C,4
A77B230FF451,5
A78A0641A2FF,4
A78C3DA1FD12,4
A78CEC229621,4
A78D349FB188,3
A79897593A34,4
A79CF9AC2B58,4
A7A4C0BC2D03,3
A7A7B0BBA529,4
A7AB35E04C19,4
A7AB95A87C65,4
A7BF283E400C,5
A7D3E138D9E4,4
A7E115387C5D,4
A7E4CD11B5E7,4
A7E8DA7C1247,4
A7EB29E9B6E4,4
A7F68B21DDB0,4
A7F6D05B5D22,4
A80542F83A7C,4
A80B12A8B100,3
A80B74026593,4
A817A13D651B,4
A818ABB54C22,4
A82299609B1F,3
A827D5DE2309,4
A82E66D99555,4
A82F551BD455,3
A846836E9708,4
A8499C6EACA1,4
A851E38A7344,4
A853B52D7631,3
A8559152A433,3
A85F9AA39EB8,4
A860936AC6CD,3
A867CA244C91,3
A8694BB95FD6,4
A86C5A5446BD,4
A87882E3DD41,3
A87D3BEDF899,4
A885B3EA9C99,4
A8889975565B,4
A889F41FDF94,4
A88A21A1B19E,3
A88BEC03617C,3
A8907059C00A,4
A89206A14C39,4
A89C7AADA223,4
A8AB6AF861C9,5
A8B4C79F9954,4
A8BAAEDA8475,4
A8BBC8F598F4,3
A8BED0503A7D,3
A8BF1D0AA57F,4
A8C8C22C5A3B,4
A8D9AE4B4259,4
A8DC4866AEE4,4
A8DFF4D30133,4
A8E16767A2DA,4
A8E5BC14F79F,4
A8F433952F79,4
A90048DEAF9A,4
A9007878D94D,4
A90544B36B14,4
A90D09A72B23,4
A916F45DAFB6,5
A917258AD9D9,4
A918A3CC7A0E,3
A92254B458C1,3
A9258A6DF8AC,3
A9260C7203ED,4
A926E278BB9D,4
A92B69B40619,3
A92B9B2B7418,4
A93072F1F0EC,3
A932B6A489DE,4
A932B7BEAC6A,4
A95B8B50E0C1,4
A95DC9851C4A,3
A95DF27FF021,4
A9704EBCDE99,3
A971D98DD17A,3
A975CBC4A7E8,4
A97E6285895B,4
A9872AFF064E,4
A98FC0B6F0FA,3
A996BE4B49FA,4
A99895FA8F4B,3
A99C834B122D,3
A9AEF67EBDC9,4
A9B89BB57964,5
A9BD2FCF25BE,4
A9BFDB854400,2
A9C32291F224,4
A9CB53645FC9,4
A9D04D3896C0,3
A9D4A57ADCBA,5
A9DC409C8EEC,5
A9E4B29E6B0D,4
A9E9851F3E7E,3
A9EBC5E40694,4
A9F45F81526E,3
A9F764775832,3
A9FC7416BFC4,4
A9FE240AEBCA,5
AA066CA040D5,3
AA079BC1923D,5
AA07C771D2D2,4
AA0C42595227,4
AA0D527B394A,4
AA0EC4007F16,5
AA0F49E35E96,3
AA12243C8371,3
AA15F858439C,3
AA1727BD4947,4
AA1CDE1DE20C,3
AA1F3740A24D,4
AA25CD9D9014,4
AA2A58643ABF,3
AA2B7E9642C8,3
AA3A35044E77,3
AA40C0B9B536,4
AA44E0F93AE8,4
AA45F6AB9AA9,3
AA48C183006F,3
AA4CF5537352,4
AA59A664939F,3
AA5E62173BB5,1
AA63BFA27A2C,3
AA6C2F58FC3F,3
AA6E2A489205,3
AA75CB9C552C,4
AA766FA05F63,4
AA7F2985C1AA,4
AA7F9D6FABE3,3
AA815FFC2BF6,4
AA825AADE171,5
AA871DB1926F,4
AA90439F8B92,4
AA95E0C631D9,3
AA9767FB71E9,4
AA9B263544A9,4
AA9CF617C348,3
AAA9670F8168,5
AAB5BB67C620,4
AABF59EF8FE8,4
AADCE1E62CE7,3
AAE2C403989D,4
AAE49DDED395,3
AAEA45B2CEE1,4
AAEED47072D9,4
AAF5D100E836,3
AAFA0B9080C0,4
AAFE0E511953,3
AAFEFFEE5557,4
AB0403712FA9,4
AB0E914DEB96,4
AB115EA6CA38,5
AB127AC65E33,3
AB152A57A2D7,4
AB1F3BA8AED2,3
AB20C40854C1,3
AB2DAA9F9151,3
AB2EE99A7ABF,3
AB3053E08AEC,4
AB3263A61ECB,3
AB3606E85520,4
AB49E68A9AD2,4
AB4F9B52DF71,3
AB5D516FC4C3,3
AB5D77D7E5A1,4
AB5EBB04C48D,4
AB6284069E18,3
AB69A8EDFA20,4
AB6F718824A0,4
AB7706113077,3
AB7788B03DC1,3
AB7C37512445,3
AB811AA2AB4A,3
AB8291924838,2
AB831D6AD78A,4
AB83C89D3124,4
AB887E670FE6,3
AB8D3B532D2E,3
AB8EFBD82820,4
AB937FE6C5DD,3
ABA8D98CE4D1,4
ABAC4A93E9C0,3
ABACC30835CD,4
ABBA50242CFA,4
ABBCD9806D9C,3
ABBDBEE8FE04,5
ABBF7FEB056D,4
ABC4770058F6,4
ABC59FCA6150,3
ABD3B53BC183,5
ABDBAB6E1572,3
ABE45B3CCAD9,3
ABEB82F77B84,4
ABED0C27DF2D,5
ABFA0C962CA1,4
AC04DCF3041C,4
AC05C210E589,4
AC09E2C4AE2E,4
AC0B87BB101A,4
AC0FEEED417B,3
AC134C9AB3CC,4
AC31C0D7AFCA,3
AC322869C365,4
AC33D93DD897,4
AC4075563D4F,4
AC4B2411A986,4
AC505EF3920C,3
AC523741D5A0,4
AC525B50F33C,5
AC5784FD5C8E,3
AC5F232F9F99,4
AC61A7E32B06,4
AC6348A7ECB4,3
AC70BEFCB732,4
AC729925620C,4
AC73CBAA169B,4
AC76BEA677C1,5
AC78193CD7B9,4
AC7AB280A93C,3
AC7C84C2A13E,5
AC7E6B598391,4
AC7FEF69749E,4
AC84A8657812,4
AC8F2F26AB2E,4
AC8FB147E095,3
AC92D49B8CC3,3
AC9801E7B7A1,4
AC9EA64819DC,4
ACA08DBF39EE,2
ACA6FC4A813D,3
ACB2761CF6BF,3
ACB4C9F4B96D,5
ACBB0618CF1A,4
ACC2488E77B7,3
ACC87684DC19,3
ACCD71550365,4
ACDF0CAAF77C,3
ACE1A5EF8B3C,4
ACE2C5B570CB,3
ACE3E472041C,3
ACEDBB3C81A0,4
ACF8D85BE4F4,5
AD094AD5740A,5
AD172AE23CAC,3
AD175892EC1C,4
AD19FCCF4D66,4
AD21FBA1A7DF,4
AD25C95CC18A,5
AD2E56E68B84,4
AD2EB78655F2,4
AD330078D176,4
AD3821286500,4
AD4118A1F805,4
AD447A0ADA1E,3
AD53B357BD0D,4
AD58FCCE40BE,4
AD6649397582,4
AD66766E1629,3
AD7525091D85,4
AD792BAF03AA,3
AD7BF1EAE72F,3
AD802CC1863E,4
AD8BBB12682E,4
AD8D17327119,5
AD968694871B,3
AD97126ECA8A,3
AD9CEE5A6FFF,3
AD9DF5656D88,5
ADA5FE621125,4
ADA8F6319D6C,4
ADADD3AF30B1,3
ADBC6A551DAA,4
ADC46484D3B7,5
ADC9301EE918,4
ADCCB5D55577,4
ADCE0BCD042D,3
ADD3D2BDCC6B,3
ADD688C18040,4
ADD7CE85B73C,3
ADDAA9A7EB90,4
ADDD983D6D5E,4
ADDF7CABF5A5,3
ADE6D1DFC53B,3
ADEB72AF10FC,5
ADF83B2078E9,4
ADFE2CDB6FF1,3
AE021F85F4D5,4
AE0341CCEBDB,3
AE044D6DE72C,3
AE0675B526C2,4
AE08D70812DF,5
AE13071BFEF8,4
AE1CEA05AB1F,5
AE1EA7A93322,5
AE25912B8391,3
AE359CF88362,5
AE37AE3F79C7,5
AE3C28BB7160,3
AE425A221021,5
AE47AB399CF4,3
AE4A6DE0EE74,3
AE4E01E44C0F,4
AE56A078E096,4
AE5D214AAC85,4
AE6462B51991,3
AE6BABB53D5E,5
AE6BE874B204,5
AE6DBB2AE6DB,4
AE7604228277,4
AE7A29F3FF37,4
AE7DE878CED5,4
AE8253E52260,4
AE8385F10D82,4
AE9E8ACD0A6F,4
AEA3FC7D6E3F,5
AEA63015C64E,4
AEA7922669A8,3
AEB124976815,3
AEB7346EA9A4,3
AEB8B6614549,3
AEB9F07707B7,3
AEBB0D1C98E9,4
AEBBFD25000D,4
AEC47500AA79,4
AEC9BAA4E7B1,5
AECE752276B3,3
AED0E44B59CE,4
AED1693001E4,3
AED7996C9DBC,4
AEDEB221139D,4
AEE03367AC03,4
AEE79E8B256B,4
AEE8D73906FE,4
AEEF884DCBBE,3
AEF85C085047,5
AEFDD857A5D9,4
AF012373AD3C,3
AF0203C8BFE4,4
AF05AA1A49DA,4
AF1693F74897,4
AF1A2BDA829F,3
AF214D4C47A5,4
AF31964E08DE,3
AF320373DBAA,3
AF345723174D,4
AF34B1CDD152,4
AF3A719533E9,4
AF3AC84DD882,3
AF4152FBC8DA,4
AF41FBC320A5,3
AF4B8E3F7BF9,4
AF517D7FA328,3
AF5E5BF38512,5
AF5F2794E970,4
AF6254DD5494,4
AF637B7047FB,4
AF642CA41345,4
AF651D592CBE,4
AF68F7B20B1F,4
AF6A4C253262,3
AF6EA8391841,3
AF7D12A40305,5
AF8626974C06,3
AF9079B5EF21,3
AF90C62BA52D,4
AF96A2176FB7,3
AF9939DC1EB2,5
AF9AA93024A9,4
AF9AAA672210,4
AF9AE164D6BC,5
AFA1B02E1A80,4
AFA633EBCCAA,4
AFAD4C8AF912,4
AFB59A8CCD0F,4
AFC3A1FDF322,4
AFC6EE85F5C2,3
AFCE5307F69A,5
AFD7DF57B19C,4
AFDA24702118,3
AFED7787CD81,3
AFF314E99BF2,3
AFF4F4ABC213,4
AFF882607973,5
AFFD150170C8,3
B009897F65D0,4
B00B5447FE83,4
B0171B5E2D2F,4
B01DC4B13C31,3
B01E091E37CC,4
B022347FCF4D,4
B02A4DDA8FC7,4
B0352BB36198,4
B04BEFD69D01,4
B04DEC188939,4
B04EBE5811B6,4
B056AD01475D,3
B05F21B4953A,4
B082F1A267EE,4
B083BE6F3E72,3
B08707B954BE,4
B08943432C17,4
B092EE6E6C3B,3
B09CB4CB2D85,5
B0A311ED820C,4
B0A3BDF469F7,4
B0A88042A599,3
B0AB337A9B59,4
B0AD7021AB07,4
B0BFB2D69DBD,3
B0C022D12C7F,3
B0C3BA432D21,3
B0C3BBF86B9B,5
B0C7779B7276,3
B0CA1D56B5ED,3
B0CA3173B40D,4
B0CCB2BD0349,3
B0CCFA21F82C,4
B0CD65C0DE1D,3
B0D2190F7312,3
B0D9116BE51A,4
B0DFA8E19584,4
B0E17505BCB3,5
B0EBCFB79C3B,4
B0F17397621A,4
B0F3FA7DE6CE,4
B0F5A3880ECB,3
B0FE8DA602E8,4
B10961803408,3
B111395C3C6E,3
B119CD1A5145,4
B11A853443A1,4
B11D35EE7B0F,3
B127CFD81E92,3
B150F36A25B2,4
B15874A0E53D,4
B1589F9F0ADB,4
B15AF429027A,3
B15CAAF6DF04,4
B15DCC651E2D,4
B15E9A8C1E3F,3
B15EA1EE9302,4
B16710F91588,3
B1687066F985,5
B16C6D2C17BE,4
B17127A30AC0,4
B17816AD0AF8,2
B17A3A770A17,4
B17BDAC0197F,3
B185CAA596E4,4
B18624117239,4
B1869256CAE8,3
B18A0DBBF287,3
B18CC50F5A1A,4
B18E2DC8E7DB,4
B19940812E58,4
B19C6EA1C4B7,4
B1AC534F399D,3
B1AE2526EA45,4
B1C0DDEE474D,3
B1C9D89FD27C,3
B1D7630EE532,4
B1DB05B61A1F,4
B1DE8840D4C4,4
B1E4B9C99415,3
B1E590527982,3
B1E6DCD4F05F,4
B1EF45488EA7,3
B1EFFE527751,4
B1F95DB388DB,4
B1FBA75AD961,4
B1FC2FA3AFB3,5
B211B7A637A9,3
B215E1BAC336,3
B21F63120303,4
B222F9F093CB,4
B2244BA6AE2D,3
B2305853B773,5
B23BDDB4B5FA,3
B240406DD5E7,3
B24B60C74429,3
B265B2EEBEDE,4
B269D53897D9,3
B26ED6F34796,3
B27C4443F88F,3
B286E6029ECB,3
B286EEAB83F6,2
B28B37BFCC03,3
B292AB3572D3,4
B29C1E38F12E,3
B29CFA250576,5
B29EB2BF4D96,3
B2A621D75A0D,4
B2C0ECB08687,3
B2C7EAB1488F,4
B2DAE4CC6597,4
B2DBC0B3AD67,3
B2DDBAAC084C,3
B2E594733164,5
B2E7CD57F60E,3
B2EC537A5265,3
B2F2DAD41E5F,4
B2F51A10762D,4
B2F7B08EA688,3
B2FF6A761EC9,5
B3031E720297,4
B30A57DB8F04,4
B30E789C19ED,4
B30F2CD326C3,4
B30F7524C444,4
B312F104B015,4
B316580FC02E,4
B31F203DB1A8,4
B32F41984B27,2
B3341D036468,4
B33757C833AA,5
B33809DC1AAF,4
B33AAEEF92E5,4
B343F5E7C7BA,4
B3493FBE6476,3
B34F39598C5D,4
B3526897360F,4
B356D7FBA362,3
B35B894BDDEF,3
B35CDBFBD6D1,3
B3712DCA6C26,4
B375FE480591,5
B3813CAD3B8D,4
B3815FC262CC,4
B3826CEDE916,4
B3842469B183,4
B384BEA9572B,3
B38B9288E93D,4
B38CA47E7A29,4
B38CEB26C2AB,3
B38D6D958DB1,3
B38DBE0AD1B2,4
B392C89CA90E,4
B39E22A349BD,4
B3A2B0817A9F,5
B3A7EA9C932B,3
B3A830730FB7,3
B3AB4E6C5678,3
B3BBBAE51416,4
B3C8CE820C5D,3
B3CD019589CB,4
B3CF4188DC2F,3
B3E4B633261B,4
B3EAA82C827E,4
B402430B0616,4
B41900D2BB5B,5
B42AFC74C063,3
B43A357A9F90,4
B44F4F2E6178,3
B460DDD6C6CA,4
B462DD2E5524,4
B46913FEF3E9,3
B46A2BA39974,4
B480F24C84B2,4
B48302EAFB68,4
B4862797CA5D,3
B48D82A4EC73,4
B490EC2E88FA,4
B496C551E6D8,4
B4994C771190,3
B4AC3F641AFF,4
B4B8BEB77C2E,4
B4BD4DD677AD,4
B4C4BABFB290,4
B4C542456DE7,4
B4C5B9F3FB4E,4
B4D5A1F379A4,3
B4DEA93DAA5B,4
B4EB26957632,4
B4F6234EE053,4
B4F7C5D9CA8D,4
B4FC71C68AF1,4
B51FB7EF1F85,3
B522B51842BB,4
B526BA896931,5
B527F1CEBDA4,4
B528C5E19433,3
B538ED9EE68B,4
B53910E9E75D,3
B541C87764FC,3
B54BD310F2E7,3
B54C2AEBD0A2,4
B55226710587,3
B555B3937F07,4
B55FF7648652,4
B562D63C7817,3
B565CBCD43E6,3
B567AD10DA07,4
B567E3C423FC,4
B57CD09825BE,3
B5868ECDF875,4
B5881296C4D9,4
B59382C26036,3
B59796948DC5,5
B5A5CFDCE29E,4
B5A7C13D13B8,4
B5ADA3B3C0CE,3
B5AFFE1A4431,4
B5B008D3B5FD,4
B5BE21756CF7,4
B5BEC55A9305,4
B5C606F0A883,3
B5CA9C10711C,4
B5CBE846C3F7,5
B5CC94F03E06,4
B5D7E9862FCA,4
B5DB0D021C61,5
B5DF4C1B3866,3
B5E0ABA73D8B,4
B5E26D74877D,4
B5E9AB29F905,5
B5FF33681C22,4
B601B21F968F,4
B60638E77885,4
B608721A4DF0,3
B60965F6B17C,4
B60ADCB454D8,4
B60BD5B9D118,4
B60E0310BEBE,4
B6113C09A9DE,5
B61FF40EE999,4
B62124DB13F3,3
B62735D56CF8,4
B628FF1A07C6,4
B629EA259C90,2
B6467F2220B6,4
B64898B85B89,3
B64E5519018D,4
B651AEF954C3,4
B65275183C2E,3
B65361F90B72,5
B655D031D13F,4
B659CCF9A5C5,3
B6666AE07D46,3
B66DBF47F3CE,4
B6754C50B4F0,3
B68ED8EDBA5D,5
B6A680899085,3
B6B28560FA92,4
B6B2D2FC8F3D,4
B6C0D82C6F85,4
B6C9D15965BC,4
B6D2D0599D30,4
B6D345D45CB9,4
B6D4400A3B06,4
B6DA78584387,3
B6E0685C4299,4
B6E9E12159E3,3
B6EFDEA59653,5
B6F03D0CEABE,4
B6F12A1662D4,5
B6F2EB10DE3C,4
B6F445EE304C,3
B6FA14E88F99,4
B700273E7D4B,4
B70CB72FC1BE,4
B71521CCA4F4,4
B71DB7CEB4A8,4
B724D11E09C5,3
B727B720430B,4
B72812E8C21F,3
B72A2DB34EE9,4
B72C8D543253,4
B731B6D15B45,4
B731FAF1A933,3
B736B35EC849,3
B73FE4F761D2,4
B74091BD48A1,4
B7468C4DD17C,4
B74852381DC0,3
B74EC94193F8,4
B7530756CE92,3
B75BF6FFD9A2,3
B75E90DC14B3,5
B765274CA182,5
B77CB9C82BCB,4
B78A191477C9,4
B796909E583C,4
B79712C5818C,3
B799DAFE0950,2
B79DB58FFBA0,3
B7A015945756,4
B7A0347C68C3,3
B7A4F3D53DD6,4
B7AA9C26B8D5,3
B7ACED7ED339,3
B7B158E7E87B,4
B7B7115CD3A4,4
B7B88467EB00,4
B7B88E6FF395,4
B7BA180EB8FF,4
B7BC85276656,4
B7BD2B00214C,3
B7BD520BE938,4
B7BE5DC0C28C,4
B7C1ABD185A4,3
B7CB125E7BD5,4
B7CEDA3843F3,3
B7CEDD36D489,4
B7D68CD59B93,5
B7E89307EDCB,4
B7E98C5C578F,4
B7ECC3A7AD2B,4
B7EDCEA9137B,3
B801475483E7,4
B803E3E11DD0,4
B80D5859AC35,3
B8164EA79177,3
B81988A56B6A,4
B81A81BDA987,4
B81F8D4BF791,4
B82896DAE7D6,4
B82D39FFC692,4
B834D88C6D32,4
B83D6D54324F,4
B84EF55EE7F0,3
B8588FFF0828,3
B860C32986F9,3
B864F3DC71FC,4
B865F245D86B,4
B86D09F6A43A,4
B871AAD79344,3
B87B216EF2C4,4
B88301B4E6D7,4
B88543B512DE,4
B88A1ED73119,4
B89AF6677AE9,3
B89E39C1E436,5
B89F37555A14,4
B89FAB59B1B3,4
B8A2B64B089F,4
B8AB4C6E1F5A,4
B8BE5466E96B,5
B8C778C456FA,4
B8CA9E3E3100,4
B8CAE254E601,4
B8D044C6D5CB,4
B8D4D1B62526,4
B8E2173DE90F,4
B8E586DF8C64,5
B8E816DA2049,4
B8EA14D3E542,3
B8F20E4A2425,3
B8F95A683EEA,3
B8FB806ECDA3,3
B8FCB3C2CB97,3
B8FEB34C1378,3
B900AB9B5FEA,4
B91C344934D2,4
B932887DC40A,4
B932B6502E71,5
B934F3106FCB,3
B936994E140D,3
B939C9FDDAB0,4
B93AA2C15E8B,3
B94059412B2C,4
B947F9493FAF,4
B948C72229B3,5
B95153DCC67E,3
B95270A9AB79,4
B962DA47BC7B,4
B962DFFBD558,4
B9651FC740C7,4
B967FC913839,5
B9683F7A95FC,4
B980EA7222ED,4
B98606572CA3,4
B9871E7972A3,4
B98CEECCB8B7,5
B996860E00A4,5
B9A542B2C36C,3
B9B22FD6C9EF,4
B9B653AD964E,3
B9B870FF9795,5
B9B8F5E753FB,4
B9BB6A0E2F04,4
B9CA103F2BF9,3
B9CFF7E63FD7,4
B9DABCFD687D,4
B9E4540497AA,4
B9FEF2CA826E,4
B9FFFA708444,4
BA007250F304,3
BA18C6F80423,4
BA1D860F0A07,3
BA1E2A47DC1B,4
BA2508B83457,3
BA2C7291BBFA,3
BA2E03C7A8F4,4
BA30863CDECB,3
BA318BB2F60E,4
BA38004E2A10,4
BA3D6BB860C6,3
BA43E40FDC33,3
BA4563DB8F78,3
BA541CCAA2FF,3
BA545022DFCD,3
BA598CD4A9A0,4
BA5C438CC087,4
BA5F00503DBF,3
BA615AAC44E7,4
BA6A9F0E5306,3
BA6E16F7F861,3
BA7B34D01383,4
BA7D7280DF73,4
BA7DFD2DC895,3
BA84F715BB5F,3
BA85951767B0,5
BA8756AB310B,3
BA881F8A8909,4
BA930ABE4928,5
BAA1D7B94854,4
BAAE75D65C1D,3
BAAEFBE3AA34,4
BAB0E8E2AE82,3
BAB28ABA8ECE,4
BAB720EE1AC3,4
BABDE6C6C7B9,4
BAC0B3065401,5
BAC5264E2DCE,4
BAC9D8631137,5
BAD78C43D291,4
BAD8D71742D9,3
BADF7845CDA3,4
BAE5AB74C4F5,3
BAF3E4907368,4
BB009CEC8D8F,4
BB05AA24FF3E,4
BB08150E3DAC,4
BB281953DF01,4
BB2AE006B7CF,3
BB33169642C3,3
BB3615AA4AF1,3
BB44EB96FFFF,4
BB4A53A0A9E0,5
BB4B5D896E96,4
BB4CEF5C3899,3
BB5B7EE4A1A6,4
BB5E6A8A2420,5
BB63726A3E94,4
BB788EF59B9E,4
BB7BD96F1D9B,4
BB802192D44F,4
BB8064D7B327,4
BB86D8B194BD,4
BB888E19222B,4
BB8AADDCF097,3
BB8F93A2571E,3
BB92579586BF,3
BB9B2400BE18,4
BB9E9FAB601B,4
BB9EF9FA2F9B,3
BBB0C6DD06E5,4
BBB2C5E7B286,4
BBB54BC8F12C,4
BBC71057F9A5,4
BBDA39C84AF7,3
BBE5305DAE8E,4
BBE712F7271D,4
BBEE06BD484C,3
BBEF082C0C31,3
BBF72645C803,5
BC0703638937,3
BC0B8B8E499F,3
BC0D9F77A3DA,5
BC14D201CBF5,3
BC16D84D825F,4
BC17CDFA8BF7,3
BC1B132DB385,4
BC1EB41C5606,3
BC1F674402CA,4
BC2210868DF6,3
BC27CDCD1A45,4
BC2CAB7DB6F0,4
BC37046CC03C,4
BC3ABF1DE758,4
BC3BA3BD592F,3
BC40D61679A5,4
BC4CC859C08D,3
BC56873E3D8D,4
BC5897273E24,5
BC58A9389AF4,5
BC5B1BBADA5D,4
BC6C957D792F,4
BC6FA6976BC8,4
BC8ABD92AC4D,4
BC9BD45BDC0E,4
BCA02BA3F766,4
BCA5C180FFD4,3
BCABCE4B902A,4
BCAE5B0783CF,4
BCB248D539C3,4
BCB7DF4F1620,4
BCB916A9A9F3,3
BCBD7D07903C,4
BCCF4B287AC6,3
BCEF4D5FF6AB,3
BCF1394768B1,3
BCF95C5F4A60,4
BD0A4A94AC7B,4
BD0D555216AB,4
BD0D7907E4D7,4
BD128A3C6F33,4
BD1B84C5FC0B,4
BD33192DA18E,4
BD4AD688DDDF,4
BD4B01D328B0,4
BD4BFB4E8C6B,4
BD5D43DD9B27,3
BD74DC599A26,3
BD7699966452,3
BD82629E71E2,4
BD889A4D831B,4
BD88FF0A458D,4
BD8D21AC238D,3
BD994514CE6C,4
BD9CEA31FE1A,4
BDA9F0CED1A1,3
BDB04C58DD28,4
BDC47D47817A,4
BDCAC1A891BE,4
BDCD981437BB,4
BDD19E45610D,4
BDD5D74671DD,4
BDD65CF27087,3
BDE08546F7EE,4
BDE41F0B5A4A,4
BDE777E6A89A,5
BDEEF1C21803,3
BDF7794E56BF,5
BE06AE84DE6F,3
BE0B394B4E9B,5
BE0FA97CA16D,3
BE126D453657,4
BE1367FA4958,4
BE1752DCF09C,3
BE1E07640466,4
BE2EFAD9E4DF,3
BE3528E08156,4
BE3B47A38A44,3
BE3CDD3C096D,3
BE464F52C63D,3
BE467B258799,4
BE4764F7BFF1,4
BE491CB91FD3,4
BE4BF0AD2979,5
BE4E34FD45B6,4
BE5D3ADC4F2B,4
BE62C5534E8B,3
BE68B9E53CCB,4
BE694C1289EF,3
BE6A9A5A2824,3
BE6D18BAA3D1,4
BE803DB36DBC,3
BE80D73EC131,5
BEA1BEB4D331,4
BEA3DD78D206,3
BEA6B3D459CC,3
BEAC2B192D02,5
BEAD93DDDB69,4
BEB1900622E4,5
BEB9FA0DE942,4
BEC46C36BC47,4
BEC88463148B,3
BECD43430921,3
BECFCA5BFABD,3
BED033B2C361,4
BED647C69EDF,3
BED7C30345A0,4
BEDC43C0FE6A,3
BEDEBC52CD1A,4
BEDFC81C8E66,5
BEE16EB0ACF4,3
BEE1B9179E2C,3
BEE6B76959CE,4
BEEC3F8E676F,3
BEEE3AC55C0E,5
BEF5E55E29CB,4
BF00A0DFDA72,3
BF01FFEF8CB3,3
BF0241C10324,5
BF040431FB95,4
BF0ADF374100,5
BF0D14D14F35,3
BF1212223916,4
BF17866F7014,4
BF205C369289,4
BF21FE121718,5
BF2E86982E3A,5
BF3A5AE6F0C1,4
BF3B2E113A65,3
BF3CC3305C55,4
BF4BD008BA9E,4
BF4D8E461594,4
BF5384FC042A,4
BF5E801B7FD6,3
BF619ADE9BF4,4
BF6463EA5A5F,4
BF6BB8DC9EF7,4
BF795A45BEA1,4
BF7C67E62F30,5
BF8BD3F4C67E,4
BF950D449303,3
BF960F59D07C,4
BF9ACEA631D8,4
BF9D28CEA717,4
BFA04D3BB1B5,3
BFA9F9B90BFB,4
BFAE37AAB648,4
BFB78DA9AC86,4
BFBD47C22FB3,3
BFC1DA1CCD97,4
BFC824D7C408,4
BFD53A1B3342,3
BFDBB9112E6B,3
BFEB164FF565,4
BFECB89ECF69,3
BFED2B049566,4
BFEDA9FE9F1E,4
BFF1386AFBE2,4
BFF614D2073D,4
BFF7296A29FE,3
BFF79DCB9336,4
BFF95BC69F64,4
BFFCCDE1E5DA,5
BFFDCA7C7E1E,4
BFFE97547241,4
C002A99091B1,3
C00C50C17BD3,4
C00E1BA4B107,3
C01B298F4F3C,3
C0240B58DB32,3
C0288C918431,4
C02A65E91884,4
C02D71CA884D,5
C02E687A4BB9,3
C0307836F819,4
C0355BDE9D90,5
C036251405AD,4
C03D9C272DBF,3
C03E6E1AF049,3
C044BD1DAC0E,4
C0459F75A8DB,4
C0493529C98A,4
C04A90A73B3D,4
C04E9948DEEA,4
C0542F9D82BC,4
C056C8CB9E33,3
C05809232F0E,5
C05D58286BB5,4
C0611756DF81,4
C0643251A96A,3
C068F7168129,5
C06AB6F566C8,5
C0795AD23ABF,4
C07B7A0A0AF1,4
C08191DD8DD1,4
C08F1994B248,5
C08FEF535E7F,3
C0971C7AC826,4
C0979831CC71,3
C098EB4FFE1B,3
C09F3A4EA902,4
C0AC393B1DC9,4
C0AF81E21678,5
C0B2450C6EFC,4
C0BA2FA545DC,4
C0BFC88C5F4E,4
C0D0428510D5,4
C0D04A96AC45,5
C0DF324B581F,4
C0E0348A72F9,4
C0E1F745436E,4
C0F9FAE946AE,5
C101F9CAA4A9,3
C10C76A6A14D,5
C1152A41E4C8,4
C11FE94DD6F3,3
C12807C8F8D5,4
C12F7FF27DE7,4
C1442695A931,3
C1528CD20761,4
C160AFBD9D19,3
C163D52B6F43,4
C18CFB62E375,4
C18D0CE31987,5
C18DA1185654,3
C19E458F78DC,3
C1A275127D98,4
C1A5212A7E96,4
C1A768FBBD12,4
C1B32D871830,4
C1B6590C0397,3
C1C86CB5DC8D,4
C1CC3C045CCB,4
C1D049335CC0,4
C1D9A969B6B6,3
C1DD8AC93D1B,4
C1E9FCAC406D,3
C1EAD0C50570,3
C1EF875519DC,4
C1F1332EAAE1,4
C1F37848EC02,4
C1F37D3BA776,4
C1F52F0473A1,4
C1FB4CA837E1,4
C209A215633C,3
C20B43E2E9AC,3
C20B49FBE2AF,4
C20C1032FA1C,4
C20E686DD676,4
C2108A76827F,4
C211C3467CCF,5
C2128DBEFC42,3
C213E7131A84,5
C21666E1F270,4
C21F5FA26FC7,4
C2228FF74DB5,5
C223B856BCEB,4
C22DBAED1081,3
C2324684827A,3
C23622128006,4
C236576483D8,5
C24AF93496CF,3
C25CA518A21F,5
C262CF549A63,3
C2636186175F,4
C266F2FBD7CC,4
C273E9F6D478,3
C2869BE88FBF,4
C287B9AB69D2,4
C28D558C3C2A,4
C290EA8C6F2D,4
C293D05076A0,4
C29A6FAADF82,3
C29C7F7833BC,4
C2A6C69714EC,4
C2ACA7830C43,4
C2B40B0DCC34,4
C2BF4C553358,4
C2DD2FAC6EA4,4
C2E0FC6F097D,3
C2F236614921,3
C2F4EDC43D71,3
C3002BD0533E,4
C3172B144AA3,4
C318777ECE9F,4
C3194A4504F5,4
C31E318BE4C1,4
C32244E43789,3
C32636188882,4
C32DE5F18B26,4
C352163DBB69,4
C358C5832938,3
C36483B37883,3
C374AC1D9119,4
C381020269C2,3
C38334385924,3
C38FAA6274B6,4
C39D32FD1F07,4
C39E40DFF3FF,3
C3A3146784DC,3
C3A369E86900,3
C3AE86A7A222,4
C3B085E2AE8E,3
C3B0C8C0F601,3
C3B3675F68FF,4
C3C13F0C0274,4
C3C2EA6B46EE,3
C3C456F2758F,4
C3D8E8E8B942,4
C3D986A84D93,4
C3E739D1FA5B,4
C3E8D00403D9,3
C3EEDCA21B42,4
C3EF250CD155,3
C3F0BCBEED7D,4
C3F618ABA73C,4
C4056209A48C,5
C40DB30CB7EB,3
C40F03045FD8,3
C4116C4965BB,4
C4118746172C,4
C414E9F1DAA6,3
C41D0819F2A1,4
C42060BAF235,4
C421DD678B5E,4
C424CD611304,5
C42978129AAC,4
C431BAD29891,5
C435A1D1C3D5,3
C43C4C50427E,3
C43F61E4FFAA,3
C440D9C8CE92,4
C441FBD9E199,3
C4454B801518,2
C44A40CDFF3A,4
C4579416ABE5,4
C4603C43D3A7,3
C46949E69D5A,4
C46D504BF8B4,4
C4700AD0EE9A,4
C478F0EDE7AC,3
C47F20E50D46,4
C48A770E3726,3
C48F269A6ED8,3
C490AAD18CB2,4
C493B582595E,3
C4A4762D911B,4
C4A926BBE4AF,3
C4A9AF8FF90B,3
C4AA67D8A012,5
C4ABCDD62307,3
C4ADC447BAD8,4
C4B59C0A3D14,5
C4BCD14367F4,4
C4C0C752CD48,3
C4C16DF2FE64,4
C4C7258F5EA8,4
C4D39AEFAA87,4
C4D76130FDD4,4
C4D7F37C6969,4
C4DFB24CF0DB,3
C4E2EF38E029,3
C4E366BF07A9,4
C4E882FAAD67,4
C4ED4217DA09,4
C4F760DBDD16,4
C4FC27B38A8F,4
C50CDD1C35B2,3
C50FFB4F03F6,3
C5162A975732,4
C51752A9035C,4
C519FD18B620,4
C52FC7AEC11E,4
C532F3BAED7B,3
C533DB3CDCF5,3
C53440E341ED,3
C5382404A84B,3
C53E390ACF12,4
C53ECFCAD653,3
C541FA8BBFDB,4
C546087ABE6D,3
C54A9F8D32D5,3
C54D1303CA88,4
C54DFE18A444,4
C555B9B02440,3
C5565E4761B7,4
C5566100FDF2,3
C55E03052E48,4
C55E6125411D,3
C55E751BB583,3
C55EA5FFDB2D,4
C56C380A7CF3,3
C579A4D6151E,4
C57EBACC6802,4
C584DEDB2BAB,4
C58FBAA7598E,4
C594B85513B6,3
C59ED272B57C,3
C5A3278EB458,4
C5A56B482FAA,4
C5AA5B05E972,5
C5BAE31EFC62,3
C5C8126C1E65,5
C5CED4ACED85,3
C5D21B0E0FD6,3
C5D2BF4CA642,5
C5D42689EFA4,3
C5E15819B7D6,4
C5E72440FE13,4
C5EDEF3A8C35,4
C5EF5C407C10,4
C5EFBFA0F25E,4
C5F5F1D83B63,5
C5F79FBC2A5F,4
C60689EE82FA,3
C616CFDBCA6A,4
C6171901DBA7,5
C621091FAE94,4
C6278E01D797,3
C6281A6521AB,3
C629F50CB2BE,4
C632BD2F7AAB,4
C63A4D0D395D,3
C646479A45F3,4
C647D6659C92,2
C65820493112,3
C6666C27A92A,4
C66B1884100A,3
C66BE7AC0796,4
C67A906CFBA9,4
C67DED3264EC,5
C683CDE5D712,4
C68590C2792E,3
C68A69F99946,5
C69853525118,4
C6A6ABE9563A,3
C6A9C44FAD1C,4
C6B21B6E5767,2
C6BB30D4C189,4
C6BF2843D7D0,3
C6C21C855774,5
C6C50AA537AF,3
C6C57367A0E9,4
C6CD02160C0D,4
C6CD19E2420F,5
C6D0943E61A7,5
C6E34B968553,4
C6E4BB599BEA,3
C6EF9DDBAA4C,3
C6F509A96B5B,4
C6F50F41B977,3
C6FC598DC4D1,3
C6FEDB129649,4
C70021F6FE17,4
C70E3EEED307,3
C70EF8435281,4
C712BBBA5BF5,5
C716B4A085B3,3
C71AC41CEDEA,4
C7334AC6BE82,4
C7373B980F7E,3
C73951E1672A,3
C73E5FD6E5ED,4
C743CBC9C988,4
C74D540B715B,4
C7535D12B057,3
C75471F5ED96,4
C755C1F6B4A7,4
C75687356FFE,4
C758F58834AD,3
C75AC8417907,4
C75B9C4FFEAD,4
C762A53BA0E5,4
C764B1469FEE,3
C77A4B0D6FF1,4
C7868A739937,4
C78D5D70A58F,4
C794A9BE171F,4
C79B9A5B5D13,4
C79DB872B022,3
C7A8E7FB21EE,3
C7B95C4C7D3F,3
C7BD62EA392F,3
C7BFC84A7A01,4
C7C25AB56695,3
C7C8290B69FD,3
C7CEFE3F256D,4
C7DA04746915,4
C7ECAA52573D,3
C7F89A199353,4
C7F9CF7196EC,3
C7FDBAE38C0C,4
C802F00716E0,4
C80312F1821A,5
C8080378BD24,4
C80F42A2B53B,4
C816339C4D91,5
C818ACA9DB76,3
C81F05802F6C,3
C822187BF7E4,3
C82BB4F87265,3
C834107D49D3,3
C8352C0FAADE,3
C8359CAD745F,3
C83A7FABBD07,4
C83EB6623D24,4
C848C44E3004,3
C848E72F7CE0,3
C85220A1938A,1
C85BA77FBF86,4
C85EFB28D2F6,2
C86149D0B9FD,5
C862AF5812E2,3
C865637A034A,4
C86A3BBC881C,4
C87505F8CC28,4
C87A23D05F39,5
C88300C2CA72,4
C88B4EAD8DE4,5
C89B8FFD5DAE,3
C8ABD5217114,3
C8AEF0F632C0,4
C8B5F5F1F6DC,4
C8BDD6A253D2,4
C8BF047C67E6,4
C8C168A9F3CC,5
C8C6FF614971,3
C8C708EC29F7,4
C8D236725B26,5
C8D3EB90EB29,4
C8E30EE22644,3
C8E9D6F3C80A,4
C8EF7048C03F,3
C8F035B467A7,4
C8F0F3C12D4A,4
C8F152D4D8CB,4
C8F378A4AC05,5
C8FB2508978A,3
C9025EF47F8F,4
C90418EBE934,4
C904BF74BED7,3
C906B982A3F6,3
C9083A6A4955,4
C91AE52A385C,4
C9297C1BF9C8,4
C9313379E449,3
C93D4A5EA7F2,3
C9408D6689CF,3
C9418C26839F,4
C944AAD86BA6,3
C9476E86A834,5
C94AC952D287,4
C94CAA3F0326,3
C955208BEEC3,3
C95E8958D4A0,2
C9771D45787A,4
C977338F6A53,4
C97AF423A6AA,3
C97DFE0AC3C4,4
C97FB0BE063C,3
C9896C21A7AB,3
C98FE6669AA6,3
C9966CF28678,4
C99AB6D2F57D,4
C99AE311CB7B,3
C9A1E85BF75F,4
C9B06B12D9F8,3
C9B1476CF832,4
C9B1827498E4,4
C9BA274FDEBC,3
C9CB05ABAE95,4
C9CCBA64CAC7,3
C9CEB2109C27,3
C9D65FBBED8A,4
C9DCBE24604E,3
C9DD23612CF3,4
C9DD4EB1184B,3
C9EB6EB6551D,3
C9F082EEAFED,4
C9F2A45330E1,3
C9F4BEBB3C8A,4
CA04119154FF,3
CA085FEC0E7F,3
CA0C21200F78,4
CA0D04C09E69,4
CA12A5A210FF,4
CA14AD55CFF2,5
CA290993DFBA,3
CA2987A57568,4
CA2C46AF6ADA,4
CA3937072A24,4
CA3BC65D287E,4
CA3D7372D7A1,4
CA488B39385B,4
CA4E39042770,3
CA4E67209D3C,3
CA582B3F191F,3
CA59BF7649BE,4
CA5F9BF59047,4
CA61EF11F94F,3
CA62122BB195,5
CA79F1AAB238,3
CA8A4FFB3340,4
CA92495BE92E,4
CA94E604C5A7,3
CAA042CADA38,4
CAA05AE141EC,4
CAB3B0C8A35A,4
CAB6B814A374,4
CABB5AA3A94C,4
CAC29E888AC2,3
CAC42EC32F44,4
CAC4E6021973,5
CACCC14E28CA,4
CAD0AF209830,5
CAD0D30AED49,3
CAD24215C906,4
CAD4163FACC6,4
CAFA42F8876C,4
CAFEA3C5D3D2,4
CB00405C862D,4
CB02DCCE6F0C,3
CB0BF6DDF9B7,3
CB1E8FFD4CB4,4
CB1FC8879E6C,4
CB2940550B0B,4
CB31D19D0197,3
CB3749354CBE,3
CB5B26848843,3
CB601F313149,3
CB648246281B,3
CB66B685DAF6,3
CB7BC04EF923,5
CB85284D9023,4
CB8B86AD7823,5
CB8C066F9865,3
CB8D9DD083FC,4
CB97EA7E4FB7,3
CB9B610D53B9,3
CBA9043182C5,4
CBACC9B7B6A3,3
CBB4595ECAB7,4
CBB4FB668826,4
CBB78E310747,4
CBC0F741B812,4
CBC37734DC80,5
CBC6BC024F61,3
CBCA3CFF320B,3
CBCD5EF05F0F,3
CBD00586CABD,2
CBD364987E2D,3
CBDAC6EED622,4
CBF37BFEBF8F,4
CBF4EA907772,4
CBF7A08C8352,4
CBFDC3A0F573,3
CC059B14457A,4
CC06612E842A,4
CC067F0DC876,4
CC0AC8356D9E,4
CC1A3887E593,3
CC207E107BB9,4
CC23A03E8F99,4
CC2697CF981F,4
CC27DF7CB308,5
CC2EAAA8FA84,4
CC2FAE6B5135,3
CC38587E9634,4
CC3E52BD8711,3
CC414865C2A4,3
CC41AE0A268E,4
CC4307140FF8,4
CC44D32FF288,4
CC48A051FAC9,4
CC4A42F9E5A1,3
CC4B93E84451,4
CC50C8238771,4
CC68BA9DCB2F,4
CC859523C0FE,3
CC8C5C963660,4
CC9290DC336A,5
CC92F24A2B5D,3
CC93F09080FF,5
CC9D461148DD,5
CC9DB5A93782,4
CCA7A1220DA0,5
CCAB0FEFDD57,4
CCB48976ED97,4
CCB499F8A658,4
CCB5654799E0,3
CCC18C6C74FD,4
CCD18F76562C,4
CCD66CF93741,4
CCE09F209A52,4
CCF236C2E533,5
CCFC07FF5EAF,3
CD0BFAC0335E,4
CD0C46A0B2E6,3
CD0D6C6F1CA5,4
CD0E358CA76C,4
CD166FD9EFA6,3
CD1B4AE39682,3
CD1E5F827178,4
CD2D05D53579,3
CD3621334165,4
CD53BFFA5474,4
CD560904AA43,3
CD586C88F4F3,3
CD7186F8F046,4
CD7860A8F65C,3
CD7CD8E7FD01,4
CD80ECE3B0B9,3
CD86F7930D58,3
CD954674E1A6,4
CDAE662C4C8F,3
CDBE82430B57,4
CDC9899690AE,4
CDD50E22791C,4
CDD6D1B45E9F,4
CDDA29D40933,3
CDDBB110BFDE,4
CDE03944D26E,4
CDE3CED1BF53,4
CDE59500111A,4
CDEA9FC4A2C1,4
CDEC57E94C93,3
CDEDC1098F6F,4
CDF1BA18E83D,4
CDF2746198CB,4
CDF386816566,4
CE04D4F7AFFA,4
CE0E51D39469,5
CE15E101E5F4,3
CE17C1752FCF,4
CE2EC298670A,4
CE38BA1D5ECB,3
CE4390D4602A,3
CE464A23BF82,3
CE58704B8EB3,4
CE5D744B6D39,4
CE64FA08E4CF,3
CE6645D21A3C,3
CE7153D68C2C,5
CE71F3B528C0,4
CE7797E62422,4
CE7927383786,4
CE811414777B,4
CE8793AE1BE8,3
CE8949FA18F7,4
CE94B3F26D2F,4
CE94E0384C1E,3
CE96B36BFD62,3
CE97B1D61822,3
CE9CD7275C9F,4
CE9EB0366069,5
CEB3F5203744,4
CEB62725E8AC,3
CEBCD9972E27,4
CEBEA9F6E14A,3
CEC54A466477,3
CED03E44340E,5
CED4ADA9A012,3
CEEFCBFE54E4,4
CEF2E641BA34,2
CEF302996231,4
CEF38B3F9C98,4
CEF5DF69B6C8,4
CEF8476956C8,4
CEF952C47189,4
CF0214901725,3
CF0311F24BF5,3
CF0869D8847B,4
CF17C124F4F5,5
CF1A749C4A9D,4
CF2138A08358,4
CF2400A27FF1,3
CF28BC9A342E,4
CF2D1F83542F,3
CF38E140E4E7,4
CF43485AE351,5
CF4C15E4C499,4
CF6ED3973EDC,4
CF6FE8034822,4
CF73E9CEBB0F,4
CF77CA304B48,4
CF794C60C928,4
CF84C9D788A9,3
CF8567D901BE,3
CF882151082B,3
CF8CA7E3A69A,3
CF9059F3EC39,4
CF91CB6E66F6,5
CF96F5721A28,5
CF9FB3659686,3
CFA85271A07D,4
CFAF62184AB2,4
CFBCF638F69D,4
CFC8DF0444C4,4
CFCB45ABFDA6,4
CFDCEE813DF6,5
CFE773F1600B,4
CFE8C526400C,4
CFF4F33406B9,4
D000E7A255F9,3
D0013137BFDC,3
D0028C081AAE,3
D00460894B72,4
D004E26954B5,4
D0050F9D9621,4
D0079E60DFF1,4
D01060C5AE7D,4
D0131DAC0F63,4
D0179FB2F5C4,5
D01974AA2710,3
D022656B1A36,4
D0279F114F87,4
D02E77657183,4
D03DB4C370ED,3
D03FBD778280,3
D04C3774DA9D,4
D058B8D2DFF3,3
D058C7DB9BA0,5
D0647F201215,3
D06845D6FB0B,4
D06917E7E152,5
D070ABC49274,4
D0733E25A2C7,3
D087A8C24570,5
D08E02A84446,4
D08FD4520B2F,4
D0959D2F116B,4
D0A7DA572ED0,4
D0AAEE68941A,3
D0ACE61F9DB1,3
D0B9A46601E3,4
D0BE9AFCE9F3,4
D0C00F3D38E3,4
D0C6EB30D833,4
D0CE35FADE7A,4
D0CE7A343841,3
D0D8097D243C,4
D0D8311DFC48,4
D0DCC58B6C2B,3
D0EACBBBD862,4
D0EDA246FCA0,4
D0EEB2FA5D83,5
D101D161CBBC,4
D102D36FB9F0,4
D11D5C84764E,4
D127164A73CF,4
D12739E3912D,4
D12A571CCFA4,3
D12A8B3D1C11,4
D140D284B493,4
D148D41C5D42,4
D14F3F93CF54,3
D150E09CBC2E,3
D15265B4D1FC,4
D15873549B60,3
D16B647E363E,4
D16ED602B018,3
D1701A8EEF26,3
D1748C4CD7B4,5
D175BA8792E7,4
D185087926CD,3
D18833F8CBC3,3
D198D8C43AD0,3
D1A866170CEA,4
D1AC5052EF9B,4
D1ACADAC5ED4,5
D1AF5CE5040E,4
D1B06A3C02B3,4
D1B0EE67209F,4
D1B30FD65680,3
D1B97265EAEF,4
D1B97A55865A,4
D1C46F162B11,3
D1C69AFBCE83,3
D1D5A52C1B67,3
D1D8B04AF3A3,4
D1DBB999DB47,4
D1E077EED6E8,3
D1FBC3B9A8A4,4
D1FE2D751407,4
D20068BDE3F8,3
D20C40B1CBF3,4
D20DBFBCD4AC,3
D21485A091BA,3
D228AB564BF6,5
D231A669B482,4
D232361A935D,3
D234B31FC8C0,4
D240A8375BC2,4
D242BBCBEAFB,3
D24506D93F4A,4
D24777F39289,4
D248655EAA45,3
D24996A97544,4
D252A6E968AB,5
D25329DB4268,5
D253E3A5BAE1,4
D256A4B24F0B,3
D25B8D9F7D84,4
D25C3B9925E3,4
D265C0C54BDC,4
D268BAAFD698,3
D26946892067,4
D26BF2CC24E2,5
D26C9B0368D0,3
D26D8E38326A,4
D27006254575,4
D2723B90EEC1,5
D282E21C2DB1,5
D284AB2165C8,4
D2851DC6AF41,3
D287C855A18A,3
D28B89FAFE9E,5
D291519003C4,4
D2918EDA94E9,4
D29E70FBCEC1,3
D2A1577EB7A8,4
D2A1B5672C12,4
D2A4C59D44E0,4
D2B408505884,4
D2B5ED1BA62F,4
D2BADE5A3DEF,4
D2BD6E5B0D1F,4
D2D4AD42B2E1,3
D2DB6F31B6D2,4
D2E8E5A1DE86,4
D2F5E24CEEAA,4
D2F9E8A1C2B4,4
D2FE8D69BCB0,4
D30490AE8641,3
D30614F0911F,4
D3068B0EFF17,4
D308EE83481B,5
D30AC446FAC6,4
D31481D3B465,5
D32FE4646A6A,3
D336CB3A69F1,4
D337DC4042D2,5
D33821E5CC1D,3
D33AE08C2BEC,4
D34504244EBD,3
D34CD90863C2,4
D34DFB9BF717,4
D35AE4A7CE83,4
D35C1DDA7658,4
D363B047F99B,4
D370F48E3AD1,4
D37343CEA1EE,4
D37412D51517,4
D376C98ABBDB,4
D37E97BD69F4,4
D381DBB598D3,4
D38424C495CE,3
D38815C5F013,3
D389558B10D3,4
D38A46B22248,4
D393F9AC577D,3
D395BD24262F,4
D396045E2CAA,3
D39ED738414F,4
D39FAAF86C31,2
D3AA884640DB,4
D3AFCB51AA40,3
D3BD101E28A4,4
D3C4B340AB3F,3
D3C9713AEDC1,4
D3CE9EE4C4D3,4
D3CFD3E68F27,4
D3E723651DF3,4
D3F48B4D2D6B,5
D3FBCDB08BB7,4
D401D3682261,4
D401F5D87E45,3
D40A10C36B30,3
D412E07BF06B,4
D425C2472543,4
D4263CE94952,4
D42B6354404D,3
D42C8A38D141,4
D43178C538DF,1
D43D3A0AC4C0,4
D4442F757F02,4
D4494228C749,4
D44C2B3C1C9B,4
D450BF08BE17,4
D45516C802DF,4
D4620A5134E7,4
D463BB44024B,4
D46BCAFB46F3,5
D47240EFB904,4
D48813812333,3
D4941258B87A,4
D4988103ADF1,5
D49AD6F46BD1,3
D49E57AFD1D1,4
D4AA8EC389C6,3
D4BB02CCC116,4
D4BC716CE227,4
D4BFB840A534,3
D4C789D85451,4
D4CA3E411BC3,4
D4CF0DF858F1,5
D4D35DDC74EB,4
D4D701DA6FFD,3
D4E16401D341,4
D4E3104E7591,4
D4E76306D0E4,4
D4F0EA57652D,4
D4F10FF804FF,3
D4F39D3F81E0,4
D4F76E7BBE12,3
D4F826201416,4
D4FC7257FBA8,3
D50BC91578B6,5
D514ED6A3665,3
D5164250EE9D,4
D51B0DF8AEEA,3
D51D6F5E3DE8,4
D52095AEF0B1,4
D5228994FD3C,4
D522A9399593,3
D5303AAD7E37,3
D5474D29854A,4
D54821935AA6,3
D549B7685CBB,3
D54F90711EA3,3
D55CA86551D8,4
D56252583678,3
D569BD3E20CD,4
D5724EDF0DBA,5
D5736E7D21F9,4
D5826C01FBF8,3
D5847B4B6935,3
D58980F5EC66,4
D58A10234F6A,5
D58DD07BC0D6,4
D59EDBD7F38F,3
D5A0A8C83A60,5
D5A20C71791D,3
D5A3F3F539A8,4
D5C7CD75E324,5
D5C8C29F17D8,4
D5D12DBE04B6,4
D5D689030CA2,3
D5D8E7DFCF5B,3
D5DCB665A2A2,5
D5E0305B4E90,3
D5E3716C5E49,3
D5E8832F37DE,4
D5EE6230B88E,4
D5EEF3A6DAC2,4
D5F0FC5E6E5E,4
D5F24E057CA2,3
D5F6593584F8,3
D5F7178E3FB1,3
D5FC154349CA,4
D5FDDB4DFA82,5
D5FDDD8509F2,4
D6068FF1B29A,3
D6076F5278FD,3
D60F86CE307A,4
D6105DFE6379,4
D6205D9E6E20,4
D6278021E119,3
D628429A0645,3
D62BC508C6BB,5
D62C13D2615D,4
D637A78C881E,4
D63BA0463CD5,4
D6466B4502D5,4
D6491D0BAEE0,4
D65079331F17,3
D6561FF31782,4
D659F8B4298D,4
D65A9A78A23E,3
D6668C2DBD4D,3
D66B1B59778B,3
D66B89FC3757,4
D68085C15D3C,3
D6830CC770FF,3
D68F66581BF1,3
D69CDA890426,4
D69D38AB04FB,4
D6AA174A32AF,4
D6AED985BFA1,4
D6B4B647FC25,4
D6B7EE7B040D,6
D6C06F4BC0DA,3
D6CD89424182,3
D6CF7CB72CAF,3
D6DA25B584B2,4
D6DAD8CE29A6,4
D6DE836BDF1E,4
D6E2AF2B1B54,4
D6E6CFF686BF,3
D6E7A5034205,4
D6E91124E3C1,4
D6EBE6485EB1,4
D6ECCFEB0AEE,5
D6EF8C8D2542,4
D6F76B0E487F,4
D6FD06B5AAEA,4
D712B132C8DF,3
D7148D8FC7F7,4
D7240B7F063A,4
D72B8EA15C83,4
D72C6FB455A0,3
D72CB1C11673,4
D72D0386600A,3
D72FA02E59ED,5
D7301CAAFAB0,3
D733AD9B0C31,5
D735AC2E844F,4
D74117152CBC,3
D746FBC79FFA,4
D7497B662A49,5
D751FAE92161,4
D752DF2541DD,4
D762D09E389E,5
D76E6A1CA5CF,4
D7704124F319,4
D77B7635FF7F,4
D78579C10220,4
D7858B9A54CE,5
D786038182B6,4
D79A5C8FDE2C,5
D79B3C0646C0,4
D79E9FFDF3AC,5
D7A223203064,3
D7AC0CBF7742,3
D7B12358DBA3,5
D7B762CDB426,3
D7B78756EA51,4
D7B7922A821B,3
D7BED4F214F4,4
D7CBAFF010CA,5
D7D1BA7B733C,3
D7D4F8C7FDFD,4
D7D5B313943F,3
D7D66E258830,4
D7D69872016F,5
D7DA16DF1DFA,4
D7DB18D1807F,5
D7DD6B53B8B6,4
D7EFCB1D6BFC,5
D7F08906BCB3,4
D7FFBE6E0434,4
D800E94913B4,4
D81114D5646C,4
D81428AC9545,3
D819F9680753,3
D8284C3B2D2C,4
D830F531C366,5
D83490F6B0B5,4
D83B639CDF7F,3
D8406ADB1493,4
D840AC3957E5,4
D8423F36D01A,3
D84271FC252A,4
D84CB197450F,4
D85638E450CC,4
D85BF31FDBB1,4
D866C80A55A4,4
D86E4D85A5B1,4
D8708AEA9667,3
D870D44CC2A9,4
D8728E6AF814,4
D8782A7B9509,2
D87E49D020B1,4
D88577FFCDB2,4
D887C3386299,4
D889C48DD497,4
D88A1D12032B,2
D88B4501DA8E,3
D88E55D44EAD,4
D891B1BFC6F6,3
D8934CA35801,3
D8A3DBAE8AAD,3
D8B1428C9C49,4
D8BDF61F6010,4
D8C149300D31,4
D8C3DD3A74F1,4
D8C47A7C4F39,5
D8D90E042134,3
D8DBF197A624,5
D8E16EEF6520,3
D8E4CB99DD3F,3
D8E8BBA9E966,3
D8EAAA9AB53B,5
D8F3781C0ADC,3
D8F89BE1861C,4
D8FA1F4C6D5C,3
D9051AACAC49,4
D90A159EDD27,4
D90FF71D0964,4
D91B2369C76D,3
D91DF55E351B,3
D91E1C57C0AD,4
D925E8553B9D,4
D9266AAB3A51,4
D92E4A5DAA55,4
D92E631AA886,4
D935E6EB5427,4
D93BADC352CF,3
D93DE5C411EA,4
D941EA296360,3
D94C5A4EBEDF,4
D94F579CFD16,3
D94F8C916402,3
D954D8B031D4,4
D955E21FF1A0,3
D95AD99A9225,3
D95D51EFCBB2,5
D95DB718C0A4,3
D95F9F5C8A98,4
D96822A98F32,4
D972C6918584,4
D97E47A63218,3
D97F2B893D8E,4
D98F3E1DE828,4
D9969B1F3A15,4
D99A7BF56928,4
D99A8FDB17D8,4
D9A9EEDB9D0C,4
D9AFEF8F5C41,5
D9B24103EA38,5
D9B2449945D1,4
D9B3809280F9,4
D9B9F1212FB0,4
D9BB6C11F6E3,4
D9C0995BC85E,4
D9C2561E3D3F,3
D9C7239183B8,4
D9C93D8604E1,3
D9C9F849DC3E,3
D9CB3A1C5A65,4
D9DD8E066439,3
D9EA6EA497D8,4
D9F140E187E0,3
D9F81CACE60B,5
D9F9E6C83C42,4
DA025E83C104,3
DA06C685218C,3
DA0FBE6F11C9,4
DA1108A0B880,3
DA1AAFBF0C33,5
DA1C7D2E4652,5
DA1EC7B04A89,3
DA228B928B61,3
DA256CE59165,3
DA2D885A25C8,3
DA2D92B73B67,4
DA41A7B07DF0,4
DA4CC3E793A7,3
DA6129048732,4
DA617DC7E4E9,4
DA645EE46524,4
DA67A738611E,3
DA6A5A5A67A0,4
DA6D07A177C7,3
DA723916BCC0,2
DA72D7D20441,3
DA757F0B202B,4
DA8F8C0D6952,4
DA9250021F33,4
DA97EDCE0411,5
DAA1B0DC9448,5
DAA628E2227A,3
DAAA48575626,5
DAAB3F3226B7,3
DAAC37C0B251,4
DAACA620A21F,5
DAAE03562B58,4
DAB2DE52F977,4
DAB32DFD9F8E,4
DAC85E32DCED,4
DACAA57BB2DA,3
DACB465971AA,3
DACF12F21A7C,3
DAD962720BFA,3
DADE59A3F782,4
DAE3E4057810,4
DAF339DC4E48,4
DAF474E5E711,4
DAFE25154516,3
DAFF03EE1185,5
DB0A595A4723,3
DB0AAE4A906D,4
DB12BA4206B8,3
DB3A6CE1E72C,4
DB4120B86224,4
DB456BAE601B,4
DB4B78DAADCB,2
DB4B94FE666C,4
DB4FE19B8FDA,5
DB5226FDBAD9,5
DB52CF86239E,4
DB5EA842EE5C,4
DB62D47E5B0D,3
DB64557FFF45,3
DB806AB245CC,3
DB82C7F35E09,4
DB8C242CD917,5
DB9838545463,4
DB9CAE4A0E72,4
DBA1BE0F3883,3
DBA3D1D1D0B5,4
DBA5AB233A32,5
DBA70364DC32,3
DBB590C34361,5
DBB59F61A74B,4
DBB73F490F75,3
DBB86EAFC921,3
DBB8D193FF22,3
DBC53691CD0A,5
DBCDA37271B0,5
DBD25468A540,4
DBE03B6BEC7B,4
DBE16C234CF3,5
DBE4FF1CA803,2
DBE9780AB73D,4
DBEBB6A866B6,4
DBF35E9F40A2,3
DBFD15D537CA,3
DC00E095928F,4
DC011CC0196C,4
DC071D6F4B9B,4
DC0AA2B1EE04,4
DC0D4BED5690,3
DC1DF3697B5B,3
DC25CFE5EACC,3
DC364EC72968,4
DC3B3B45F177,4
DC3FB660851C,4
DC430F1F553A,4
DC5B8E6C23E6,3
DC5BC55992EF,5
DC5D57703D10,3
DC6181711B08,4
DC6B635B5ACC,3
DC6EDCFCFBC2,3
DC70105E6486,4
DC73C0D559C2,3
DC778C27E995,4
DC7A5FB980EB,4
DC8F1803CAA3,4
DC8FC7A75827,3
DC98401E5435,4
DC99A891155A,4
DC9CBB208C6D,3
DC9CFB86974F,4
DC9E68A23D49,3
DCA37228E485,3
DCA75F07566D,4
DCA9EC57CDD9,4
DCABFA6AD5AE,4
DCC03D6E1A60,3
DCC5C3EDE4B4,4
DCC759FDB81B,4
DCCCC2D2E6F7,3
DCD55461ED69,3
DCE82F61BE10,4
DCE93861CC17,3
DCEFAC68750A,4
DCF69E80899A,3
DCF6CF405A9B,4
DCFBD4CF4251,3
DD0929BB46D0,4
DD0C4908118A,3
DD0F3E7B4DDE,4
DD16D942AAA6,3
DD1D41CC5388,4
DD1D7CBCEE67,3
DD259D664877,3
DD297FC6742E,4
DD2A3D3C8EFE,3
DD2E2344EE9A,3
DD344529E596,3
DD42D7A5641A,4
DD4452393C7E,3
DD474E5804C0,3
DD4953261FCD,4
DD5516A5BDD5,4
DD611D7D21FB,3
DD6238DB550D,4
DD718D458160,4
DD71BE46AFE9,3
DD769E98B1FF,4
DD77F2D94E3A,4
DD861E42F43C,3
DD8649A7235B,3
DD8F90D2A759,4
DD92629D4A50,4
DD95B403F95F,4
DDA8E22052DD,4
DDB424217004,5
DDB51D1B4A5F,4
DDBF7A73F765,4
DDC53C7B5B42,4
DDD1ECC1D35F,4
DDDA4C02DB34,4
DDE5F76CAE87,4
DDE62E929C6B,3
DDE64A8AE177,3
DDEECCE96A13,4
DDEF5E8CEDA0,4
DDF590722BF7,4
DDF611F84032,4
DDF94CF384FD,5
DDFD32F71277,5
DE04ED82B911,4
DE07BC43B1E5,4
DE0BE442F3F2,3
DE0F442888D2,3
DE11D98D685E,4
DE17AE0AFF7D,5
DE2892C0639D,5
DE2AEFF23011,4
DE2DAA2A9345,3
DE34EBAA18EE,4
DE3A8BE8C603,3
DE464738294E,5
DE499912068F,4
DE4A7CBFD4DF,3
DE51EAD12F36,5
DE5734279D92,3
DE6623432646,5
DE706AB4435F,3
DE717602BE6E,4
DE728DF42B4C,4
DE74EE90011B,4
DE762A22E874,4
DE7A974017E1,3
DE7F02980A1D,4
DE841BF24A2F,3
DE84ECE816A7,3
DE995A14B51D,3
DE9E2CC41A63,2
DEA0F85D7DB9,3
DEA8551BCE81,4
DEAF202F9EB2,3
DEB61D33E804,4
DEB6DD3E13D8,4
DEB6EF459B10,3
DEC0AE0BBCA6,4
DECDC46197E4,4
DECE5ADD8E41,3
DECECA25BCBD,5
DED1836E758C,4
DEDBA7A90125,3
DEDCFAD56126,4
DEDF5F03E30F,4
DEE347FC135C,4
DEEB40F3A79D,4
DEECF8A86136,4
DEFEAAC01F83,3
DF0E5C97D467,5
DF249BCF1B57,4
DF255BB19E6D,4
DF30561FC18B,3
DF3EA9FBAB8F,4
DF4094E2AFA0,3
DF4A18C70D2A,3
DF5281802CF1,4
DF564C30E155,3
DF5F5748EEF5,3
DF76BBCD85B1,4
DF7A8A771133,5
DF7CD9B3B988,3
DF7CE3C241CE,3
DF7E25AEB331,4
DF82E9233655,4
DF8386B85411,5
DF890FC7D48F,4
DF89D66120D2,4
DF8A499373F4,4
DF944DD9C026,3
DF9580284892,4
DF9D7CEBFBF4,4
DFA350B72363,3
DFA37BC88FA6,3
DFB074E89515,3
DFB9E05148CD,4
DFBA34FFE11D,5
DFC217C4144E,3
DFCE04EE5E11,4
DFCF2A3BE972,3
DFD2C3047A7F,3
DFD700856850,3
DFE2FC3897AF,4
DFE6D4DFE88D,3
DFE72C747B5B,4
DFEAEC512BAB,3
DFF09E77A730,3
DFF9D6FA7A8A,3
E024277769DE,4
E03004D2EC0E,3
E0326A44EAA7,4
E032A417EBD1,4
E03ABEC27E0E,3
E04328029B5D,3
E04915C5EF0F,4
E0536CFB1530,4
E05800F81426,4
E05ACF2DFCB8,4
E05FAF430BBC,4
E060D90D6CB9,3
E0641441E7B6,3
E06A8C8B5666,3
E077B0E86DBE,4
E0797671B1B2,3
E079C8DE0D1E,3
E083167B7FA9,3
E088DABCADF1,5
E08A1ADE64C2,4
E099AB8BFFC5,4
E0A1D0E7B2FF,4
E0A4A5FB3C3D,3
E0A686C9DEFF,4
E0AB88923BA8,4
E0B1630FB93C,5
E0BBCFF37E53,5
E0BC570E02EF,3
E0C2BC52DEC1,4
E0C638AF8B52,4
E0C65D8198DD,4
E0C7A011BEF5,3
E0C817E9566C,5
E0CAF5DAB8E3,3
E0E07A90CD79,4
E0E704BAA407,3
E0ED571AED2A,3
E0ED943EC5A7,4
E0F74B9F9C79,4
E0FEF743B354,4
E106B08D9BD5,3
E10A4D05618B,5
E10E42DFDA2B,4
E11028B183D4,4
E112AB5D1FCD,4
E117A2236FB2,4
E118DBC2FE54,4
E11931B2A6AC,4
E11AF042D7B5,4
E12450BAE343,4
E125061E7C8A,4
E125A0E0FD41,4
E1464913F4ED,4
E1571FAF496E,4
E157A46F6620,5
E15ECDD9A660,4
E16916B78B8F,5
E1706E7F68AC,4
E178F7288BEE,4
E188A496D70C,4
E1892DEBDF43,3
E193F743822B,4
E1A7CA8AAE69,3
E1AA4DD50FFE,4
E1AB05589049,4
E1ABD278E4CD,4
E1AE7FDD072F,4
E1B4C22E7785,4
E1BF1B0C6C08,3
E1C96D7A8110,4
E1D90A25415D,3
E1DDD9115527,4
E1DF5A240860,3
E1EC4869981F,3
E1F8CC751301,3
E2008A562703,4
E2051966C4BC,4
E20BA9FF8CD1,4
E214E42B939C,4
E215400764F3,4
E21F0A8C61AA,4
E221E2575DA8,4
E22D53ADC06A,5
E237F17B4C4E,3
E24220DC9CBC,3
E2424E02CF26,4
E243395D94C1,4
E24CB91289DE,4
E24F3C794B08,4
E24F801F1C4A,4
E26249CC6344,3
E26250112076,3
E2630767E36B,5
E263EB3FBC22,3
E2644EB8180E,3
E2669D67879F,4
E267774724A3,3
E267AD56BEDA,4
E272662CDFFC,4
E286AD066204,5
E29BB3036F42,4
E2ACE0A2F214,3
E2AF0F6F8B0C,3
E2B7D2BC2163,4
E2BB0AA98EA5,3
E2C5E75AEB85,4
E2D4914989F4,3
E2D6958F6FC4,4
E2DB73B74268,4
E2E3B94DAE4C,3
E2E3F9182F8D,4
E2F4E68CFEAD,5
E2FCB022655C,4
E2FCF4124BCE,4
E30209138F4A,4
E3097287CBD1,3
E3098475BFE3,4
E316A7CADFAE,4
E317D1070D4F,4
E31E8081F587,4
E31EF8887AA4,3
E328DD28411B,4
E33ACC2CE4A9,4
E33D8FADD6BC,4
E3478C339A2B,4
E34D8F5E2493,4
E353EF820872,5
E3559D8E946B,4
E36518881D9B,3
E3668C4C4C0C,3
E37DDD386B5B,3
E382BBC2D88E,3
E38F3F02957D,4
E390C09138FC,4
E392A61F0E02,3
E39559BF14F2,4
E3A0D17253B9,3
E3A2C937BE5C,3
E3A519D05CE5,4
E3AE96BD6370,4
E3B01D3EF8C1,3
E3B3792EFF86,3
E3B5F5E76B04,3
E3BA4F414829,3
E3C5F6B9EDB7,4
E3C9B6675588,4
E3D6D79EA71F,5
E3DB63C503FC,4
E3DD9FD8CB78,4
E3E283A204F4,4
E3E50332E6FD,4
E3E51C3F6E8B,3
E3EA6FB5390E,4
E3EC69F1DA50,3
E3EF725157D1,4
E3F7C506105F,3
E3F990437D0B,4
E3FC2388E2A5,4
E3FD686E3696,4
E3FF67C84443,4
E406678F52D8,4
E40C8427B410,3
E40FC88896CF,4
E40FCCD0202A,4
E41069F5273A,4
E4196C7BE2AF,4
E429FF2A24BC,3
E42D72563951,5
E4303F5DA72C,4
E4306421A388,5
E44060CBDCF8,3
E4446EFE0F8C,3
E44539A0116C,3
E459422C794C,5
E4596B010B9B,3
E45E61408FF5,3
E45E9DC77BF4,3
E46C52182D66,5
E46E59D6FAAC,3
E46EFDB1A301,3
E47334837113,5
E475F06BDADC,4
E4773D5D6BEA,3
E490CC452ADD,4
E497A489CA82,4
E4994414BA5A,5
E49ACBC11993,3
E49E1BE24B54,4
E4A137196DDD,4
E4B7DF413601,5
E4BFE6EC3275,4
E4C696F6D35D,2
E4CE8E374B3A,4
E4CF900A6CB6,3
E4D4DBB54D4B,4
E4D780F0FCA4,3
E4DA68D2918E,4
E4DC7BF5147E,3
E4DD1F3429F8,3
E4DE4FCBFA63,3
E4E456EF2132,4
E4EDEE977D32,4
E4F262D098ED,4
E4F64D34C2F1,3
E4F8F96D1AC4,4
E4FACBE9AC22,3
E50212D4B912,5
E504081AA343,3
E50573E4631B,4
E506BA4555A6,4
E508BAFC3BF9,4
E511D6E99C4B,4
E51722919697,4
E5187E0B5C8D,4
E51A57766989,4
E51DC9CFC464,5
E520A6FF2F3A,4
E52E535C2CE1,4
E53B41F7A542,4
E53B5654C0E2,4
E53EBCEA33C3,3
E540DE3C35CB,4
E55640B069F5,2
E55967D94E2C,4
E55C5624FD0E,4
E5629850DA84,4
E566F0D20F98,4
E57694A9EED2,5
E589B660EDA4,4
E58AEB0A47B8,3
E58B1AE98FEA,4
E58C0FE24A2A,3
E592D7734E3B,4
E59C5ADE38D3,3
E59DD4FF67E8,4
E5ADCFEF9D75,4
E5B45EC8F365,4
E5B8D9D7C083,4
E5B8DBD2D1CB,4
E5C0ED4A75D1,3
E5C38CD92E3C,3
E5C524E8ECB8,3
E5D3ABECD53B,3
E5DD1BEF699E,4
E5DD5064713A,4
E5DFA12B816A,4
E5E2A3899DA2,4
E5ED252A0C48,3
E5EF52219F63,3
E5F259FAF619,4
E5F378BE5F7C,3
E6011A7CB10F,4
E60257F8B334,3
E60EAA95E3F1,4
E6189612100C,3
E620272D484D,4
E62935191079,4
E62F91C1062A,4
E6337FDAD05A,4
E63713BC8E38,4
E63821C43C7A,4
E638A1E0C45F,3
E63B119399A4,4
E640BAE6092D,4
E64FA9375E9C,4
E651190656B1,3
E656F77A6F59,3
E659800B906C,4
E661EBA39ADC,5
E676BEF17B80,4
E67907CD1C06,3
E67BBFA8F72F,3
E680D448BBA4,4
E68CDA395B2D,5
E6A0EF9688EE,4
E6B86BBB86AA,4
E6B964D51793,3
E6BF8D197E0D,4
E6D105874F5D,3
E6D61167AFFC,4
E6DDB05EB921,3
E6DEF83C2A61,4
E6E7692E6D92,4
E6F9F8CDF64A,4
E700839A6803,3
E7080B254922,4
E70FDC4A9010,4
E71015CFD95C,3
E7111F690B98,3
E71176878741,5
E7140F0919C3,2
E717BA8DAB1B,5
E71AD2CBA08E,4
E726C5DDAD9F,4
E7296D97815C,3
E72EAE4B0792,4
E730E967537C,3
E73557CE9161,4
E74E4865B395,4
E74F2616693B,4
E758B77AC952,3
E76389FF2E2B,4
E764AE42E050,3
E76B5F4C93C4,4
E76E617CBAA9,3
E76FD3AB8750,4
E7721A3B1C9D,3
E773A6161A52,4
E7741CA1BDC2,4
E774D4694AFA,4
E774EAC59A72,4
E792CBEB06C5,3
E797D7F9B452,3
E7988483480F,4
E7AF1FC5DBB1,4
E7B411F1D446,4
E7C552A90707,4
E7C973BC4FDA,3
E7CB6A91A381,3
E7CBE8FEFCDF,3
E7D7A233ED11,4
E7DA3EBD8366,4
E7E7F9BA0F30,4
E7E8F2F6314B,3
E7F8EFED6469,4
E7F9A77683D2,3
E8027B1E86C2,3
E803918F35BC,4
E808AD021E0C,3
E80959E551E1,4
E81A28C40FF5,3
E81B50098AAC,3
E82267D7C2FB,3
E8247E1BBF06,4
E827A459B025,4
E82F173F9C67,4
E8310EE7808E,3
E8312870BC60,3
E83B8BD5D5A4,4
E83BB12A2F88,4
E83BEEE4EF18,4
E83EAE114F13,4
E84A634F67DC,3
E84AB4FFA81C,4
E84B37C0DC10,3
E84E56E90C78,4
E852725A7D4A,3
E8554E8D2925,4
E85C45D90D1D,5
E85D576C9EA2,4
E85D65895039,4
E864A028109F,3
E86DE76F68EF,4
E877D5AD16DA,3
E879F32DA754,3
E87EA7CD7578,4
E880AE12B9AA,3
E88B3A355149,5
E89C454FDDCB,4
E8B1304AFD9D,4
E8B7708CFA87,3
E8BB10123BFE,5
E8BF036DCFA5,4
E8C3CD780A55,4
E8CA56DE95A2,5
E8D3A695C074,4
E8D7B5F63B11,4
E8DB38E62A2A,5
E8DD372E679E,4
E8E27F3D811B,4
E8FB293C0D4F,4
E8FF0D2483FE,4
E9012D606564,3
E9026A3D93B7,4
E9041778B163,4
E9141ABADBD4,4
E9179F8981D6,5
E91ACFD30D10,4
E9245097F146,4
E92E7BAEF0BE,3
E9363204BCEF,4
E939E9FE8D2C,3
E940448E4323,3
E949DAF7C54B,4
E94D9F90C2DE,3
E9572AFBB5A5,4
E95AA3E3AC4B,5
E95B8AE3FB44,4
E96117D22492,5
E9621B1CE4F0,3
E968C7C1A689,3
E96C2AD465F8,4
E9739967700C,3
E974D272C14E,4
E97556BF38C0,3
E97A5C116E30,4
E97D16349835,2
E98F49492C8B,3
E99200305F7B,4
E9A10ABAF3B6,3
E9A8AA566985,5
E9CCA2E31DCB,4
E9D4A272DDAE,4
E9E6AC0ABFB1,4
E9E9AEC9100C,3
E9F914C7849F,4
EA03135D3C88,4
EA04020F5ECD,3
EA054F4D6041,5
EA195C29ACB1,3
EA1B8288F9F4,3
EA2AF2EF79D7,3
EA2B5EB1DFDA,4
EA317CE76E48,4
EA31BBD77334,3
EA3B2BC17E2A,4
EA441360E42C,4
EA493ECF9F3B,3
EA4A41CF477E,5
EA4E4199A90F,3
EA57C6750829,4
EA66CD458EE1,3
EA6A616C5990,3
EA7403CC3053,4
EA799C43B004,3
EA7CFD7E6789,3
EA7DF5E3AE3D,3
EA9AFF6762A7,3
EA9C3C6FCDE2,3
EA9E0708DE17,4
EAAF750723A4,4
EAB40015735D,4
EAC03FA78D0C,4
EAC2A13BE93C,3
EAC3596461E7,4
EACE18447D2D,3
EACEDA8DD189,3
EAD0F017B5D4,4
EAD34355445F,5
EAD3F5B3AE77,2
EAD7F1F02A93,3
EAE3A1E3B396,4
EAE8AB55E9B1,3
EAEC2EA52BEC,4
EAF09825C7C6,4
EAF1A1E138E8,4
EAF72F67654F,3
EAFA7F1C0627,4
EAFFC084F3D3,3
EB05DCA04676,3
EB063AA76EB8,4
EB13EC9C3AB5,3
EB1500B8EA75,3
EB1A6A5DDC55,3
EB1B056DA1D7,4
EB1E061F404D,3
EB2729A98E7B,3
EB28D5B91DCC,5
EB29E13CF6D7,5
EB2A9662967E,3
EB2FC5321E67,4
EB32D8CAEC88,4
EB39727D0F7B,4
EB3C0E8A3280,4
EB3D0704BCF0,3
EB49C042DB20,4
EB4AD7A46168,4
EB4FE2D03A6F,4
EB509BF4303C,4
EB593834E039,4
EB5A7CAAFFC6,4
EB5D6E0CD129,4
EB6C2AF20BFE,4
EB71F370D655,4
EB78EABD33B0,4
EB793B72A8C4,5
EB819A2CF765,3
EB8D5B9798AE,4
EB94208AC8AF,4
EB9C5ADE320C,3
EBA1B05B6624,3
EBA2F18D9666,3
EBAA812BF6F7,4
EBAC7604E958,3
EBB5E199D177,4
EBBA36F7459C,5
EBBA6790B73B,4
EBC02425174E,5
EBC108B0E57E,4
EBC1A7DD8878,5
EBCDED6944ED,4
EBCF73C7921E,2
EBD07D2D103C,4
EBD98D754ECD,4
EBDA2869DB6D,3
EBDBA726D479,4
EBDDA261B802,3
EBE406D40544,5
EBEEC72062D9,3
EBF3EC9EA3B1,4
EC025D0FFD23,4
EC0988E6BB43,5
EC0AD655AA20,3
EC18719C3539,3
EC1A91C83C2A,3
EC1D25B7A42E,4
EC1FE04E8EE2,4
EC2147043BD8,3
EC2519262F03,4
EC2BF10403AF,4
EC347BE5ADE4,5
EC36C2737376,4
EC3D5F3383D0,4
EC42C3E828E7,4
EC488F9F8910,5
EC490F5D4DD8,4
EC4BB9A4E431,3
EC4BE8A6021C,4
EC576AA1C8C5,3
EC591630ED15,4
EC6E2D618E20,3
EC719533AB43,3
EC740EDD6834,4
EC8040CEB1E1,4
EC94E187997D,3
EC9BB8FF0638,4
ECA4D673EC46,4
ECAD3D8FAB97,4
ECBA9E6AF61B,3
ECBCF0499AB0,3
ECBF33747F9F,4
ECC26616F6AB,4
ECD640058D57,4
ECD81C1A4F62,3
ECE0D33B9B85,3
ECE3D2BE037D,3
ECE6DB354262,4
ECE9818085EB,3
ECF265A73C7E,4
ECF63F6AB48E,3
ECFB72244DAB,3
ED0A8E614649,4
ED0C40B8C17A,4
ED166208A2EE,3
ED1EFE97C40F,5
ED2DBF2627BF,4
ED3DFE4AB197,3
ED4A8881B092,4
ED6A21874533,4
ED6E36CAFB74,4
ED74D2C2403B,3
ED830B1151E7,4
ED8B1FBCC956,4
ED8C3FA6FC82,4
ED91D9E8F1DF,4
ED939DCC05A8,4
ED977E586BC4,4
EDA3D66A8A28,4
EDACE717C302,5
EDAD8F6AE680,3
EDB7681BCFF5,4
EDBC0E9475DD,4
EDBD833C3A4E,3
EDBDDA26B49B,4
EDC27501821A,3
EDC567D40996,5
EDD3DA14F057,4
EDE56797770A,3
EDE659B4CB90,4
EDEA70DE2D47,5
EDF1C2B554B5,3
EDF528C06A8B,4
EDF68039869C,4
EDF7F5BCBD05,5
EE0947EB2C78,3
EE1078DB877C,3
EE153BA22CAB,5
EE1661BF8227,5
EE194115BAAF,3
EE19BA20AA8D,3
EE1BD54150CC,4
EE2B9B613BB2,4
EE2DBFDFBAFD,4
EE3A09C24124,3
EE3BABC4649F,3
EE440E670405,4
EE48F303DC25,4
EE5022C8157C,4
EE54292AC2A8,3
EE580368CD1D,4
EE619355F724,4
EE6826C8E470,3
EE6DDAF8FD20,3
EE6FAC759013,5
EE7FBC14426F,3
EE8578BB0856,3
EE888799A911,3
EE90061719C2,4
EE92D5471D45,3
EE9F26C71FF6,4
EEAC91E3A3E5,3
EEB113169637,2
EEB58B11D40C,3
EEB704529BFC,4
EECAB3812EEF,4
EEDE0B05DE51,3
EEE3F17EAA22,3
EEF682310C01,4
EF0543C6FA6D,3
EF0AC8A124F0,4
EF160D7F80A4,4
EF1A6D00C3D1,4
EF1E56E86D9B,4
EF1F075952C8,3
EF23CA70CA1F,5
EF24A49892C3,3
EF29F6D4BBF7,4
EF2D45E53F40,3
EF3D0D368ED7,4
EF3DA4810AA5,3
EF3E760C17B5,4
EF478C3A8264,4
EF4951AAD772,4
EF506E2B5E66,4
EF5A8F9E551F,5
EF62C29BE292,4
EF7B40F9314A,3
EF7D7E91EB17,4
EF7D81F39A1D,5
EF835E27D5A3,4
EF87277FCDA0,4
EF88FF901CB5,4
EF8D535C76AE,4
EF907722A512,4
EF9677DEFA79,3
EF96F17720DA,3
EF9D79A33BE7,3
EFAD20A5F4A0,4
EFB0DDC8EA77,5
EFB47F372780,4
EFB9DEFA20F9,4
EFC6EC79D28D,4
EFCD0D6ECB46,4
EFD3322BBB77,3
EFDC396D9F7A,3
EFDCE6A9E77B,4
EFE31525B288,4
EFE6BB94073F,3
EFEFA4F6596E,3
EFF2F345EFA5,3
F009C17298B7,3
F00EE807FD5E,4
F01079641FE1,4
F0246A38BA8C,3
F027D353C3B1,4
F02917D47F5C,4
F02A6B0F9C92,4
F02A721B1221,3
F035784A0407,4
F03582FFA3AB,3
F038426B8B5A,4
F038D8A7DF32,4
F03B2CBA9BED,4
F03B8BB4539F,5
F04A513C2963,4
F04B2EFE5187,4
F056824CA285,5
F058680DCA46,4
F05B7A59CDD2,3
F05C1028E3E9,3
F05C641B8FF4,3
F05EB1468473,3
F06170F0184D,4
F0656070D527,3
F069420C6DB7,3
F0705A8B29DE,4
F07126BF97EB,4
F07E0FD0BFD5,4
F07E5C7663E4,4
F08130204554,4
F082049D272E,3
F0839E68FFC5,4
F08529DC8ACE,3
F08DE35EFE16,3
F09ACEC4850C,4
F0AA6B265B6F,5
F0AE4067D9AA,3
F0AE7B4CB71F,3
F0B058B80C0D,4
F0B1C389A815,4
F0B2E946A04C,4
F0B46DACB512,5
F0B7D3D08407,4
F0B85AFBC243,3
F0C2837665BF,4
F0C80155C06C,3
F0C98C6F006B,4
F0DBA31AF30C,3
F0DF7FC426DB,5
F0E65057011B,5
F0E76CC2EF7A,3
F10231811C61,4
F116BD09B7F6,5
F11D449380E6,4
F11E6745A8DA,3
F11F7F15AC08,4
F12B4BDEEED4,4
F14A078615E5,4
F1547BB65936,4
F163B4249C07,2
F17279F65DCE,5
F173E4A2271E,3
F176A8CF72BB,3
F17A4EF296EB,2
F17D56052066,3
F18093A3093A,4
F18ABB1A8920,4
F18B05581BAA,4
F18C87AFC020,3
F1904C98076E,4
F195E0A7FB04,4
F1973E9DB4CF,3
F197689A74A7,4
F1982187FCC1,4
F19896E2D232,3
F19F66A28B7E,4
F1A1CB2EB831,5
F1AA4130BE5F,4
F1AE8A4416AA,3
F1B388E9F65A,4
F1B408D44166,4
F1B5E79A298B,3
F1CEA8FBCBB3,4
F1D2BA3E0D47,4
F1D42413F451,4
F1D6EEE24467,3
F1D7C5E42757,3
F1E0CBCC1AE5,4
F1F3B4EA6FC4,5
F1FA12A05439,4
F2010012FD04,4
F2080B933EE4,3
F2081C903659,4
F2098CE98E10,4
F20C7D112B12,3
F20EB5901789,3
F20FACCF5373,4
F210BB512E24,5
F21A02C66DAB,4
F21ACF702D35,4
F21CBEE52702,3
F22418409600,4
F23669129C75,3
F239C36AE2AB,4
F23A47F745C2,4
F240F0F6861E,4
F241492F8808,3
F245631F4D97,4
F24E35F969B0,4
F24FA9D60071,5
F2593ED19F12,3
F25BD0534126,3
F264D97DE408,3
F26E4B13C5FB,3
F270B76E605F,3
F2725AAFA685,3
F276902405C1,5
F279907DAE5B,3
F2799C0DBF24,4
F27E2DDE71F5,3
F284AE52B3E1,3
F2941764EE14,4
F29E589C11F2,3
F2A039D4E087,4
F2A2383962D7,3
F2A6DF88AD73,4
F2ADCA41BC30,4
F2BAC6095D8A,3
F2BDB9DFFB57,3
F2C32E15FC7F,3
F2C57EEEF02C,4
F2CA9835E496,4
F2CD78FA54AD,4
F2D8E9CA2C3F,5
F2D9DA6E635A,4
F2DF6570D8C4,5
F2DFE12EA3B4,4
F2E12C08A78E,3
F2FA27A84BE6,4
F303574EF861,4
F30616F1C79B,3
F30B7DE35BBC,4
F30D8FEB1A0F,3
F30ED43E2E60,4
F3222AB6C1AD,4
F322355F51AE,4
F32618051327,4
F32665CC66E7,4
F32A0A41B697,4
F32A2BA3BEC6,4
F334AE3F8510,4
F33BC3C2DDF3,4
F345260A27F3,5
F3454E01E31C,5
F345A408922D,3
F3471BC447BD,3
F348B69F4341,4
F34EB2CD6789,5
F359B5C9762C,4
F359E262A14A,3
F35BE53F93D9,4
F362313AF4DE,4
F3645924B5B5,3
F368BBECCCD1,4
F36AF3EF5FA8,4
F36C5149D0E2,4
F374D9ED39F8,4
F377008A387D,3
F378D4CF4EC8,4
F37DA10C6552,4
F38249CB8435,3
F38B43CAEEEB,4
F393BAAAB876,4
F39A10D394F2,3
F3A197A8348C,3
F3A52106F794,4
F3ABEAC1432D,4
F3B161B692F9,4
F3B22F37C39E,3
F3C678637DCE,4
F3CE7992E75E,4
F3D1C6C6C574,4
F3D6CFB60918,5
F3DC75A47A25,3
F3DE9D926591,4
F3EE4E149F45,4
F3F07BA4DCC7,5
F3F134FA362D,4
F3FD0BC0028C,4
F4003A737E0A,4
F407D70D45AD,5
F4138C1AB360,5
F424BF3E3525,4
F4280C0353B0,4
F42CD95ADB88,4
F42FF5B7D208,4
F43B82E81D75,4
F43C812A0073,3
F44018D39BEF,3
F44662214D2B,4
F44F5DCB59E6,3
F44F8A3C3CDD,3
F45847241E48,4
F45A719EB22B,3
F45DA946AC14,3
F45F03EBB2CA,3
F463CF95C8EF,4
F4650B5DFF47,3
F4691334F828,5
F46B54DF7141,3
F47A4FDF687E,4
F486B5722EEB,4
F486FF9AED73,3
F492EFD91D3C,3
F4931416AC4C,5
F497B058DEB9,3
F49906416D5E,4
F49AB5F36E8F,3
F49FA5EFCF75,3
F4A23C97798B,3
F4A3B4B14952,4
F4A4E65ADD95,5
F4B3B2CAB030,3
F4B7B78CB47D,4
F4B8EF210070,4
F4BC7E681EF9,3
F4C2261D0379,4
F4C26753B35F,4
F4DE4C7F2976,4
F4E463291051,4
F4E4C8EEF637,3
F4E9B4A968FA,5
F4EC42B28077,4
F4F623308FCF,4
F4F75FAEAFD6,4
F4FD84517F40,4
F506ED27C8CA,4
F50D3D001E67,3
F5152BBB18F6,3
F51E137446CB,3
F52B9A0882BB,4
F537EA7DEE8E,3
F53C55BBD326,4
F53DA3118668,3
F54276730F7A,4
F5428139729A,3
F543F26EF1E9,3
F54672352542,5
F54AED29459C,4
F54BD89B665A,4
F54E37281F0C,4
F550D727520A,4
F555E204579E,3
F566EA761D0E,4
F576B3F624B3,3
F57E2EF9F638,4
F57F48291B12,4
F5926953B7C3,2
F59898110195,5
F59DDBF5DB0B,4
F59E8A52AF52,3
F5A0BD46D3AF,4
F5A232FFBCCC,4
F5A45A1D51D5,3
F5A8A38005A8,5
F5B2DED407D1,3
F5B7F5E745A0,4
F5BB40767917,3
F5BC1532013D,3
F5BC72AE5196,4
F5C5289B5C50,4
F5D4904B0155,5
F5DD72FA313E,3
F5E3CF7E54B6,3
F5F07E4D62C9,3
F5FDFAB37522,4
F605023B87A7,4
F608321073FA,3
F60ED753621E,4
F610C7BCD9EC,4
F612D53B4DD9,5
F614B9D35C09,4
F61646B5CC08,3
F62295251C0D,4
F62AADC67A63,4
F62C0023C996,3
F636159D0A0B,3
F636AB0D2707,3
F63819BEA874,5
F6382C89BCA3,4
F647D77D7396,4
F64FF1936B91,3
F651889F1A2D,4
F654D80CEA0E,4
F65841299359,4
F662030E7CCC,3
F665C15D731C,3
F666D2588232,4
F668F7A36DBF,4
F669B55DA0B1,4
F66EAF7D640D,4
F66F60655794,4
F677B763457E,4
F67D6B12D494,4
F683D9D28CE7,5
F684C09CCC0D,3
F68664C634EE,5
F68A995107BE,5
F693E138BDAB,4
F6A2AEEBDF0D,4
F6A36E99D801,4
F6A92E43251E,3
F6ABF87FA054,4
F6BE3A555C49,5
F6C05963F191,4
F6CA5589DCDA,2
F6D56988EB7D,4
F6DA09C9C0C1,4
F6DB5CB9682B,3
F6DFC933BCC3,4
F6E37C093553,4
F6E5E7C080A5,4
F6E6BF805605,5
F6EA5E76CC32,4
F6F0E2017603,3
F6F18B358031,4
F6FF5119789B,3
F7046A9A968A,4
F704BCDD5FC4,4
F70EC9F33AAA,3
F710E50D27B3,3
F711AD68730E,4
F71E8AB99F9C,4
F72CD30CAD70,4
F72CDC88D31A,3
F7341069C4A4,4
F7348BC5C1F0,3
F739195A9518,5
F73ADEA6A74B,4
F7693B02CA5B,5
F76D9F22B0A1,5
F776F9881474,3
F777F214BD6D,4
F77AA450FA77,3
F78B66358F6F,4
F78C425E3D48,4
F791DBCECB74,3
F79E7650B5B1,4
F7A0A69080B8,3
F7AAC922ED23,4
F7AE3F6BE6AB,4
F7B157AE1751,4
F7B1C57D753F,3
F7B5465E1AC5,3
F7B97D4C1869,4
F7B9D8C440B2,5
F7C142237DA8,5
F7CB662CA783,5
F7DE0C3BDC04,4
F7DFF6D988A0,5
F7E94EADC403,4
F7F709ACC532,4
F7FACDD619D9,5
F7FC42836147,3
F7FF64013DF7,4
F800DF0813A5,3
F805589FE04C,3
F806675B9B70,4
F80AD1771E54,3
F814820E2B45,4
F8173F146C1B,4
F8261D76CC4A,4
F829912AF887,4
F82B94864F06,4
F82EEC81C4D7,3
F82FA4181D92,4
F831783F5164,3
F831EAA238CC,4
F833C49DAD0C,4
F83702EEB830,4
F843F47EB767,4
F8474CC7670F,4
F84CB4D0589A,4
F8503314C44F,4
F86616365497,4
F879F281F121,2
F897574FD4E9,4
F8984AC798E2,2
F8996C605E84,4
F8A1AC1C01D6,4
F8ABA40201AB,4
F8ABE1CE8B68,5
F8B0AB93F522,2
F8B12D60AEDC,5
F8BF09AEDD7B,4
F8C22ACD1774,4
F8C397108272,3
F8CDAD03758D,4
F8D6746C205C,3
F8ECBEE8609E,4
F8EE15322D8F,4
F8EF2AEFF621,4
F8F1F70A38AE,4
F8F47AD6ACBE,4
F8F52BEF7FD9,3
F8F6EAA3E0FF,4
F905CE2A775A,4
F9075802927A,4
F908A9D980F5,3
F90A25704212,4
F9238D9E5631,4
F9279BE5EC46,4
F927AC7199CE,5
F92B3B747F33,4
F93337F4DB42,3
F934542997DC,3
F93874852507,3
F949490671FA,4
F94DD5145346,4
F955CADBB6B4,4
F9692B89FE21,3
F978C05D2215,3
F9807DE48A3B,4
F983FFA8BB50,4
F984E463893F,4
F985766E9F50,4
F986C612AC3A,4
F9877560A95C,4
F98964E3EBF4,4
F98C913B5446,4
F9920D24D31B,3
F99C7F4BC23A,4
F99F42AC41FF,3
F9A5B72FAD82,5
F9A6C670D4A8,3
F9A942CF5DE3,4
F9ADBC6C60CD,3
F9BB3636CB6B,4
F9BE4676CA35,3
F9CF17C68E82,4
F9D397FC0259,4
F9D6B1172C58,4
F9D82122DB46,3
F9E1434B2151,4
F9E7D51B3006,5
F9F927CD8BA2,4
FA043D2FAA3C,4
FA058ADBE64F,3
FA138B97C15F,4
FA1B10147C1C,3
FA1CE35CA43F,2
FA1DE4EF2FAB,3
FA1E56F220C0,3
FA1E97DAA131,3
FA205817C3C5,4
FA211B13B80F,3
FA2592B4C2AB,4
FA277F2D6E48,5
FA2EF4B0E2E7,4
FA3007D9CDA6,3
FA34C91658A9,4
FA35444BD9C6,2
FA38B62F80E5,5
FA3BDEECBD44,4
FA3E37900E3D,3
FA3E50D30004,4
FA4200AB1CBC,3
FA480C1038D5,4
FA483ED371E7,3
FA49F4D9E6A8,4
FA4D3E89245D,4
FA4FEA8D0DA1,4
FA5043677B2F,4
FA5C17345A74,3
FA625035B96F,4
FA63A2D4191E,4
FA7B0CD8DC92,4
FA7CB239D0E0,3
FA7D58EC4C52,4
FA87416EF173,3
FA8856EA5635,4
FAA1621106BE,3
FAA638E881EB,4
FAA7B824C589,4
FAA9FC1B315B,4
FAAD5938CEF4,4
FAB2B88C059F,3
FAB88954B1AF,4
FABC5DD649FD,3
FABE0E966789,3
FAC1A3B4097F,4
FACA3592FCD0,4
FACC93B5A80A,3
FAD0AE0CA89B,4
FADC153B3843,4
FAE1A7023F1F,4
FAE3AC62234D,5
FAE64D6D08BA,4
FAEBC736C623,5
FAEF1DFCF68E,4
FAF866755DFA,3
FAF91DDF582C,4
FAFDA54C78E1,3
FB07AD956C87,5
FB14FF43E876,3
FB1DB922DE1B,3
FB1F420E4642,4
FB4C199449F3,4
FB4EAE59106B,4
FB4FE2503800,3
FB501A408B8A,3
FB56AA75F65F,5
FB59DB8F78ED,3
FB5B7A42E985,3
FB5ECCB3FB10,4
FB5FEC50CD57,5
FB7A3804560B,3
FB8549B2A141,4
FB8E886E748C,3
FB946CB635AC,4
FB95695B4B46,2
FB96D08289B1,3
FB96DB942F3B,5
FBA17F954C2D,5
FBA3B87A37EA,4
FBA94EEA61BF,4
FBB254C7E479,3
FBB32B4B5F8C,3
FBBA8C2C378A,3
FBC4F9ADED9A,3
FBC7DC3C27C0,4
FBC98CE96EB2,3
FBCFA4D35602,4
FBD21BB50633,3
FBD852FCA5C1,4
FBDAEF796D29,4
FBE8983EF69C,4
FBF8E0C998BF,4
FBF9ECC8AA31,4
FBFA1FD8E2F1,4
FBFF39C1F504,3
FC038159C7BC,4
FC15D48EB587,4
FC273A287819,4
FC2845A0ECD0,5
FC2EF19C51AC,4
FC32A69615FF,3
FC39D2688C50,3
FC3BD2A0D23E,4
FC492DC3D1D3,3
FC4FADC00B91,3
FC4FBC43EF32,4
FC5120C98AE7,4
FC73A83CF59C,4
FC79A21481C3,5
FC84D472CB97,3
FC8CF8BB7644,4
FC97FB8F850C,5
FC9DA73D1EA0,4
FC9E2A38AFBB,3
FCA553D1B819,3
FCABDAE05333,4
FCAD8148404A,5
FCAEA7829C3A,4
FCB208A4710C,3
FCB625EB3C1A,4
FCBD4BC9112B,5
FCBE588E47E4,3
FCBF9BD46666,4
FCD8E0AB7133,3
FCE4AFE078FF,3
FCEC225CA2D0,2
FCEF76504A79,3
FCF1574F9D04,4
FCF375174C1C,4
FCF3A5BD8371,3
FCF5D3ED5218,3
FCF9802D7F21,3
FD0061B1786E,5
FD05FDCEA11B,5
FD099950BAEA,4
FD14F4ECD14F,4
FD1511BE7AD2,3
FD1869C76891,4
FD251457BE38,4
FD2DD23CB152,4
FD38779AFF13,4
FD3BDEB06028,4
FD3D8B9ADF30,2
FD48D4BB6F06,4
FD562A12092E,4
FD5AF33900D9,3
FD607B909E07,4
FD6E0C78E9BB,3
FD6E784EAED0,3
FD84DB08498A,4
FD883FB88BA1,4
FD8A9514C8BC,4
FD8DA401BE5D,3
FD92F284A349,4
FD97228DE00F,3
FD9C10176D2A,5
FD9CC83A98C5,3
FD9D16FF6710,4
FDA09342D0C4,3
FDABEB626A28,3
FDBC5C68ED9F,4
FDC077398F13,4
FDC60E5A9011,3
FDCBCA9B0636,3
FDD398F4D5E9,3
FDD7D9AA0940,4
FDE0BDCA403C,4
FDE359A2F973,3
FDED2C6F4C0F,3
FDF0AEEB14C3,5
FDF36AD8FC91,4
FDFC2042EAF8,3
FDFE18598112,3
FE01BAE235A1,4
FE0B381BC161,4
FE0CFF7FA460,4
FE0F75B1CFFD,3
FE133737091E,3
FE19167C0BF8,4
FE1C2CA9661F,3
FE1E8BC27781,4
FE21B0B76C9C,3
FE2BD46D97C5,4
FE3141FA4163,3
FE3973324F8B,3
FE3CA06DDCA1,3
FE44B9FBC6FE,3
FE504DF4879E,4
FE56E3645667,3
FE591B56101B,4
FE69FBDD5681,4
FE776C83FE1B,3
FE8900F731E7,3
FE992E464FAD,3
FEA0C5E4E12C,4
FEA1E2C40283,5
FEB96AAC45DB,4
FEC8B95B3459,5
FECF4BCDDE02,4
FED42BB10805,3
FEDA46BB37A7,4
FEE59DA64E91,4
FEEBBB786DFA,3
FEEDB5B924F3,4
FEF42864AE28,5
FEFC23A6781D,4
FEFEDFE935D3,4
FF04A1F3B985,5
FF056F9CD1D3,5
FF13996AB0B3,4
FF153C07B39D,3
FF15470AABF0,4
FF197A6B15B2,3
FF1E82DB933B,4
FF1FAA91122E,5
FF3F4514BF85,4
FF40DF77AD46,4
FF410031A764,4
FF4C6C6FDB91,4
FF543E9E9EB2,4
FF678908A963,4
FF6B7128255A,3
FF6E114981D0,3
FF6FE6A0C875,3
FF7C9DB45E8F,3
FF862D058D1D,3
FF8AC9C34B6D,4
FF8BAC351714,3
FF9202FAA566,4
FF9DB9D43F72,4
FF9E0379CD98,2
FFA381E58FC6,3
FFA6D576449B,3
FFABA4957A3F,3
FFC02BE9D865,5
FFC8A1F3CE94,5
FFC8B7C53600,3
FFDC850C3652,4
FFE4B98E0B1E,4
FFE91DA2A101,3
FFF868E06176,4
FFF964B8ACC0,4
