essay_id_comp,n_effectiveness_elements,quality_index
000A58BC095E,9,1.0
000BAD50D026,7,0.857143
000E6DE9E817,12,0.833333
0016926B079C,11,0.909091
00203C45FC55,13,1.769231
00299B378633,12,1.0
0029F4D19C3F,9,1.0
003FDC7E6F20,11,1.0
0045BE2791A2,4,0.75
004AC288D833,16,0.875
004EA492DA04,8,1.25
0054DD9BDFC7,7,1.0
0056F3D261D5,12,2.0
005D28D3FEC2,6,1.5
005DA83BD607,12,1.0
008015604AA0,14,1.214286
0083B82A9C6F,8,1.0
0085F7F83D83,4,1.5
00898D9FB10A,7,1.0
008C191EF21C,9,1.111111
008C457C8E0B,6,0.833333
00941DB98302,8,1.0
0094474956AD,16,1.375
009F4E9310CB,6,1.0
00A4CB36E006,9,1.333333
00A551B2B4B2,13,1.923077
00B0190508AD,7,0.857143
00C2C86DCC23,9,0.777778
00C315EF49C7,12,1.5
00C843E757F4,5,0.8
00D304153840,12,1.666667
00E3F86E3E6A,6,0.5
00EE23F071DE,9,1.0
00F11421BE7F,8,1.0
00F477C0C28F,7,1.714286
00FF0A430A56,10,1.0
010A9CFB3108,12,1.0
01267F2F5B01,9,1.444444
012CB3D46662,9,1.0
013692FA66AF,7,1.285714
01374C8A76BC,9,1.0
0147365CB20D,9,0.888889
01495BF80A2A,17,1.0
014BF1790D44,8,1.375
015480E09FE1,9,1.0
0158970BC5D2,9,1.666667
015F4D9DE71D,8,1.625
016451AABDF0,11,1.0
016A403802E8,2,0.0
016B35EDC7B8,8,1.0
017FB36B3B0C,12,1.333333
018311715B91,9,1.111111
018A7B9DA61B,12,1.0
0191274639A4,9,1.0
019B73E2A599,13,1.153846
019BDC9DF7CD,13,1.0
01A53D28E44A,9,1.0
01ACD1326679,8,1.0
01B3A57AB13D,16,1.9375
01B44DA627B6,4,1.25
01BBB8075DC9,6,1.0
01BCD3BFBAD0,9,1.111111
01C53183305A,9,0.666667
01D017390DBC,13,1.230769
01D04F3DF6CA,4,1.25
01DB053153E0,12,1.166667
01DF3961CF90,9,1.0
01E81DCE4F59,12,1.0
01F69867D1BE,7,1.857143
01FC4BCFD7CB,7,1.0
01FE696E9CC2,8,1.375
0201B7877AD3,8,1.0
0214F87B86C3,12,1.166667
021823AF0384,15,1.266667
021B23C3C2C6,12,1.333333
021B2E55384C,11,1.272727
0222CB9AEFFC,13,1.0
0222E19C41BC,12,1.416667
022585D2819F,8,1.125
0228C92DFDF2,15,1.4
022DD0BE5A38,9,1.0
022EE73C4244,10,1.7
0230E2A9E656,12,1.333333
02322AA38631,8,1.375
0242719E9969,6,0.833333
025453135C64,5,1.0
0257D9E42247,9,1.0
02580BFD0105,5,1.0
026D034610CE,9,1.777778
026DB1116D4D,8,1.0
028E0CD5DACE,9,1.444444
02A3E737A10F,7,1.0
02AEBAE6EC47,9,1.111111
02B12E0E4025,10,1.0
02B6F6D24B6F,9,1.222222
02C172EEAFE4,4,1.0
02C49FD99F7D,12,1.5
02CDFA415350,9,1.0
02D500B937EB,5,1.0
02DE2BC0EC95,9,1.0
02DE71CCBB4B,9,1.666667
02EB601F0107,16,1.125
02EE98C9DB32,12,1.0
02F4114B1F63,12,1.833333
03004B5AD2CC,7,1.285714
03036B87A396,10,1.5
0309F61A6F1A,15,1.333333
030A70B9F194,9,1.0
030BBFC7D7F9,11,1.363636
0316F6288791,8,1.0
0322EFDA120C,18,1.055556
0333283809F6,6,1.0
03401B71D0F2,13,1.230769
034A4394335C,17,1.0
034F335E1B82,12,1.5
03503E5155AE,9,1.0
0358E1A5CC75,10,1.1
03656D51096B,15,1.2
03739A8DFD62,9,1.666667
037A3E847693,15,0.933333
03803A910311,9,0.888889
038480498E5A,9,1.111111
038BD0772A14,11,1.181818
039228E4B779,9,1.0
0398942EFF6E,8,1.0
03990A4F67B4,6,1.0
039E3E7329B2,19,1.052632
03A12A02CE62,5,1.2
03A2687FCE27,8,1.375
03B3EDA0F9D7,10,1.3
03B55D3B695B,10,1.0
03B874232827,13,1.0
03BA5E41C5E4,14,1.642857
03BAAAE93383,12,1.083333
03BC86ED932A,18,1.444444
03C562EF629C,10,1.6
03C96AF26E75,9,1.0
03CFA8202072,10,1.6
03D0A8C34AFB,5,1.0
03D134875F1C,14,1.857143
03F52910C24F,11,1.545455
03F56A5C191A,4,1.0
03FDC60BE33B,9,1.222222
04042B33F470,3,1.0
0408B654C48C,6,1.333333
0411473808DC,12,1.0
0416D5BC09FB,12,1.0
041FABDBF592,8,1.0
0426BE0F775E,11,1.181818
042F1ABC1DC7,5,1.0
04326B0CA099,9,0.888889
0433D61E8652,7,1.0
043CEF390B3E,12,1.0
044C80B2A55A,9,1.222222
044D921A8C99,12,1.25
045020BFAD75,14,1.0
0459F1BBF74A,6,1.0
0459FB59CBA7,9,1.111111
045C51AB37B3,6,0.666667
045C9829A0F9,12,1.166667
046A86DE2898,12,1.166667
046C6FB91CBA,10,1.1
047BD3CB80B4,10,1.0
04810832D23A,8,1.0
0483125DCD62,12,1.0
048CE592752A,11,0.909091
04906D555188,9,1.0
0496DBA378FB,10,1.4
049E10369FBA,9,1.555556
04A018921C58,12,1.333333
04A24D0BAB28,9,0.777778
04A7E6D80ADD,9,1.111111
04AAE2E8EFB4,6,1.0
04ACA7EB3994,13,1.153846
04AF157D14EA,12,1.416667
04B5CE4CBF61,9,1.777778
04B6F07AC0EC,9,1.111111
04B9D7851CAC,9,1.0
04BC78F95F4A,14,1.357143
04BF8771ADA6,11,1.0
04C46E44F660,5,1.0
04C4DFEECF27,15,1.0
04C632140E83,6,0.833333
04D10F678D31,8,1.0
04D4F9F350F6,8,0.875
04D653441263,15,1.866667
04D8A1F09465,4,1.0
04E2B40088AB,9,1.222222
04F17031683C,3,1.0
04F4F6D2ABE2,9,1.0
05011EB91BCE,7,1.0
0504EEB01AD9,7,1.0
0507DAFBE89D,10,2.0
050AB114EBE2,7,1.0
050ABE0F7EDA,11,1.0
050EC6489A64,11,1.0
05101578DCA8,9,1.0
05118F820085,10,1.0
051C3A22AEE0,9,0.888889
051F7768F76D,8,1.5
05273EE0A28A,11,1.090909
0527DB04DCC0,11,2.0
052BF542A50F,8,1.0
052F182ACD73,6,1.0
053ACB9DFE74,8,1.0
05452D9728B2,8,1.25
054C082D0304,16,1.375
054D758A0DD0,7,1.285714
05512D7C6578,7,1.142857
05528E85EA1B,5,1.0
0552EE171A0A,10,1.0
0555B97EB61C,12,1.333333
0563F089C239,9,1.0
058675A4D020,8,1.0
058BD5D122D1,9,1.0
058CA87825F6,10,1.2
059DFFE3A3A9,14,1.0
05A0DA9580E5,7,1.0
05A2C2BB8082,8,1.0
05A474FBA68F,5,1.0
05A6C6DF86A9,12,1.833333
05B414601770,10,1.4
05B970A2AA96,6,1.0
05BA34E2D72A,19,0.947368
05C19B6DF445,7,1.0
05C28F111573,13,1.692308
05C8C18D341B,7,1.714286
05CE48E8193E,12,1.25
05D237F606EA,12,1.0
05D639BB0AB4,8,1.0
05D84C1F29D4,9,1.0
05DF38C35D1D,12,1.083333
05E4FBBF2E50,6,1.0
05E95229344B,10,0.9
05EC08C05019,9,1.0
05EF8571B859,9,1.444444
05F30981F3EB,15,1.2
05F3A442CAE3,21,1.952381
05F76135BBE1,12,1.083333
05F87BEFBD79,11,1.181818
05F9DC51226B,11,1.090909
05FB627DCA52,8,1.0
05FFBFA9B3BA,6,1.0
06082EEC2458,9,1.222222
0610C8536282,8,1.375
0611BEFA3685,9,1.111111
062C24EF834D,3,1.333333
06348D6E4080,11,1.0
063D5478D82F,7,1.0
0640FE8DF9D6,10,1.7
06462BAC62B2,5,0.8
0647269B45A1,8,1.0
064E497ED786,8,1.0
0652A1415220,7,1.0
06544C8704C4,8,1.0
06592F816295,21,0.904762
0664B75B49BA,7,1.142857
06699F123D6B,11,1.090909
066B1D7C9214,12,1.0
066BF70B8B98,9,0.888889
066F06E5E52C,12,1.083333
067194796AD7,8,1.75
0679BAADD10C,5,1.2
067A65349063,3,1.0
06814DF362D6,12,1.0
0684F83533CE,12,1.25
068B2C038555,9,1.0
068EECC9A878,13,1.230769
068F206FE4F8,7,1.0
06936C8AA35D,9,1.666667
0699B4A08981,12,1.166667
069EFABE5A55,12,1.0
06A22B3B4BD9,5,1.0
06A9B4BC2E90,12,1.083333
06ADDCC67A61,9,1.333333
06B1E9A43C96,11,1.545455
06BC6DAE198F,9,1.111111
06C145EE7C45,7,1.571429
06C88B7A0E1D,11,1.272727
06CDC40C681B,10,1.4
06DAD53DA2B9,12,1.0
06DC11A94052,14,1.142857
06DD81D3CF74,8,1.0
06DDAA4EB60C,10,1.0
06E3595C94BF,7,1.0
06E490F2538D,12,1.666667
06E8CF6B7DD0,7,0.714286
06EC785D1238,9,1.0
06F37AF3F52A,8,1.0
06F5F6A09DC6,9,1.0
070148989D83,12,1.5
070413F48F80,7,1.0
0713804A7926,12,1.083333
071BF63AF332,11,1.636364
071E1B145717,10,1.0
071FB27E532B,3,0.0
0726FFE208DE,11,1.0
0730ACD2E23E,9,1.222222
07348A4B6E9C,12,1.25
07397A3E9D8D,11,1.636364
073F001C3DAB,15,1.533333
07414A338814,13,1.0
0741F0C1D776,17,1.647059
07555937FA5D,14,1.0
0756FE811833,11,0.818182
075952A15F65,12,1.25
075ACD93F7FA,9,0.888889
076391C8B532,9,1.111111
076C80C8D6FD,6,1.166667
076D21D61C04,8,1.25
076DBAE9AA98,11,1.181818
076FE42102A1,7,0.714286
077B2A708101,13,1.153846
077CBD1D991B,9,1.222222
0780999D8532,16,1.0
07881BC0DDB9,11,1.0
078FCB89177B,9,1.444444
07970BC175FC,8,1.0
0797349D7D61,6,1.0
079FDB42E429,9,1.111111
07A023BE2629,12,1.833333
07A88E52FC70,10,1.3
07AB5218B889,11,1.272727
07BDA9A96A77,11,1.090909
07C3B59F13B0,11,1.090909
07C49C9E6178,14,1.5
07C6BB6ADA38,12,1.083333
07C7A31386A0,7,1.142857
07CC30055043,6,1.0
07CE3E0B4129,7,0.714286
07CF059A90F6,14,1.714286
07D52443B420,11,1.454545
07DD81C2D396,6,1.0
07DEAD316EFB,10,1.4
07E3AD494BC0,12,1.083333
07E503B34962,7,0.857143
07E9F8609AC6,8,1.0
07EA2B30D5B6,7,0.571429
0802AEA16E9F,7,1.142857
080E2CA04B67,16,1.375
080EC4BBF650,7,1.714286
0814426B27DF,12,1.0
081C66256B98,11,1.090909
081F2D862A89,8,1.25
0825571D1A47,11,1.727273
082598CC8955,4,0.75
082E19093947,13,0.846154
083555B77983,10,1.0
0839B4ACC2AF,9,1.888889
0843E8886EC2,12,1.083333
08479124D1C4,6,1.0
08482C3DA43A,8,1.0
084898C37A44,9,1.0
084A87B3B853,9,1.0
084B9E2AD4AC,6,0.833333
08530C01BCFB,9,1.0
08584DAB22EB,6,1.0
085AF5011C2E,4,1.0
086603D5B319,12,1.0
086D6343AB33,7,1.0
0872DEBC7F18,10,1.1
087B943BBF9C,8,1.0
087E56206FE1,9,1.222222
087F3F05712B,4,1.0
08855915B1F3,5,1.0
0886711ECD4E,12,1.083333
088C5E1694FB,4,1.0
088CB85E5B7A,14,1.285714
088FCB397B74,3,1.0
08904A41504E,8,1.0
0891D4A76005,4,1.0
089CDCA504A1,12,1.0
089DE1EB8CAF,7,1.571429
089F4D797A5E,9,1.111111
08A03F44195D,7,1.0
08A9CC07474D,13,1.076923
08B72DCFD859,12,1.083333
08B9D254FD4C,6,1.0
08BFFA9AD871,9,1.0
08C05F2480E4,13,1.0
08C34A980940,8,1.5
08CE03D82736,18,1.166667
08D32CC20CAD,6,1.0
08D518B80ED0,12,1.0
08D6D5B01824,5,1.2
08D8F3EF3B08,4,1.0
08F8BF983C64,11,1.272727
08FAE6E0BDCC,8,1.0
08FBED9A66DA,12,1.0
08FC0154E0EF,12,0.916667
09035E72A3AE,7,0.857143
0910E011143F,7,0.857143
091522181D61,16,1.0
093403D63CA6,8,0.875
093BD0824B7E,10,1.8
093F76C75A93,9,1.444444
0949D328CAC8,8,1.0
09537221A5ED,9,1.777778
095595DDF4AC,7,1.0
0959BDBD0FB4,9,1.888889
095D057ACAD7,8,1.0
095F6D0A8377,9,1.0
09618943A295,12,1.333333
09621E6AE55D,11,1.181818
0971823179F9,7,1.142857
09770DECD26C,9,0.888889
097BDC9D09D2,7,1.0
097FE8053507,7,0.857143
0982C9F47D30,9,1.0
0982DD0EB8E5,9,1.0
0982F748C034,10,1.3
0985602832CD,4,1.0
098FA5D40CF6,12,1.0
09935EBDBB7C,14,1.142857
099764B21768,10,1.6
099773A903CD,9,1.222222
09978094D17C,6,1.0
09A5C0911124,10,1.1
09AA28BBE192,5,1.2
09AA7375FE64,10,1.4
09ABE1DE8537,12,1.166667
09ADB0629CD0,12,1.0
09AE5FE4E4D9,12,1.0
09C0C3EFC66E,5,1.0
09C47605F3D6,8,1.0
09C8F49982B9,9,1.0
09CC8EB90437,7,0.857143
09E2F282EC82,12,1.166667
09ECF76CBD3C,10,1.0
09F032EC5F21,8,1.5
09F1FC4F0F47,4,1.0
09F294EFAFC2,12,1.333333
0A082DA0A890,9,1.111111
0A0B289272ED,17,1.764706
0A23334002E0,8,1.125
0A259B8AA9B2,13,1.076923
0A273CDFC416,10,1.4
0A2A6855DE4F,11,1.454545
0A2EE9B6BF75,12,1.416667
0A373C01EAD7,8,1.0
0A3818A64CF5,8,1.0
0A43A08B43DA,18,1.0
0A4A60D36D7F,5,1.2
0A5299390319,12,1.0
0A57811CB8A2,9,1.0
0A591A9C5A7F,9,1.0
0A5B8761B187,5,0.4
0A5BA91AA8B5,8,0.875
0A5FBB44DC50,11,1.090909
0A6324CE9AD0,12,1.083333
0A66AD23400E,9,1.111111
0A67029FA17C,12,1.25
0A6BC5C6C8D3,10,1.5
0A6C0B6D3925,9,0.888889
0A7A8F866208,10,0.9
0A7EE102DFCB,12,1.0
0A821CBEEBB1,10,1.3
0A9737F93012,12,0.833333
0AA2CC0ED760,12,1.083333
0AA8E5C89F0F,5,1.0
0AB1AF1AE293,12,1.333333
0ABAB1A72BD6,7,1.0
0ABE27218D9C,11,1.0
0AC49CE1A516,13,1.0
0AC92FABBDEF,9,1.0
0AD49DAA4C83,9,1.111111
0AD69388300B,12,1.166667
0ADBB145FC2C,6,1.0
0AE484ECECE6,11,1.0
0AE4F7182044,7,0.857143
0AF19FB6EFB5,9,1.111111
0AF71A83C114,6,0.5
0AF80C04491F,4,0.25
0AFAD06336F3,12,1.25
0B084590D876,7,1.285714
0B0A72BE66A0,8,0.875
0B14040A5B27,12,1.0
0B1B9FA86199,8,1.0
0B1CD576E3E9,10,1.4
0B25AA5D6644,12,1.25
0B2C0C1833BF,7,0.714286
0B3BA24EAF48,9,1.333333
0B4FAC7A4A8B,6,0.666667
0B59FE37329D,5,1.0
0B5BC07C6E03,9,1.111111
0B5BFD4E5904,6,0.833333
0B64C3347CCA,7,1.142857
0B720B5EA0E9,14,1.071429
0B7832DC2556,8,1.0
0B83D59D898C,6,1.0
0B858FF5C4C0,6,1.166667
0B88C91C0403,13,1.153846
0B8F67C0A3A1,7,1.142857
0B994B3916FB,19,1.263158
0B998187123D,9,1.111111
0B9CE8AC36DD,13,1.153846
0B9F19D6B713,7,1.0
0BA3163D4609,11,0.818182
0BA416865EFD,8,1.375
0BA5506F91C5,14,1.0
0BA5EF441ADD,12,0.916667
0BAA5F009116,16,1.0625
0BAF08001514,7,0.857143
0BB223A348F6,9,1.666667
0BB4037BFB98,12,1.25
0BC016A285DC,6,0.833333
0BC2CAE08FDF,9,1.111111
0BC2D988CA5D,8,0.875
0BC531D9A1FD,8,1.5
0BCA18283DBE,11,1.363636
0BCB61C92C49,9,1.0
0BCBCD2D4FEA,11,1.272727
0BCF9505A354,10,1.0
0BDADA3AFF77,7,0.714286
0BE21117EB3D,6,1.0
0BE6935B5A54,8,1.0
0BEB59F1FC9F,11,1.363636
0BF56A2681D3,6,1.166667
0BF6D9E2CAFF,10,1.0
0BF9E22B7981,10,1.6
0BFAE39E5020,9,1.555556
0C02DB524F25,18,1.0
0C06B988433C,12,1.75
0C085229F46A,11,1.272727
0C0DECDCFD52,10,1.0
0C1372F878A8,7,1.0
0C1A8B5D2903,9,1.0
0C1BFE5E9F69,11,0.909091
0C216F2C365B,7,1.0
0C235A04EC44,10,1.0
0C25854E9900,12,1.166667
0C2F4FE7BAB4,14,1.428571
0C386AFA6EB4,8,1.0
0C3BBDB91972,10,1.6
0C40CA84544C,8,1.375
0C4ADE185903,7,1.0
0C5456B41BD0,6,1.0
0C57E7728900,11,1.090909
0C636735B18E,13,0.923077
0C636C7DADB4,12,1.166667
0C67F1A5230C,7,1.285714
0C699C871AA5,12,1.0
0C751C31DE85,9,0.888889
0C7C06A6D656,7,1.0
0C80AA2C816D,5,1.0
0C82FD59BA0B,14,1.857143
0C88519C4C03,7,1.0
0C9C3B277852,9,1.444444
0C9DF15EB6EA,15,0.933333
0CA02601D5C5,12,1.166667
0CA6C4864708,9,1.0
0CAB1510D416,9,1.333333
0CAC184297FF,9,0.888889
0CAF8CEA967C,9,1.444444
0CB2758A3289,11,1.0
0CB3A4D9ABF9,12,1.166667
0CB3CA3672E2,8,1.0
0CB7BE27C466,4,1.0
0CC7CB437B4C,7,1.428571
0CDA737BEA89,7,1.428571
0CDCBCF07C6D,7,1.571429
0CDCC84B9EA9,11,1.090909
0CE2B34B05CB,6,1.166667
0CE521F8D172,7,1.714286
0CE6E6BF8EA4,9,1.0
0CF046E953FB,10,1.2
0CF568439ADB,9,1.0
0CF61A389E37,14,1.0
0CFDDC1CF75A,12,0.833333
0D0BB94FCCFA,13,1.0
0D1493FDAAD3,9,1.0
0D18BDF22C59,10,1.8
0D1951E5DA3E,11,1.090909
0D1B0AE68DC6,11,1.090909
0D1CB28776D2,14,0.928571
0D221F0798ED,8,1.0
0D27B2DDECF7,10,1.0
0D29A98FE8FB,9,1.333333
0D32A07A3986,10,0.8
0D34832378C0,6,1.0
0D3737E9F443,11,1.363636
0D57449ADB7E,7,1.0
0D6549D2F364,9,0.888889
0D6A0F3CE1CD,9,1.555556
0D6D92C4EAC4,8,1.0
0D6EAC137920,12,1.0
0D6F5D6E2E77,12,0.916667
0D788E8BDADB,5,1.6
0D794A60E418,11,1.272727
0D7E8A53C9B7,10,1.2
0D8035CE77E4,10,1.0
0D8E321A9415,11,1.090909
0D9011021C2B,9,1.222222
0D91FC8A9FE7,10,1.8
0D944DDF9492,12,1.25
0D983D66364A,11,1.0
0DA533FE0FB1,14,1.214286
0DAD662B1782,7,1.142857
0DB1509D2CDB,7,1.0
0DB1CE0764E9,9,1.222222
0DB421BA1BFD,15,1.533333
0DBDA28DA968,7,1.0
0DBEBB0EED72,6,0.833333
0DC26D7994A7,4,1.25
0DC3194D5EDE,9,1.0
0DD088792AA7,9,1.0
0DD93F825FD7,14,1.5
0DE08F4053C5,9,1.111111
0DE4BFD7B94A,12,1.0
0DE6D016C7FC,9,1.0
0DE6E95F6D77,3,1.333333
0DE917C7C818,11,1.181818
0DEA400FB9F8,11,1.363636
0DEAB57A504B,11,1.0
0DEB291B21FA,4,1.0
0DF0F6199BD0,16,1.625
0DF2006FC8F1,5,1.0
0DF2DA5C58FA,13,1.307692
0DF3E1BC7D04,9,1.111111
0E07647BBC59,13,1.0
0E0ED6AD074D,8,1.125
0E1251EF8544,9,1.0
0E24F08F16D5,11,1.0
0E24F8C90CFB,14,1.0
0E3AC9BFA07C,10,1.6
0E40A58A09D7,8,1.25
0E5278E12B82,7,1.0
0E5434B8EA66,12,1.75
0E5BCFB10650,14,1.785714
0E5FA083E123,11,1.272727
0E6A84091310,6,1.0
0E6ADE74D132,11,1.181818
0E6BB199BF93,8,0.875
0E6C3C2133C4,8,1.125
0E848AA38DB7,5,0.8
0E89829FDE70,11,1.363636
0E8CB55193E3,9,1.0
0E8CBECB7CCB,12,1.0
0E976DD14859,9,1.111111
0E9A166C4B67,4,1.5
0E9A98725D87,7,1.142857
0E9E596A69D0,13,1.230769
0EA2F253563A,7,1.428571
0EA59AC549C4,7,0.857143
0EA67D518E94,9,1.333333
0EAB0E4FC56C,12,1.0
0EB16BF9C6D8,12,1.0
0EB3DD3D4789,9,1.0
0EB68912667C,8,1.25
0EBA0162ABBB,12,1.0
0EBE92AFBD97,7,1.0
0EC6CB60A702,9,1.0
0EDBF71D5CF6,11,0.909091
0EE6F614F2F0,7,1.285714
0EE9980F4C4B,7,1.571429
0EF272634FEE,8,1.0
0EF652533E77,9,1.333333
0EF6C038DD32,9,1.333333
0EFDADD0CCD9,8,1.625
0F0813F0146A,13,1.0
0F13AFF35C0C,8,1.625
0F1439303944,11,1.0
0F14FEA19E2A,14,1.0
0F1830D67AF9,11,1.545455
0F19DD8FEEDC,8,1.0
0F1A6DA7027E,10,1.3
0F1F7F935A01,11,1.090909
0F2720F5FBED,9,1.555556
0F2C1C946844,8,1.0
0F2D20318CBE,15,1.0
0F2D3B9FDD3A,7,1.285714
0F2E9FA7DAF4,10,1.2
0F2FAAC3EEA0,11,1.0
0F3877B7D800,12,1.0
0F38D6102C2C,11,1.0
0F3BCECF9901,12,1.0
0F5247051127,9,1.0
0F571C3502D3,10,1.0
0F62638EB677,12,1.666667
0F659402E51B,12,1.416667
0F6E3C622E7F,12,0.916667
0F71E5F49E17,10,1.3
0F757049FA41,5,1.0
0F7862191BC4,14,1.214286
0F787DD4A61A,10,1.0
0F7934223515,10,1.9
0F7DB6BD1AD5,12,1.0
0F7FEA47FA3E,9,0.888889
0F89C0EE8981,8,1.0
0F8D99B7AC0F,5,1.8
0F92CE19A137,9,1.0
0F9E444C9DF7,9,1.0
0FA1E3CA3D73,9,1.0
0FA7BA9A1FB9,10,1.0
0FAA6C7B06C2,10,1.0
0FB0700DAF44,9,1.222222
0FBAD334BACA,9,1.111111
0FC32E083BDE,12,1.25
0FC3D22B2DB8,11,1.0
0FC97658A027,6,0.833333
0FD256479257,7,1.0
0FD27A7C4257,15,1.0
0FD5B95A957D,14,1.642857
0FDA6AC79713,12,1.0
0FDEE427FD46,6,1.166667
0FE04DC094ED,10,1.1
0FE3B7AAD133,13,1.153846
0FE5C9C13E7A,10,1.0
0FE8DC0B8513,5,1.0
0FF049B01070,7,1.0
0FF781FB6050,8,1.0
0FFF13DC0B0C,13,1.384615
1.02E+75,11,0.545455
1.06395E+11,13,1.846154
1.15E+48,10,1.1
1.32496E+11,9,1.0
1.61213E+11,13,1.384615
1.67E+46,7,1.571429
1000DD448EFE,8,0.75
10049349777A,15,1.466667
1006FE578078,9,1.666667
100AA438ECE8,14,0.928571
10100E19E2C3,7,0.857143
101256FB2FB2,12,1.0
1016199DA6FD,16,1.375
101C3E9B985D,9,1.333333
10266FD6FA36,2,0.5
103CC3AA8F90,6,1.0
105A6ECC9A9E,7,1.0
105FBB463064,6,0.833333
1067ADE80412,12,1.0
10738FAB1350,13,1.0
107F15C6D272,13,1.0
108363724F15,8,1.25
108C28958E5B,8,1.625
108CCC90A2FB,13,1.307692
109421D070BF,9,1.0
1098BEDFB182,7,1.0
109A06A4FB60,10,1.0
10ABD322F49B,11,1.090909
10ACBFAA9809,12,1.583333
10B5AC99E165,13,1.384615
10B79C092DE1,8,1.0
10C813389A74,6,1.0
10CE47991891,8,1.5
10D09AB4D6C7,9,1.777778
10D1D5724C4A,16,0.9375
10D7845FC5D4,8,1.0
10E1C7EDACB8,7,1.0
10E592ECBDB0,11,1.090909
10E71B56EBDE,12,1.0
10E73EB00BA8,6,1.5
10E7A0414D14,14,0.857143
10F4C4CDB76D,12,1.0
10F4FEDEF052,15,1.733333
11040FD6C88D,14,1.5
110CB433ACF7,6,1.0
1111D5CDB343,14,1.0
11168209A49C,8,0.625
111E90E1DB45,10,1.0
1125B1716D5E,10,0.9
1129201DC11C,10,1.1
112AA24D20BC,10,1.1
112ACF74B759,9,1.0
112B1760D112,12,1.416667
112ECA514F8B,6,1.166667
1135CD7FBE4F,12,1.0
1136D95D28E7,14,0.857143
11393B68F12C,11,1.272727
113942A18C27,6,1.0
115972ADCF50,4,1.0
1160237A1858,6,0.833333
116209F5E812,6,1.0
11647A73E2B9,9,1.777778
116A50DF4ADF,5,1.0
116D6C03549A,13,1.0
116ED6BCEA4E,9,0.777778
1173D7C535A3,9,1.0
1175204C51AF,12,1.166667
117FFA9B4B12,8,1.625
11854A885ED6,15,1.333333
11862ECFA000,10,1.2
118C90DCC636,12,1.333333
118E2E7C9C73,12,1.666667
11A48AF9668D,2,1.0
11A680B3FB42,7,1.142857
11B659A6D867,16,1.25
11BEB30F68EA,7,1.0
11C0555D3ACA,13,1.0
11C0D83F479E,10,0.9
11C1833E04B6,11,1.0
11C658295AC7,10,1.0
11CE345BAEF2,7,1.0
11D36CD1AC96,10,1.5
11DD0B26B584,11,1.0
11DE2050A727,9,1.111111
11DF8476ED7F,11,1.181818
11E1C6E089DF,10,1.0
11E3D2D8C85E,15,1.4
11F106935EDA,14,1.0
11F14A342E56,7,1.0
11F43325A858,4,1.25
11FCFBA42882,11,1.0
120174AE39B7,10,1.0
120AEADB58BC,12,1.25
12118E6058A7,8,0.875
12135DEF3C3F,7,0.857143
12156BA6D875,10,1.0
121AAD6AE49F,8,1.125
1226089D55CC,12,1.416667
123722DA6464,6,1.0
123BBF5BAAED,13,1.0
124750B04447,7,1.0
1249AFEBB95D,8,1.125
124C24EE768C,9,1.0
124E04CB45B8,16,1.75
124EDC15E692,9,1.111111
12660C832798,11,1.0
126747A179A8,12,1.083333
1269B4FB7E6B,6,1.0
126AB089D089,12,1.166667
1271164467DA,14,1.214286
127670CABA7C,5,0.8
12796C5A0480,7,1.0
127A60BC4DF2,13,1.0
127C44A70BAC,13,1.0
1284A423E338,6,1.0
1287FB93CF6F,10,1.6
129391F5ECBF,13,1.0
1294A6CEEAC5,9,0.888889
1295E8C0327F,8,1.0
12988594D953,12,2.0
129C5DED720B,12,1.166667
129E8C26C10D,6,1.0
12A49BF3B556,9,0.888889
12AAF9C7C266,8,1.0
12BA7182FFC7,8,1.0
12BCA50767E9,16,1.25
12BE2367222D,14,1.0
12C40C11C57C,8,1.0
12C4FDD062F3,15,0.866667
12C580353B69,7,1.142857
12C8DD7C074E,5,1.2
12CB536B6C39,11,1.181818
12D86A369DBE,9,1.0
12E283B3F303,10,1.0
12F2A2D4AB24,9,1.0
12F3403879BF,4,1.0
12FEB57ECB4E,10,1.4
1300228ADAC3,6,0.666667
1300CBEB1F39,9,1.666667
1306DBD7573C,15,1.333333
1308F5C3347E,11,1.363636
130F9B6DCCF9,12,1.166667
1313ADFE62C6,11,1.272727
131D4EC3D03F,9,1.222222
131DA85211F7,9,1.111111
13224DF00A6A,12,2.0
13233FB0483F,12,1.0
13294E9A7CA1,7,1.0
13299580C8AD,9,1.0
133BA823C9DC,7,1.0
133BF9052FCA,15,1.4
133DA8BD32F9,4,1.0
13426BBB0EC2,12,1.25
13457D2F2557,9,1.777778
13481B549329,10,1.3
13493E22AB5A,12,1.0
134BAA2D43CF,5,0.8
13502C406F65,9,1.0
13556F3D510C,6,1.166667
1359D3CCD936,9,1.444444
135F922187BC,12,1.083333
1360BDCC0176,14,1.0
1365F7051B17,8,1.0
136B9BDB53E0,15,1.066667
1377A50485F1,7,1.857143
137BAE6EAA41,14,1.357143
1385E7A90736,9,1.666667
138BB07570E0,12,1.0
138F86B73F7D,8,1.0
13989868021A,8,1.125
139E760C6DEE,7,1.0
139FC472EA3E,8,1.375
13A30C894FAD,9,0.888889
13A4CE233CDA,8,0.875
13AAAD860217,14,0.928571
13AF1E268C99,12,1.833333
13B3514D9E55,8,1.125
13B7179EB6D3,9,1.555556
13B7ABDC0051,8,1.25
13B841D2BC21,6,1.0
13BC8BC3654E,7,1.0
13BD2F675384,11,0.909091
13C271A7BB26,11,1.454545
13CB8629B839,6,0.666667
13CFDB110C7C,15,1.066667
13D055D4F041,13,1.076923
13D62898496F,13,1.923077
13E62C937FCA,14,1.071429
13E733243771,7,2.0
13F1DF1DB4DE,9,1.111111
13F4CEEDDCBD,6,1.0
13FDCF58A955,8,1.0
14044A2FF1FC,6,1.0
1405831818EE,13,1.230769
140781159BAD,10,1.6
14097CCF4030,11,1.0
14107BE4409C,8,1.0
14122B906E30,11,1.0
14125B6C50B8,8,1.625
1417CDA8D493,8,1.25
141A60AB7B0D,9,1.444444
141CC621E949,11,1.0
1424DEF8AEA5,9,1.0
142BF0B5376A,13,1.230769
143449132EAF,10,1.0
1437601709BB,6,1.0
143881605B57,12,1.416667
14409A305AB3,11,1.0
1440BFF921C4,12,1.0
1445C99DF53B,9,0.555556
1449A333A335,12,1.666667
14542AA79AA4,6,1.0
1461C0EEEE77,8,1.0
1463D1D9EC8F,9,0.888889
146440EF28B8,14,1.0
146818D2FAF1,7,2.0
1469BBBDF3ED,10,1.1
146D260F5526,9,1.444444
1484F69AB31E,10,1.6
1495BAF55143,11,1.090909
149CECF2426C,8,1.625
149E8C278863,26,1.153846
14C42742BD87,6,0.833333
14CB51AFA416,17,0.764706
14CBCA18C124,7,1.0
14CC75D0E9D0,4,0.75
14CD7481EF35,13,1.692308
14D4B556B3A2,12,1.083333
14D67698786D,11,1.0
14D6911BF51D,7,0.714286
14DBFF7A7AD3,11,1.363636
14DC8313ACDD,9,1.111111
14DF107E8ADD,15,1.2
14E573422FEA,4,1.25
14E83FCCC2AF,13,1.461538
14EA20764FD8,13,1.230769
14EE006078C4,12,1.0
14F0D1DFE3B1,11,0.909091
14F754342EA0,10,1.1
1509D8D81A10,13,1.0
150C879555C6,14,1.285714
151645FFA225,4,1.25
151B0CD2ACE4,13,1.384615
1523EEF201C4,8,0.875
15260AF98824,11,0.818182
1529F615275D,11,1.0
152A4E283823,10,1.0
1536D4AC6501,6,1.0
153972503B34,19,1.0
15398FCF1379,7,1.0
1546CF3CFEEF,10,1.0
154DA8FC14D7,8,1.375
1553852F57B7,10,1.6
1556FDEA70E3,6,1.0
155918C91905,6,1.0
155CAAB3DC95,6,1.0
1566C25438D4,7,1.285714
156E24130528,12,1.166667
15710AAE17FA,12,1.0
158096ED2561,9,0.888889
158EDBD5EC25,11,1.0
1590FD8BEA8E,10,1.9
15912A718F26,10,1.1
159424F57C24,11,1.0
1596E1BA9983,9,1.0
159B993974F6,9,1.444444
159C888039CA,9,1.555556
159CB166349B,12,1.25
159D4CDA17B0,14,1.214286
15B1386353B7,11,1.090909
15B6AD38663B,9,1.111111
15B8ED0E3817,12,1.166667
15BDCD238E51,9,1.0
15C0E61BC1E5,8,1.125
15D2FF172210,10,1.5
15D3501518B0,15,1.2
15D68BD247CD,8,1.125
15DB03CB7A98,4,1.0
15DB2779EC7A,9,1.111111
15E235D694BE,8,1.125
15E317EDD7A0,12,1.25
15E93D248649,6,1.0
15EAD0CC9F3D,12,1.75
15F20233CFA6,5,1.6
15F434699355,12,1.166667
15F52C3B4580,8,1.25
15FD5B635B50,9,1.222222
160060CC2418,5,1.8
16030592A7B7,9,1.0
160942A326B8,13,1.384615
160B02D673E9,13,1.0
160C1321A536,8,1.5
160C8B8C0E64,8,1.0
160D4AE46A61,12,1.25
16206760663F,12,1.0
16255EBBB49B,6,1.166667
1626F27A828F,12,1.0
16271A900F31,16,1.1875
163AC455E1DF,9,1.0
16482660AC91,11,1.0
1649A2246587,11,1.0
164E8B76D5D4,9,1.111111
1655FBD1D22A,8,1.0
165BE1E22902,9,0.888889
1669F1CC90D9,6,0.833333
166A1383A90C,15,1.8
166AA098DBBB,5,1.2
166B8C946173,11,1.0
166CE6EE73AE,7,1.0
16759AEA250C,9,1.0
16760A114ACB,9,1.444444
167AE151377D,9,1.0
167C0474C7F6,15,1.533333
1681878C051A,7,1.0
1684BE6E2D54,11,1.0
168890CF840E,15,1.133333
168E5BD0AECE,9,1.111111
168FBD2247BA,12,1.416667
169CCAB1500F,12,1.0
16A19F37921F,22,1.409091
16A2070EB15F,13,1.461538
16A44AFEC63B,4,1.0
16A92F43071D,9,1.222222
16AFB1342251,12,1.416667
16B7CA362E71,7,1.428571
16BC80DFCF74,14,1.0
16C808F5F642,9,1.444444
16D1DCBC366E,10,1.0
16D2B327B978,12,1.666667
16D3EFBE11FD,22,1.545455
16DE10816A76,18,1.0
16DEF72E220A,11,1.090909
16E17D54523A,7,1.0
16E4FB7A2BAF,11,1.0
16F34D94DC83,3,1.333333
16F6DD028926,9,1.444444
16F9A11EE38E,8,1.0
170444AD3129,12,1.583333
17050101B707,16,1.25
1706A44CC656,14,1.071429
17095E50E21A,9,1.222222
170E5EDC8024,6,1.0
1712A40F635E,6,1.0
171E655CC8F1,8,0.625
17249776EA6D,8,0.875
172A3013AF1B,12,1.25
172DCAD4E21A,14,1.071429
172F67E7FBBC,5,0.8
1734511166A2,9,1.111111
173C9B92AEB0,4,1.0
173DB7DA3CE3,10,0.9
17643FC4CA90,10,1.7
176FA6CB13C6,10,1.7
1777FB4DAD97,12,1.166667
177CE5335966,12,1.166667
1780FCAA0B8A,7,1.428571
17840D290E28,7,1.0
179E672AB25B,7,0.571429
179F54C0EE22,11,1.181818
17A4A5CB6DCE,10,1.3
17A4F48BD589,7,1.0
17A50BE2FA1C,8,1.0
17AA836BF229,12,1.583333
17B15F103D26,11,1.090909
17C7C1CAF7E8,9,0.555556
17C80F3C80B3,11,0.818182
17D10719473B,11,1.0
17D2212B02FC,13,1.153846
17D59A9E37E1,10,1.2
17D80502253D,8,1.0
17DC48A9BF65,7,1.0
17DDD76F2023,8,1.375
17E0D40B3CB8,6,1.0
17E2B6FC3FEE,9,1.444444
17F0C18337EA,10,1.2
17F339479482,9,1.0
17F7000992D7,11,1.0
17FE6E535BC3,6,1.0
180159E53733,14,1.0
180B47FDF4C2,12,1.166667
180CC35C87D9,6,1.0
1830EFB03CF9,9,1.0
18322782389D,14,1.142857
183FB472C06E,4,1.0
18409261F5C2,9,1.444444
184212E8F6CB,11,1.0
184218DDCD92,13,1.0
1842B5E46878,7,0.714286
1844936308C0,8,1.0
1853B94F3ED9,5,1.4
18554EA0420F,8,1.375
185B843FA452,8,1.0
185E32754366,10,1.1
1871E7C9919E,8,1.125
18854B42A655,9,1.555556
18860D492AB7,6,1.0
18925C953322,9,1.0
18A2E82D5F05,8,1.125
18A38B04783D,10,1.0
18A77D3DD491,12,1.416667
18A9E56DA884,4,1.25
18AA02D4AF36,14,1.714286
18AC57CFB338,17,1.647059
18AF1F41C208,6,1.0
18B491F739EE,14,1.0
18BE93994E21,13,1.538462
18BF6A6DF1A2,9,1.222222
18C4625AD025,7,1.285714
18CF13F4818D,10,1.2
18D33D605574,11,1.090909
18D47A791678,7,1.142857
18DD6D2A09F2,10,0.5
18DEE198FBE2,6,1.0
18DFC8ABFA92,12,1.416667
18EA3BD58A42,9,1.222222
18EDFBD73F06,8,1.125
18F28119181E,6,1.0
18FBB0E38C68,6,1.0
18FCCD9CAC40,12,1.083333
18FDF183D4D1,9,1.555556
1906F877011D,12,1.5
190A7CF741CE,9,1.0
19157F773204,15,1.0
191D76BCC101,9,1.0
1926EA0A1D87,8,1.0
1927C4B37295,13,1.076923
192A27F0608C,2,1.0
193B0EE3BF45,8,1.75
194F79C3C5C0,9,1.0
195719C5F1CD,5,1.0
1957F0D79C24,11,1.090909
195EF688A6FB,10,1.2
19668E0A6B97,7,1.0
19692639977E,11,0.818182
196B4ED6FA4F,11,1.0
196E73AAF08F,12,1.083333
197A2E0615B2,9,1.111111
197CEA0EF269,12,1.666667
197FF5255963,8,1.375
1988A2DCF0CB,6,1.0
198ECA5E2E5A,6,1.166667
199246A25EFF,16,1.0
199656C3699E,9,1.0
199980ADEC34,9,1.111111
19A01FCD9C30,14,0.857143
19A9B6881B50,9,1.444444
19B5612E4AC4,7,1.0
19BAEA71834C,9,1.333333
19BB34EEB248,14,1.714286
19BE60654AFE,12,1.0
19BE726697A9,11,1.0
19C571180C49,10,2.0
19CC3C000C6C,13,1.461538
19D014A29353,6,0.833333
19D02F757F74,12,1.0
19D04291B198,8,1.375
19E44CA7DF5A,7,1.0
19E57B0657A6,12,1.75
19E9A735673D,7,1.0
19EF33B3D3C7,12,1.0
19FDE7E48C74,10,1.6
1A04C4505577,9,1.222222
1A067085A035,12,1.416667
1A068661D19E,11,1.181818
1A0AD9EDC773,10,1.0
1A0E4BA7410D,10,1.4
1A14F52C0C72,10,1.1
1A1F158C0D82,14,1.357143
1A243FC51E59,9,1.0
1A2699103F72,7,1.285714
1A2E1741BF9F,10,1.2
1A31F3084DC0,10,1.3
1A34410E8209,7,1.0
1A3C21FDBDCB,8,1.25
1A3C75CD285A,9,1.777778
1A3F808C7AD9,11,1.0
1A425C27196E,6,1.0
1A4857187C56,16,1.75
1A495E1C7906,11,1.090909
1A569C9C492E,7,1.0
1A5894AF1B58,7,1.0
1A58E2543D00,11,1.727273
1A5CC8CE870F,9,1.0
1A88DC345340,6,1.0
1A96C4AC477B,11,1.0
1A9B74784B92,11,1.181818
1AA55FB101FD,11,1.0
1AA901C2E32E,11,1.0
1AAA0FA599F9,9,1.0
1AABCEE311CE,12,1.5
1AABFCFD715A,8,1.25
1AB8B1ABEA17,10,1.0
1AD208F3F94A,14,1.071429
1AD236405FBA,5,1.0
1AD65D131BE6,13,1.230769
1AD9FF75F9ED,7,1.0
1AE24A0A5097,15,1.0
1AE40323F062,11,1.0
1AE4FE93159C,12,1.333333
1AEB326AE57A,9,1.333333
1AFDA30737C0,8,0.875
1B061D85405F,14,1.214286
1B069ADEF513,9,1.333333
1B0AA9A7628F,12,1.0
1B127A370E2A,11,1.0
1B13689BCDF1,11,1.0
1B17CB43C47D,13,1.076923
1B2083B9F74C,9,1.222222
1B267567985A,15,1.4
1B293B50B28E,15,1.066667
1B2BB2B6DE45,9,1.0
1B2E72AE87B6,11,1.0
1B3701EE4951,11,0.909091
1B3BC0D7C62C,12,1.083333
1B46E32DAA7F,10,1.3
1B4B715EAC9A,7,1.428571
1B5012856219,6,1.0
1B52BB98FACA,6,0.5
1B5312BB32B3,8,1.0
1B622A28EDD9,15,1.0
1B65222659D1,4,1.25
1B682BC69828,13,1.307692
1B6D51980EDE,12,1.666667
1B76E1F1267C,9,1.0
1B7A049ADE47,11,1.0
1B7DB4CB6B2F,9,1.111111
1B87EDD72ED2,7,1.142857
1B8F4DDB120A,6,1.166667
1B95C44855DD,11,1.363636
1B9E20C72CD3,9,1.222222
1BA120ABF733,9,1.0
1BA91BC3D89A,11,1.454545
1BAE4E235915,8,1.0
1BB1E58F694A,9,1.0
1BB2EB85C41C,9,0.777778
1BB9080C5E67,10,1.0
1BBCEF0C1832,6,1.0
1BC6B0614AD2,10,1.5
1BC811EC52DD,14,1.0
1BCF061FF0FF,14,0.857143
1BD5E6B368B8,12,1.0
1BDD5C33D152,10,1.0
1BDDA880A886,9,1.444444
1BE638E9C951,9,0.888889
1BE7F304F07F,9,1.0
1BF239A971C9,13,1.230769
1BF52A5CA35D,12,1.25
1BF9AA238FCE,12,1.75
1BF9FD62E30B,12,1.666667
1BFF05FC5A72,10,1.0
1C03DC666CB4,11,1.0
1C088E6CD17E,12,1.666667
1C125837DEEB,10,1.1
1C13CBFCF87F,7,1.285714
1C1B1DA16C45,8,1.125
1C22B0A7AAB8,13,1.076923
1C29F0363194,12,1.0
1C32F25C46EE,9,1.0
1C3B06789FCB,12,1.5
1C53CA9C2F0C,12,1.166667
1C53D136E6EB,14,1.285714
1C554F1D9D75,7,1.0
1C58F2AF08B4,9,1.444444
1C592378CBD1,13,1.692308
1C596BFDD837,12,1.083333
1C5AB511BF86,9,1.0
1C6A490C7CAA,13,1.076923
1C6AD56843C8,5,1.0
1C6B45AF8116,8,0.875
1C6B5FFBD027,8,1.0
1C715455970B,6,1.166667
1C7D1F04503D,12,1.333333
1C7E0D499FBB,5,1.0
1C8564154C20,2,1.0
1C899F124FEB,9,1.444444
1C8C28FBE64E,14,1.142857
1C8F6219CF27,12,1.083333
1C913AB5444E,8,1.0
1C961BCC0E95,6,1.166667
1C9A50A60FB6,7,1.0
1C9ADFB81C4D,9,1.444444
1C9E388C17B8,9,1.333333
1C9F99DCD7E1,9,1.0
1CA7B8FAA58E,7,1.0
1CAC3BAE4A39,8,1.375
1CAEAE4A474A,9,1.0
1CB3534B82E9,10,1.2
1CCC679F54A2,3,1.333333
1CCEB6CD629D,9,1.0
1CCEDB8144D5,11,1.0
1CD91E790D98,7,1.142857
1CD944028E3C,15,1.0
1CE6C10B9683,10,1.0
1CF149052D11,13,1.615385
1CF3776F970D,9,1.444444
1D039586402D,9,1.222222
1D0DD38A4428,12,1.833333
1D0EC331D8F6,9,1.777778
1D0ED4D5C9D9,11,1.090909
1D10B524E194,12,0.916667
1D222E2831FC,9,1.444444
1D3CCF452096,11,1.0
1D3DB70632B9,9,0.888889
1D459BD1F763,10,1.0
1D4FFD3360DA,11,0.909091
1D51BCF69AD3,9,0.777778
1D51C620FCBB,9,1.0
1D5346180BBF,9,1.333333
1D5D22EBADBB,8,1.0
1D6257F878C4,11,0.909091
1D6BF18EB6EE,10,1.0
1D75D76AC202,10,1.0
1D7E734B4A3D,12,1.75
1D7EEE65F780,14,1.357143
1D828863ECB6,9,1.0
1D8D04DBA122,7,0.857143
1D8D31593552,12,1.5
1D8D7B32B98A,12,1.0
1D91A956FD79,10,1.3
1D994E88DBB6,9,1.0
1D9D3DCE169A,9,1.111111
1DA010DC8392,14,1.0
1DA7EAA3CE67,9,1.0
1DA96102D0F1,9,1.555556
1DADA04B4F66,6,1.0
1DB0684041EC,11,1.090909
1DB195AA7BE3,10,0.6
1DC6485ABFF6,9,0.777778
1DC6C1064011,6,1.0
1DD339DE06D4,12,0.916667
1DD3D8CCFF56,7,0.857143
1DD5B206DC55,5,1.0
1DE4E5333FE6,11,1.272727
1DF74255B4B4,10,0.9
1DFC4D084BB9,14,1.142857
1DFC980DF01B,8,1.0
1DFF3734BA4B,11,1.090909
1E009323E02F,18,1.444444
1E1804459747,6,1.0
1E19464E4C30,6,1.0
1E1A489F2DC6,11,1.0
1E354DDC784B,9,1.111111
1E3699ABBECC,11,0.909091
1E5487955F16,11,1.363636
1E563F170C61,14,1.0
1E5FF0F98ECA,9,1.444444
1E656BE75E59,11,1.0
1E658787B2CD,11,0.909091
1E6835823351,12,1.0
1E7013131796,4,0.75
1E759EE13558,11,1.0
1E7E1B256F16,15,1.0
1E8FBFB5D07B,9,1.333333
1E9789CE290E,6,1.0
1E9F7661E8EA,6,1.0
1EA0EB93157E,12,1.0
1EA78F0F8633,8,1.5
1EAB51728A20,9,1.0
1EB21F75AB8A,12,1.5
1EB4D8BFB732,6,1.166667
1EB7F2CB7A0D,11,1.454545
1ED627A6FC40,14,1.0
1EDE0A7134BE,12,1.0
1EEFEAF4481C,6,1.0
1EF0599146E7,8,1.0
1EF3F333D2C4,12,1.083333
1EF7C63675AE,12,1.416667
1EFA2916E5A8,12,0.666667
1F06A4B670A1,13,0.769231
1F0A461A2589,12,1.166667
1F0FE892EC33,9,1.0
1F1036C2B418,9,1.333333
1F150143FE89,5,1.0
1F2351768406,9,1.222222
1F25E363B7CC,7,1.0
1F265D1089C1,8,0.625
1F26EB15E91D,5,1.0
1F2DD4E07ECA,8,1.0
1F30B1F276A7,4,0.75
1F3AF3D5FB38,12,1.25
1F4234C9B91C,8,1.25
1F46EFAFBDED,12,1.333333
1F4F8D4E1E93,4,1.0
1F51352E0E5F,14,1.071429
1F56575F6388,15,1.0
1F58CB4D5847,6,1.833333
1F5A8C38324F,5,1.2
1F62CA3289DF,6,1.833333
1F6AB4756E2B,14,0.857143
1F7354AA60CE,6,1.0
1F7997582855,9,1.222222
1F8012FFBEBE,4,1.0
1F8354F0A861,10,1.8
1F8987BC7DAC,9,1.333333
1F8DDCFCA766,21,1.285714
1F939ECCB2B7,7,1.0
1FA0FEE9D92E,5,1.0
1FBDE79B7DE3,5,1.0
1FBDEE7FC78D,10,1.0
1FC7F0D3FB27,13,0.923077
1FD55698D1E5,10,1.1
1FD569E1D4BF,6,1.333333
1FD6E30AAEE1,7,1.285714
1FE6D3E74838,8,1.125
1FEBEB39986A,12,1.083333
1FF01ED707B6,6,1.0
1FF56BEDD938,13,1.153846
1FFD96FC48A6,10,1.8
2.03527E+11,15,1.4
2.24E+09,6,1.0
2.84131E+11,21,1.190476
2.93994E+11,6,1.333333
20020164071C,7,1.0
200ADAF3A255,6,0.666667
201241D24A3E,16,1.1875
20141DCB5346,9,1.0
2017D32A0639,7,1.285714
201EB1D0F1D5,5,1.0
201EC18E0A04,12,1.0
2022B8E2B360,2,0.0
202A2848311C,13,1.230769
202C16A5B108,7,1.0
2036EC78D2A8,10,1.0
203C3C0F1250,12,1.0
2042CFDC3B39,9,1.888889
20498D2BFDBE,10,1.0
204C6B729D8B,7,1.857143
204D7AB9CE39,8,1.25
204E5D4294C2,11,1.181818
204F7EAA0EBA,10,1.0
20529E261AA8,9,1.555556
2052CF966A42,11,1.0
2054D2FC64B5,12,1.0
2056B171116E,12,1.0
20644ECC874C,6,1.0
206668BD9662,9,0.777778
2066F8A811A8,12,1.5
206B99189A87,9,1.777778
20751E8B947B,5,1.0
2079B764948D,9,1.555556
207B0FEB5BEF,9,1.222222
207D9B0083FC,8,1.5
2080B945CF87,12,1.583333
20835D731FF0,11,1.818182
2083E1A7DEE8,7,1.0
2084B16E2FB2,9,1.0
2089EF1099EB,13,0.923077
208C0541845A,8,1.375
209523F52F65,9,1.0
2095C9D9F5B2,11,0.727273
209A6BC99DB9,9,1.555556
209EE46FB0BB,12,1.583333
20A42E81AC2B,9,0.888889
20A4E74DE0C3,14,1.0
20AFE3565B10,9,1.0
20B68A9E272C,16,1.1875
20B696B5B9EE,6,1.0
20B859376593,12,1.083333
20C01368FC3E,13,1.615385
20D0120E0F48,9,0.666667
20D092AFC4C5,12,1.083333
20D2723ED2DB,7,1.571429
20DB11FE439D,6,1.0
20E1ED11F61C,12,1.0
20E2A9554CFD,10,1.5
20E89E9AE5DE,11,1.090909
20EE7E422C2D,7,1.571429
20F2A0811902,6,1.0
20FE40010F03,8,0.875
21047CC94658,4,1.25
2104D2D71F9F,9,1.0
2107BAE9CB50,9,1.111111
210E5C7F2F35,5,1.0
211F21B81B38,6,1.166667
2127D8777A44,12,1.083333
2128C7FE7B98,9,1.333333
213479A5F0F2,12,1.166667
214613C46F3F,6,1.0
214B8A25615F,7,1.0
216054C99572,12,1.25
2165829CACBD,12,1.0
216AEAE3EF97,11,1.0
21707382C0F0,9,1.0
2172A101602E,7,1.714286
2173CA2A86C6,11,1.818182
21750F35CEF4,7,1.285714
217A7429341D,5,0.8
2181C567F6B0,6,1.0
2187FAAB11BD,13,1.076923
2189471C5C78,16,1.0
218A21C443ED,7,0.857143
218D823057E2,13,1.461538
21959ECFE644,11,1.454545
219670F16AF1,11,1.0
2198FC9EDB6C,9,1.0
219BA92044F6,10,1.0
219CD728CDA8,13,1.615385
21A20247B3BC,10,1.0
21A24A785A7E,6,1.0
21A42B48B15B,7,1.0
21A87B922013,15,1.466667
21AF117D5E82,13,1.153846
21B1546505A8,12,1.666667
21C75B3F290A,14,1.714286
21C84DF6129A,9,1.444444
21D853C79076,11,1.090909
21E0940DB28C,6,0.666667
21EFAE02832D,7,1.0
22075172920B,8,1.25
2207AE9DCDE3,6,1.0
22083B21A7CB,10,1.0
2208F4EB02E5,5,1.2
220A26E7E802,8,1.0
220B64DA6B5C,15,1.733333
220E202448F4,3,1.0
2213EE7BF546,7,1.285714
22164E215B04,9,0.888889
2221985D49BD,9,1.0
2222A56620C0,8,0.5
22291845AEDC,15,1.333333
223370B9F564,9,0.888889
223FCA37F79D,9,1.0
22407ED964AB,7,1.142857
22416450E0EF,12,1.833333
2248AC325F36,12,1.166667
224F10CBF764,12,1.166667
2270FFC2D480,18,1.388889
2272E232DFD6,12,1.583333
227853D28137,7,1.0
2285E3878B94,16,1.1875
228615F1933B,14,1.357143
2290CEF95268,9,0.888889
2298E32EC81F,12,1.083333
22AD8A978FDA,13,1.0
22B0E90D524E,7,0.285714
22B275BF971C,6,1.0
22B6586B8AC2,4,1.0
22BF4720FB84,8,1.0
22C47823C6B4,6,1.0
22CDED7996CD,6,1.0
22D4F1298062,8,1.0
22D938F5E0E2,11,1.727273
22DB84B437CC,9,1.222222
22DC16B8F0A6,12,1.5
22E2EE7963FA,8,1.0
22E3898773C3,9,1.444444
22E55C32A973,13,1.0
22E583DA7364,14,1.428571
22ED0ED1EF2C,5,1.0
22ED4D73E0D1,9,1.0
22F3B43D815D,11,1.545455
22FD17FB1BEB,11,1.727273
23011CDB368B,7,0.857143
2304F1CAF693,9,1.333333
23125D54C38E,13,1.307692
23172C7BD629,6,1.0
2319365E6640,9,1.222222
231993662C14,13,1.153846
2321C93F8D7E,14,1.0
2321FAC1E823,12,1.666667
232936504C18,6,1.0
23393129100A,8,1.0
233A35247566,12,1.833333
233B42867340,17,1.0
233F34A737E9,12,1.25
234B430EDAEE,11,1.0
234C30A69CA4,10,1.0
234C54F93ABC,11,1.0
2352FF50900C,18,1.611111
235437780D47,8,1.0
23584D5738EE,10,1.1
2372C99019C2,7,1.0
2375E96B7653,6,0.666667
23770C56BF47,8,1.125
237968EDE68A,5,0.6
2379C4EA00DF,12,1.5
237FA40D5CFD,8,1.0
2388E2CAC922,10,1.1
238A68D91301,10,1.0
2393A995A4A5,6,1.0
239695A3CE7C,7,1.0
23972FBA1934,11,1.0
239C29327493,5,1.2
239FAAA1C2FD,15,1.0
23A77FF701B3,7,1.142857
23A8E9D02DBB,7,1.428571
23B3D8854723,12,1.0
23B7C4778106,8,1.125
23C514D3D801,7,1.0
23C6ED53A179,9,1.777778
23CC3629CEC0,10,1.3
23CE04ED9655,11,1.272727
23D479DD8197,6,1.5
23DFB0D7B17D,6,1.0
23F0ABEF8370,8,1.125
24041E649D2E,10,1.0
240D22669177,12,1.0
24122D3D3AED,6,1.666667
2412D8A6EDB4,8,1.0
241CF8E86F9C,12,1.166667
2421208F6A6E,8,0.75
24241413242F,9,1.222222
242E9BA55C0C,17,1.647059
24311D9459DD,8,1.25
2437AAC4FFEC,8,1.125
2438536A9907,8,1.0
2439596F6AF3,12,1.083333
243C2673D4A1,12,1.25
244D42657A60,9,1.555556
246A0E00FE73,9,1.777778
246A11006D33,12,1.333333
24708E827578,4,1.0
247B73B47DFF,11,1.0
247E13C6D8DB,7,1.0
24804BF1823C,4,1.0
248AD4A808F4,12,1.166667
248F805B58E5,7,1.428571
2491845AE919,10,1.0
24969BC6AB56,9,1.0
2498B1D89628,11,1.0
24A44D78C494,15,1.133333
24AB166876CE,15,1.266667
24AC606DE085,7,1.142857
24AE99ACFB83,9,1.0
24B130898C0A,6,1.5
24B385AF486F,7,0.714286
24B46AF7A944,9,1.555556
24B659FCEC04,8,1.0
24BA92F852DF,9,1.0
24BC9F21DAE0,12,0.833333
24C26AB99AAA,5,1.0
24C5ED476177,13,1.692308
24CA09FC2888,7,1.0
24D418729648,3,1.0
24D7E9159963,4,1.0
24D93C4D0921,16,1.0625
24E0B6DB7B49,12,0.916667
24E2967E7441,7,1.0
24E58541E795,8,1.125
24E7F271035B,10,1.0
24E83FA682F8,6,1.0
24EB88B49A7E,9,1.222222
24F0488F11ED,6,1.0
24FA36D49DB7,11,1.636364
24FC5E6ADF1A,9,1.0
250A3F61B6D8,12,1.083333
2514C0AD2026,6,1.0
251DC3DC07F9,10,1.4
252137EC9528,8,0.875
25225E638919,14,1.0
25269EB7FE0D,11,1.0
25279CF8444F,7,1.857143
252C111E462C,9,1.333333
25325F09BF85,7,1.0
2545BE194727,24,1.333333
2546400260B3,20,1.25
2549F87DC5A0,9,1.222222
2558BFD73442,9,1.0
255C21BE7CFB,6,1.0
255E3A6F95D4,4,1.0
2568B64DB374,5,1.0
256E7C7650C8,8,1.375
2575D2691B29,9,1.444444
2577AEEDE0B5,10,1.0
2579DC590809,11,1.181818
257D81CFBA84,8,1.125
258C98EFD4F8,11,1.181818
258F5D734299,9,1.0
259C2BDB1FFF,6,0.833333
259C732E5942,8,0.875
25A6881175B1,8,1.0
25A98E60DA30,11,1.0
25B15676D65B,9,1.111111
25B1E8E15BCB,15,1.066667
25BCAAC2FE62,10,1.0
25BCD7176327,3,1.0
25C29A8F08C3,15,1.133333
25C37AACECA3,6,1.0
25C400582197,9,1.0
25C41D233D24,12,1.666667
25C5C068B05E,10,0.7
25C803068D4C,8,1.125
25DE215F8B82,12,0.75
25E486CDCCBB,12,1.083333
25E5A9483945,7,1.142857
25EE1A06C0D9,10,1.0
25F15C75DBE2,9,1.111111
25F39A646127,9,1.0
25F76B255B43,9,1.444444
25FA1DF1C205,14,1.5
25FC80C2D25E,9,1.0
25FCAC7AE925,15,1.0
25FEFF118AEA,12,1.0
26018F746873,8,1.0
26078C934E0F,4,1.5
260791E4C620,6,0.833333
26089316800B,7,1.0
260CD1DDA84C,10,1.4
260D9A25B1C9,9,1.555556
2617310033A4,14,1.142857
262A455A7060,12,1.083333
262D4488693E,6,1.0
2634F01562BB,6,1.0
26370DAD607F,5,1.0
263A29FC4FB1,9,1.0
263E94CD1C90,14,1.214286
263FD8ADA546,12,1.166667
2640CD15FE02,9,1.0
26432FDB0644,7,1.142857
26453BA910DE,13,2.0
2646BB37564C,7,1.0
26485BBC6E47,10,1.0
2648CF0962FC,12,0.75
264C52745EE1,8,1.0
264E2A6BC7E6,14,1.0
26557C3672F2,9,1.0
2671F96E9F5F,14,1.285714
2674CCDD70E6,5,1.2
26788B95F2F2,4,1.25
267F9C38F948,7,1.142857
26810C6F8A51,10,1.1
268675CF9C2B,10,0.9
2686D9471361,10,1.2
268FBF7E756F,6,0.666667
269088714D10,11,1.0
2693AFBE8AEF,5,1.6
269483FFAB82,7,0.857143
26981B151FD2,8,1.375
269BCDCD7A56,5,1.0
26A2D097B6CB,13,1.0
26A9D74443D0,15,1.466667
26B43880FD1E,15,1.2
26B9F1A418E2,5,1.0
26BF9C028BF5,12,1.166667
26CAE294C16B,16,1.0
26D70B50EB41,10,1.0
26D82BAF75DB,10,1.0
26E36C5938C1,8,1.0
26EC49492A0F,9,1.111111
26ED9496E08C,12,1.583333
26F0870BE37F,17,1.588235
26F1A49ABC3E,16,1.0
26F783EC8DF5,8,1.0
270498B515AB,17,1.0
2704E9C5DD78,12,1.25
270BC1D689DF,12,1.0
270C135130B5,4,1.0
270C9CF15B1B,7,1.0
27132DEB3498,4,1.0
2714214F7D9E,19,1.105263
271CBAA44AC3,8,1.0
2723DB12AC00,11,0.909091
2726E31ECDC6,4,1.25
27323553A085,14,1.5
27347E260F1C,6,1.666667
273863D43441,21,1.047619
273A6BFCD55B,9,1.0
273D52E9DC95,9,1.666667
273FB0645ADE,10,1.2
2741B42624E4,16,0.875
274FC279EC5D,8,1.0
2754EA322F36,11,1.0
275D05200160,12,1.583333
276663841FCE,8,1.0
276B92955757,7,1.285714
2770798B73B2,10,1.2
277530A14E18,8,1.0
27778596AFD5,2,1.0
278800A79148,11,1.545455
278C1879DA87,8,1.25
27910796A7B1,11,1.272727
27A071CC4338,9,1.0
27A2E22A4634,11,1.545455
27A806C76E9F,7,1.0
27AAF664DF23,6,1.0
27ABA3D8F2FE,10,1.7
27ACC3AD950F,11,1.363636
27ADAEF01316,13,1.076923
27AFA00901D3,12,1.0
27B51EEF47E7,14,1.5
27C1F6B19E89,7,1.142857
27C2C3000FBC,9,1.777778
27C6C2D4CC0B,8,1.0
27C714014E17,11,1.181818
27D28F942C45,11,1.0
27D30B303EEE,6,1.0
27D3919AEAE2,9,1.111111
27D868D68359,11,1.0
27E6536433B9,7,1.714286
27E6F6FD3EB0,12,1.0
27F4D048EB58,9,1.0
27F648D17D4D,12,1.25
27FC2D31B704,8,1.0
27FF1FD699B1,12,1.25
280C6F2C65F0,7,1.142857
280D13EB16F0,6,1.0
280F4A13DE2B,5,1.0
2818231D67EE,9,1.222222
2823EC999322,12,0.916667
2823F7B47127,14,1.0
2825E78AC8A9,8,1.75
282920A19940,8,1.5
282AC137C622,15,1.6
282C1013B7B5,12,1.25
282D1DEB08F3,7,1.0
28314B1AC842,9,1.444444
283EDC22483C,5,1.4
2844FD2BF83B,13,1.076923
285F882853A4,9,1.0
2863DFA5BB0D,15,1.133333
286C3B565456,9,1.222222
2871CFE6B66D,10,1.1
2874CC27310F,7,1.0
28775172455A,12,1.583333
28782BBE3CBA,7,1.0
287A262E4417,7,1.571429
287F79B6D6F6,9,1.666667
287FB47E4D2A,11,1.090909
288183B3184A,13,1.153846
28823EC65BA2,15,1.733333
2891B0280044,9,1.0
2897B71A5E94,9,0.777778
28A6D4AB0F50,10,1.1
28A7B5B9219E,9,1.777778
28B00BFB8BD3,8,1.0
28B166158C54,9,1.0
28CA29BE678E,9,1.222222
28CFE95203D4,9,1.0
28DB1BCCB6AF,6,0.833333
28ECC096EEBA,10,1.1
28EF3F88FB87,25,1.16
28F1E43C7884,4,1.0
28F2073AD0CD,12,1.166667
28FF89DC3B40,9,1.111111
290021A1D937,10,1.2
2907A97CC7C4,11,1.363636
2908D48CE405,9,1.444444
2909EE180A2A,3,0.666667
290C7EB656AB,10,1.1
2913843F6DE1,11,1.0
29192A5DEFD5,12,1.833333
291D2BC7F86A,13,1.076923
29203AAA6CC5,16,1.25
2922D6AF678F,6,1.166667
29235C3B3472,7,1.142857
2929DA478E37,6,1.0
292E4A40F481,12,1.416667
292FF100BEF8,9,1.111111
29371D115009,6,1.0
2939DD925D5F,6,1.166667
2939F620E6BE,10,0.9
293B615771F9,5,1.0
293C1D45E66B,12,1.416667
293FDE512821,9,1.111111
294167CBC710,7,1.0
29450AD2A452,4,0.5
294C41270CAB,11,1.272727
29502FC048A0,16,1.5625
2958AC21BB05,16,0.9375
296228784AA5,8,1.0
29627B30B5A6,9,1.0
2962D1BB17A2,9,1.444444
29687C1F98F1,12,2.0
29712E7FC7C8,10,1.2
29765A8DA7DC,6,0.833333
297E9F6638BC,7,1.0
29899EC43F4A,14,1.214286
298E5C25E843,10,1.0
29905A8482BC,6,1.0
2990DEB561F1,8,1.0
299591FA8205,8,1.75
299831F64225,7,1.0
299A4489B427,13,1.384615
29A05955A444,10,1.0
29A53E96B8C4,6,1.0
29AB81B05092,8,1.125
29B1CA7F267E,12,0.833333
29B80B7D1092,16,1.125
29BB45AA907C,10,1.0
29BB51045AD5,6,1.0
29BCE8906E8E,9,1.0
29BE597866EE,14,1.0
29C1E2CE5DB3,9,1.0
29C9EF546659,12,1.25
29CA453A339D,12,1.083333
29CAF243AA8C,7,1.0
29D0D6C26624,15,1.133333
29D2B919695A,9,1.222222
29DD7B64A099,5,1.0
29DD86A89693,9,1.0
29E116AF432A,8,1.25
29E443A561CC,5,0.0
29E8E5721F82,14,1.071429
29EA4DF2C9B0,8,1.375
29F0053BC75F,9,1.0
29F34BD4DD98,11,1.727273
29F53618A9F7,8,1.125
29F5457E7E90,12,1.416667
29F61F8EACF0,8,1.375
2A0589121A2D,5,0.8
2A0B44CCA0CD,13,1.538462
2A0D1193C5EF,8,1.0
2A124200FFBF,9,1.555556
2A16D21F4FC8,8,1.375
2A242B3DCC49,9,1.0
2A27D5383112,9,1.222222
2A29BA5D1EF6,9,1.0
2A2CDE97B76F,12,1.0
2A2F04CC199E,10,1.1
2A35A23BE3C3,12,1.833333
2A373FF286ED,8,1.0
2A4221CE52DC,14,1.357143
2A43B5C34CD0,7,1.0
2A4C1A1AD665,10,1.8
2A52459E72AD,15,1.866667
2A563A6D8FD5,9,1.111111
2A5D14A17747,6,1.0
2A60500B8179,12,1.0
2A6F79AB6CEA,12,1.25
2A79C81E7B71,13,1.0
2A7C4A1CBA41,9,1.777778
2A7DA5E61374,11,1.0
2A88E84558F2,10,1.0
2A8E5AE68CA5,10,1.0
2A90C50AFFE8,9,1.111111
2A934E1D02B7,12,1.25
2AAA5F2F5270,16,0.625
2AAC91E9E2E6,12,1.333333
2AAE43DCEAAE,6,1.333333
2AB31C89B344,13,1.076923
2AB4A19B3201,9,1.555556
2AB4CD937595,7,1.142857
2ABD832C4829,11,1.0
2ABFDA03AB4B,13,0.923077
2AC01E3AB211,9,1.888889
2AC878B831DE,8,1.125
2ACA19551483,15,1.133333
2ACB43DD4A24,8,2.0
2ACCA33A2E15,8,1.0
2ACDFF7FCAAA,6,1.0
2AD868FBE028,12,1.166667
2AD8A9FEE4C0,12,1.333333
2ADE4CD09C5B,12,1.166667
2AEEA0A97907,11,1.090909
2AFADBF8D316,9,1.111111
2B015051803E,9,0.888889
2B0153FF2D4F,8,0.875
2B12BCC7303A,16,1.0625
2B26619F1C1E,13,1.076923
2B2BA9FC021C,8,1.125
2B374862F2C4,6,0.833333
2B39201EEEE0,9,1.111111
2B3AA27C59CB,9,1.333333
2B4218A99969,12,1.0
2B5011D4C860,8,0.875
2B53D5D29EAE,5,0.6
2B557F0EF764,16,1.875
2B568E2031B1,13,1.615385
2B5A9EF786E7,4,1.0
2B5D7FDAFEE5,9,1.555556
2B605EED5E4E,7,1.428571
2B683EE1691A,11,0.818182
2B6B50852E0B,11,1.0
2B6F75CC6941,11,1.454545
2B7169FF4FBF,7,1.142857
2B81FF610FB7,6,1.0
2B8C899A136C,12,1.083333
2B94F21871FC,12,1.0
2B98EC6BE001,12,1.333333
2B9C5C3BB7B9,13,1.076923
2B9F531F1F59,8,1.375
2BA01892D7EE,10,1.6
2BA142AF4BEF,8,1.0
2BA422F3619F,15,0.933333
2BB1B9853257,8,0.875
2BB25A23C9CA,11,1.181818
2BB327C90883,17,1.647059
2BB3F440A1A5,15,1.133333
2BB45C0C7802,14,1.285714
2BB6641B0B02,7,1.285714
2BB881487FD0,5,1.8
2BBF809305C6,7,0.714286
2BD0B513E03D,9,1.0
2BDB4651C49E,9,1.0
2BE26052C376,19,0.947368
2BE944782131,4,1.25
2C0023E82D72,14,1.785714
2C021FD670EB,6,0.5
2C0A4D88629E,7,0.857143
2C0AE28084B3,7,1.0
2C0BDEB99FDD,11,1.545455
2C0D4A3D4590,9,0.333333
2C191F7F9FA1,6,1.0
2C1BB6C07105,5,1.0
2C1D74F72797,10,1.1
2C24880113A2,11,1.454545
2C276911E448,12,1.0
2C2FC1BA95AD,18,1.111111
2C302B2A9020,4,1.0
2C344E66F358,6,1.166667
2C3911F2CA28,6,1.166667
2C3E3E48A880,12,1.0
2C469434A463,7,0.857143
2C4CF1EF39A2,6,1.166667
2C4F19141C94,11,1.090909
2C4F62655AED,15,1.933333
2C5DB9FE0B0B,4,1.5
2C670AC05A4E,8,1.875
2C737A1FDB6B,5,1.0
2C7750B811F3,7,1.0
2C7934648594,8,0.875
2C871443D686,7,1.285714
2C896B95DA8E,17,1.117647
2C8BA60F1666,9,1.333333
2C8BAD341085,16,1.25
2C9C9A03C5C9,15,1.4
2CAD08064A6A,7,1.0
2CAEF7197A17,5,1.0
2CB0A75DDF7F,9,1.111111
2CB23505789E,9,1.777778
2CB6039E6165,9,0.888889
2CBBBA8D15E9,10,1.4
2CBDE8DB392B,9,1.0
2CBE6AD55BDD,12,1.083333
2CC4B554C694,2,1.0
2CCB36FFC40D,8,1.0
2CCFB8C0BAF7,15,1.733333
2CD160148A6E,12,1.083333
2CD20ADA226B,9,1.111111
2CD45C47FFE6,6,1.5
2CE045D2EBA4,12,1.0
2CE725C8E928,4,1.0
2CF60EE0D6B5,12,1.0
2CFBD4AA7BE5,11,0.818182
2CFC7FE26251,12,0.916667
2CFF8146A4BC,9,1.666667
2CFFAD8DF67D,5,1.0
2D01E2DE3ACC,6,1.0
2D0AD6FF07F8,9,1.444444
2D0CDBC81DC0,9,1.555556
2D1B2B8833C3,9,1.0
2D23892ACDA0,11,1.090909
2D28CE622B8E,7,1.0
2D30BE5A3A1A,14,1.0
2D3F81D21421,9,1.333333
2D40E0391ED0,11,1.0
2D4643197395,9,1.0
2D4D71F910AA,8,1.0
2D4DC3D5845A,15,1.333333
2D508127DEF1,12,1.083333
2D508D3CD27E,8,1.125
2D58D03DE536,7,1.0
2D59E1BB8883,9,1.0
2D5F50B0E765,9,1.888889
2D6B650A15FD,4,1.0
2D6EF1777E02,8,1.125
2D765BC7C9E4,11,1.090909
2D7FD832995B,7,1.0
2D976D9E1787,7,0.714286
2D9C280D296E,13,1.0
2DA25C61D18D,15,1.733333
2DA62D709DD7,10,1.0
2DA6436E3BEA,10,1.0
2DAF1788DEC2,12,1.083333
2DB2B8124AA8,5,1.0
2DB6CE093601,4,1.0
2DC06FFB7E07,8,1.25
2DCD1AE7AED4,7,1.0
2DDDB7AA7C51,13,1.076923
2DDF4051E688,5,0.8
2DE332CFF475,8,1.0
2DE95E7D6776,12,2.0
2DEBD2B0AB2C,9,1.0
2DEC2BE40CB5,12,1.166667
2DF807DD1767,10,1.0
2DFE8246A388,7,1.714286
2E0478042A1F,12,0.916667
2E04D645D0AD,7,1.285714
2E0830F07EC8,8,1.125
2E1266682F4A,6,1.0
2E1F288230F2,14,1.285714
2E20D79B96DC,12,1.166667
2E25F9F0DED6,20,1.4
2E2C996BBE7D,9,1.444444
2E3043C283B5,14,1.285714
2E32EE82D785,5,1.2
2E41CEAA9830,7,1.285714
2E4A88C4D580,9,1.666667
2E5633A79557,12,1.25
2E5A5418F173,9,1.0
2E60E360C7DC,9,1.0
2E62A47405BC,12,1.416667
2E64615FFB93,13,1.0
2E655BA40E7D,12,1.25
2E68BA8F2B65,11,1.0
2E74B317EA8C,10,1.0
2E7E6EBD372D,13,1.230769
2E7FA51C438D,9,1.222222
2E810318FBD2,4,0.75
2E8A8C550F8D,7,1.0
2E8CD9C797B3,10,0.9
2E9B0D031C89,7,1.571429
2E9C3762DC25,14,1.0
2EAE515F6F39,6,1.666667
2EAFA0911EC3,13,0.923077
2EB12DA322F4,6,0.833333
2EB94A444839,9,1.222222
2EC2D5F64FD8,4,1.0
2EC83DDCAFB6,5,1.4
2ECC79E1E5D8,3,1.0
2ECCE525D35D,6,0.833333
2ECD72FE0B34,14,1.0
2ED1E6441A1B,14,1.214286
2ED265408C82,9,1.0
2EEA9454E26C,2,0.5
2EEC70448423,10,1.0
2EED7D472A3C,9,1.444444
2EFAF4CE944E,7,1.142857
2EFB606F3C1B,11,1.0
2F032C44C82E,7,1.285714
2F13BCA56EF3,6,0.833333
2F172236E865,7,1.428571
2F191B309816,9,1.333333
2F281D9E264B,16,1.0
2F286C2A60B6,8,1.375
2F3210D23414,14,1.0
2F4441343457,8,1.5
2F5A100EB508,11,1.0
2F60025ED6D0,10,1.7
2F63222FA0FA,18,1.277778
2F656E04AC84,12,1.25
2F740510B666,9,1.0
2F76D50DCF47,9,1.0
2F79AEAA8009,9,1.555556
2F7E08CF0EBA,16,1.5
2F831F895B84,14,1.0
2F852F042CE6,7,1.0
2F8F04D2D0C6,17,1.0
2F92C7B52712,9,1.555556
2F95EA7A9F3B,9,1.111111
2F9941439707,10,1.4
2F9C2FCB6880,7,1.0
2FA001A3D229,8,1.875
2FA02A1E3654,4,1.5
2FA2ABCDD456,10,1.3
2FA8056C7201,9,1.333333
2FAE6DFF45F1,14,1.357143
2FAF6849AFE4,9,1.444444
2FB17659DA36,9,1.0
2FB9732FDD1A,8,1.375
2FB9BA37AA3C,8,1.0
2FC186382EDD,8,1.0
2FC6AA5BBAE9,13,1.923077
2FCA68C17EA3,9,1.111111
2FCED491B631,9,1.0
2FD1B73048CF,8,1.0
2FD2ECB1B5DC,5,1.2
2FD3B620DE15,10,1.0
2FDB1B6086C9,8,0.875
2FDE1544FD26,9,0.888889
2FDF1D055178,12,1.083333
2FE09CD5CD8C,10,1.0
2FE4587D0800,9,1.333333
2FEBCE09CF3C,12,1.0
2FED062E2E88,11,1.090909
2FEDEDACA7E3,12,1.0
2FF01AA49B76,9,1.111111
2FF49615D63E,11,1.818182
2FF6C7542D18,11,1.636364
2FF9836001F4,7,1.0
2FFBE61E4B84,9,1.111111
3.24844E+11,7,1.0
3.24895E+11,14,1.5
3.27504E+11,13,1.076923
3.68606E+11,8,1.0
3.98662E+11,9,0.777778
300B76F37D8E,8,1.0
3020EB58260E,9,1.222222
302578B02AF9,14,1.214286
302A70590A53,12,1.25
302DC21A6DEE,9,1.0
3030A5BB7889,6,0.666667
303FCCA4B05F,16,1.0625
3043D46807AA,14,1.214286
304B55907101,9,1.111111
3052DB170D3E,9,0.888889
3062BD8AB8CE,7,0.857143
3063BD6D280D,7,1.0
30687EEA6586,12,1.333333
3069CFB48737,9,1.333333
306C9043FC14,11,1.0
306CF68D63A3,8,1.0
307DF96FE1EE,12,1.083333
30832988F476,7,1.0
308A7304F6A4,17,1.0
308DA02A219C,9,1.0
30935D02377A,10,1.0
309367E834ED,11,1.090909
30A0189058E5,9,1.0
30A3F81C11AD,9,1.0
30C58EE38D16,16,1.375
30C8220EBBC5,8,1.25
30C99806C7B7,9,1.333333
30D1C9635C0C,11,1.090909
30DB0EC83D10,6,1.0
30E8E3CE1C32,7,1.0
30F141B991EC,7,1.285714
30FB93559E6F,12,1.083333
310201844A5A,8,1.0
310F8AB55A40,8,1.125
31225EE0EABC,8,1.0
3127E2B3B68A,11,1.545455
312860BEC6C5,8,1.125
314A073FF242,9,1.222222
315CF6A9667A,9,1.444444
31608C81265C,16,1.25
3182788D84EC,8,1.0
318A8BEC177F,8,1.375
318C3D719F7C,12,1.75
318CE9377535,12,1.0
318E29BC6F06,6,1.0
318E4DA84F60,12,1.083333
318F40822873,18,1.666667
31998D3364B9,11,1.909091
319B2511943D,9,1.222222
31A3040F487C,10,1.1
31A655925A8A,6,1.0
31A65BE34B0B,8,1.125
31B421A815BE,14,1.142857
31BC49520E9D,14,1.428571
31BCC13FC4B2,13,1.230769
31BDD33875A4,6,1.0
31C7E435A083,8,1.0
31CFC479D3DB,7,1.142857
31D2096A0478,11,1.0
31D2C8EF127E,9,1.0
31D92B78B151,5,1.0
31D94B250960,13,1.153846
31DB1BDE89A1,10,1.2
31DEDD89C49A,10,0.9
31EEF9A4A29B,9,1.0
31F19F915306,11,0.818182
31F4831C794D,10,1.8
31F5385F21B7,10,1.0
31FFFAFD3987,11,1.545455
3206079FDA69,15,1.0
3206E3F5CA39,10,1.1
320C8882B73C,8,1.625
32152B4D2B18,9,1.111111
3215F95D4312,9,1.0
321B924C8441,6,1.0
322B33C931CA,6,1.0
323528BC0FDB,12,1.25
323FCB4E294A,12,0.833333
3243E4862D4A,12,1.166667
32440040C61B,11,1.181818
32445E3C6B22,14,1.214286
324E7EA1820D,11,1.0
324FCF9DA47C,12,1.666667
3252E8F623E4,9,1.111111
3253860FE997,10,1.0
3254ADC7B428,9,0.888889
32612321B31E,12,0.583333
32647EC2D489,13,1.0
32676DEE9A39,11,1.545455
326DEFF8D486,12,1.0
326EE5515F2D,15,1.066667
32700E9C48B8,8,1.0
3275120B2E8A,9,1.555556
327AAC23CF5D,12,0.833333
327C46078B4A,17,1.117647
328A777ADA33,7,1.142857
329A17C419E1,10,0.9
329C6644B488,8,1.0
329FDFF9DAEF,15,1.866667
32A5C2EE44FE,8,1.125
32AA6481C3FA,10,1.2
32B2D5592E1D,11,0.727273
32B5DBE46E09,9,1.0
32C09B35C142,12,1.25
32C41774E38D,8,0.875
32C565B12D08,5,1.0
32CD23AAC462,9,1.0
32CDDF4AA80D,4,1.25
32D0A06A0A23,7,0.571429
32D3B300954A,15,1.0
32D85652B5AC,13,1.615385
32D9054C3246,13,1.230769
32E214906DF4,10,1.2
32E2949B0C66,21,1.0
32E980DFCD96,7,1.285714
32EF13D64655,6,1.666667
32F056351D0F,7,1.428571
32F21701F28D,15,1.333333
32FE31495988,7,1.142857
3305CBBCB258,8,1.0
331588D6432C,9,0.888889
3319B3A22F9B,12,1.333333
331CA007D0AD,9,1.111111
3321A3E87AD3,9,1.0
332921BEC390,11,1.0
332C13592AE6,10,1.0
332DFAC29243,8,1.0
33475A71956C,6,0.833333
3348F1455A61,8,1.0
334B7D161667,5,1.0
33518A2CC63F,11,1.181818
3351F137568E,7,1.0
336249F35AD0,9,0.888889
3364D48B3E73,7,1.0
33679BAB1D36,8,1.0
336CAAC890EC,9,1.0
338F8137CB7F,11,1.090909
33916D898F9B,9,1.222222
3392F73AE2DB,7,1.0
33A53CC19E40,5,1.0
33A64A98CAE0,8,1.125
33ADAAB38BFC,9,0.888889
33B1DB03DCAD,3,1.333333
33B3B5E41042,5,1.0
33BB7DB867F0,12,1.333333
33D741DE2BCA,11,1.090909
33D9BCB1A7CD,9,1.0
33DB30E519E5,14,1.571429
33E1A39FFC48,9,1.444444
33E25E6A8028,9,1.0
33E67D072963,11,0.818182
33F18D5D8867,11,1.090909
3404A30E92C7,14,1.642857
3410CE477160,8,1.0
341C1F4D29F1,10,1.0
34262AC688A1,9,1.333333
342AED7864B0,9,1.222222
343084E34E9A,12,1.333333
343A95F8B1A2,12,1.5
34401843BCDB,12,1.166667
34406EB29D45,5,1.0
3441F00346EA,11,1.636364
3449CE7058D5,9,1.0
344D9A0422E6,6,1.0
345AB12E9B44,8,1.0
3464012E360B,8,1.125
3470DA60B592,10,1.8
347DE248D051,9,1.888889
348227886FD6,9,1.444444
348C415DE78D,9,1.0
349D1C76A0FA,13,1.307692
34A590772E2D,9,1.222222
34A969F02539,7,1.0
34AB53DA73EF,11,1.0
34BABC0E3795,8,1.0
34BCE7C3F803,12,1.0
34BD942EBBD7,14,1.0
34C2F0929B18,9,1.0
34C40190E817,14,1.642857
34C430A25890,7,1.714286
34C6AD5D2F58,14,1.0
34CC756C2707,6,1.0
34E0039AC74E,7,1.0
34E0E261FDE7,3,0.0
34E1D0E60106,4,2.0
34F016931102,11,1.0
34FB26C4FFDE,15,1.2
34FB9E0DF44A,6,1.166667
34FF5653BC2A,9,1.333333
34FF9E09D7C8,12,1.083333
35014316E750,6,1.166667
3504E2757216,5,1.0
351EB4DBB252,3,1.0
35242F4AB789,9,0.888889
35279D8353D6,7,0.857143
352CEEDDF08C,12,0.75
352FAD192BB9,11,1.272727
3532AF1395A3,6,1.0
35382AF523B4,11,1.0
353CAC9AC658,12,1.916667
353E9AFBC42B,8,0.75
35495037D856,14,1.571429
3552BC0CBB1C,6,1.0
355534539B7E,10,1.8
356088A3EC46,6,1.0
3572E4DC8EA5,8,1.0
3579E5EE4EC8,8,1.625
358263CF4444,7,1.0
3588380B5507,9,1.0
359E66B73109,7,1.285714
35B6AC9150EB,11,1.363636
35B96F2A9F88,8,1.0
35C1EF0AD877,7,0.714286
35D4D20892A6,11,1.0
35D64739B0D2,11,0.818182
35DD0F455947,13,1.230769
35DE2CC6BBD9,9,0.888889
35E43CD12135,12,1.416667
35FDC36E1D27,11,1.0
36064F137F20,7,1.0
3609B5F15C8C,6,1.0
360F4E7D2631,11,0.727273
361958A6AA45,12,1.166667
36240867324F,7,1.0
36246752B6F8,20,1.15
363F69979EAB,7,1.285714
364AB53BF679,8,1.125
36571D1CDCAD,5,1.0
365C55F26DFC,9,1.111111
3661D3C5DB6B,13,0.923077
36677FE57D6B,7,1.0
3668AE375F14,9,1.444444
366BB66B5A89,12,1.0
3671DB5110C0,9,1.0
368AF8A98CE6,17,1.411765
369954E1B96A,14,1.5
369CC7DE668F,12,1.583333
36A126CF8658,7,1.142857
36AADFA80764,8,1.0
36B1FA4B40A7,7,1.0
36B4B627FE00,11,1.090909
36C0B439BEED,9,1.222222
36C4F0B8B4D7,10,1.8
36C7368968C0,9,1.0
36CC2A1A8BBC,9,1.111111
36DF4C0101F2,17,1.0
36E730A1040C,8,1.0
36EE2607AB46,9,1.555556
36F90F86ED01,7,0.857143
370732B4F376,8,1.625
3709B707B55D,12,1.083333
370E7C2794AB,10,0.7
371210DE268D,10,1.0
3716F1DB5880,9,0.888889
3716F4794AB4,12,1.666667
371719D9B43D,8,1.25
371C9C47A787,12,1.0
371DCD0EF85F,7,1.285714
372B34B48E84,8,1.0
373D03BB20EF,9,1.111111
373F73E9E830,9,1.0
3741469BB646,16,1.1875
3741D275F8BC,12,1.0
37423449B879,8,1.0
3748EA26DFFD,9,1.222222
37513D076D09,8,0.75
375BD3144BC3,9,1.0
375DD78BB2FD,12,1.083333
376B211265BD,9,1.111111
37771E9C2A8D,9,1.0
377E070688E1,7,1.0
378970057A1A,14,1.071429
37986AF08E7A,10,1.5
3799343B6C0A,8,1.0
37A2E6EA2337,9,1.222222
37A40AF3028A,8,1.0
37A4D1348B83,6,1.0
37B0303FA993,14,1.0
37B05EDB1C50,9,1.555556
37B2B196F7C5,10,0.5
37B2C9BE78C2,8,1.0
37B47DC62A78,3,0.333333
37B985859EB8,11,1.363636
37BF4818673C,15,0.933333
37C3C036AC0F,6,1.166667
37C47D9B9596,11,1.181818
37C9830D8815,11,1.0
37D102E9C36C,11,1.363636
37D40E1CD549,9,1.333333
37D4CF70BB56,9,1.444444
37E07916B614,9,1.0
37E2BC1D72FA,16,1.0
37EA539179FC,15,1.066667
37FC9DB2D1DB,15,1.0
37FDBF9C7EE7,7,0.857143
37FED48BEDBD,9,1.222222
38043B171DAC,10,1.0
381537D74495,11,1.545455
38187C081B25,15,1.6
3819C0A62313,7,1.142857
3821238FE334,9,1.0
38283A07296C,12,1.083333
38398D01FC11,9,1.0
383B847BBF7C,11,1.0
38418C0F9D91,7,1.0
384D8653D8E2,9,1.111111
38544AECD63C,18,1.111111
3857B01712B3,11,1.0
3857EDCD3437,7,1.0
38627CBBA304,15,1.6
3862E2B8AD54,6,1.0
3864A8B9C6B5,5,1.0
386F96C2DCE1,14,1.357143
386F9703C1F0,11,1.363636
38702CDFDBE7,8,0.875
38733F6A4A36,12,1.0
387A6ABAC720,8,1.0
387C6CD3FD66,12,1.333333
387D12FE2D94,7,1.0
38823B4C6318,12,1.25
388F31A9A1A1,7,0.857143
3892D5C76B39,6,1.0
38930EEDA19B,13,1.307692
38959CF98F8D,12,1.166667
38968B108FBC,9,1.333333
389752B5BECF,10,1.0
3899C281559F,12,1.0
389BA8389F32,9,1.333333
38B237B2F190,13,2.0
38B7875D420E,14,1.857143
38C3001D7D16,14,1.357143
38C30CFFD0E4,5,1.2
38C5C8A4C583,13,1.076923
38CFC25785E2,9,1.222222
38D00F509FF1,16,1.8125
38D227AB68A0,8,0.875
38D37BF69E5F,11,1.0
38D57197F5B3,6,1.166667
38D88866ABD9,4,1.25
38DA987C1A3C,11,1.0
38E1266098C9,14,1.214286
38E4FB60F320,9,1.333333
38E5CA5C3B95,6,1.0
38ED111577E8,9,1.0
38EE63B226BA,6,1.166667
38EEC115DC68,11,1.090909
38EEEB5BC11C,10,0.8
38EFDBCE162A,8,1.0
38F68FC5317C,9,1.0
38FB68E6353C,11,1.272727
3901A0BB6B92,10,1.0
39065509F761,9,1.0
390C619217DB,12,1.166667
391757E8299B,13,1.461538
39179028B2DA,7,1.0
3919F3440FB6,12,1.0
391FDAA58AA0,11,1.0
39211D068D20,9,1.444444
3923909DE518,10,1.2
3925EB5265DF,15,1.066667
3928A3B8A298,8,1.0
393AA5E5A2C2,7,1.0
393BDF8C7897,4,0.75
39458542D0DB,7,1.0
3946C28D4D7E,10,1.7
39492CE9549E,10,1.4
394E5EF1B5AC,10,1.0
39556E3D684B,9,1.888889
395E57F50A76,14,1.0
39776B3A4C70,4,1.0
3977FF952798,10,1.1
397E84AEDCB0,18,1.055556
3985883CA075,12,1.166667
398C90CE0CAB,7,1.0
398D1E26AA89,8,2.0
398F0B9690AE,5,1.0
3992F89490E9,9,1.666667
3997C6D12E37,11,1.090909
399B11ACA702,7,1.428571
39A822883189,7,1.142857
39AAD2CA2F1F,14,1.142857
39AD2FCCD35E,8,1.625
39B6454376C8,7,1.0
39B6908F453E,7,1.428571
39BFD8D8809F,9,1.444444
39CFA56A9931,11,1.0
39D507D7EBB5,8,1.625
39DE1C961946,13,1.307692
39E08058C7B8,7,1.0
39E98ECA8354,9,1.333333
39EA615EA7C0,7,0.857143
39EB3C6F0683,5,1.0
39FCD9C9727F,12,1.75
3A05F3FA6052,14,1.428571
3A08788DCA7D,10,1.3
3A09C844E429,9,1.0
3A2A77A19E6D,11,1.454545
3A2D732CA9A2,11,0.818182
3A317901A1B7,6,2.0
3A38C6310D54,10,1.0
3A46873F3E37,9,1.222222
3A4B4B2CA9AD,9,1.555556
3A4E619499C7,11,1.272727
3A5D94F715D1,11,1.181818
3A6447DDD481,7,1.0
3A66E0D2874D,12,1.0
3A777021089B,12,1.75
3A78FDB5DF52,15,1.0
3A83E8B7AB1B,11,1.090909
3A87EAAFBEA0,12,1.0
3A9561759383,15,1.0
3A9853B9390D,15,1.266667
3A98BE969D1F,12,1.75
3A9A95F48F86,9,1.0
3AA24312B2FE,14,1.0
3AA266BAD4BA,12,1.25
3AAAF2D5E736,12,1.666667
3AB30AB267DA,7,1.0
3AB3FC197550,7,1.0
3AB98867EABB,9,1.0
3ABC3C461EE1,9,1.0
3AC1585668AC,12,1.333333
3AC3BED193AA,10,1.5
3AC9C50357E9,6,1.166667
3ACABC081389,14,1.285714
3ACABEEA34D2,16,1.1875
3AD4E35CBBA8,8,1.375
3AD6264469AF,11,1.363636
3ADF2D3323BE,8,0.875
3ADF4890A470,8,1.0
3AE58AC9DFC2,14,1.357143
3AE78FBC7ED0,9,2.0
3AF199D7B081,11,1.0
3AF207431A35,8,1.0
3AF8147D6DB0,8,1.0
3AFA78FFFC15,12,1.083333
3AFC1056E452,6,1.166667
3AFC305BC43F,13,1.076923
3AFEB01D9E38,12,1.0
3AFF28A9D01B,6,1.0
3B053B2F03A3,12,1.333333
3B067F759865,8,1.0
3B1BB6384D7C,5,0.2
3B1CE6EEA66E,11,1.909091
3B27DB9B21FE,11,1.545455
3B2C8BB36BD4,10,1.0
3B30FDC5AAE8,10,1.1
3B349382B66E,9,1.0
3B355996A407,8,1.0
3B3A47EA684D,6,1.666667
3B3B9B273B93,6,1.0
3B3D06A95461,11,1.0
3B3DFE1192FB,12,1.25
3B4C23859101,9,1.222222
3B50C316E9CA,14,1.142857
3B55EC92FAAF,12,1.0
3B62370779A1,11,1.090909
3B6914A9D5D0,4,1.0
3B76811E5D92,8,1.125
3B8116100309,11,1.0
3B85EB3B7207,9,1.0
3B888FC510B1,14,1.142857
3B93FA6833FA,11,0.909091
3BA15254E27F,13,1.0
3BA1C8442151,12,1.0
3BA2029AFBC0,12,1.0
3BAA2C7E2CA2,9,1.0
3BB2C60B97E4,7,1.0
3BB75823DA5B,7,1.142857
3BBD028592D7,7,1.0
3BC19FD6B29F,14,1.071429
3BC3AB612FAA,5,1.0
3BC78976B522,10,1.0
3BCA8FF7A62E,15,1.466667
3BD1B5A4F714,7,1.857143
3BD1F2EA30B4,10,1.1
3BD4C7E7DE37,9,1.222222
3BD56311709B,11,1.181818
3BE469553D75,8,1.0
3BE93D14041D,8,1.25
3BF2F496AF76,10,1.2
3C04A5B6C8F8,15,1.0
3C133B27FD35,12,1.0
3C1431342B09,13,1.0
3C17ED55E3A8,9,1.888889
3C1A3C7FB8C8,7,1.0
3C1B911C0C75,15,1.2
3C2032CEEC9C,16,0.875
3C26EC679114,12,1.333333
3C28743B377D,10,1.0
3C2E56DBA570,8,1.25
3C315C4345C7,6,1.0
3C35ABD78529,5,1.0
3C442451101C,5,0.6
3C48236462CD,11,1.090909
3C4A286D0976,11,1.090909
3C559F318141,6,1.0
3C58C11EE58B,16,1.1875
3C693CBFEFB5,19,2.0
3C697FD6C57D,7,1.428571
3C732B8FAF71,3,1.0
3C7B282032BE,10,1.0
3C8360258FE5,9,0.888889
3C870B534788,6,1.166667
3C879A5C86D9,17,1.352941
3C9ABAD0EB27,9,1.0
3C9B9DAFB0AE,9,1.0
3C9EE9C1A2D8,10,0.9
3CA1D9450791,7,1.285714
3CA5A09CDC38,10,1.0
3CA8BC5FDD12,11,0.818182
3CA8DFA49511,4,1.0
3CC092F08FA7,14,1.357143
3CC0CE77D0A2,8,1.0
3CC68E5F3802,8,1.125
3CD591F1DA56,14,1.357143
3CD912C299E0,9,1.111111
3CDDA85AA3C7,12,1.583333
3CDE1D9E6E57,12,1.083333
3CF26DBFD304,7,1.0
3CF52C3ED074,10,1.0
3CF61A705D4C,12,1.0
3CF722FB17B1,9,1.555556
3CFA497859E6,9,1.0
3D071A53EF80,5,1.0
3D419C1C388A,11,1.545455
3D4475C949C2,11,1.181818
3D491C4153CE,9,1.0
3D5C564AACDD,14,1.571429
3D613F2FF95F,12,1.166667
3D6607FA5531,14,0.928571
3D670976A2FE,14,1.071429
3D6BD2217AD5,9,1.0
3D7067F5F0E8,18,1.111111
3D87B595B6E2,7,1.714286
3D8BD3820279,9,1.0
3D8D67C9E2D0,3,1.0
3D94C80366E7,5,1.2
3D9C932F2EB1,16,1.4375
3DAC64829E27,6,0.5
3DAE21FF789C,17,1.529412
3DAE999D059A,10,1.0
3DB6FCCA1445,8,1.0
3DBBEBD828B5,8,1.0
3DC336733E9F,12,1.0
3DC3405DF531,4,1.0
3DCB4591B077,11,1.0
3DCE7545329C,10,1.1
3DD1CCDA43A4,10,1.2
3DD708E67492,8,1.375
3DEF59603E74,10,1.0
3DF2569374B6,9,1.111111
3DFC27F27E29,9,1.222222
3DFCB419BA08,8,1.125
3DFF5C74C39B,10,1.0
3E0A9E722795,13,1.153846
3E17AB4A1416,10,1.1
3E1A21FAB4A5,11,1.363636
3E22E1F1A48C,7,1.0
3E2C1148077C,11,1.0
3E2DD51983F4,9,1.111111
3E2DFEE1A973,11,1.545455
3E3CBB78E42B,18,1.0
3E447261F53A,17,1.352941
3E597CFD9697,9,1.111111
3E7F5037EF94,17,1.0
3E81849D82B7,9,1.0
3E8567275081,9,1.0
3E866ECC376A,11,1.818182
3E89989D6585,10,1.4
3E9AC2434A7F,13,1.307692
3E9D0BE87490,9,1.444444
3EA0DEDD2612,9,1.222222
3EA7F29FFED8,9,1.777778
3EAA08EB3E4E,9,1.222222
3EAC45B15D2C,9,1.888889
3EAC832BAB92,6,1.0
3ECCF531F73A,9,1.111111
3ECD274709E5,10,0.6
3ECE3D9AD865,9,1.888889
3ED79EE23357,12,1.166667
3EDECE385E2F,8,1.25
3EDEDAB44961,9,0.888889
3EE4F2B2B160,11,1.272727
3EE81BEC8978,9,1.0
3EFA3EE80C51,10,1.0
3F0396A77EE0,9,1.0
3F03A55FF4C4,12,1.083333
3F04C12160E5,12,1.0
3F06BE2C68DF,9,1.666667
3F0A465CBE35,6,0.833333
3F0E512E243F,7,1.0
3F142A739C54,13,0.923077
3F1C215FB2D9,11,1.0
3F1D5295B714,9,1.555556
3F1E511E2E1E,9,1.0
3F249F1FCBBC,11,1.454545
3F282F13765A,8,1.25
3F2E569A486F,13,1.307692
3F30E7FDE6F1,12,1.0
3F36005DC45A,7,1.428571
3F36104344DB,8,1.25
3F443A810D91,7,1.0
3F44E430D0AF,12,1.166667
3F47D1C0FA1C,14,1.285714
3F4D8262235A,10,0.9
3F51F5840A15,10,1.4
3F535B618050,9,1.444444
3F5D082F3DD3,5,0.8
3F5DCA4D1330,7,1.0
3F65AF00FC67,15,1.0
3F6710DB72DF,9,1.333333
3F6E2E7E7734,10,1.0
3F7080BE5E42,6,1.666667
3F72977E9580,6,1.0
3F7A0163C8E7,7,1.0
3F876627789B,9,1.111111
3F8A01E216B1,9,1.0
3F8CFCF8DF07,12,1.5
3FA34FE01526,10,1.0
3FB024B6D050,11,0.909091
3FB35A81AA24,9,1.555556
3FB5387479C5,9,1.0
3FBCFA6F3065,7,1.0
3FC093EFB96C,17,1.647059
3FC933A3FB55,2,1.0
3FCC183CC09B,15,1.733333
3FD62131C5BC,11,1.272727
3FDDD603DDF5,7,1.0
3FEA65A1F11E,15,1.466667
3FEB1129B8D7,5,0.8
3FEC98F9D442,13,1.076923
3FF04D1D12B0,9,1.0
3FF0FB7E93BD,7,1.0
3FF853798919,7,1.0
3FF91197E74D,6,0.833333
4.10957E+11,7,1.142857
4.30762E+11,12,0.75
4.41098E+11,7,0.857143
4.53465E+11,16,1.0625
4.96459E+11,7,1.0
4.97079E+11,11,1.0
400715BAA227,12,1.25
40115E5E4653,9,1.0
4014F3766E03,9,1.555556
401940D9830D,9,1.111111
4023681265EF,6,1.0
4032ED0063E4,10,1.0
40331978F344,11,0.727273
40355ED1C675,13,1.0
403DC7E71F42,12,1.0
404A5E2C5120,7,1.285714
405A9A2516C4,9,2.0
406287CE2DF9,8,1.0
406445F43B9B,8,1.375
406802BF672B,9,1.222222
4082B539D6E1,9,1.222222
4084C729DD4F,7,1.142857
408959B1EA22,11,1.0
40899B186542,14,1.142857
408A7D3D2EEC,9,1.0
40922D5AB806,9,1.0
409934FDBFBC,8,0.625
409D312BDC8D,9,1.0
40AB9AF60E36,8,1.25
40B45209C774,9,1.0
40C12D359EEB,12,0.833333
40F436B62E66,4,0.75
40F5F0642A89,12,1.333333
40F9DCD1794D,15,1.0
40FB5A8DB596,14,1.071429
40FEDD6DE160,10,1.4
4103156B5B45,9,1.0
4118DDEC9E35,4,1.75
412227C301CD,17,1.294118
412B3957025D,12,1.166667
413384DAACAB,11,1.181818
413841173F16,4,1.0
413AE4A36667,9,1.333333
413AF04AE970,12,1.0
4141D61871DE,7,0.857143
4155D50399D1,4,0.75
4155F87C7940,5,1.0
415672DB1873,10,0.8
415C68EF76E4,9,1.0
4160E6DB0298,6,1.166667
4169721228D0,12,1.0
416A62A2D2C8,13,1.076923
4176E05183E0,9,1.0
417F362A7B19,5,1.0
41811B5B8FDB,11,1.454545
4183BA00BE40,13,1.538462
41845057A255,11,1.090909
4184BAF78C22,12,1.083333
418926C5327A,11,1.0
4189BE6EB2BB,9,1.0
418A275E8556,11,1.454545
4193E47EE1D8,10,0.9
419C8EFADABA,7,0.857143
419FDC37495B,8,1.0
419FFE0FF11B,1,1.0
41A3FC274B69,10,1.5
41A45843C231,11,1.363636
41AB66A59849,10,1.2
41ADEA51A15E,9,1.0
41AEF2D0D03E,8,1.0
41B00C33B8AE,11,1.181818
41B139DE66D1,8,1.0
41B2F4B0B8EB,11,1.454545
41B8C0A3D56B,8,1.0
41B983E1E1EE,8,1.0
41BEF59908B1,6,1.0
41BFE4156488,15,1.333333
41C35CC4989B,10,1.0
41CAD080DC9D,9,1.0
41CC238F5738,11,1.727273
41CE9804B226,11,1.0
41D5D90F8287,15,1.4
41E45EFE43AA,11,1.636364
41E9768ADAF5,11,1.818182
41EE2492D913,3,1.0
41F11AC58B17,10,0.6
41F5B84911C4,10,1.3
4206A326928C,6,1.5
420B1BB01B16,12,1.0
420D3018845E,9,1.0
4212518DAD4F,12,1.083333
4216AC2DDEC4,12,1.0
4223E5722166,11,1.0
4225F6D4303A,15,1.133333
42289AA391B4,9,1.0
4231D38F38CA,13,1.0
42323BF2B1F8,12,1.5
42346BC90146,5,1.2
4239B55FCE55,11,1.454545
423EAE044024,10,1.0
4248174EB223,7,1.142857
4248882EDCCC,12,1.0
424944E8A883,9,1.111111
424C7EF762F2,8,1.25
4254C990BD0A,8,1.25
4259261D1C5E,9,0.666667
425D3E01C3F4,13,1.384615
42661B3C5F70,7,1.571429
426B322D25DA,4,1.0
426B7994C26A,9,1.0
4272C8064E89,8,1.0
4275B4160F85,14,1.0
4288F88C8D15,5,0.2
428FD33185B5,8,1.0
42933710EB6E,8,1.25
4295337EFE17,5,1.0
42997AC50E1D,9,1.0
429F4E63967A,12,1.333333
42A5941E3924,12,1.0
42AD5E1F4167,12,0.916667
42B977C6E77F,12,0.833333
42BBC5BB7D71,9,1.222222
42BC1A7578B2,11,1.181818
42BDAA30E0DE,11,1.545455
42BDE6E6B140,7,1.0
42C48EAC4B1E,10,1.9
42CE598E99CA,13,1.461538
42D1F54DD184,6,1.0
42D5B756CACE,3,1.0
42D8CCA3643E,12,1.916667
42E7F97740A0,9,1.0
42ECF767F3AC,8,1.0
42ED793FF2CC,10,1.0
42F0BEBB42B4,8,1.875
4305C62498F0,10,1.0
4306DFFBD5CC,19,1.421053
4312BE04F2B3,13,1.0
4316B5E2B308,6,0.666667
432ACA3E8971,9,1.111111
432FD5A0C5D2,7,1.0
4332C80A5690,13,1.076923
4336E25D1D6C,6,1.0
4340F2CE282E,10,0.9
434145A7D215,13,1.230769
434616FBA2C7,8,1.875
434C1F133BA0,6,1.166667
4353BF70C4A3,12,1.0
43596925AF2A,5,1.0
435FEA5EA3C7,12,1.583333
436637E5292F,12,1.583333
436E25853B7F,11,0.909091
43725C5F910C,11,1.454545
437E9376FB71,13,1.538462
438ABF2E294B,11,1.0
438E28BC10DD,7,1.142857
4390794B2751,5,1.0
439605C44328,12,1.416667
4396826744B9,9,1.444444
439A6D5B2062,6,1.0
43A4DCBC26BB,11,1.181818
43A549F003C5,6,1.0
43A603645B8A,11,0.818182
43A8EE7F1045,18,1.0
43AAC771611C,8,1.125
43AF502C49E6,7,1.857143
43B24ED85767,8,1.0
43BF2EC06123,7,1.0
43C6275B5CC8,9,1.444444
43D612E69031,6,1.333333
43DAAB1D4E9F,10,1.0
43E43F7BF502,7,1.0
43EC1533429B,10,0.8
44066F9A0874,9,1.0
4409FED98F5A,6,1.0
4410B038283F,10,1.2
4413099767EB,15,1.4
44189559196D,13,1.538462
4423B65DF221,10,1.0
44249693A8E4,13,1.0
4427BED9AFFD,5,0.8
442CB680039F,6,1.0
442CFAE61CC3,7,1.0
442DD1515A61,4,1.0
443033444A5F,3,0.666667
443597A6A71D,16,1.3125
4439A9E6FBDB,13,1.384615
4449300739D3,11,1.181818
444932A89C28,9,1.111111
444BAFC4DB80,9,1.111111
44588DAF5A33,10,1.1
445909AC0FE5,9,1.0
445A7391C15D,14,1.928571
4465723B5B4D,8,1.0
446DFCDAD7F4,10,1.0
446FB49C6537,8,1.25
4472129F46CF,7,1.428571
44735791FDA0,11,1.090909
447790D1438B,14,1.071429
4477F6E0FC39,14,1.428571
447812A6FB58,6,1.0
44785A012122,14,1.0
448F5DC3237F,3,1.0
449481205E2D,8,1.0
449E99B2C0A0,15,1.333333
44A286931141,11,1.363636
44A5406282B8,9,0.777778
44AD6D44FD83,12,1.0
44AF48703805,10,0.9
44B06B4A6D7E,12,1.0
44B37CB91CF8,4,1.25
44B42361188C,15,1.0
44B9A0BA45A7,7,1.0
44BA6813AA4F,14,1.0
44C8DE8F569D,8,1.875
44D318388E8C,16,1.75
44D7EF3EDDD4,11,1.818182
44DBEAA8A894,14,1.357143
44DDD4D88456,12,1.0
44E2726DA1B3,12,1.0
44E7D4E2BDE4,9,1.111111
44E91CBF4115,15,1.333333
44EB991E35AA,16,1.125
44EBCF75BE1F,9,1.111111
44F6DC9C8326,13,2.0
45050F5E7A34,9,1.0
450B82D1DF60,7,1.0
450F44822D14,4,0.25
451321E506A6,7,1.428571
45150279591B,6,1.0
451BE494A2C0,15,1.066667
451E8369BB76,12,0.916667
4523DBC6372B,7,1.0
453195490AEC,10,1.0
453380C5CA9C,4,1.25
453564C3F4E3,7,1.0
453771E00335,8,1.125
453ACA22D3B4,6,1.0
453CFCB2BFE8,9,1.555556
453D762EF267,5,1.2
453F56D5BB3E,7,1.0
454FA9C8E4C0,9,1.444444
4557E9E83E8D,10,1.0
455F9695FAAF,14,1.071429
45656F1FF705,8,0.875
45699BBC8BB8,8,1.0
4575B9D207C5,8,0.75
45775C79FA64,16,1.4375
4579B625E1E8,6,1.0
458A9CBC087F,6,1.5
458D4C5C5727,10,1.2
458DAF10CB17,6,1.5
459EDDA36F73,18,1.0
459F27598FA9,7,1.142857
45A5FD941F4A,9,1.0
45A85D1AA919,10,1.0
45AE96545D1A,8,2.0
45AF6741757E,9,1.444444
45B3000D47C1,8,1.0
45B6B3734D1F,17,1.117647
45B98A4875F3,8,0.875
45BF01B7EF4D,11,1.0
45CBE29D23E0,16,1.5
45D156498F73,12,0.916667
45D37DC2C553,10,1.2
45DBD907A064,9,1.0
45DDB26E6EF5,11,1.181818
45E96E189978,11,1.181818
45EA1B11A1F7,7,1.285714
45EF6A4EDB1A,12,1.833333
45F0D8644892,4,1.0
45F6FCBF0CCA,8,1.625
46018A418B66,12,1.0
4604BEF875BC,12,1.0
4605F8B93BFF,9,1.333333
4614B3AC1408,8,1.25
46177223B985,8,1.0
46183881BE11,14,1.071429
4618DCF43061,11,1.090909
4622343DB96F,8,1.0
462769ABDD5B,5,1.0
46284DF2F31C,12,1.333333
4631AFEED2F7,11,2.0
4639878D6C17,5,0.8
463BD99B611C,9,2.0
463FD72544EC,3,1.333333
4645167FB476,7,0.857143
464612D779B3,6,1.0
46462FB89C84,12,1.333333
464AF4533985,7,1.142857
46559F9C74D1,9,1.222222
46570D1804DD,9,0.888889
465810444E5F,10,1.8
465FAD6FEDC4,11,0.909091
4660CE6F0FB5,7,1.714286
466103CE7D5D,8,1.375
466766082D8B,6,1.333333
46677CD5B4C7,5,0.8
466945C86DFD,8,1.5
466D70AB6CDE,14,1.071429
46772923BE1C,9,1.444444
468EF37C2F2C,13,1.076923
4692ACEC5FF4,3,0.666667
4698AB6B27C5,13,1.384615
46A177920976,9,1.0
46A196DFB54F,11,1.0
46A92C87B030,9,1.777778
46B92194BDB8,9,1.888889
46BB96D9BC9B,7,1.0
46BCC66EAE6B,13,1.0
46BE37782CD7,8,1.125
46CA5D7C4910,5,0.6
46CBC9429ADB,6,1.0
46CFE621048E,19,1.315789
46D50B899316,9,1.111111
46D66DD407B1,7,1.142857
46DC70997CEB,10,1.0
46E2CA801FCF,3,1.0
46E9F045643C,11,1.0
46EA4744DAC5,12,1.083333
471611351FAB,9,1.333333
471F9778DDB1,7,0.714286
47228B569E22,13,1.076923
4722B4D2C6E7,14,1.857143
472760F320CD,9,1.0
473019D8E912,10,1.3
47355D7141C0,11,1.0
4739D03E52FB,11,1.272727
473FF163E44A,11,0.727273
4743067BEABE,17,1.352941
47470951BBDB,6,0.333333
47599B8DE9F9,12,1.583333
47650F5F247C,6,0.833333
4766AC689B19,8,0.875
47683240F3F5,9,1.333333
476E421236ED,7,0.857143
477129D4EF86,10,1.2
4776005B77F0,11,1.0
4779C9C9093F,12,1.5
477A4637E689,4,1.0
477B00F899E2,9,1.444444
477C978F3582,13,1.230769
4789DE789DB8,15,1.533333
478A901B5D00,11,0.909091
478B474A0A00,14,1.214286
4790D181C8D5,16,1.625
4791C7D8BB6B,10,1.2
479346DE1EF6,12,1.0
47976C4EE85A,12,1.0
479A2864FFFC,8,1.375
47A1277A181F,5,1.0
47AAA199994F,10,1.7
47AB06B723A5,10,1.9
47B65C7E16F9,10,1.5
47B770CB6B51,12,1.5
47C88CA583C6,7,1.0
47CAD052900E,12,1.0
47CB738BB612,14,1.071429
47CC7361B35B,20,1.3
47D025408E0F,7,0.571429
47D8EACFF91F,14,1.571429
47E14166B3F0,13,1.0
47E1A1500282,11,1.272727
47E3B3E558E1,7,1.0
47E9FD8EF2FB,4,1.0
47F31D88DFB5,10,1.0
47F7E409D879,9,1.444444
47F818E17801,10,1.3
47FA53DDD7F5,6,1.0
47FCD0F878B6,13,1.0
4801AC90F66F,3,0.0
4810EA26495B,9,1.0
4819AB11D62A,6,2.0
4819FB3ED5E8,5,1.0
481B86F1521E,4,1.0
481C7323BF42,10,1.3
481D9D54CE86,8,1.125
482AA9ABD7D9,4,1.0
482E0EF0E93F,9,1.111111
4834A18D4C76,7,1.285714
4838F967821D,9,1.0
483A53143CF3,10,1.0
483B15E6B6DE,9,0.888889
4844CF56336D,13,1.076923
484D83483EAF,12,1.083333
4856BA67958F,15,1.266667
4858280EA8BC,4,1.0
485D52DB2024,10,1.0
485E595428A2,10,1.0
4860A4878ED5,7,1.0
486B53D5F8A0,11,1.181818
486C6568640D,11,1.090909
4870AB2B3E7D,7,1.0
487739AC4B1E,9,1.777778
487A91198C6E,9,1.444444
48837626943D,11,1.0
4885E69D7C24,12,1.083333
48898FA30C5B,13,0.923077
4889971AB30F,5,1.0
488C23E895EF,13,1.461538
488C83FBC0D6,11,1.0
488DEE769EEF,9,1.888889
489309043FA2,13,1.0
4896AD6DD91E,8,1.0
489CCED96F76,11,1.818182
489D79BE18C6,11,1.0
48A79347EF59,14,1.285714
48B386AA9B32,12,1.416667
48B50A9C7D0F,8,1.75
48B6B42AF44E,9,1.777778
48B7B61CE51A,11,0.909091
48B9DA15FD36,17,1.352941
48BB9C255A67,12,1.0
48BC63AF08BB,8,0.75
48C7DA094B9A,5,1.0
48C98C854FD4,8,1.0
48CCDC664931,9,1.111111
48D545616F87,7,0.857143
48D580D3379E,8,1.0
48D7F6B4B788,9,1.111111
48FB3005F4DC,9,1.111111
48FB3180E4EF,11,1.363636
4907E85DC78A,10,1.2
490867E5D019,13,1.692308
490C111A36D3,6,1.0
490C899F285D,6,1.0
490CF39F69C9,15,1.0
4918D9A545C5,12,1.0
492712A4FA4B,11,1.090909
492ED47AC122,11,1.0
49340A641E1E,10,1.0
493EF6BC8883,10,1.0
4943FDD99039,6,1.0
495D976147B4,9,1.555556
49619EA08A55,12,1.0
4967076F4E7F,10,0.9
496CB1061EDC,11,1.0
497842E73629,15,1.0
497BE4933DED,12,1.25
497EA11FDF82,7,1.0
49817AA0BC99,9,1.0
4997306E980D,7,1.0
49A315660C2E,12,1.25
49ABE8B9E22F,11,1.090909
49AEA23D2E9A,9,1.222222
49BB5CDB13FD,8,1.375
49C4EA2A4D21,5,1.0
49CC6192468C,10,1.0
49CF9D20146B,10,1.0
49D1E60EB808,8,1.0
49D4360E9AF0,9,0.666667
49D702493C91,14,2.0
49DA281C7585,7,0.714286
49DB71765783,9,0.888889
49EB1825B99B,9,1.0
49EC8E017664,19,1.789474
49EE99F5B6B4,8,1.125
49F0104EFC3C,13,1.0
49F54A35F6F3,9,1.111111
49F6198DE921,6,1.0
49F934497799,14,1.357143
49FF5BB9A6CA,6,1.166667
4A072A1632BB,7,1.0
4A0B12C1D10B,5,1.0
4A10B3C41630,10,1.0
4A12B5FDB00B,10,1.8
4A19828FAE05,12,1.0
4A19D1B57BC4,12,1.083333
4A2693C68175,21,1.571429
4A28DE0DB485,9,1.0
4A292725EE82,9,2.0
4A2A4B83E9B1,5,1.0
4A38FAE588D9,9,1.444444
4A3AF3695873,7,1.571429
4A3B58C0A386,9,1.111111
4A55B9B42D20,14,1.357143
4A668371A5A3,8,1.25
4A67B7E5549F,10,0.4
4A7464AFAB1F,10,1.0
4A75A98113A0,9,1.0
4A76C861F788,11,1.0
4A7BA17C0C58,14,1.214286
4A7F5648AB3F,7,1.0
4A81C9528150,10,1.1
4A8AC5E138FA,9,1.0
4A8AC603C9C5,14,1.071429
4A9D5AC501BC,17,1.411765
4AAB59EDE0FD,9,1.555556
4AB030046F42,12,1.083333
4AB0CDFFE459,6,1.0
4AB461F16BAA,12,1.416667
4ACB29936C94,11,1.0
4AD0CB1D701E,10,1.1
4AD3DB40F5D3,12,1.166667
4AD92CAEF8B0,8,1.0
4ADD5B2B4FF8,7,1.0
4ADD9D52FC2E,12,0.916667
4ADE83D804BA,12,1.0
4AF4567BBE9F,10,1.1
4B045E8DF326,9,2.0
4B097196C25B,10,1.5
4B0CFB5539BA,8,0.75
4B11B66984CF,8,1.0
4B154F5DCF68,16,1.375
4B18A3D32AA3,10,1.4
4B1EF95AF0B5,14,1.142857
4B201D2C2152,8,0.875
4B22D00F9BD7,14,1.571429
4B25EDB36089,7,0.428571
4B2653D19C53,14,1.071429
4B274BB0CB0C,10,1.1
4B2A3D04660A,11,1.0
4B2EFF31A56A,8,1.625
4B36797FA8B2,7,1.0
4B3862D5B402,22,1.5
4B39C0D759AA,4,0.75
4B3F625D1815,10,1.0
4B40011977B4,12,1.166667
4B47096239FB,15,1.733333
4B4A48BAED30,6,1.0
4B55DB8974B1,5,1.0
4B57350C7661,8,1.125
4B598963BE1E,9,1.0
4B5B0839A03D,11,1.0
4B64E914C68B,6,1.0
4B8DA6C2D322,7,0.714286
4B9F8C01BFA1,11,1.0
4BA7D3CA69FA,10,1.2
4BA9296EBE9F,12,1.0
4BB688100D15,12,0.916667
4BC0F772980D,6,1.0
4BC4DC58DB30,7,1.142857
4BC83A053CEA,10,1.2
4BCA0580352F,11,1.0
4BCF412489DF,7,1.285714
4BD30FA12457,10,0.7
4BD52DB31748,16,1.125
4BD9A9FE0FA4,5,0.6
4BDCA46AC00E,9,0.888889
4BE21E5EFBA9,8,1.125
4BF07DAD296D,12,1.5
4BF47B5D416B,13,1.538462
4BF6BB594DD0,5,1.2
4C0042C0C4C6,12,1.583333
4C083F3FA3EA,16,1.25
4C0F81CD1EF1,8,1.0
4C1B863AB0AD,7,1.142857
4C2D66D7EF01,9,1.444444
4C3B693C4E52,4,1.0
4C3D01DA2767,9,1.666667
4C3FC32093AB,6,1.0
4C40CE78F807,16,1.0
4C50D19BC48B,12,1.083333
4C521C5908CC,9,1.333333
4C5EADB2C894,9,1.555556
4C60445C5681,6,1.0
4C60FE6BE07C,7,1.0
4C6B05BD5A81,18,0.888889
4C6BB0618D7E,12,1.0
4C8066726324,12,1.0
4C877DD810D4,14,1.214286
4C9494B6DD95,9,1.0
4C9D310A1516,7,0.571429
4CA50E2333F2,4,2.0
4CAB27E45729,11,1.0
4CAE60F391E8,11,1.363636
4CB46BC4B97B,8,1.0
4CB975113547,10,1.4
4CBB994F69F3,11,1.636364
4CC422B5E710,7,1.0
4CC56880FDF0,8,1.375
4CD535DDDE26,12,1.166667
4CDEB518A777,7,1.0
4CE0D4553658,12,1.083333
4CF351AC23BA,10,0.9
4CF4A9C28ECE,9,1.0
4CFEE034318F,9,1.222222
4D01E3613C86,13,1.0
4D06D6F02594,10,1.2
4D079D8ECC08,10,1.0
4D1755B1E482,13,1.230769
4D1A2D62BDC4,10,1.1
4D23A7FA9408,10,1.0
4D2A27BF5AB4,10,1.4
4D34C3A62607,12,1.083333
4D3FD2DBCA1B,9,1.0
4D44F84D6821,3,1.333333
4D4548484E40,11,0.909091
4D4683449914,12,1.166667
4D51DD14B0E4,7,0.857143
4D54AA1341D5,10,1.3
4D550F63270C,14,1.142857
4D55CD8CCF85,9,1.0
4D5772D6A709,9,1.0
4D60247D96CE,6,1.333333
4D67D54D6BE3,11,1.454545
4D6B9CAE9B5C,9,1.111111
4D7787F1E2CB,4,1.5
4DA58F8F319A,12,1.333333
4DA6DE1267AC,8,1.375
4DB01BAEA36B,10,1.0
4DB5B49E56D4,15,1.333333
4DBB73BBC84D,5,1.0
4DBCED679910,11,1.0
4DC0660FD777,9,1.666667
4DC710357850,9,1.0
4DD8BBCE5A0C,13,1.0
4DE033202375,7,1.0
4DE2EAF8914F,12,1.083333
4E078101C9DD,9,0.666667
4E07EED92E2E,7,1.0
4E0B09BFA60D,9,1.555556
4E163434729E,12,1.416667
4E1A49DAA439,12,1.25
4E2BE70F9551,13,1.076923
4E30F0777917,4,1.0
4E3D602783EB,11,0.818182
4E48D58E859A,10,0.9
4E49BF91D772,14,1.5
4E4FAB530872,9,0.888889
4E5902274F7A,15,1.2
4E67F6534ABA,12,1.333333
4E68CFD1B4D6,11,1.0
4E6D9C9F9318,13,0.923077
4E6E66266A2A,9,2.0
4E6F19F29DA9,4,1.25
4E70543A2909,10,1.4
4E7274220754,8,1.125
4E73009CC4AF,14,1.071429
4E73A80AAEB3,10,1.1
4E7557A13281,12,1.666667
4E7BE43833F1,8,1.0
4E8255A83429,11,0.909091
4E8BA703D87A,4,1.0
4E8F8A840479,10,1.0
4E928B4EBC53,14,1.642857
4E947C63E6E9,8,1.5
4EA1D91A526E,9,1.111111
4EA35584BB87,8,1.0
4EA86A6799D9,9,1.222222
4EAB0293267B,13,0.923077
4EACC56E424C,12,1.25
4EBA44D861BE,8,1.0
4EBD10D304A9,8,1.0
4EC121AB2F3F,10,1.3
4EC2CCDB49DC,11,1.0
4EC4DB053AE7,10,1.1
4EC4EF410FC7,11,1.181818
4ED044414560,6,1.0
4ED1DD11B208,9,1.111111
4ED5C9162A01,7,0.857143
4ED769B5CE44,7,1.0
4EDA41528FA4,14,1.0
4EDB197A680E,8,0.875
4EE1B353819F,7,1.0
4EE5BF805EB5,8,1.0
4EE5E97529E0,6,1.0
4EE7DCB86BB4,9,0.888889
4EF56F42107E,9,1.333333
4EFC8F589A83,7,1.857143
4F072A94FC53,15,1.133333
4F097E15A450,14,1.214286
4F0FF47B3CC5,12,1.416667
4F112B2712E2,11,1.363636
4F1617F685BD,6,1.833333
4F225B82A62C,9,1.222222
4F2438C131F2,14,1.071429
4F26841CD3C8,12,1.0
4F2C6D1D9AF1,13,1.0
4F2CC610F271,15,1.066667
4F2FD00AB17E,6,0.833333
4F3313E29951,9,1.111111
4F354E3FCD30,7,1.0
4F37F3579D51,10,1.5
4F39C001C736,11,1.363636
4F41DBBF6462,11,1.090909
4F46B0E32EB7,14,0.857143
4F4AF32BE55E,8,1.0
4F4C3717EEE8,6,1.0
4F4EF9C3957B,12,1.0
4F53FDABD596,5,1.0
4F5A0012432A,11,0.818182
4F5DCB0DCCD0,7,1.0
4F68A8CE6F27,6,0.833333
4F7A79EFD3AB,13,1.0
4F7E14B7D72F,12,1.416667
4F7F24918F42,6,1.0
4F7F5784717B,8,1.0
4F829961E964,8,1.0
4F83DD9D0130,8,1.0
4F8B988580CD,14,1.357143
4F9AF69E310B,13,1.153846
4F9E529C1FBD,6,0.166667
4FA737C9DC2E,11,0.909091
4FAB69773758,13,1.0
4FAC3B29417F,15,1.933333
4FB1EC92A6CC,9,1.0
4FB443E89181,8,1.125
4FC6489E8006,9,0.888889
4FD4CE18CCDF,12,1.083333
4FE8CD4987B6,7,1.0
4FF5D3885FD4,9,1.333333
4FF7C90E8071,7,1.0
4FFE43F4135B,9,1.0
5.19879E+11,6,1.5
5.27141E+11,14,1.357143
5.29033E+11,12,1.25
5.34354E+11,14,1.142857
5.45506E+11,8,0.875
5.46814E+11,9,1.0
5.53083E+11,12,1.0
5.75256E+11,5,1.6
5003A90A759A,4,1.0
50062F957F2C,11,1.0
5008F4C9D932,13,1.076923
501548D29BA2,11,1.545455
50165AB9C6F2,6,1.0
5016DBF9E5A8,21,1.47619
5017EF96E33C,10,1.0
5019D1373922,11,1.090909
5023E21F6A84,8,1.0
50247922908C,9,1.0
502A32AFDB6A,8,1.0
5032D57FC9F1,13,1.076923
503552AC24F4,7,1.0
5035B5AFCDEA,10,1.0
503CF32C50EF,12,1.0
503DA2534877,12,1.083333
50405AD10BEE,4,1.5
50446FC1E14D,9,1.0
504CC3493DAF,9,1.0
505A24640C8D,7,1.0
505BC02CDE23,19,1.210526
505DBCB27320,14,1.0
505E7BE96294,7,1.142857
50614A110213,6,1.0
506BF8E786CE,4,1.0
5075F133AA2D,7,1.428571
507DD961E85E,5,1.0
5082B266C097,15,1.2
50855373AC95,10,1.2
5086805A319F,7,0.857143
5093B51E7CBE,11,1.181818
50A20D5E39BD,8,1.125
50A729516950,8,1.0
50AACA046816,16,1.0625
50B574FED819,6,1.333333
50B623B2E5B0,9,1.111111
50BC2C5D78A9,7,1.285714
50BCAECC0F0B,9,2.0
50BFBC374361,4,1.0
50C08AC99E2D,17,1.117647
50C2BE78BEF7,6,1.0
50C6B70DF247,6,1.333333
50D2E73ED47E,7,1.285714
50DFF5C46D9C,12,1.583333
50E303775600,12,1.166667
50E6B14375AB,17,1.058824
50E905BAF3AD,12,1.25
50F828AEE977,7,1.0
511B82DC07D1,7,1.0
511D6D3C51FB,7,1.142857
511D856B4842,12,1.583333
511ED4952D93,8,1.5
513761FDC07A,9,1.222222
513C8CADC353,7,1.285714
513F26B1B2FC,10,1.7
515244292F97,7,1.428571
5153133CE3CA,13,1.692308
51582221FB88,12,0.916667
515CFDAAA723,9,1.333333
5163679C254B,8,0.875
516557988F8B,7,0.714286
516AF42ED2C9,14,1.285714
516C0021B78F,14,1.0
516C1A08EF31,6,1.833333
516ECA74E0D5,8,1.0
5171E1D8A82A,11,1.090909
5173FB3C75A9,12,2.0
51862B10529B,11,1.0
518A59BA91F4,10,0.8
51A54CE0D413,7,1.142857
51A5A4C583D2,8,1.125
51A7C4616A18,11,1.0
51B19F4A5042,13,1.0
51B21A17D1E7,9,1.222222
51B65B5ADC4F,6,1.0
51B8712EF620,14,1.571429
51BE91C501F9,6,1.0
51C3D7E06ED2,15,1.533333
51CC68B4A5B3,15,1.266667
51D1B45542A1,9,1.0
51D490A60F0F,5,0.6
51D70845DFA5,10,1.6
51DB76880081,13,1.307692
51DD6A82BD9D,4,1.0
51DD72AD9EAF,9,1.0
51E0432E761E,9,1.0
51E211998DF0,7,1.142857
51E4EB3745CB,11,1.0
51E6646E0733,9,1.111111
51EE6BE022BC,10,1.0
51EF8C7D4263,13,0.769231
51EFEB9D8D09,4,1.0
52043A84C3BC,7,1.0
52052A7BEEE1,6,1.0
52119FF73675,7,1.0
52145F7349A8,9,1.0
52158495C326,12,1.0
5218172D792D,9,1.555556
521B387F32A8,6,1.0
521D89F262DF,16,1.4375
52228E95FAC5,10,1.5
52233E7A7574,14,1.214286
5223640D0D11,8,1.125
522421AC1CDB,10,1.0
52315F217E9A,11,0.818182
523DC90B340F,9,1.111111
5245516C1B2F,11,1.0
5246D89EFDBD,10,1.1
524CC4D3EEA3,13,1.076923
5256BB4022DE,9,1.444444
52579F4BBE4E,11,1.909091
525E3781C41B,9,1.333333
526CC6ABF8FE,6,1.5
52724D83C323,9,1.0
5273831FA984,14,1.0
52779E469111,12,1.0
527B7AAC2310,13,0.846154
527D2EC10B3C,9,1.222222
5283BE3A9AA8,9,1.444444
52A206351DE6,6,1.0
52ABB31C93C1,7,1.0
52B0537F4B05,11,1.090909
52B24BAEDC8C,5,1.0
52B54A7DBAD5,7,1.0
52C5975044F4,12,1.0
52D49831B279,14,1.714286
52DB1B03971F,8,1.375
52DC3B7C3952,12,1.083333
52F01172985F,9,1.444444
52F4BE946D52,6,1.166667
52F5C4141DD6,9,1.0
52FEF34F4AC7,13,1.0
52FF7CE735BE,7,1.0
530265997AD1,12,1.083333
53093659491E,7,1.285714
530F6C620945,6,1.333333
532496FD6727,9,1.0
533305B42133,9,1.111111
5341197C5A59,11,1.0
534835158D10,9,2.0
534A2664E872,9,1.444444
534B7D65F1BC,12,1.416667
534F8FD6D72C,8,1.0
5350A71E4878,12,1.666667
53531A799B5D,12,1.166667
5356F912E48A,11,1.636364
5358773AF219,6,1.166667
5369752CEAB0,6,0.666667
536F6375C0F1,9,1.0
53858BE44997,5,0.6
538E02E87EE2,7,1.0
538EC7762A0E,16,1.3125
5397604AE717,12,1.416667
539B8000A428,10,1.0
53A08016E38C,12,1.583333
53A15ABA8872,11,1.272727
53A248BAC35D,9,1.333333
53A5B5898974,8,0.25
53A6EF0C462B,6,1.0
53A88F5C2B68,12,1.0
53A9C12D80B1,10,1.5
53AFB23F2879,14,1.214286
53B076D547AE,12,0.833333
53B21C3A440F,12,1.916667
53B5A0C383D7,9,1.555556
53B68DAFE78B,13,1.307692
53B9330A8106,7,1.0
53BA0A8722FF,12,1.0
53C0A4A4535D,10,1.3
53C9F177EB03,13,1.230769
53CC67B72AC4,17,1.0
53CD63A1A92E,13,1.0
53CF7CA4FF9B,4,1.0
53DCD2003C08,13,1.230769
53DE53537B56,11,1.727273
53E64E2FB1DE,5,1.4
53E982E9957C,7,1.285714
53EEE7A5B5A1,9,1.111111
53F1450AF8DF,10,2.0
53F969ED1B94,10,0.9
53FB958D0310,7,1.0
5402D8B83297,10,0.9
5403979D49E5,12,1.0
5408E5D0F397,6,1.0
5412AD81F965,11,1.636364
54177B4F0399,6,1.0
5419620CA869,13,1.153846
542161D0012C,10,1.6
543192A13FBE,9,1.444444
5435CA799064,11,1.0
5441B7ECF4ED,12,1.25
5444797664B1,4,1.25
54487928DAA3,12,0.833333
54489E26F9F5,7,1.0
544B3D56A4C9,17,1.117647
544D3AC4F148,9,1.222222
5459D1AEA59F,9,1.0
5461798BA519,14,1.714286
546B079DDC60,17,1.352941
5478972243CE,9,1.0
547B0846CB1B,8,1.125
547B4C347058,8,1.0
547D92E1FFA5,9,1.0
548A2C7E3124,4,1.0
548A58E068EB,9,1.111111
548EC5B339E3,6,1.0
548ED77A3B2E,7,1.142857
549C74C7A6F8,6,1.166667
54A7A2CF8D60,8,1.375
54A8F5B2420A,12,1.666667
54AA3CF403CC,16,1.0625
54AD5B3231DE,10,1.4
54B02D438BA3,9,1.444444
54BB8F3AF22B,8,1.0
54C09D108011,12,1.0
54C805A7869C,14,1.357143
54C93D88E8F6,6,1.0
54CACD132533,9,1.0
54D9B881F9C6,7,1.428571
54DD496D85A7,14,1.642857
54E231B38C86,12,1.0
54E67CFD7039,15,1.4
54EBADB0DE35,11,1.0
54ECEEDEB966,11,1.0
5503B9964A09,9,1.0
5509D9C673A2,5,1.0
550ACFB35805,12,1.083333
551135544B29,7,1.428571
551BB83EEF11,8,1.0
551CE8C1C767,9,1.0
5526DCFDACF0,9,0.777778
552ABBDE1296,10,1.0
552E1E612147,14,1.5
5534E738B129,8,0.875
553A7E9B393C,8,1.0
553A7F2CFA9E,7,1.571429
553DAFEC175D,17,1.352941
554117C603DC,11,1.0
554DAEE7BBCF,6,1.166667
55575FFF5993,7,1.0
55578E1EC4D9,6,1.0
555B1B7D2167,9,1.111111
555BB0D560CA,12,1.0
555EC033AAE4,7,1.0
5562FD4D4820,8,1.375
556CAEBD8954,8,1.125
5574E4DD548A,8,1.125
557DD5E4BAAD,7,1.0
558299F3D69E,10,0.7
55904A998741,8,1.125
5593451440F8,15,1.2
55AA396C81EB,5,1.4
55ABBABE4AA6,11,1.0
55B0C90197A0,9,1.0
55B4C84AC4E3,11,1.454545
55C612B32725,8,1.0
55C6A894F0CD,10,1.5
55CA4D9CE7BE,12,1.5
55CE4FDD7C6C,9,1.333333
55D64FBD10D2,9,1.111111
55F959645CF4,12,1.416667
55F9635ECFD7,11,1.0
56090663E82F,12,1.166667
56121F282D95,10,1.4
561798F1DC3D,8,1.875
561F034DEF7C,11,1.0
563B63C53B71,12,1.166667
56489993A8DC,8,1.25
564FEF97AC52,10,1.0
5658A5617BA5,6,0.666667
565A4234C56A,10,1.0
565C0B89C2C9,6,1.0
5662D458F65C,8,1.625
5666D5642C98,5,1.0
56671797633F,9,1.444444
5672F9F49336,7,1.0
5674A7E93E14,8,1.0
56774BA72B7B,10,1.1
5686C7042536,5,1.0
568E35E8B116,5,1.0
568EF23DE225,10,1.5
5690C4B1DE7E,12,1.75
56934EC946BE,6,1.166667
569400270AD9,9,1.0
56977F9F1BC8,17,1.470588
56A410AD96CD,7,1.285714
56A5852FC1D3,14,1.214286
56AC4BE71C2F,9,0.888889
56AF012A8C6C,11,1.181818
56B4E3A8FA68,10,1.0
56B858DDB45C,11,1.0
56BC370EF7C6,8,1.0
56BDBCA6E4C8,6,1.0
56C594C8AD61,8,1.25
56CE596E4779,9,1.555556
56D0D649CBB7,10,1.3
56D0DEFE8006,6,1.0
56D1E00149AF,6,0.333333
56D7340B7056,12,0.916667
56D96BC94CD1,8,1.0
56DDE8F7EF4B,10,1.1
56EAC01DACE4,9,1.0
57035905015E,10,1.2
570749EC9327,6,1.0
570D3C7684D2,8,1.0
5716C4DAFC9E,12,1.75
571B29B60BDC,8,1.375
571BE3159B48,7,0.857143
571F127C69ED,15,1.066667
572095E6FD5E,7,1.428571
572236CAAFCE,12,1.75
572258CAB3B0,12,1.5
5725491F64E8,9,1.0
572D5C1F21BC,12,1.333333
573CC8D2D71B,17,1.058824
573D3A222492,10,1.4
573E39E45177,16,1.0
573FECFBABF1,14,1.0
5742BBAD7FAA,12,1.0
5757C902C635,10,1.0
57729F5DAC81,6,1.0
577CEC84D7E1,6,1.0
57859DBF4B4D,7,1.0
578917C04D28,10,1.3
5789A415F29D,7,1.142857
578F55185BA7,5,0.6
5799F532C5CE,9,1.222222
579C38EE157B,9,1.333333
57A4BDE06D1B,12,1.0
57A68036E7F5,10,1.0
57A6B1103088,13,1.153846
57A892269E96,7,0.857143
57B23EB24F91,12,1.0
57BB48970618,18,1.055556
57BB9D93F0CA,11,1.0
57BD9065E3EC,16,1.0
57C5D1B5D26B,15,1.2
57CE99683629,9,1.0
57CF03A3C5E4,8,1.125
57D117F52A26,11,1.181818
57D5D51D6D7A,9,1.333333
57D8DC790742,8,1.125
57E38AB72398,11,1.090909
57E588F2AE93,4,1.25
57E6F4BD9AE2,12,1.0
57E8161AEF27,10,1.0
57EB0A572616,8,1.0
57ED566E615C,11,1.454545
57FCE6EFA636,8,1.0
580B2818EAD3,9,0.888889
580D283A8895,6,0.833333
5818B1EE4923,9,1.444444
58211510AB4F,9,1.333333
583148511DEF,7,1.0
58358B109222,6,1.0
583A264BBC01,7,1.142857
584318BAA12F,10,1.3
5843D4C6EFCC,4,1.0
58453EDC66BA,12,1.0
5847329FD197,10,1.3
584A4BB1E954,6,0.833333
584F4FBD5836,6,1.0
5851531DD4FE,10,1.0
58567312BDAB,13,1.076923
58621C689C7B,8,0.75
586269D6471F,13,1.461538
58647D4AF653,8,1.0
58669BF55DF1,8,1.75
587B9AD94902,8,1.375
58842626BD36,6,1.0
5886FEE892A7,5,1.2
5893410E4804,7,1.0
58A457A5CC45,6,1.333333
58B24F7BCFEA,6,1.0
58B67E59C661,11,1.090909
58CC6C4321B5,13,1.538462
58CE20CD7539,9,1.111111
58D1B2CFF55A,11,1.727273
58D25D8574F3,11,1.0
58DA41AD8D5D,4,1.75
58E3C1A0DB31,7,1.142857
58E432E2DC35,14,1.071429
58E84BCE4B90,5,1.2
58EBDB3621E5,14,1.071429
58EE193B3F7D,12,1.0
58FE015253B7,7,1.285714
5902D762C891,16,0.875
590D3E0A466C,8,1.25
590E55688000,4,1.0
590F70DF6614,9,1.0
591B7E3E2B40,5,1.0
591E36982F38,7,1.428571
592A0A7ED525,16,0.6875
592C7623E346,15,1.266667
5934838B26AD,10,1.7
593E2802E27C,9,1.0
59409428D80E,8,1.0
5940D91292F8,10,0.8
5945ADE75E5E,13,1.153846
594BA746F1E3,7,1.285714
595BF7E204FD,7,1.0
5967C9CB596A,10,1.3
59838705785F,9,0.888889
5986652F6023,9,1.0
5988A483AC88,6,0.833333
5993D6213F79,10,1.3
599620A50158,12,1.0
59981B992996,10,0.5
599AE9FD7B94,6,1.0
59A2F81ECDB5,5,1.0
59A565081D48,9,0.888889
59A5BE420CB6,13,1.384615
59B8A753F73F,9,1.0
59C0B7954201,10,1.8
59C968EC9BED,7,1.0
59CD6F1E3E98,9,1.777778
59CD7BE99BD1,9,1.333333
59DB96D6A677,7,1.142857
59DC7E507A13,12,1.166667
59DE92B483E3,5,0.8
59DF391EF178,9,1.222222
59DF6605E8E4,12,1.0
59E76F18BFAC,17,1.352941
59E8C8BE4ACA,8,1.0
59EA4BEE9B35,24,1.458333
5A014068C6F1,11,1.0
5A220D6D2F3A,9,1.0
5A39C21B332E,15,1.466667
5A3BABA1AE21,11,0.909091
5A3EF40C9936,7,1.0
5A412BB760A7,7,1.0
5A533A7D1C03,7,1.0
5A5C03C6F19D,7,1.0
5A68798F2808,6,0.666667
5A6AE4CDEEF1,9,1.333333
5A7743501C3A,8,1.0
5A7EE12D0893,8,1.25
5A8078112B57,8,1.0
5A87756191DD,9,1.888889
5A8F4BFCF4F1,7,1.142857
5A91C6A1224E,5,1.0
5A9A9B620C8C,7,1.0
5A9C20C851FD,19,1.0
5AA56B345704,14,1.642857
5AA8F2432639,18,1.111111
5AAE43F07F55,9,1.222222
5AB3EDABE80F,12,1.166667
5ABF1468BB07,5,1.0
5ABF45343C00,9,1.111111
5AC16E188F1B,12,1.166667
5AC37FFFB62E,9,1.0
5AC479FF1B7D,9,1.111111
5ACA20C17FED,14,1.0
5AD3EAC6A195,13,1.846154
5ADBB426F7FD,9,1.0
5ADDA95F6DD0,8,1.5
5AE5BAD81018,12,1.0
5AEDB0F22B98,9,1.333333
5AFB5923E1DD,7,1.285714
5B033D12F24B,6,0.666667
5B035425DEF3,10,1.2
5B0F0AE2457E,15,1.666667
5B0F0C4C998D,13,1.384615
5B11DE2C4232,9,1.0
5B14D0F18119,6,1.333333
5B14E2CB36CB,9,1.0
5B1796FE9AFB,11,1.0
5B222B47AA21,11,1.909091
5B225CED16B5,13,2.0
5B2822CE075A,3,1.0
5B2A66C903D8,8,1.0
5B2B04C5E20C,8,0.75
5B33DBFCC997,6,1.166667
5B3B6284CCEC,12,1.083333
5B4AE145379C,11,1.818182
5B4F42FD7AB8,5,1.0
5B5EC31A45C1,9,0.888889
5B6020273290,13,1.0
5B61007BA59D,12,1.083333
5B6CC5060C83,12,1.5
5B6F224A710F,10,1.0
5B73CB41A1FD,13,1.153846
5B762EBD64C1,9,1.555556
5B7839D9261F,11,1.363636
5B7A026CD3C4,10,0.9
5B7E3DF2251F,4,1.5
5B7EF88D3947,12,1.083333
5B89C074E210,9,0.777778
5B8A26E5511F,11,1.0
5B8A8EABE08A,10,1.0
5B8D0FA010AA,12,1.0
5B8F4494DFEC,8,1.0
5B92A6484CCB,6,1.333333
5B9A78A026ED,9,0.777778
5B9E1E0553AB,7,1.428571
5BB2AD58AF12,11,1.0
5BB44F6FBD2B,6,1.0
5BB702C07F75,9,1.0
5BBD1E5ABCA1,12,1.0
5BC0CDF05566,14,1.0
5BC187A4FE09,9,1.555556
5BC582396E5B,12,1.0
5BCE3F6D4C83,10,1.0
5BD888B4E549,9,0.555556
5BD8BEC4B87E,10,1.0
5BDF483698A5,6,1.666667
5BE3649A250D,6,1.0
5BE6F3FD90DB,10,1.0
5BEEB3F5D022,5,1.0
5BF438587881,14,1.0
5C0A85EEEDDD,9,1.111111
5C123B44E9B7,12,1.0
5C12763A0F7B,14,1.071429
5C18B01089E2,4,1.0
5C2A497012B9,7,0.857143
5C2C61B71D4B,9,1.0
5C2F188C0177,12,1.5
5C2F6504DDB7,7,1.0
5C3209958B40,8,1.0
5C3B7683D560,12,1.666667
5C3D046EC7CF,9,0.888889
5C58DF1B1468,6,1.0
5C5B17B1E3FA,11,1.363636
5C5D301481AB,15,1.0
5C5EB17E8684,8,1.875
5C6687B1AA0B,7,0.857143
5C680F1815BD,9,1.111111
5C69070E1E48,17,0.941176
5C69455A5553,12,1.5
5C73E6F0C191,8,1.0
5C742ECB809D,14,1.642857
5C75F3C6AE71,9,1.222222
5C7AF7C12082,12,0.916667
5C7D43A28B7A,9,1.0
5C7D64170E32,7,1.0
5C843C6BD232,8,1.0
5C89C0506A97,8,1.375
5C911C2B4F28,8,1.75
5C9E35099AEF,11,2.0
5C9E6CCEAF57,12,1.666667
5CA70FA823B1,13,1.307692
5CA96D4D1F77,6,0.833333
5CAB30E76547,11,1.0
5CB049559D6C,10,1.0
5CB2AC659B79,9,1.0
5CB615A9027C,9,1.0
5CB6D0FC4D80,9,1.111111
5CBABB7D3A65,10,1.0
5CC68A132D2E,9,1.222222
5CC94F3773B1,8,1.5
5CCBFD688D7C,9,1.222222
5CD698A502C8,6,1.166667
5CE073B74680,6,0.666667
5CE0853A33EB,9,1.111111
5CE0E9A7214D,5,0.8
5CE935EFB869,7,1.0
5CEA51DD2414,10,1.4
5CED5AFA7473,3,1.0
5CFD0AB2D231,11,1.0
5D021E279D42,9,1.555556
5D0B341BF482,9,1.555556
5D20393B5BB9,5,0.8
5D24FD22556E,9,0.222222
5D3A5D985052,8,1.375
5D3A82DB2443,6,1.0
5D3C4E1B09BB,9,1.333333
5D438CA4AE18,11,1.090909
5D44D3B6B7C3,15,1.933333
5D48FA3291DE,8,2.0
5D5F108C0FC9,8,1.125
5D67E6FF363D,14,1.214286
5D74C7B81D0F,12,1.5
5D7515123676,12,1.0
5D7699670F94,8,1.0
5D823577D709,10,1.0
5D843D1CD37D,10,1.0
5D89C9BCA3B7,5,1.0
5D8E6B28C99F,11,1.545455
5DA8A292351C,9,1.444444
5DACADC48565,14,0.928571
5DAE5C8E951C,11,1.0
5DAF24E0E18F,9,1.333333
5DB370AD8EFB,11,1.0
5DB4FE5D6A00,9,1.222222
5DB8391BB037,8,0.75
5DB8A4809D87,9,1.555556
5DC052306F3F,9,1.444444
5DC140B8BCA4,7,1.285714
5DC65B4940CF,12,1.25
5DC7885F3849,7,0.857143
5DD0E0AE3472,9,1.0
5DD49B415BED,10,1.1
5DD5A3F1A234,7,1.0
5DE24AC546C3,9,1.111111
5DF0EDF0D7A5,10,1.1
5E021C5964F3,12,1.0
5E05A71851AD,19,1.157895
5E14CA138C09,8,1.0
5E178A82D743,5,0.8
5E1DC9D62201,11,1.0
5E226FB79B69,9,1.0
5E26C9276FE3,13,1.384615
5E320957311B,11,1.0
5E33FEEB3EED,7,1.0
5E3C351AB579,9,1.0
5E411004B068,8,1.25
5E460A253EA9,12,1.0
5E47B63AEE2A,9,1.444444
5E5507D2C91E,14,1.428571
5E5678C3195A,12,1.0
5E67059E3067,6,1.0
5E6E28DFFAB6,6,1.0
5E75902533E2,9,1.333333
5E77E2114BB2,7,1.0
5E8341C10D90,7,1.0
5E83F6D46ACA,12,1.583333
5E88F0EC802B,7,1.0
5E8943E437AC,8,1.125
5E8B50F6DF84,12,1.333333
5E9118C7949A,14,1.071429
5E919DD8B404,12,1.083333
5E9444EE8F6F,7,1.571429
5E95EF84B113,7,1.0
5E9E3C993595,7,1.0
5E9EABBE6805,6,1.0
5EA363E66828,4,0.75
5EA83BC0530E,12,1.0
5EAD3E81CF0E,11,1.0
5EB03D5E79DC,9,1.111111
5EB43212A8DC,9,1.333333
5EB7A0B134B4,10,0.9
5EB99924C996,10,1.0
5EB9ECE0BE68,12,1.083333
5EBCAA54A599,9,1.0
5EBDFA356030,10,1.5
5EC2696BAD78,6,1.0
5EC6E75028EF,8,1.0
5EC799B04F58,6,1.166667
5ECB2C9552EF,13,1.0
5ECBD433868E,7,1.0
5ECD00F7DBAF,14,1.214286
5ED9F80F1134,9,1.444444
5EE37CF33717,9,1.0
5EE526AB840B,11,1.0
5EE8CB200D9B,9,1.0
5EE96783493A,11,1.0
5EF21F142C51,12,1.166667
5EF660E481FF,12,1.0
5EF7607660F0,12,1.416667
5EF9672456E6,9,1.666667
5EFC63975196,11,1.0
5EFE548412A3,10,1.1
5F02CAE49707,6,1.0
5F0A95402125,14,1.071429
5F0EFFD4CAF7,11,1.0
5F1314EFC0BF,9,1.0
5F1A624338DD,9,1.111111
5F1ED0796466,9,2.0
5F26913D0F6A,9,1.111111
5F27253980BB,11,1.0
5F3D6FB9F6A0,6,1.0
5F498065B47B,8,1.0
5F4997E3A45D,15,1.066667
5F4E561AB62A,4,1.25
5F522FE6B030,7,1.142857
5F584C7A7B66,9,1.0
5F63B317E634,7,1.285714
5F6F7DA0B342,8,1.0
5F7773622C17,3,1.666667
5F897635CDDE,8,1.0
5F8C39B2B552,11,1.0
5F97B60F370E,12,1.083333
5F99013AD518,9,1.0
5F998012DDCD,9,1.0
5FA725C41F36,15,1.066667
5FA8C1D30129,12,1.583333
5FAB26EAECD2,10,1.3
5FB0797A7BFC,9,1.0
5FB3B837BB81,9,1.0
5FB8B334138D,8,1.25
5FBE6E6D86F9,8,1.0
5FCF56BDB113,16,1.125
5FCFD7CBEFFD,16,1.0
5FD6686E9FE8,12,1.583333
5FD82A1B4A55,10,1.1
5FDFA90D3EDA,4,1.0
5FE1CC117D50,8,1.0
5FE5DA09149F,8,1.125
5FF174EA44A8,15,1.0
5FF1D599D746,7,0.714286
6.15327E+11,15,1.266667
6.36755E+11,5,1.0
6.60366E+11,12,1.0
6.77663E+11,10,1.0
6.91309E+11,14,1.428571
6005B14C294E,11,1.0
6006F1328003,9,1.222222
60090FD45183,9,1.222222
600959D8A343,12,1.666667
600D15606C01,12,0.666667
601599CA6F3F,9,1.0
602BF2AD3B3B,6,1.0
603959BC623B,12,1.0
603C2AE099F4,11,1.0
603D3019DCC5,9,1.444444
603D38C864DD,9,0.888889
603DE0BD3A92,5,1.0
6043BA11ED60,8,1.0
604BECEA8FBE,11,1.0
604E0A104A97,7,1.0
604F56303E46,9,1.0
60539232A0C9,9,1.222222
605DDF3EA948,12,1.0
6060D28C05B6,13,0.846154
606260AC76E2,13,1.0
606699C7A754,6,1.0
606B03D848FB,12,1.0
606C4015BD6B,9,1.0
606C73F97E17,10,1.4
6075DFB98832,9,1.333333
60772C514A37,12,1.416667
607AB7FA0E57,10,1.2
6081F7294031,14,1.142857
60848B9FED16,7,1.142857
6086E26A9B8B,9,1.0
6089950C03C3,5,1.0
608A0F691705,9,1.111111
608B8AF21000,14,1.357143
608E2E406B74,6,1.0
6097E7767D96,5,0.4
60AEEA05E1A9,7,1.0
60B64507D3BD,12,1.0
60B8793E4EC5,9,1.0
60B9CA06540D,9,1.0
60C183CFA58F,9,1.555556
60C439A28A94,11,1.909091
60C9C0AC9F48,5,0.8
60D5DEB40F45,14,1.0
60D68C264688,11,1.0
60E686BA1E09,9,1.0
60E98C89CF04,8,1.125
60F9BE7AF29C,12,1.0
60FFF26260C1,15,1.333333
61055119521E,12,1.583333
610657AB52DA,12,1.083333
610C4705559E,12,1.75
611087AD50CD,8,1.0
61112AD2A25E,7,1.0
6115AB81F5D6,12,1.0
6116446CF0BC,6,0.333333
6120612BAC0D,12,0.25
61294B5B8ADB,8,1.25
61343B6C7E0B,11,1.545455
61398AE8B2EE,13,1.0
613F12D063F5,9,1.111111
6149F0876D30,10,1.0
614FF07AA1FC,16,1.0625
615CFA3ABB2B,7,1.285714
6166AF313473,9,1.333333
616B65B19BB2,9,1.0
616F112B59F4,8,0.875
61722DC84881,7,1.0
617350A70F78,10,1.0
6173BAAAA7FD,10,1.4
617F2F7BF090,6,1.666667
6180C9A37B2B,7,0.857143
6183574CA5FC,12,0.75
618C71C6B2BE,2,0.5
618DF148C39F,9,1.0
618F39ACC1CE,8,1.25
619180B69DBE,11,1.090909
61940F7893FF,9,0.666667
619D4176B04A,9,1.777778
619F7C42139E,11,1.0
619FCB9DAC94,13,1.384615
61A0FEA827E4,13,0.923077
61B15EC2F7B6,16,1.4375
61B1EE81780B,15,1.066667
61B3D40AA856,10,1.4
61D13513C992,7,1.0
61D5DB6C54F7,12,1.25
61D89583005B,13,1.0
61E87D530E50,7,1.142857
61EA611AD31A,11,1.545455
61EDBF8CEC7D,12,1.0
61F3B1F549CD,11,1.090909
6200EAC0CBBF,8,1.5
62049767E58C,11,1.090909
6204A1726C16,11,1.0
6208F1920B19,7,1.0
620D3774F474,8,1.0
620DE3FDAA4F,9,1.111111
620E49DF04E2,9,1.444444
621DE1C3A440,9,1.111111
6225570285BC,13,1.153846
62274F02BC50,9,1.0
623FA57397A7,8,1.0
624586746EB4,12,1.0
624A092E7C32,8,1.125
624A50DFE702,12,1.583333
6257C846D070,3,1.0
625B5EA39197,9,1.0
625EB4BAA19B,8,1.0
62654020C48D,12,1.083333
6269893C45DC,7,1.0
626AE66A4F00,8,1.0
626D81DA387E,13,1.461538
627AD4369D37,7,1.0
628019536B7A,4,0.75
628101B81007,9,1.111111
62884F478162,9,1.0
628AD453CFD8,6,1.0
628D02AAB498,10,1.3
62903189839,7,1.0
6292FA7E5BD1,9,1.0
629862A6AB15,5,1.0
62A5873FD2BC,13,1.384615
62A99B6D846E,9,1.333333
62AA2FDC41C6,8,1.0
62AFBD98AFA9,10,1.3
62B435DCB587,12,1.333333
62BE2CD4427F,6,1.0
62C57C524CD2,8,1.0
62CA32AA1C52,9,0.888889
62CFC135C5C0,9,1.0
62D3895B702E,15,0.866667
62D65CAACC4A,12,1.833333
62D796BB3724,7,1.142857
62D832A8630C,9,1.555556
62DCC3EF0507,10,1.6
62E08644BD3B,12,1.0
62E0E0159843,8,1.25
62E441E58EC2,7,1.285714
62E87716DFDB,10,1.3
62EA05528EFF,9,1.0
62EA3F855DB2,8,1.0
62F9D6559F14,8,1.0
62FC97D29846,13,1.615385
62FD49CAE1AE,10,1.0
6314A8C1D128,6,1.0
631F9CBDFD7A,12,1.083333
6321CFDD093A,10,1.3
632998A6072F,9,1.0
63382FEE34A7,11,1.545455
633E15276E05,6,1.666667
634150E86FAE,8,1.25
6341B5F6D0D5,9,1.0
6348F3FAB2F4,9,1.666667
63496B24B9BD,11,1.363636
63529F7E789A,6,1.333333
635484AE3669,11,0.909091
635BE73842BB,7,1.0
635C6FD4CD45,9,1.0
636811ED1516,14,1.0
636E30C86B69,10,1.0
63714646F1F4,8,1.25
637673A6DF01,10,1.3
637F17D96F48,7,1.142857
638546C1C924,12,1.416667
63901FEE7589,11,1.272727
6397F69A35AB,11,1.363636
639AB094CEB1,3,1.0
63A908894771,9,1.0
63AE2EE9B28A,11,1.090909
63AFEF7824B1,9,1.777778
63B4820B55F7,13,1.153846
63BC0E332F24,10,1.0
63C087C70C54,11,1.545455
63C74FF7DB27,11,0.909091
63C762CF1FB6,12,1.0
63D663E674C5,9,1.333333
63E9529594F9,7,1.142857
63EE52366E69,12,1.0
63F12BD57AE7,9,1.333333
63F2D35452AC,12,1.0
63F533DA2C4E,10,1.1
63FA4F48E6F9,8,1.0
63FBD807F6A3,10,1.3
63FEC53AF437,12,1.0
6401CA1C645F,9,1.0
6402C64B1444,12,1.416667
640315EA64A3,8,1.0
64077B385B48,12,1.0
640899CC6EC5,12,1.916667
640A7B8CBD72,13,1.384615
640AAB71319F,11,1.0
6415C4D644EE,4,1.0
64246ED6F213,8,1.0
64251865C84E,12,1.0
642D1C60A615,6,1.0
643133AE3E5F,5,1.6
64319E500339,9,1.444444
644ABEAF2199,11,1.0
6458DE216471,12,1.0
646500FB5CD3,9,1.333333
646DBA929C37,9,1.0
647A9F4B13E2,9,1.0
649807ACDD9F,8,1.0
64A4EBA4CC37,12,1.25
64B986E7853C,11,1.272727
64BD20F9CCC8,12,1.083333
64C09A835374,13,1.538462
64C6CB509C0C,6,1.0
64C934615733,7,1.0
64D9D150E43D,8,1.0
64DF7B801614,11,1.0
64E208B0CC5E,7,1.0
64E91043AF2C,8,1.0
64EB5FFF3DB9,8,1.5
64EB91C84A32,12,1.0
64F4EEE18DAF,14,1.285714
64FDE4FDCDDB,7,0.714286
6504F77A1674,16,1.125
650FFD51AD15,15,1.0
65183AEA7FC2,5,1.4
651CE6F22A06,12,0.666667
65231CB357DF,6,1.0
65286FBCAD2D,11,1.181818
652D6561FE8B,5,1.0
65353E231139,7,1.0
654204F23B4C,7,1.428571
65447D9FE11E,9,1.111111
654CA2DA610B,5,1.0
655A3B3F19E1,9,1.0
6565F5930D6E,9,1.0
65688F5C5F82,8,1.0
6575CFE1F211,10,1.0
6576358C3754,9,1.0
6578E97B8E0E,8,0.875
65799645548A,9,1.0
658428760D94,15,1.6
6585105C64D7,8,1.0
65871B0D00E9,11,1.0
6587820089F3,13,1.0
6589766A4C78,10,1.4
658D9641A1C6,9,1.0
659143BDC3B2,11,1.0
65980B1BCBAD,12,1.333333
65991D1DA389,7,0.714286
65994ACB31EF,7,1.0
659A00D789F0,6,1.333333
65A3291CB6FA,11,1.0
65A67EDDDB58,9,1.0
65AA1348FD1A,13,1.153846
65AACA4E3F2E,9,1.0
65AEB26E0525,11,1.363636
65AFC6455E89,9,1.0
65B1F548E8BE,10,1.1
65B90292739C,6,0.833333
65C8F881F296,7,0.714286
65D6233D8448,7,1.285714
65D771A9D1FD,17,1.764706
65D860D68148,15,1.066667
65D8D9AA5947,9,1.222222
65D97AB33D46,7,0.857143
65DD39531321,5,1.2
65E3280D899A,13,1.0
65EADED456D1,6,1.0
65F4647C00D4,13,1.0
65F51DF3A870,9,1.222222
65F8264950AD,11,1.0
66031F0D0329,21,1.52381
661426A2C8DE,7,1.285714
6614342DF86D,10,0.9
661B7E9A641F,9,1.0
6620CDFFF042,7,1.0
6621856784A9,5,0.8
66259133A8BF,15,2.0
66288718AF60,7,1.142857
6629A229A900,12,1.0
6629CFE36B2C,12,1.416667
662BC175152E,14,1.5
662E20DE95C8,9,1.0
66306888222D,7,1.285714
663149D85F9C,14,0.857143
663222D95A56,5,1.0
663555E90485,7,1.0
663ECF6AF702,6,1.0
66418ED2289D,7,0.857143
6641EA903719,7,0.857143
66435002F527,16,1.6875
6645078FF1DD,11,1.090909
6646414809D0,8,1.25
664DC178A65E,8,1.0
66500F49DA0A,10,1.4
665A2D50F034,9,1.0
6661064715FA,7,0.714286
6661EAEC9023,11,0.909091
667499205A97,12,1.0
6681FEF3AA13,10,1.1
6685C02108BA,11,1.0
669954011A4C,19,1.736842
6699DEA066F3,15,1.666667
669A595FD66F,12,1.0
66A42012C206,12,1.0
66AA8E8F6789,9,1.444444
66AD7F03F068,6,1.0
66B4C5358537,10,1.3
66BFF6F846DA,8,1.125
66C8EFF0BD08,5,1.0
66C96029DE3B,10,1.0
66CDB0D96058,6,1.5
66D29FC8F9AD,10,1.1
66D810E0A3D1,10,0.9
66D9C293DB80,9,1.0
66E71B6C50F5,8,1.0
66EAC5C59580,6,1.0
66EEDB0C0494,12,0.916667
66F4DE5B55E1,8,1.0
66F7AD6B99E2,4,1.0
66F80E57BA95,7,1.714286
6703193EBE49,11,1.181818
67115999420C,7,0.857143
6726B4680CA6,12,1.166667
672CD0AEEA90,9,1.0
672D0F5241A4,12,1.5
6743F5B9985B,9,1.222222
6745076C4F5E,9,1.111111
674CA6631291,9,1.0
675D63C3D265,6,1.166667
6761F7EC5A94,6,1.0
676201F75AB8,12,1.0
67631924513E,10,1.2
6770A2F02671,7,1.142857
6776B92E4513,12,1.75
67787C34A08F,16,1.25
677CF91FDC97,11,1.0
6783CF0808E5,16,1.4375
678504F90802,9,1.222222
6787D1982CEE,9,0.666667
6789C92FBD8F,11,1.363636
678F9DC7579A,12,1.5
67907FCA021A,12,1.166667
6796C7366713,7,0.857143
67984D18D30D,12,1.0
679DC940206E,7,0.428571
67A24E5541AF,12,1.166667
67A7E2367263,8,1.0
67BBF262FE34,10,1.0
67C79BC87A66,13,1.153846
67C8EC23C79F,9,1.111111
67D14DACC392,14,1.785714
67D40BFD6844,5,1.2
67D42552C387,10,1.2
67D58F9FA53C,12,0.833333
67DCF9B166A5,16,0.875
67E34C1004D4,6,1.0
67E48B0CB147,10,1.1
67E5376117EF,10,1.1
67EA44FE037E,7,0.857143
67F5281DAE5F,6,1.166667
67F6F36C0B66,13,1.461538
67FFAD7BD23C,12,0.916667
6805FE96E548,12,1.333333
6806B74BD8E3,11,1.454545
680BAC6A82BD,12,1.416667
681279579E8A,8,1.0
681B9CD21B07,8,1.0
68201A571AE4,9,1.555556
684652D976EB,12,1.5
68486609C73E,12,1.416667
684D9F76006C,8,1.125
684DE5B645D8,12,1.083333
684F637DD1E8,5,1.0
6867D67B3444,14,1.857143
68685615FE0C,12,1.25
686901D47360,11,1.363636
686A0D833422,8,1.25
686A4F5FDD23,17,0.941176
6872BC56971B,15,1.0
68822E9EEE00,10,1.0
688629E5EF45,9,1.0
688EE5891D8C,7,1.142857
68989269D0E2,13,1.076923
68998828307D,9,1.111111
689A9ACF5486,17,1.117647
68B10E50F695,3,1.0
68B1B9C3EA1D,11,1.181818
68BC89FB3051,15,1.0
68BEFCB27D2F,9,1.0
68BF11B32272,11,1.454545
68C18C22E48B,8,0.75
68C31A543A83,12,1.166667
68C5CA5BF14B,14,1.428571
68D384EBB6FB,11,1.0
68D68DA97502,11,1.0
68E2E5922B31,7,1.0
68E7029BE2C0,12,1.166667
68E95519CBCA,14,1.571429
68EA100E4CB1,9,1.666667
68F5B0E051A5,11,1.0
6903F409E831,8,1.375
690713606EEF,6,1.0
690D4166C20C,6,0.833333
690D9455E629,9,1.666667
6910A7FECEEA,9,1.666667
69135A9AD20F,12,1.0
69144038DA0E,10,1.0
6915333490BD,12,1.083333
691CEE65C243,12,1.166667
69241D10E69A,9,1.0
692AE96B2A25,9,1.555556
692DFB8C2898,7,1.0
69327DD44191,12,1.0
6937959572F0,7,1.142857
693B87BAB53F,7,1.142857
693D502DB723,6,0.833333
6948779DA63C,13,1.0
69545D179252,11,1.272727
6955B59F6BDC,10,1.1
6956113E95B7,15,1.2
6957C415FEF9,15,1.0
6961829A2E92,12,1.0
696261D4BE63,6,1.0
6971E147ECDF,7,1.0
6974F39BF193,9,1.111111
697A11B8C862,7,1.428571
6980434BF3A3,12,1.0
6986FE5E3D95,12,1.0
698B957C1FAD,7,1.0
698C98E57B3D,6,1.0
698E89BCF1FD,8,0.875
6991D6795EA7,11,1.272727
699259F14D89,10,1.0
699EBFBA9770,7,1.857143
69A0715FA8A5,12,1.583333
69A1A0E6B176,13,1.846154
69BBFF7B8842,12,1.333333
69BF0FC870C0,12,1.0
69C237AC88FF,3,1.0
69C6F32846E9,13,1.384615
69C9C47F8E8A,9,1.444444
69D18D73D53A,8,1.625
69DE06E31D1D,11,1.090909
69E159567D65,9,1.111111
69E3314D361E,15,1.466667
69E49978A8AE,11,1.090909
69E64FA788BC,5,0.8
69E7D8C23897,7,1.714286
69EE2FC28DD0,10,1.0
69F34C1CBE67,7,1.0
69F4D7B711FE,10,1.5
6A07A93294AD,7,0.857143
6A11804E60B6,12,1.083333
6A14B4BFBFFA,14,1.357143
6A27243CF725,4,1.0
6A273D6F0816,16,1.875
6A2AAAC00995,6,1.0
6A2DD90BCD04,12,1.083333
6A36FD955AB7,12,1.583333
6A3B0EFBDA4A,8,1.0
6A416896C5DE,7,0.714286
6A437891CA7F,12,1.333333
6A47B80F3283,8,1.0
6A62A748E4F0,6,1.0
6A62CD23AF8B,10,1.3
6A67C3F51562,11,1.181818
6A6FFF7E62F3,7,0.714286
6A78A7225C3F,7,1.0
6A78F638EF3D,7,1.0
6A7B9BAD96D1,8,1.0
6A916423AA6A,10,1.8
6A93EFD01EB1,15,1.2
6A9615F317EF,8,1.0
6A977849DE08,9,1.0
6A988A538ED8,8,1.125
6A9E327A5D72,11,1.0
6AA3A9F9519E,12,1.083333
6AA91C1058ED,7,1.0
6AB3E21421F5,12,1.333333
6AB7A38DBD70,7,1.0
6ABC44A06B02,13,1.0
6AC162B7BF45,13,1.076923
6AC63FF66486,8,1.0
6ACDC003F40F,12,1.166667
6ACEE4C0B638,7,1.0
6ACFB267B042,13,0.692308
6AD64F9A9437,6,1.333333
6ADE59423D69,6,1.0
6AE1BDB955C3,9,1.111111
6AEC3D4895A7,11,1.0
6AEE71815EF0,8,1.125
6AF5A10AFF5A,10,1.0
6B030715E953,12,1.666667
6B06546E87F1,13,1.230769
6B23A1A47D4A,9,1.222222
6B292C385744,15,1.066667
6B32D01DB822,9,1.0
6B32EC069C00,3,0.333333
6B34BD2CA144,9,1.444444
6B36E17606DE,12,1.0
6B38FB57A1D3,11,1.0
6B3AF4AD81EA,6,1.0
6B3C020565C4,7,0.857143
6B3C70C249F0,15,1.0
6B4CAB939463,9,1.111111
6B4CE12D92B5,7,1.0
6B54832BDB7F,12,1.25
6B56C630FFC5,5,1.0
6B5809C83978,9,1.444444
6B5D04317738,9,1.0
6B5FA24D86FC,10,1.1
6B7FFEA03FE5,13,1.076923
6B850987631D,9,1.0
6B864230D83E,7,1.142857
6B933220124E,9,1.222222
6B9658ADB143,8,1.5
6B9A69F6E448,13,1.0
6B9F6BDE002B,14,1.5
6BB78B64A509,10,1.2
6BC10E78A82B,9,1.0
6BC2B4F5FC00,9,1.0
6BC591C09F92,10,1.0
6BC6FFB7D1C7,16,1.375
6BC7BF3A5D56,9,1.0
6BCD21E497A5,12,1.166667
6BD335C22E05,6,0.833333
6BDD35D47FCB,13,1.0
6BDFC792D2D4,12,1.25
6BE489CADC95,9,1.222222
6BE99331A705,11,1.090909
6BE9E2687BD6,16,1.0
6BEDE1C49244,3,0.333333
6BF660314A53,9,1.888889
6BFCF08938D8,7,1.428571
6BFD37C9B6E6,8,1.0
6BFE57AA416B,14,1.642857
6C014506F9A2,6,0.833333
6C0442426DD3,7,1.571429
6C13B2E8B2E7,12,1.333333
6C151643C67E,7,0.714286
6C1C86ECD6BC,13,0.923077
6C25E5BA529E,13,1.384615
6C262426791C,6,1.0
6C2B5C74A377,9,1.111111
6C30C0076FAD,12,1.75
6C3A46E13181,11,1.181818
6C44DE90E3B3,10,1.2
6C47182F230C,12,1.25
6C4D40695123,9,1.0
6C4DB05BBBF2,8,1.0
6C4E27499B8F,14,1.285714
6C523894E825,12,1.0
6C54BA5C90F9,4,1.0
6C58D645112B,9,1.0
6C59EAA45BC1,9,1.333333
6C5E715175F9,8,0.625
6C663E086B0E,9,1.222222
6C6F9213C5C4,9,1.0
6C7C9840311F,6,0.5
6C7F33FA9820,5,1.0
6C81C1F21203,9,1.222222
6C83EED20357,12,1.416667
6C842D6D66A0,7,1.571429
6C952F781B57,12,1.25
6C991A1A6C39,7,0.285714
6C9EE085A021,11,1.0
6C9F4BAEE6E4,9,1.0
6CA8D48652D3,8,1.125
6CAE55B3180D,12,1.0
6CC532978E81,9,1.444444
6CDA4CFF1F30,4,1.0
6CE4C9D54C9C,9,1.0
6CEC273AC859,9,1.444444
6CF1C36F4F23,7,1.0
6CF7172119EB,16,1.5625
6D027100AAF3,6,1.166667
6D045785B48D,11,1.181818
6D091EC2A64B,9,1.555556
6D0960F54CC0,9,1.444444
6D0DFC557E3B,12,1.5
6D119B5A576C,10,1.0
6D1394C0D7D4,11,1.272727
6D152ABC0582,11,1.0
6D189F6CF34C,12,1.666667
6D1F2EB7A389,9,1.333333
6D1FB567121E,12,1.666667
6D21E6095A62,12,1.166667
6D2D945B925E,11,1.0
6D39215A55E1,12,1.0
6D3CEEF29C44,9,1.111111
6D3D5F619A29,7,1.285714
6D42E21D4A28,12,1.0
6D43A188D1DD,9,0.666667
6D45BE9D4539,12,1.25
6D4DCE0C2EF6,10,1.2
6D50C3075ED7,6,1.0
6D5342D9F89C,10,1.0
6D552C38EBCB,9,1.888889
6D5BAFCA5CF7,6,1.0
6D5EAA79FB50,16,1.1875
6D616AB3E2A7,11,1.090909
6D6B05E5478D,12,1.333333
6D776557E2D5,12,1.5
6D7A4D514692,12,1.5
6D7B020952E0,7,1.0
6D7CB0579AEE,13,1.230769
6D7FF613393A,9,1.444444
6D8814C66BB4,12,1.0
6D8D977452A1,10,1.2
6D9E65B7A322,9,1.0
6DA050124183,13,1.307692
6DADC0DF0C87,14,1.0
6DBF918B3AEA,12,1.25
6DC268B2F2F3,12,1.0
6DC4BC2A440B,13,1.230769
6DC53CAA1B35,7,1.142857
6DC91973041A,8,1.5
6DD72D0584FA,9,1.0
6DDE240B08E9,10,1.1
6DE083E38A0F,15,1.866667
6DEFC88D4E0B,7,0.714286
6DF4B6E56381,12,1.083333
6DF747F4A277,14,1.0
6DFB980B835D,17,1.647059
6DFD772CFC64,15,1.133333
6DFF43AD5171,7,1.0
6E050DCAB4E6,12,1.083333
6E2EA3B14180,10,1.0
6E3023F09394,7,1.0
6E30CA06DF13,12,1.0
6E3219126915,9,1.888889
6E343BA0B521,6,1.0
6E3731F3AF2F,12,1.166667
6E500B8B5DD9,5,1.0
6E596D038721,8,1.0
6E59CC205803,13,1.153846
6E5F280580C4,14,1.0
6E60D098D3AA,8,1.125
6E67381CC535,6,1.0
6E6B1C6D559E,8,1.25
6E6BCEE073C6,9,1.222222
6E6D32164A61,13,1.230769
6E79DD8F293C,8,1.0
6E7B5C8939F7,8,1.0
6E80360E58BF,7,1.571429
6E8B43214951,6,1.0
6E8D4C59132C,8,1.0
6E8DD4A49F00,10,1.0
6E940FF8CC10,10,1.0
6EA927368020,7,1.142857
6ECEC81235E5,15,1.6
6ED00F0E1BFE,9,1.0
6ED2F18504B1,7,0.857143
6EE64CBD47FA,10,1.2
6EE7AC39A32E,12,1.083333
6EEAC5AAB10B,8,0.75
6EEC89E5A1A4,5,1.4
6EEFC81B16F0,12,1.0
6EF90C13B4D7,9,0.666667
6EF942E79112,8,1.25
6F271187D67D,22,1.681818
6F29660C48D9,12,1.833333
6F297FC794D9,9,1.222222
6F29B2264805,10,1.0
6F30A0A740AA,11,1.0
6F3F3F42FA43,12,1.0
6F40445FBA3D,11,1.363636
6F4951FB29A2,10,1.0
6F4CAC98A2D6,9,1.111111
6F563DEA1D26,6,1.5
6F5652DC6E6A,7,1.142857
6F72C00FFB71,8,1.0
6F7CCB64354C,8,0.875
6F8081D34E75,10,1.0
6F83F249780F,10,1.3
6F868B506EB5,6,0.833333
6F8B90DCF4C5,7,1.0
6F9101D079EC,9,1.111111
6F9173D54DD8,11,1.363636
6F949796E593,7,1.0
6FA1253A087F,6,1.0
6FA1977F85C4,8,1.125
6FA5454B11D4,9,1.666667
6FA5D944A279,9,1.111111
6FAB328F1CF5,12,1.5
6FAC69D9A362,5,1.0
6FC0142F5E73,7,1.0
6FC04D8BDEDE,10,1.0
6FC1CB4C0CCF,8,1.125
6FC359E7AFD1,9,0.888889
6FC7030E1395,12,1.416667
6FC90DA103BA,10,1.4
6FD9C7865B56,8,1.375
6FDD48A7F9F2,12,1.333333
6FDDCDDBB509,6,1.0
6FDF8A3FE345,10,1.4
6FE142AE1BD0,7,1.0
6FE36C7E17F1,11,1.818182
6FE4847F2900,7,1.428571
6FECBAE9AEDE,8,1.0
6FEEBA3EFAE2,13,1.769231
6FEEF90FD706,6,1.0
6FF1769D744A,10,1.5
6FF213F44F92,10,1.0
6FF3C3A95428,5,0.8
7.09821E+11,13,1.615385
7.4434E+11,9,1.555556
7.75465E+11,9,1.0
7001C733FC64,7,1.0
7001F9909BB4,11,1.181818
7003B12B37B9,7,1.0
70041E13A0CC,12,1.166667
7006541FF4E1,5,1.0
700B6C4E7835,7,1.0
700CBE8C8353,9,1.444444
7014840DF363,14,1.0
70269A5240FC,9,1.0
702A25E4B218,12,1.0
703ED1AC72C4,9,1.0
70419DDBEA1F,9,0.555556
705C7BF3BCF0,12,1.166667
70613B5BD0B1,14,1.5
7062EA2055CB,11,1.181818
706681C5C2A5,15,1.4
708169BA6515,14,1.142857
708226E85CD6,12,1.416667
7082A75CC03B,11,1.545455
709156BCF733,7,0.571429
70995EB4F599,6,1.0
709BFAD9491B,7,1.285714
709EF21B80F2,9,1.444444
70A1591F0B20,12,1.083333
70A25239A8B7,13,1.0
70A778488D3F,12,1.166667
70AA813BB5BF,10,1.6
70AB057C7BEA,11,1.0
70B291155F0E,12,0.833333
70BA862F3917,12,1.166667
70BCA4514358,6,1.0
70CD4162725C,6,1.166667
70D2F22E29D4,12,1.0
70D5347F02B0,6,1.0
70D7DD568DA6,7,0.857143
70DC91763832,16,1.1875
70E88D46FD66,8,1.375
70ED039EAD61,11,1.090909
70ED78541A7E,11,1.090909
70F865624B85,14,1.142857
70FA14CF404C,10,1.2
70FC597EF571,8,1.375
71041E811684,9,1.444444
710819DE9003,14,1.071429
710928FFC6BC,11,1.090909
7109E73A180D,15,1.066667
7117C54BA9D6,12,1.166667
711C732ABF1F,9,1.0
71259B3EA87F,26,1.346154
7127D8A7CDF5,4,1.0
712A5A89778D,10,1.1
712C7781C2D9,16,1.625
71300EBD502E,9,1.444444
7138D9E3CC76,5,1.2
713B362568B4,9,1.0
71466A710ABD,9,0.777778
7146D46AA496,9,1.444444
714A13797698,11,1.0
714C2CC7885E,10,1.5
7157D835228A,9,1.0
715ECA916439,9,1.0
71621D2D3D49,9,1.0
71681FC0F7CF,9,1.0
71703F0C0ABD,12,1.0
7172C3C82401,12,1.0
7181D43663A6,10,1.1
7185FB63F21B,9,1.0
718D30F59A16,9,1.0
718F49EDE5EC,3,0.666667
7192C44AF0A2,8,1.125
71971D412CEC,5,1.6
71A690B6C0D6,9,1.0
71A7F1FF6BA8,12,1.0
71A85D2651C3,11,1.0
71B477D6D77E,9,1.0
71B7928491A2,7,1.0
71BA75E9C429,6,1.333333
71C866E275D9,14,1.714286
71CEE0DC98A3,10,1.0
71D3F6E61C14,14,1.0
71DAC3C0B6CA,5,1.0
71DCB7BFA985,14,1.0
71DFDFAB8621,9,1.222222
71E504E02C7F,9,0.888889
71F8BAE50541,8,1.0
71FD7C072BF5,8,1.0
7203112033A1,11,0.909091
7209E2E0A3E4,8,1.375
720C8D48B840,10,1.4
7214C472823B,7,1.0
72173F3A0279,9,1.0
721AA6791441,13,1.384615
7221D7BD4111,9,1.444444
722412C20BB7,5,1.0
72279B65EB03,13,1.307692
7227B698E693,16,1.0
722AB94D10BD,7,1.142857
723AE830442A,8,1.0
723E742AD81A,8,1.375
723FE730E8C6,12,1.0
7244EE88EFA3,8,1.25
7245B7DB7729,12,0.75
726191FFAA4A,9,1.0
7267C046724A,11,1.0
726A55CB1411,9,1.333333
726E0D51E937,8,1.0
72765D1D4721,13,1.153846
7277DA6BE697,10,1.8
727C769BB973,7,1.0
727F83C82B08,13,1.153846
728BCEE2399D,8,0.875
728C8B788C4C,15,1.4
7292C0A357FA,9,0.888889
7294BD879F8B,11,1.0
72964A81A10C,8,1.375
72B22E89D0EE,9,1.333333
72B5654D61BD,12,1.416667
72B6ABEFDE0E,10,1.1
72B9ED71EAE0,11,1.363636
72C11495DA32,6,0.833333
72C2648F9AA4,13,1.076923
72C7213E24ED,14,1.0
72D8B5600A8F,7,0.857143
72DAB70BC479,6,1.333333
72DF448D608C,9,1.777778
72DF5D84477A,13,1.0
72DFE98B5939,3,1.0
72EEE627E450,13,1.0
7301B174090E,9,1.666667
73038C17880E,11,1.0
73072846598F,15,1.066667
7309980B7A6F,7,1.0
7309B62216DC,5,1.0
730A18816DB0,12,1.0
731D759856F0,10,0.8
733CDF1B481A,10,1.1
733DB414740E,6,0.833333
73485E8654B2,7,1.285714
734ED39AAFBF,9,1.111111
7350C5796E16,8,1.375
735346F7F34E,9,0.777778
7357BEF32128,6,1.833333
7359BD785A25,13,1.076923
735BB8DF6EF6,8,0.5
73656858947C,7,1.428571
73800CBD3F1A,8,1.25
73851AC4551C,9,1.0
738752DF2122,9,1.0
73886FC7FAA1,6,1.0
7389808551A6,12,1.166667
738A2AE1D797,10,1.6
738CDF34130F,14,1.214286
738DC00343DA,14,1.857143
73A7CE028611,8,1.0
73B7AA4CFB1C,12,2.0
73B8CA4B266A,9,1.0
73C07AB33DBC,7,1.142857
73C0EEBEA4EC,10,1.0
73C9ACF023C7,8,1.125
73CDE1582FCB,8,0.25
73D03C57B29E,15,1.466667
73D12C005B3D,9,1.0
73D2B941F40F,9,1.0
73D52BB6390A,11,1.818182
73D69658CF95,11,0.909091
73D6F19E24BD,6,0.166667
73DE5AB824F0,8,1.0
73E0F93F113B,11,1.0
73E2C823411B,9,1.0
73E8763E5F73,11,1.363636
73F61C6675AB,7,0.857143
73F69FA2E0E3,22,1.636364
73FB23F4670B,7,1.142857
73FCB4BF3C14,10,1.0
7417FAAAD521,12,1.333333
741CBE3E43C4,14,1.0
7424FCCFC984,9,1.555556
7429789954ED,8,1.75
743722F19788,9,1.0
743B458B5D2B,14,1.714286
743D207540B1,6,1.0
7443D525E32D,12,1.666667
7448145C4A5F,9,1.0
74495878DAA3,12,1.0
744F36739D39,5,1.0
7450531F9573,9,1.777778
7456CE5BB6E2,10,1.0
745C60ED8D8D,9,1.111111
745F880CEFA7,8,1.375
7476076AF500,12,1.0
747C27055C44,9,1.777778
7480BDC7C131,5,1.2
74823E250780,9,1.222222
7483C23F8C17,8,1.0
74856C588A12,11,1.545455
7489B153118D,7,1.142857
748AF6AED4DB,11,1.0
749E1B13022A,11,0.909091
74A11372794B,11,1.272727
74A1DF7F9403,12,1.083333
74A95DB15E93,10,0.8
74B57E07F63D,7,1.0
74B605E72740,6,1.5
74C3DBFE6AD1,13,1.230769
74C44149CA38,12,1.083333
74C6A9458BFD,9,1.111111
74CC1D0FE728,14,1.142857
74CD1613DE1F,8,1.0
74CE2F003968,12,1.0
74D3781011D8,11,1.0
74DAEA65F420,10,1.7
74DFB0255FF0,7,1.142857
74E66DFB5113,12,1.0
74F07823BCB9,11,1.636364
74FF3575E386,10,1.0
7503F2114244,13,1.307692
750AFA674F45,15,1.133333
751B4C3EA663,10,1.0
7526E274A25D,11,1.0
75344DED4A43,10,0.8
75361406733C,8,1.0
753E320B186B,4,0.0
7549ED1EDDC9,14,1.357143
754AA308D69B,10,1.1
754FF1BB9BB1,8,1.0
755E2E08FF37,8,1.0
75663A9B7490,6,1.0
7570F7DF9C98,6,1.333333
75727BE9749A,12,1.166667
757C4090BE0E,8,1.0
757E9E1595A7,10,1.7
7581E5970FE9,9,1.444444
75843AB21505,12,1.5
758703E5BF73,8,1.625
758A03587A0E,13,1.076923
759A5313BDC4,9,1.0
759AFC5BD52A,11,1.545455
759C3FAFA8BF,11,1.0
759D8643FC0D,9,1.0
75A635A498F4,13,0.615385
75B341606747,8,1.0
75B4C84E8AC3,10,0.7
75B66CAFC3EE,7,1.428571
75BD2CB94662,9,1.444444
75C2D5CE58D0,13,1.076923
75C36F8EC421,10,0.8
75C4CC1ABECF,12,1.916667
75CF1D729EB9,5,1.0
75D006293D7F,9,1.111111
75D2D889464D,10,1.4
75DD7D356424,11,1.0
75E1AD078830,4,0.75
75EB10B417F0,18,1.388889
75F1E9E4E399,6,1.0
75F35B39F4AA,4,1.0
75F4DD868EF3,8,0.375
75F898F291C7,12,1.25
75FADC33519F,7,1.142857
7600F1C7D884,13,1.076923
76056531D3D9,10,1.4
7623CC7BC75F,8,0.625
7631F8FACAED,5,1.0
763585B6169F,9,1.0
7638EA873CAB,12,1.0
763AE37F4BD7,9,1.0
763EF698F56B,11,0.727273
7644C10D8A51,6,1.5
764BF089CE9C,13,1.153846
764CF7C9DF70,12,1.75
764E1524D325,14,1.0
765A364BDA2E,16,0.9375
765FE8D30F1A,9,1.0
7663EA3B91A3,9,1.444444
7664117EC6DD,5,1.8
76652F60F5D1,8,1.125
7672B22A2D8F,9,1.0
7675891A9A05,11,1.272727
76764A83DA39,9,0.888889
767920BDAD93,11,1.0
767A8DA91E69,9,1.111111
7684EDBD6DB7,8,1.0
768885A4B61A,12,1.75
768D792790F5,12,1.083333
76932FF6893C,10,0.8
7693B8DBE1C0,10,1.4
76ABA4C1D852,9,1.333333
76B1E5A86F75,12,1.5
76BF3852B313,11,1.090909
76BF6BED1A08,9,1.333333
76C0FD26B20A,11,0.818182
76CC5A1E920E,8,1.25
76CDE9069DBE,11,1.0
76D127736D17,11,1.909091
76D459CE0410,14,1.0
76D57BCC7A10,6,1.666667
76D6A168140D,12,1.416667
76D946F75D6A,5,0.8
76DC969AB5A0,11,1.0
76F4A2CFF66B,6,0.833333
76F9A875942B,4,1.0
77049F94BE17,16,1.3125
7708DEC10E5B,10,1.2
770B9AC48B2E,7,1.0
77137A574A95,12,1.5
771698A8CE95,5,1.0
771C8CAD2E80,6,1.666667
77230760B85F,9,1.0
7727F4D58387,9,1.333333
77289E5A15FD,13,1.076923
773348315C73,10,0.9
77351280D0B0,15,1.466667
773ED9A4F7C0,9,1.111111
7748A809ACFF,8,1.125
774AC0E422C9,13,1.076923
7753F679B922,9,1.0
775D4F2FEACE,6,1.0
7767F0989650,13,1.307692
776FBF88E6FF,7,0.857143
7770B90F2FEF,9,1.777778
77788AFCC014,9,1.0
777E8CA790B3,16,1.75
7780043938EE,9,1.0
7782DC357595,8,1.0
7785695E4128,5,1.2
778D4138218D,6,1.0
7794085FE26D,14,1.642857
77947A3CBF0F,7,0.714286
779EADA2AEF5,3,1.333333
77A579CB2F86,9,1.0
77A9AECC5F0D,4,1.0
77AD6EF55B2C,12,1.25
77AEF426D6C8,10,1.3
77B1A113941A,9,1.111111
77B24A0D87C0,9,1.222222
77B490FA901B,9,1.222222
77B7E6ED8594,9,1.0
77BA08AAE108,6,1.0
77BC5E98CEC6,9,0.666667
77BD30EC277D,9,1.333333
77C4B9C80BCF,10,1.0
77C6991E5BEB,9,1.333333
77C7BF4D07D2,5,1.0
77CD03AA7E0F,9,1.111111
77D0D2C9ED91,9,1.333333
77D210B9EC7E,12,1.0
77D40CC92F62,14,1.142857
77D77EE99B3E,9,1.333333
77E95471DE20,16,0.875
77EC35543BBE,9,1.0
780B8C757C48,12,1.416667
7811A36C87ED,6,0.833333
781AEBFF3786,15,1.0
781CBCA4C8BD,5,1.0
781EB1109B99,8,1.0
7820048B53C8,5,0.8
7828F43230C2,11,1.272727
782EF1136565,7,0.714286
78312744722D,7,1.0
7832EF6A2D70,5,1.0
7834D569421C,12,1.583333
783A5BC572A9,5,1.0
783BF2A32C8E,11,1.0
783CDF5EA9E4,6,1.0
783F20C124A4,9,1.0
78422FE10011,11,1.545455
784C7AB308C6,9,1.222222
78573079654D,12,1.0
78611275D9A2,12,1.666667
7863164BA896,12,1.75
786CC75D9EEE,12,1.333333
7870822546A4,11,1.0
787BA22FD1CF,8,1.0
7880E9702E1B,8,1.0
788E89F6806C,3,1.0
789FBEBEAA5A,11,1.0
78A6A188B132,12,1.0
78A7721BE775,6,1.166667
78ACA86DE2DE,3,1.0
78AF7BDB9CE8,13,1.384615
78B3A1ADC89B,11,1.454545
78B951722074,9,2.0
78C22313F58E,12,1.0
78D1409FFDC7,9,1.0
78D5951B96C5,6,0.666667
78E39B7962F1,6,1.5
78E9B6AC7532,9,0.555556
78EE1B17A02D,12,1.25
78EE5E5D9395,9,1.555556
78EEA7477151,14,1.142857
78F04BE79449,9,1.0
78FA6A4C45F1,15,1.533333
78FFA7DA37CA,12,1.583333
7903205CD088,9,0.777778
7907EE44F9B2,4,1.0
7910EA24344A,5,1.0
79125DE3F351,11,1.090909
791E0902EAD5,6,1.333333
79329585D105,10,1.1
7932EB16DD1A,9,1.666667
793379D7FAE6,13,0.923077
793517BB1BB3,12,0.833333
793800C02EE3,10,1.0
793C649D4897,8,1.0
793D97BCA3C4,7,1.0
7942D6E87A7B,9,1.666667
794A0704B01C,9,1.888889
79516FC7C54E,15,1.4
795558799D7A,6,1.833333
79662DEC0A1B,20,0.7
7968DF6D2AD5,13,1.076923
796911DBD5C2,13,1.153846
7970C0236A1F,8,1.0
79745179D7CE,10,1.0
79750A580EEA,13,1.769231
7976C6FB117C,10,1.0
797AC1502EF2,8,1.0
797C07E1F6DB,12,1.25
79828CEB9FBB,12,1.166667
79848F24BB9F,8,1.5
7987F926DA46,7,1.0
79887DA7C1B1,12,0.916667
79890532CA7D,11,1.0
798A81F6D572,10,1.3
798D1DA1BE28,9,1.0
799138EA965E,13,1.615385
7999CE056DE6,14,1.142857
79A15CB80B4F,12,1.166667
79AA889C2340,9,1.0
79B04B83078E,8,1.125
79B1AEEE8C7B,6,1.166667
79B8EB97260A,7,1.0
79BF06DEF9AA,17,1.176471
79CB3AFC6ABF,7,1.0
79CDD9460FB4,15,1.6
79CDFD13AE8D,20,1.55
79CF90622262,8,1.0
79D634E4575F,10,1.4
79DD90A5672B,12,1.0
79DD950E0FE3,16,1.125
79F15B520AB4,11,1.0
79F1EBED5921,9,1.222222
79FB988CC40F,12,1.5
79FF99DF37EA,9,1.0
7A0493F083E6,9,1.0
7A07A59E5C5B,9,1.0
7A084B63F473,7,1.0
7A08512D4114,9,0.888889
7A0D5E468AB3,6,1.333333
7A0F3C54115A,10,1.1
7A0F4648B341,11,1.727273
7A12DA743677,6,1.5
7A3CF75C95FB,13,1.0
7A3E4D5F7F6D,11,0.909091
7A425A58F136,9,1.222222
7A532625FFDC,7,1.142857
7A56F29D9707,12,1.0
7A5926192F3C,5,1.2
7A5D38D49C13,13,1.0
7A5DBFF57812,9,1.666667
7A6334828D03,13,1.307692
7A75826F5403,7,0.857143
7A788F9A3894,9,1.222222
7A7A3BA067F9,6,1.5
7A83EB6D2278,5,1.0
7A8637086DFA,8,1.0
7A96B668850C,11,1.0
7A9B42FE8719,8,1.0
7AA14225FB01,4,1.5
7AA48CB7269C,5,1.0
7AA4D01404E6,12,1.333333
7AA7EC751B9D,8,1.25
7AABDCFB5C9D,12,1.083333
7AAE019F70D6,8,1.0
7AB4115D825A,14,1.214286
7AB5014A07DD,10,1.0
7AB88F053E8F,15,1.266667
7ABE298D9C05,10,1.0
7ABE9F1D3F99,8,1.0
7AC3F8284F40,8,1.5
7ACD45D12DD3,13,1.230769
7AD4CB4029C0,8,1.0
7AE4C8D9B286,10,1.3
7AE9C2E0846E,8,1.0
7AEBFE7B59D1,14,1.0
7AEC26540C49,6,1.333333
7AF7BFC4BF8D,9,1.0
7AFEC882B9F5,14,1.714286
7B000D776D89,9,1.0
7B078F57DA7D,12,1.166667
7B0BDBE64C05,9,1.111111
7B0D23FCA29B,11,0.818182
7B12C9A10547,15,1.0
7B175B939A72,8,1.0
7B1A0CEA348A,10,1.1
7B279795EF91,9,1.111111
7B2CB7ECC0B5,11,1.090909
7B30DEB3D1F3,6,1.0
7B32DC6B83F6,11,1.0
7B3C62105341,5,1.4
7B3F3A80030B,9,1.111111
7B4DD08B4A67,10,1.7
7B4FAE7A57C1,10,1.1
7B52C05A4BDB,10,0.9
7B57528DA2B1,12,1.25
7B5D27D241EA,7,1.285714
7B5F5B33B566,8,1.125
7B6440A3F279,15,1.0
7B64BC831CD9,8,0.75
7B6F4F1F08FE,9,1.0
7B6F9C7801B2,21,1.52381
7B74A22F8230,9,1.444444
7B751C9BE162,9,1.777778
7B77B6E76249,12,1.0
7B8198155717,14,1.142857
7B828DD19BF2,11,1.090909
7B864858BC20,12,1.166667
7B869330F14A,8,1.5
7B8984E700BD,9,1.222222
7B8DBB84E77E,10,1.1
7B8EC9B78501,7,1.142857
7B8F7C1825BA,9,1.0
7B917D36C604,8,1.0
7BA662FCD635,12,1.0
7BAAA1C96089,8,1.0
7BAB116B663D,8,1.0
7BB00D6357FC,9,1.444444
7BB954F6C5EF,12,1.0
7BBCDFAA20C3,9,1.222222
7BBDEA554F80,11,1.090909
7BC6842C3297,10,1.1
7BC73C8FBDBC,12,1.0
7BCA4D717649,9,1.111111
7BCDFDF03FBC,7,1.0
7BCFD0C9880F,12,1.5
7BDCBAD204BB,6,1.0
7BDDEB63EE13,12,1.166667
7BE42605E717,9,1.555556
7BE6E9F93FE2,9,1.0
7BE7CE9DA4E9,15,1.066667
7BEBFFA40896,3,1.0
7BEC28964B8F,9,1.0
7BF0B4AE6917,9,1.0
7BF3FF676633,12,0.916667
7C12F166B5F3,9,1.555556
7C1D05780C33,10,1.6
7C1EAA5096AC,6,1.0
7C1FF9F7C5C8,7,1.0
7C22432ACEED,11,1.181818
7C25E532E66B,10,1.0
7C2AE05A5A26,4,1.0
7C3544BEFA37,10,1.2
7C3D428E13BC,9,1.0
7C499255C798,11,1.090909
7C5DBB16CA97,9,1.111111
7C6D2CC7B5A6,7,1.0
7C76C8F85EC2,2,1.0
7C7826E3F76B,9,1.222222
7C7963A10D5E,9,1.111111
7C7A000868BF,10,1.1
7C7B4E411791,9,1.0
7C7B69674803,11,1.0
7C7D34EB1627,5,0.6
7C87868719A0,8,1.0
7C8C9A176F90,7,1.0
7C8E247A89E8,15,1.533333
7C8E873E3A88,12,1.0
7C929E4D63A5,15,0.933333
7C94E3190D66,16,1.9375
7C9A64C54CB7,3,1.0
7C9E8F9D661F,6,1.0
7CA2BA44B1A6,7,1.285714
7CA54081314B,10,1.4
7CAF851F1C0F,9,1.0
7CBBF4E14697,19,1.263158
7CBE5AD11805,8,1.125
7CD4B78938B6,9,1.444444
7CDBC36566FF,11,1.0
7CDF01D1DB32,6,1.0
7CE82E687AFD,6,1.0
7CE8F1088A3E,11,1.454545
7CEB4836BAFA,6,0.833333
7CED441887D8,9,1.0
7CF49298CBEF,6,1.333333
7CF49BA27233,10,1.4
7CF8EEE92A86,4,1.0
7CFE08CE9D0E,12,1.666667
7D0190DF4E7D,8,1.125
7D078233C975,12,1.416667
7D0E449754CD,9,1.444444
7D1925281627,10,1.1
7D232CE603BB,8,1.125
7D2794FBFEB4,15,1.6
7D2CD1D3A4F3,13,1.0
7D2D54F2F50F,6,1.5
7D3F52D8F662,11,1.0
7D44F3E6C475,14,1.0
7D462AA4E1FC,5,1.8
7D4CB386BB17,13,1.0
7D537E539C9B,8,1.125
7D577B9D3888,12,1.0
7D5909D8FBA3,14,0.857143
7D5947A4060E,13,1.0
7D5D980FD05F,17,1.941176
7D609EE1A5EC,10,1.2
7D6CAE9CA2C1,6,1.0
7D737972C0CE,8,1.125
7D83374556C1,17,1.529412
7D89CBF638CE,9,1.0
7D8CAB0224DA,13,1.461538
7D92AFA8EB0C,12,1.0
7D95539DC1AE,12,1.333333
7D9D5DFB9B6F,8,1.125
7DA14E1D6FA0,9,1.444444
7DA4B734D5B3,7,1.571429
7DA61B775AB2,11,1.0
7DA7F08F38D2,7,1.0
7DB352480689,8,1.125
7DB938B61150,6,1.166667
7DD12D888212,9,1.0
7DE4F9A8CDEC,9,1.0
7DE9E964097A,9,1.0
7DF03EFCA553,7,1.0
7DF12B42AB72,7,1.714286
7DF54B9223DC,5,1.0
7DFEAD13F3D6,12,1.083333
7DFF4F286469,11,1.0
7E026B760EA0,7,0.857143
7E0447C178D8,10,1.0
7E08C001A673,12,1.0
7E1386249DA8,9,1.0
7E1F0C3CC6D0,8,0.875
7E2A0EF24A0F,12,1.0
7E39CBA95CB1,13,1.153846
7E3CDEFECEC6,5,2.0
7E46229A7CA5,13,1.076923
7E558B4E7009,8,1.0
7E5E88E27A8F,9,1.0
7E7976B1BD71,12,1.083333
7E7BE5817CF8,9,1.222222
7E7C67A0DC16,5,1.4
7E8238B5BA1C,16,1.625
7E8A0A0A9A43,5,1.2
7E8A1EA544E0,9,1.111111
7E8ED7CA1E70,14,1.428571
7E978C5E7761,6,1.166667
7EA257CB8491,9,1.0
7EA35A78AEF8,10,1.5
7EA5429CA87B,11,1.909091
7EA804FD13A8,15,1.333333
7EA81DEDF997,13,1.307692
7EA90813B62A,7,1.0
7EA9C3EDA163,8,1.375
7EAF43DBF89C,9,1.333333
7EB7891E8D16,7,1.0
7EC12CB2D9B0,9,1.111111
7EC8390E36AA,8,0.75
7ECE5C64E150,10,1.6
7ED41458ABAF,12,1.25
7ED6F7BA72F9,10,1.0
7ED81049325E,13,1.0
7EDC154C0632,12,0.916667
7EDE41ECEBD0,15,1.133333
7EDF56FCB4AC,9,0.888889
7EE10745D09E,9,1.555556
7EE30A511B75,7,1.0
7EEC3E21D0C6,8,0.875
7EEC55B04308,7,0.857143
7EEE11CF0775,15,0.866667
7EEF498A0C92,10,1.5
7EFA9BE7A23F,6,1.333333
7F034CF1ECE0,6,1.0
7F0CB07D9B67,10,0.8
7F139940D2FE,18,1.0
7F1808A53482,9,1.333333
7F22BF0859BB,8,1.25
7F23522935FD,12,1.166667
7F2AF2E21E2B,8,1.0
7F2C3D877C97,11,1.0
7F375C57B28A,9,1.0
7F3E86846794,9,1.333333
7F3F990451F6,7,1.857143
7F438CA11201,9,1.444444
7F4479488C31,9,1.0
7F4608EA5743,9,1.111111
7F47FC448059,12,1.416667
7F4E3283ECE3,9,1.0
7F523261B071,10,1.3
7F539C089AFF,10,1.8
7F5C09BED8AE,5,1.2
7F616F0C4D8F,2,1.0
7F63036D0C59,17,1.764706
7F658EA3F2EA,9,1.333333
7F6795CE405C,10,0.9
7F697EF803C9,9,1.0
7F7B48A486BE,6,1.0
7F87920E2DFA,3,1.0
7F8AD2B6CCCC,11,1.181818
7F8F42E38A0A,12,0.916667
7F974959003A,15,1.466667
7FA0313E733E,8,1.0
7FA3E6DDC0B6,6,1.0
7FA6B07F2373,6,1.0
7FB02EF0CF58,12,0.916667
7FB5A53C6DD8,9,1.0
7FC70F8F20E3,13,1.307692
7FC7FFE08C80,11,1.272727
7FCE22059A5B,6,1.166667
7FD41B78B3A4,14,1.142857
7FD4A314D751,8,1.0
7FEB91640AAE,8,0.25
7FF21C0ABC9E,13,1.538462
8.30881E+11,19,0.789474
8.71311E+11,9,1.222222
8.91E+13,8,0.5
8.97E+16,5,1.0
800D1BAA86C4,8,1.0
80118749FB42,12,1.083333
80144F17A71C,12,1.0
801C34D883FD,13,1.846154
801DA1EF0C47,9,1.0
8026F9CF4C95,6,1.0
80270A6CC6EF,10,1.4
8027D8B7844F,10,0.9
802E234C4BB9,5,1.0
80368BCB869B,9,1.333333
803C3E9E14B2,4,1.0
803FCF571644,9,1.222222
80510BCCEA59,9,1.444444
8051853E8AF7,6,1.333333
805817402C5E,14,1.571429
8060648FFE0D,9,1.333333
80619550D955,7,0.857143
8061D44308E9,10,1.3
8062735D7B3E,5,0.8
80664125F8D0,9,1.0
80667AD3FFD8,9,1.111111
80684E17DC75,19,1.0
806A8C08ADF7,9,1.333333
806E34F55847,7,1.142857
8075A44B3D4E,9,1.0
80762DA00183,6,1.0
807EB6CA95EB,14,1.357143
808052FD74DF,12,1.333333
80875397FA07,8,0.75
80877A1F0A7D,10,1.0
80889A79B329,10,0.9
808E8ED91EED,12,1.0
80905F810672,8,1.25
80935ABC7D39,12,1.416667
8093D01B2742,12,1.0
80AB29F23E1E,9,1.0
80BA1C4DB6F0,7,1.0
80C2ED8BE6A6,8,1.0
80C861916EB4,8,1.0
80CAF7FFFD56,11,1.090909
80D1357B10A0,11,1.181818
80D2FE30F665,9,1.333333
80D55B272621,16,1.4375
80D5ECB994F3,8,0.875
80DCC4992B10,10,1.0
80E2B7016611,9,1.222222
80E51C7379CD,11,1.181818
80F2427F337D,19,1.263158
80F8E7B1ABBA,8,0.875
80F9BE567E1A,6,0.833333
80FCBE64AC16,8,1.0
80FE1A70F85C,11,1.636364
810142FCE213,12,1.0
8104E64577EB,12,1.083333
81122C8AD46A,8,1.125
811EA43C1813,5,1.0
8129CE323993,14,1.428571
812CBC21EE50,8,1.0
8135441CED7B,8,1.375
8136D5F6F7A4,5,1.0
81407E5C8299,11,1.090909
815AB04BFBF3,12,1.0
815EE0AF066F,11,1.0
81720D00C09E,5,1.0
8172F9426183,9,1.0
8175DAF201D2,6,0.666667
8182360CC270,7,1.0
8192F4D79528,15,1.133333
81A41F6CFC71,10,1.0
81A723D57718,5,1.0
81AD1F069407,15,1.133333
81B5E59B9ACB,13,1.153846
81BCB1DE23B7,7,1.0
81C5893C9CF5,8,1.0
81C85E0925CC,11,1.727273
81D05263142A,6,0.666667
81E073241214,8,1.0
81EB648B5B51,9,1.666667
81EFE876B2CE,6,1.0
81F8C7B45A58,12,1.25
81FD42FF7DBF,12,1.25
8201C5613F2C,16,1.25
82069370B661,8,1.375
821096176D61,11,1.636364
821366C0A216,9,1.0
82177357AAB8,9,1.0
822440E5EF9F,6,1.0
82280B54C392,12,1.25
822A901609CD,6,1.0
823A09BFA77B,7,1.285714
823C62BADB7E,10,1.0
823D54325D65,14,1.0
823E2D5A4722,14,1.357143
82457B1EB82B,6,1.0
8248E7E6E2A0,9,0.888889
824DAEDF9E75,9,1.333333
824F5CC94C0F,4,1.0
8252036912DC,11,1.090909
826100BD96F9,4,0.75
82618B162AAC,6,1.0
826C0231C0BE,6,1.166667
8279663F8F18,12,1.0
827C8F96A128,15,1.466667
827DB1A83F7A,7,1.285714
8281BBB80A67,5,1.0
82894F0260CF,7,1.0
828F31F78F78,7,1.0
828FE7B8D02C,9,1.333333
8290407C0F6B,12,1.166667
8296F0F59F3D,10,1.0
829A1FD8A7EF,9,1.0
829D60F08792,5,1.2
82A577255345,10,1.1
82BBC3EC5C3A,8,0.875
82C8D991C949,10,1.2
82CBA25E2806,17,1.176471
82D51CA85C5C,6,1.166667
82DC5A71EDBA,5,1.0
82E1E80B9F3B,8,1.5
82E21B844F8E,12,1.0
82EA455D26AA,9,1.0
82EA4B643F77,11,1.545455
82EB399A8961,17,1.058824
82F18DAE70E4,9,1.111111
82F1B8436E48,11,1.0
82F7210163B5,12,1.25
830F3C15936F,6,1.333333
831456662FB5,12,1.333333
8315EB545E9D,6,1.166667
8315F09ED7A6,12,1.333333
831F54B2B19D,17,1.411765
8327864CB51A,7,1.285714
832BF7151D40,9,1.0
8331F4B3ADFC,6,1.0
833696A5748C,6,1.333333
833EF924344E,6,1.0
83460DEC7009,10,1.1
836389DC45F4,9,0.777778
836FC7F5F535,8,1.125
837A4ADE887E,7,1.0
83821661B8F5,12,1.083333
8386ED5577DF,8,1.5
8387BDBA7F9B,10,0.6
83882CA03A48,8,1.375
838A96E95C09,11,1.0
838FEC2EF38E,6,0.833333
8391AA01FFCF,8,1.125
8398E04E5365,7,0.714286
839908CBDB40,7,1.0
839F4F7F7DD7,19,1.421053
839FBFBB7054,8,1.0
83A08732498F,9,1.0
83A7376E9454,15,1.066667
83AAAD315F57,6,1.0
83AE9B85F6FD,11,1.636364
83B0293B9D2F,9,1.555556
83B1E7A4E840,8,1.0
83B32016A5D1,6,1.166667
83B913544D0A,6,1.0
83BB96F966DB,10,1.2
83BE91B3EF1F,9,1.333333
83C27F297E94,9,1.0
83CAAFEF8194,4,1.0
83D78B6382F4,13,1.230769
83D8EED426D9,8,1.0
83D933BD5B81,6,1.0
83E0907005B6,11,0.818182
83EC644E325D,9,1.333333
83ED986D8BC0,9,1.555556
83F4F29E9662,13,1.0
83FA1948A3F4,10,1.4
840A520F0D99,16,1.5
840ADB958D7C,8,1.0
840BD934198B,9,1.0
841618F63777,9,1.0
84187E561424,9,1.555556
841F9E15D42E,11,1.272727
842D4576CB4E,12,1.25
842FD7CFFDDB,6,1.0
84305C417C4B,8,2.0
8430D63288D2,12,1.0
84367AEE6898,9,1.0
843F8AFA3905,7,1.0
844406CFDCD9,10,1.0
844CC1FA570F,9,0.888889
845A0E7E3013,9,1.444444
845A6CB0C648,19,1.263158
845CC4EB2039,6,1.0
846655D3F807,13,1.076923
84705C9E9180,9,1.111111
847AF2857FBF,10,0.6
8484FA8389A3,10,1.0
848CD0BA745D,14,1.714286
849228E9ADD8,12,1.666667
84969F34483A,3,1.0
8498B3A8642D,15,1.333333
849911F5126B,6,1.0
849BE041D1C8,5,1.0
84A0AE362A83,9,1.444444
84A55E13EEC1,7,1.571429
84A5803E6C6A,12,1.416667
84A786DDC40D,6,1.0
84A96D976445,6,1.0
84B1E0E85878,9,1.0
84C2FE4B60BC,5,1.0
84C6F616721B,13,1.0
84CBD44248F2,6,1.0
84D2A6C75C67,12,1.0
84D460E228D7,8,1.375
84D821F541E7,13,0.923077
84D827C2D12A,12,1.083333
84D8BC64E749,12,1.25
84DA3A4E84CC,12,1.666667
84DC56271CF8,11,1.181818
84E693790A66,11,1.454545
84EC5D05E3E2,11,1.636364
85004BC426B1,12,0.916667
8501E9EDF0FD,5,1.4
8508D4805CEC,8,1.0
85150B337E02,6,1.0
851CDCC848DF,12,1.083333
851FFB9D96E1,5,1.2
8521B650F8A9,8,0.75
852F3C1EE704,15,1.266667
85344BC765F7,18,1.0
853F856CA64C,8,1.0
8542D5615740,14,1.214286
8554C275A365,12,1.0
855FF8C43FAE,12,1.0
8563982CE8C7,11,0.909091
856462BFBBB1,9,1.0
85783DD810EF,6,1.0
857D1D3BC2C6,11,1.272727
857F8C1E0A0A,9,1.0
857FAF7C385C,13,1.0
85800ECFE568,12,1.416667
85808F0851D8,14,0.928571
8586AF2475F3,11,0.909091
858A41A513AF,14,1.357143
858C24FE7A08,9,1.0
8593D649EBE4,3,1.0
859DCEBAAEC4,15,1.133333
85A263A129B5,9,1.666667
85ACDB1C7BE4,13,1.0
85B0876A1FBA,11,1.090909
85B3B76C4384,9,1.111111
85B3EE483BEF,5,1.0
85B5621E1876,14,1.214286
85B700BA5A7C,10,1.0
85C5BA416D54,5,0.4
85C8AC30C12F,14,1.285714
85CC7B182ED6,6,1.0
85D7C9ADFE4F,13,1.538462
85DB79959EEB,9,1.333333
85E2FCE046E8,9,1.333333
85E46E4774B2,8,1.0
85E48EAD158A,7,1.285714
85E4A10D0918,9,1.0
85EB8DC94BD0,9,1.0
85EF5F2BDA22,5,1.0
85F4C57672EA,13,0.923077
85F85936F1E6,8,1.0
86002C63D9C4,7,1.142857
86052928ECB9,9,2.0
860691D518C6,15,1.0
860738F5857F,7,1.285714
860E4F40B57D,16,1.25
861588AA9001,14,1.357143
861B660C2E86,9,1.0
8621C5C419CE,4,1.0
8624013087D0,6,0.833333
86245BB1A314,14,1.571429
8624720F50AA,5,1.2
862995E50ECE,10,1.9
862FEAF83C5B,10,1.0
8644441AB019,6,1.0
864557850F63,6,1.666667
864AF793CBA7,12,1.25
864B67B1FF46,15,1.0
864C2D595DF7,9,1.666667
864E45D7BD5B,8,1.0
864EE35A4744,9,1.0
8650490FD98E,10,1.3
86542460611A,14,1.214286
865E665B13F7,9,1.0
866B61E17B7D,15,1.066667
866DC580CBF3,15,1.2
867777EC86C8,6,1.0
8679D5C9C9C7,12,1.083333
867A58ACE30E,10,1.1
8680D4F9266D,12,1.25
86887AB8BE18,7,1.0
868D445794AB,22,1.0
869367F8A718,12,1.333333
86A24627502D,7,1.0
86A362AFF89F,3,1.0
86A511A55117,15,0.666667
86A99FA674E5,11,1.818182
86B56FCAE0E5,8,1.25
86B8E74548F4,11,1.0
86BB790A5875,9,1.0
86C3087B78A3,9,1.333333
86C3CBD25A60,13,1.0
86D1F207868B,11,0.818182
86D78A2CD591,10,1.0
86D79F272847,13,1.538462
86DACAE7097F,12,1.5
86DC4C84C053,9,1.222222
86E5ADAE8206,11,1.818182
86FB71F29A12,6,0.833333
86FE14E918D1,12,1.25
86FF8C35A885,12,1.0
87055E1EDAC2,10,1.4
871097AE113C,5,1.0
8711A8190E5D,5,0.8
871287046F85,13,0.923077
87186C957B20,10,0.9
871B7DB49A3F,10,1.4
871CE2BE3370,12,1.416667
87251EF8082E,9,1.555556
87258EA0A73C,4,0.5
8726B24BA724,8,1.375
8727FFFF8441,8,1.125
872A3AAEC127,9,2.0
872AED166FA6,13,1.384615
872D2382D49E,9,1.111111
872F02B58AA6,14,1.071429
87301169FEAA,7,1.571429
87328D07C574,9,1.888889
8737264DDCD4,8,1.0
8742BE58A671,9,1.0
8745FC479838,8,0.5
8751DABF6F73,13,0.923077
876A650B692E,9,2.0
876BE44293AE,9,1.0
876EB8B99AC6,6,1.0
877D7E614694,10,1.1
877E5E24D71D,6,2.0
8783D7E09D7E,9,1.222222
878757F074DB,15,1.0
878EF77AEFED,11,1.0
8793444EF088,12,1.333333
87947A34CAEA,10,0.4
87958B77E2DC,12,1.25
879899ED7AEF,6,1.0
8799ED61A608,12,1.0
879F973C6DF6,12,1.166667
87A2153DC6CF,9,1.0
87A3A28A5EB8,10,0.6
87A8B315A26E,6,1.0
87A974F87B12,7,0.857143
87AF2FEABA83,13,0.846154
87B3B5E45156,9,1.222222
87B5969668D7,13,1.230769
87B830921FBA,14,1.571429
87B9974CE965,6,1.0
87C4CE3E96BE,7,1.0
87C607A0EF62,10,1.5
87C7180CD212,8,1.0
87CA45AA5B23,12,0.916667
87D07D40F15E,6,1.0
87D436B64CB4,12,0.916667
87DC9D17D46E,5,1.2
87E637213D66,9,1.333333
87F69F495958,7,1.0
87F826CDE47A,7,1.285714
8805BDE4E251,9,1.0
880E4340D062,9,1.0
880F6C543080,7,1.714286
8812C76524F0,7,1.0
8814CF59BC3B,9,1.444444
881C594055EB,4,1.75
8822513C8D85,11,1.090909
88273D2F8BB4,11,1.0
883880ACBA01,10,1.1
883D374AC02F,9,1.0
883E45198895,6,1.0
884190375DAB,8,1.5
8846B3225DEB,19,1.315789
884E6C7D3160,5,1.2
885CBDD4A297,9,1.0
886AA758F248,9,1.0
886FED68C229,9,1.666667
8871239EBCA5,7,1.571429
88816FFD8A5C,12,1.416667
8882BE4360A5,11,1.090909
88860671767F,12,1.0
8886AD6E3BF1,8,1.0
888D36BD7FD3,6,1.666667
888EFFEEF4A6,16,1.0
88910DE4976E,20,1.0
88990A944CC0,4,1.5
88A4F79B5203,11,1.272727
88B0F016492E,9,1.444444
88C4EAEB95A1,8,1.0
88C9F52F748F,9,1.0
88D0417284B4,10,1.4
88FA9C1FF56D,10,1.0
88FC05DDCC92,8,1.75
88FCD4D35128,13,1.076923
88FD7FAAFA90,14,0.857143
890BA90FED9D,10,1.6
890E9CBF7BF8,15,1.466667
89152EA3528E,12,1.0
891AEC9CAFC5,8,1.0
891C3503DD33,9,1.0
8925498D8C36,8,1.0
8930F3F9E554,4,1.0
89326D7277B1,4,1.0
893B6A0CDB2D,12,1.0
8945D160056D,9,1.222222
89593AEC5E89,16,1.25
896B223BF708,6,1.166667
896F322AE281,6,0.833333
897004C788FB,11,1.818182
8971626EE759,8,1.125
8975E6D0380E,9,1.0
89822D57FE56,5,1.0
898BBCB60510,9,1.333333
898C54B54558,9,1.0
898FBF6ECEEE,9,1.0
8999E5263723,7,1.142857
899C33966AE0,13,1.0
899D394E518E,12,1.333333
89A1E2B6F0A1,12,1.416667
89A31DD6C8E1,12,1.0
89AB334EE7ED,7,1.0
89B939843B8D,13,1.0
89BA155355E4,9,1.555556
89BED1950DFE,11,1.0
89C191C7957C,16,1.1875
89C55AA2CA12,9,0.888889
89C921B360F7,8,1.0
89CD5C5D9180,9,1.0
89DD12847D93,5,1.0
89DF30396BAE,7,1.0
89E1708E4BCA,9,1.0
89E1BF0D40C8,12,1.0
89E1CF43B214,14,1.0
89E73E0B8EF5,14,1.071429
89ECFD2A6D68,3,1.0
89EEA7194D7C,7,1.0
8A00BBFCFABB,7,1.285714
8A06243FE484,6,1.0
8A0A3FE01FE7,15,1.066667
8A0F7E327BC5,9,1.0
8A10A65857EE,8,1.0
8A11B24EEE66,15,1.133333
8A142C377525,9,1.0
8A16C162C867,11,1.0
8A16CDB6F50B,15,1.333333
8A1DE798ADA5,4,1.5
8A20964F35B1,11,0.909091
8A2979AB26BE,11,1.363636
8A3392CDCCF1,14,0.857143
8A33C5C1A579,7,1.142857
8A40C9A48BC3,9,1.444444
8A44EA466431,4,1.0
8A459F1BFC23,4,1.0
8A468F18FF8D,9,1.111111
8A4C6D3B4469,10,1.7
8A4C87E23966,11,1.0
8A4D99910F10,13,0.923077
8A4E9D1BB2B2,11,1.0
8A516907464A,11,1.0
8A57EE89F26C,8,1.0
8A63149E402C,21,1.857143
8A64F8D74D5B,13,1.076923
8A6AAA29FBB2,9,1.0
8A6BD40A8B7A,9,1.0
8A7433E0DF67,10,0.8
8A745CBCD81E,11,0.909091
8A77BC846EF0,15,1.333333
8A8109553B2D,8,1.0
8A8644A0E3D4,10,1.0
8A89EF004B9C,9,1.111111
8A8D7134E77C,9,1.0
8A9A8B0A3597,14,1.214286
8AAA87E056FD,10,1.7
8AAB8EE320C1,11,1.0
8AB95D7C4CA6,9,1.777778
8AC1D6E165CD,9,1.0
8AE119913109,9,1.444444
8AE9824CC802,18,1.0
8AEFA9EA182D,9,1.0
8AEFE911A7ED,8,0.375
8AF3FAAA529A,9,1.222222
8AF4B766BF21,7,1.0
8B01E218767C,6,1.5
8B05C662379D,7,1.0
8B095EB24288,11,0.727273
8B194A531EC1,12,1.25
8B2CB9C1F189,14,1.0
8B3383F07C51,7,0.857143
8B3DB5B8F0B7,5,1.2
8B477C53521B,14,1.0
8B48AD97F01C,14,1.428571
8B48DC44951A,7,1.0
8B495F122E5B,9,1.111111
8B4A257DC797,12,1.0
8B4B5C6DD5DA,11,1.0
8B4E52225236,15,1.133333
8B537610A20A,12,1.416667
8B58FBDF6414,5,1.0
8B5B15211390,8,1.0
8B615331164C,6,1.333333
8B74BC1E0166,9,1.111111
8B8155332486,7,0.857143
8B81ECA8E78D,6,1.0
8B8B965BCDF4,11,0.909091
8B8D65CD4BDA,18,1.388889
8B9455709423,8,1.0
8B98BA980EB9,6,0.833333
8B9D13065168,12,1.0
8B9EEF86DD66,6,1.0
8BA0BFC49C4F,10,0.9
8BAAA0D5D6C4,7,1.142857
8BB4CE5D8355,11,1.454545
8BB4FACB073C,5,1.0
8BB53C15BE15,9,1.111111
8BC25F3822AD,6,1.5
8BCB7962E7E3,20,1.65
8BCC11CF4350,9,1.0
8BCE4A1BBB8E,9,1.0
8BD27AA126F7,14,1.0
8BD74B7B3DE2,11,1.909091
8BDA09CC9FD2,9,1.0
8BE5C35F126C,15,1.466667
8BE78B7C2ABB,6,1.0
8BE96D64F102,9,1.888889
8BEA456945B0,12,0.916667
8BEC48C6C5E9,7,1.0
8BF2D128CAEC,8,1.0
8BF8505849C8,12,1.0
8BFAB96C9341,10,1.5
8BFF78A27A8B,12,1.833333
8C003FEE68D7,13,1.307692
8C0EA954AEF8,12,1.5
8C1072D440D7,14,1.642857
8C12988B6607,8,1.0
8C15FC3C3BCB,13,1.615385
8C164B08A8BD,8,1.0
8C1E5AD4174A,12,1.5
8C21145A08FA,9,1.333333
8C215301594E,11,1.727273
8C23517167EF,8,1.625
8C2D0E1314DB,12,1.416667
8C3943289925,11,1.090909
8C3993109983,6,1.0
8C419632B296,8,1.125
8C42568E1362,7,1.0
8C476636EA8F,11,1.0
8C47976A1F6D,9,1.111111
8C4C4B2F2366,10,1.1
8C4C7081A2AF,16,1.25
8C4ED47912C3,10,0.9
8C5088CDA686,11,1.0
8C54B0F3D1D3,6,1.0
8C571B8E6BAF,14,1.142857
8C5FF7AD4E99,6,0.833333
8C61F2374230,12,1.333333
8C700479696A,9,1.111111
8C702C379B8A,6,1.0
8C71CB303712,6,0.666667
8C79D66ECC0B,9,1.444444
8C887CDDBA32,7,1.0
8C928B2D6AB9,8,1.375
8C9F3C1C03BF,11,1.0
8CA5DF6BAB4D,11,1.0
8CA7DA405671,6,1.166667
8CAF09D8BEE8,7,1.0
8CB337D8D65C,9,1.0
8CB363DF204D,9,1.0
8CCB7E601107,12,1.0
8CCF9900F220,9,0.888889
8CDB88E77EE3,6,1.5
8CE67A7B4BDF,12,1.166667
8CE968DB99AB,4,1.0
8CEB8AAC385C,6,1.166667
8CEF5FC94454,8,1.125
8CFD338AFB98,5,1.0
8CFFE7AE6128,4,1.0
8D02DCC6275E,4,1.0
8D0E03A58CC9,22,1.227273
8D0E04684275,9,1.222222
8D11A578A7FF,9,1.0
8D12DB28E3A2,6,1.0
8D13461BD81C,9,0.555556
8D1AFB0201C0,5,1.0
8D1BE4C96059,6,1.0
8D1F74040579,11,1.090909
8D2143211365,8,1.0
8D260545092F,9,1.111111
8D2C20BDCDE0,17,1.647059
8D384941F7F6,7,1.285714
8D47E7F9968F,11,0.909091
8D49AD0975A1,11,1.0
8D4DEBDCF603,6,1.0
8D507482923B,9,1.111111
8D509BBA7DD5,18,1.0
8D69EF890AAA,5,1.2
8D80DA1892A5,9,1.0
8D8BF05B7936,8,1.625
8D8E0FEE6BD5,9,1.0
8D8EC1F1E36A,11,1.0
8D99FEDB5FE9,8,1.0
8D9BFCD85CAE,5,1.4
8DA0993625FF,7,1.0
8DA0B80420FC,9,1.666667
8DA298718DD7,8,1.0
8DB8768A7649,12,1.25
8DBEE30EF6A7,6,1.0
8DC48882E2F7,4,1.0
8DD09D4FCD4F,13,1.538462
8DD65866A83A,12,1.0
8DD6B1101415,21,1.238095
8DD7745DFCDF,13,1.307692
8DD8AC01540E,8,1.125
8DDF38ABED0E,12,1.0
8DF155F94446,13,1.0
8DF397BE5387,7,1.0
8DF39EDCEE7D,9,1.0
8DFC402F09AB,12,1.5
8DFCC03C34D8,11,1.636364
8DFFA4FB6135,11,1.272727
8E053EA4FE6F,15,1.0
8E0A4CFAEA9C,11,1.181818
8E1560B7C2E1,11,1.181818
8E1908F2616E,9,1.0
8E1B32095441,9,0.666667
8E20AB58A907,12,1.083333
8E2246CF7F85,9,1.444444
8E280425BFBF,12,0.75
8E35C504B480,12,1.5
8E3A5F23A705,8,1.0
8E3D55B11AEE,7,1.142857
8E4BBBA4018F,9,1.333333
8E536E1B7AFE,11,1.181818
8E555DA6ED4D,11,1.0
8E5637455B8E,10,1.4
8E572B0D4250,8,1.0
8E5816188853,7,1.0
8E6166FA732A,8,1.0
8E61C7C0F57F,11,1.909091
8E634C8CED65,9,1.0
8E64BE4119C3,18,1.111111
8E668341EE05,12,1.416667
8E73ED6F2FCC,13,1.307692
8E77B1B19F32,10,1.0
8E79F7BAC950,15,1.533333
8E7A674BF659,6,1.0
8E81EB46243D,12,1.0
8E8321EFF66E,9,1.0
8E83FB707B87,9,1.444444
8E89A7A62A82,7,1.0
8E9007F863C7,12,1.0
8E98853DF374,8,1.0
8EA083F14784,12,1.083333
8EA41EF1EC70,9,0.888889
8EADDF7F6FB7,15,1.2
8EB22AFF2A96,16,1.3125
8EB647435835,2,0.0
8EB73A991757,10,1.1
8EBF990F1622,9,1.0
8EC7A8075CAD,7,1.0
8ECC067F27E1,10,1.0
8ED19683D8A7,9,1.111111
8ED6445B91AD,12,1.166667
8EDAB25CCB08,7,1.0
8EDD5A7B2310,10,1.2
8EF4E5DEB3D3,5,1.0
8EF775DCEAF5,5,1.0
8EF7C2316736,12,1.833333
8EF7F6812DE9,12,1.0
8EF89B5F5E21,15,1.333333
8EF9BE158AD3,12,0.916667
8EFD48D53319,9,1.0
8EFDE74335BD,9,1.333333
8EFE0973A57A,9,1.0
8EFF66B61E7D,8,1.25
8F05747D5AE1,8,1.125
8F13AAF260A1,9,1.0
8F16365E363D,4,1.0
8F189C6F9E85,11,1.090909
8F1B3DEA0508,5,1.0
8F2132376B0C,9,1.333333
8F23D8E6AC8B,12,1.5
8F2FCF066A81,9,1.222222
8F350047E2C7,8,1.375
8F36773A007F,7,1.0
8F40BA1ECB08,9,1.333333
8F456999E008,7,1.0
8F45D2644332,10,1.0
8F4912F74D42,9,1.0
8F4B595CF9E7,12,1.0
8F4D8B1065BB,8,1.0
8F5794D959A1,9,1.0
8F584A5648B9,10,1.8
8F5B92D7513B,12,1.166667
8F60DD600C3B,12,1.083333
8F78D1ABFDB6,8,0.875
8F7C21724491,14,1.0
8F85E4509835,9,1.666667
8F88ABD06CED,15,1.466667
8F8B11DD9ACC,10,1.4
8F8BCC081DC6,11,0.818182
8F91417B8A7D,9,1.111111
8F9F5B885FA9,7,1.142857
8FA214DB6E8B,10,1.0
8FA7B3E4FC78,4,1.0
8FAAAECA64BD,8,1.25
8FB706C890A2,6,1.333333
8FBA79DE20E6,6,1.0
8FC5C278EFCF,5,1.2
8FC654F1B091,6,1.0
8FD417FC6A03,6,1.0
8FD5B5C10AF2,6,1.333333
8FD62BC04585,14,1.071429
8FDE3B793E4C,5,0.8
8FE1C585E552,7,1.285714
8FE49A2999D0,9,1.0
8FE60434BEFF,9,1.0
8FEC3A849513,8,1.125
8FED07B315E2,15,1.0
8FF1FA6E84FB,15,1.866667
8FF38F8470E2,8,1.0
8FF9315CDCAF,8,1.125
8FFDA5B9D359,10,1.3
9.33848E+11,4,1.0
9.74383E+11,15,0.933333
9.80E+35,6,1.333333
9.92E+12,12,1.0
9000217714BE,11,0.818182
9003CAD2E74F,12,1.166667
900853D24E86,12,1.0
900A879708F0,23,1.608696
900EE82A7C8D,10,1.1
901790F023DD,11,1.363636
9019F9FEA638,10,1.0
901E4717A246,5,1.0
90345B5B064D,9,1.666667
903B04C2AA48,12,1.25
9049E16579D4,6,1.333333
905D77AA5E83,10,1.4
906B27CFFFA0,9,0.777778
906E7C2C57D6,9,1.0
9072C97C4481,8,0.875
9075A6EEB3C5,7,1.571429
90764819E3A9,6,1.0
907B493FEF99,7,1.857143
9085B526DE3B,9,1.0
908906779AB1,15,1.2
908C91AF86BC,11,1.090909
908CA741DAF6,12,1.166667
90978A2F8599,5,1.6
90A21329D7C8,8,1.75
90A45BE42FCA,12,1.25
90A67909259E,9,1.0
90A986A7470B,9,1.222222
90A9BF35582F,12,1.083333
90B0118A8C55,12,0.75
90C32C97725A,10,1.0
90C423514A8D,8,0.5
90C942265780,9,1.0
90CE234C9684,10,1.5
90D16D754BBA,9,1.0
90D83C644ECF,8,1.0
90DB0EEBFF0B,7,1.142857
90DB680F14F5,9,1.0
90E5BB6CBE11,6,1.0
90ED5CDDE123,10,1.4
90F900708083,6,1.0
90FD792769FF,10,1.5
91010998BF86,7,1.857143
910189559FBD,11,1.0
9107A1C2DD9C,9,1.333333
9114D5C32D36,12,1.0
91176971F6BA,6,1.0
911CF138D0AE,6,1.333333
9124F45B4832,12,0.75
9127434E8CF8,12,1.0
91377BE7D4ED,12,1.0
9145AB74E1DA,9,1.0
914D457FE4DC,7,1.285714
9151F588041F,15,1.933333
9165D265E932,13,1.692308
9167D9F70613,9,1.0
9168DF355F2F,9,1.0
916958737B60,16,1.0625
916CDD686404,6,1.5
9172095B8522,11,1.090909
9172F30C29E8,14,1.0
9174D620243B,13,1.0
917524B223F8,9,1.333333
91755A979CF5,9,1.0
917DE223C943,12,1.0
917F3695D84D,15,1.066667
917F50B27723,9,1.0
91893044CA95,9,1.111111
91962F622C5A,8,1.75
919A14D44D98,12,1.0
91A00DFD46DC,16,1.125
91A7412303BD,11,1.272727
91A780360B9E,8,1.0
91AC63E82AC2,9,1.222222
91B00B44402B,12,1.083333
91B15D1BDD98,5,1.4
91B1F82B2CF1,23,1.26087
91B840A41637,10,1.4
91B88A23A5E4,3,1.0
91CD65156E4B,10,1.0
91E61EF42E33,11,1.272727
91EB3DE61286,9,1.0
91ED6A6E4B3A,13,1.0
91F40B0CFCC3,8,1.625
91F5038B20AF,10,1.0
91FA9C603A6B,11,1.0
92017C74CF22,15,1.066667
920839AC2871,5,1.2
920E71AABE39,13,1.0
920F1ACDF4E4,7,1.0
9222915C4C76,8,1.5
9229E9E6F30D,6,1.0
923043ECE82F,14,1.0
9230E5F2AC7F,8,1.0
9235C87BACDF,8,1.25
923948B18A6D,9,1.0
92402B11814C,16,1.3125
924D8175D100,10,1.8
9252D20095BE,12,1.25
9254D9526E87,16,1.0625
9256EDDD856B,14,1.071429
9258984A6CEB,10,1.0
9258C64F577F,10,1.0
9259FAACA3D3,12,1.0
926AD76F8E36,13,1.076923
9271B11A158B,11,0.727273
92800D9CB22E,9,1.111111
9281F68924D1,7,1.0
9288FF19115E,11,0.727273
928C9AE07FE0,11,1.0
92933212F4D9,10,1.0
92970638812,5,1.0
92A78941DF77,13,1.0
92A9A90A1ABB,12,1.25
92AD77013CEE,8,1.125
92B407AFBCBE,8,1.25
92B72DE78204,4,1.5
92BA1245F66C,5,1.2
92BBD78A3499,11,1.0
92BF7228C133,13,1.0
92BFE3DA469F,8,1.0
92C09304882D,10,1.0
92C94CAD934B,10,1.0
92D79549D7F3,10,1.0
92DB57DCD12B,8,1.5
92DFAC1BCB02,9,1.222222
92E1CFD27E95,13,1.076923
92E97E947628,7,0.857143
92E9A4B7A6D0,12,1.083333
9306D72EC3E7,7,1.571429
930B1E8914CA,6,0.833333
930B801F059A,9,1.0
930F6F0E29D5,9,1.333333
93106B20FE87,9,1.777778
93112F2AC395,9,1.111111
931ABBB91FAA,4,1.0
931D5E447FA7,11,1.0
9327A79BF065,11,1.0
9329A9DD13F2,16,1.8125
932ACB9DEA12,6,1.166667
932D13D609F6,9,1.0
93385DED39E7,12,1.0
933E9F407D2D,12,1.083333
934168169D89,13,1.076923
9343CC458B7E,10,0.9
934980B8A79A,8,0.875
934A9AF419EA,9,1.333333
9359778E21C2,5,1.0
935C66D249E1,17,1.176471
9365B0297C47,10,1.0
9378EAFFDFB6,9,1.0
9382CB04D6B4,11,1.0
93863972F6EF,13,1.0
9394F1006E9B,12,1.0
9396FCEB118A,9,1.0
939B172F88F0,12,1.0
93A96D8DCA78,9,1.0
93A9B27859BB,7,1.0
93AC62CB1702,10,1.6
93AE46205ED2,8,1.0
93AEAAB8F1D2,11,1.727273
93B11461B925,11,1.0
93B23DB0F67B,14,1.0
93B4EABFBBF3,5,1.2
93BEF2162D6C,9,1.0
93C0100883BB,7,0.857143
93C0F32F4CBB,11,1.454545
93D6E4071601,15,1.0
93D9AC33BF71,7,1.0
93E101B6AB4E,7,1.0
93E6151BC67E,12,1.25
93ED5FEC058E,14,1.071429
93F0E3B4826D,10,1.0
93F5F89369D9,7,1.142857
93FB5B058E50,8,1.25
94000E9DF26E,7,0.857143
9400D174DEC9,15,1.333333
9401DDD45E43,13,1.0
9402AF49F2B6,9,1.111111
940F2C3E4080,8,1.0
9414386BFE05,11,1.454545
94208F2B5E80,5,1.4
9420CADEF8F6,15,1.466667
9426B08DA6B0,8,1.0
942BFAC1A722,11,1.0
942D557570C9,9,0.888889
943226ED1150,12,1.166667
94330AB7CD65,4,1.0
943421D61935,6,1.0
9434A2466218,5,1.0
943611A73135,9,1.0
94372C4820F4,8,1.375
94381B3CEBFA,5,1.0
943F3B3FBB17,6,1.166667
9446B19E4B04,10,1.0
9449DEE489DF,8,0.75
944C945E1766,8,0.875
944FCD948396,5,0.8
9451FC111896,9,1.0
9462A544DEC7,11,1.090909
946AC22B5C6E,18,1.166667
946BE2800F04,8,1.0
94712914C4F0,9,1.222222
94728AA2B9D6,8,1.25
94770265DD47,8,1.0
94872E0B0E4B,12,1.5
948F5C2EADFF,12,1.333333
9497EEBD96C5,11,1.090909
9498E14F5231,5,1.6
949D00C575AE,9,1.222222
949F659EF5D3,10,1.7
94A5C6B052D7,8,1.125
94AB35E81587,12,1.916667
94BD9432CA7C,13,1.230769
94C129CC0A2E,4,1.0
94C2AC40437B,13,1.0
94C3203A54BD,9,1.0
94C41739F214,9,1.444444
94C450F5F6FF,9,1.0
94CAB5BC469B,9,1.0
94D37C7BE2ED,6,0.833333
94D889A3859B,6,1.166667
94DC89CA8F6B,8,1.0
94DDDE49F8DA,12,1.333333
94DF4BBF522F,12,1.083333
94E1D46A0544,7,0.857143
94E5097F7B12,17,1.0
94EFDD45CDD8,12,1.25
94F84C21ACCA,13,1.230769
94FE94B27DCD,5,0.8
950A06BF04EA,7,1.285714
950FBFBDD402,7,1.285714
9510F68977D7,15,1.0
951B691D3564,12,1.583333
9523EFEED498,12,1.333333
952569CCDD6E,10,1.0
9529DEA237B1,11,1.545455
952CB87D4897,12,1.916667
953B7B5B1486,11,1.272727
9550CC8FE928,9,1.0
9553FE340DCE,11,1.272727
9556E99B95DE,11,1.545455
955DC5092AF1,11,0.727273
9560CB5AD3D1,12,1.416667
95619672F4CB,10,1.0
956B5E2F3BEB,6,1.0
95765CEE7D74,12,1.0
9578D4120978,9,1.0
9579947BE786,9,1.0
957BE04B350B,12,1.083333
957D444A9CFE,12,1.583333
958229D0AE9F,11,1.545455
9583FE0522BD,10,1.2
958436C26608,11,1.0
958639EF34B4,13,1.307692
9586D2395C69,9,1.0
9588D4FFC84E,7,1.0
958ADE3434CD,9,1.0
9590080E51AB,9,1.222222
959F4EDECE91,5,1.0
95A1EE29614A,6,1.0
95A6AB619F10,9,1.555556
95AAC538586F,11,1.454545
95AF348EDA56,10,1.2
95B09C17403B,12,1.333333
95B63ED9E822,10,1.0
95BCD0EEE72B,12,1.0
95CFC285B762,17,1.352941
95D5978B9E59,14,1.071429
95D847FEBF38,9,1.0
95D8D99C517E,7,1.0
95ED30690B8C,9,1.0
95EE98CA794F,8,1.0
95EFC4B97466,7,1.0
95F3F04190E7,9,1.444444
96064A0638D8,12,1.083333
9608614D166E,13,1.461538
96088A6BB0AF,14,1.285714
960C3510FA5A,10,1.1
9612843FDF1F,10,1.2
9615F113FAA1,11,0.818182
961BFAA21188,15,1.2
9620EB00A5C5,10,1.6
96253054EFBB,7,1.142857
9627B47C10DE,15,1.8
962F2B7B5DCE,7,1.0
9631351EFE3B,9,1.111111
963D4834165D,7,1.0
9647C328B8CA,5,1.0
964AC0FD4F70,9,1.444444
964EAD36A568,10,1.0
96592082F9E3,13,1.0
965BE22A69E5,5,1.0
965C95685E5C,12,1.166667
96611C3C0042,9,1.111111
9662807AD672,10,1.5
96751CA1330F,9,1.0
9677669AA32B,11,1.818182
9680BEBF5DF5,10,1.0
9689DEA10AF5,9,1.0
968C5FD61184,10,1.0
968C65BB4283,4,1.0
968F5DDB7890,12,0.833333
968FEBB33A42,6,1.0
9699E5B44D07,7,1.0
96A0AC812CAE,14,1.071429
96A0B5E5A5CB,13,1.461538
96AA147B4819,13,1.076923
96B8F7A4DAB9,8,0.75
96BCEE6B6114,6,0.833333
96C179AA64C6,9,1.777778
96CBC15EF317,10,1.1
96CC30CFE49E,9,1.222222
96CD9EF2E8FC,4,1.0
96D1653FFBBA,7,1.142857
96D8BFEF6A8B,8,1.0
96E0F82A7BCF,9,1.0
96EF3E46E165,8,1.0
970171A0AC8E,14,0.928571
9702B3E3D586,6,1.0
971004AB4EED,6,1.0
971158C1AE69,5,1.0
971D0C1C75F0,8,1.625
9723A9225477,8,1.125
972D4BFA8AD5,3,1.0
9733EB28C206,13,1.076923
9741216B0425,9,1.0
9741998E543E,12,1.416667
9741E87BE7CE,12,1.416667
97522A3DC6DE,6,0.666667
9756E31C449F,11,1.636364
97622A00565F,9,1.111111
976ADB7CAC5A,12,0.833333
977103A9DFE1,6,1.166667
9773921ACBC6,8,0.75
9780A12FCE0D,9,1.666667
9780C6ECDEFD,4,1.0
9782182AEEB5,13,1.307692
979AF798A44E,11,1.0
979E6E963094,7,1.142857
979F330774B9,8,1.0
97A05BD1708D,9,1.0
97A6E516249D,17,1.764706
97A8C7304C25,8,1.125
97AD49AE2944,17,1.235294
97AE8EF6D044,4,1.5
97BB5ABEBCB1,9,1.0
97BE845E7D19,8,1.0
97C83ED95515,15,1.533333
97C969492BAB,10,1.3
97CEC5F124E5,13,1.230769
97CF6EF5FE26,8,1.0
97D41DF89A0B,7,1.142857
97D648567DE7,12,1.083333
97DC786559D4,12,1.0
97E4E42863A3,9,1.0
97E7DD4E7C69,9,1.777778
97E88E7F5471,12,1.333333
97F5FE862075,7,1.285714
97F708BE1ADA,10,1.0
97FDA53146BE,10,1.0
97FF9200A33D,12,1.333333
980850873AB7,7,1.714286
980F069B1644,12,1.416667
981DFF841D8B,9,1.0
981FB62FF759,9,1.666667
9828D07FD2C9,4,1.0
982B7E9F1301,13,1.0
982F005448E3,8,1.0
983273B60F84,12,1.166667
98353275507,15,1.266667
983D16297775,8,1.0
9849BD725D61,11,1.0
98506F561E90,9,1.0
9854782DAC30,15,1.0
985768B59317,9,1.444444
985A02A10642,5,0.8
985B48CBC8FB,13,1.461538
985FC4A0FAE2,12,1.0
9861EDED505D,9,1.333333
986362428D37,4,1.0
987057472F55,6,1.0
9871CC9324B2,11,1.0
9875EEADB555,8,1.0
987DDD10D32A,6,1.166667
9883AB26E900,7,1.428571
98852DD3AEB2,12,1.5
9885BC72C019,9,1.555556
98923EF733F1,9,1.222222
9893E88CAE61,3,0.333333
98944F234E6B,7,1.571429
98949D219E5F,9,1.0
9894C4AC0CBD,11,1.0
9895709089F0,4,1.25
9898C2839018,7,1.0
989D4920EB7B,4,1.0
98A2AD61198B,12,1.666667
98A2F7251073,7,1.428571
98A5735C5598,8,1.25
98A9BF4E795A,10,1.6
98BA8B468E18,11,1.0
98C88790417A,16,1.1875
98D257987FDE,9,1.444444
98D53EBFE307,10,1.1
98E785817634,8,1.0
98E848B4CB77,5,1.0
98EB307EB4CC,12,1.666667
98F7874839E3,9,1.0
99037D0468C8,8,1.625
9907C1BD4473,19,1.526316
991D146A2AC0,12,1.416667
992341DBA92A,7,0.857143
993835DF599B,9,1.0
9944902AB848,8,1.0
99451900AE17,10,1.1
9947BA6C3149,14,1.428571
994898BB8EDF,8,1.0
994B1D43D406,10,1.0
99523E300943,9,1.444444
9954620B5790,8,1.5
99578BFEDC92,10,1.0
995D9FEC5FAD,7,1.142857
9965B6E1B1D5,9,1.0
996A32D1ABBC,8,1.0
996C6D34FAE1,10,1.5
997D422930F9,8,1.875
9985FF16512F,13,1.384615
99863EAC8F7F,9,1.888889
9986CAEDD2B7,9,1.111111
99872EA097CC,8,1.0
9987A0266A4F,9,1.0
998B12C291DD,10,1.7
998C7E979AC6,8,1.0
998CEAEF3821,12,1.416667
998E0F68318B,14,1.714286
999664D56FFC,12,1.416667
99981DBB75F0,14,1.071429
99A00AF5E4C3,6,1.5
99A1DE3CF37F,13,1.384615
99AE27FBECA2,13,1.0
99B1B779603C,6,1.0
99B650C97618,12,1.0
99B999A8E782,9,1.0
99C687C4B554,11,1.909091
99C8EAF5A468,18,1.055556
99CAD0AF3560,9,1.0
99D1417BDA66,13,1.153846
99D4D5568B75,11,1.454545
99DB34D2A945,10,1.1
99DBB0DC7CC2,7,1.0
99F04B521CFA,7,1.0
99F46DD9067E,12,1.083333
99F7A8700085,9,1.0
99F8774DE653,10,1.8
99FD4F79B07D,11,0.909091
99FE6D012BF0,18,1.111111
9A03E46C0A51,8,1.0
9A0972A02B2A,9,1.666667
9A0E90492CA3,12,1.25
9A0FC2A17891,10,1.0
9A1B0F37C3CD,6,1.166667
9A1B79DE1DBC,8,1.0
9A1BB0A511B2,7,1.0
9A1E1ED021C1,9,1.777778
9A1F741EC88C,15,1.066667
9A2B81590B27,5,1.0
9A30D97F67EB,12,1.25
9A3938C8593B,9,1.444444
9A40D1576A1E,13,1.0
9A441AF0EA0D,6,1.166667
9A45943A21D5,9,1.0
9A49907A42D0,13,1.230769
9A5D8C898877,9,1.444444
9A673A3BB8DD,11,0.909091
9A6C18B25037,9,1.333333
9A6F2CF32BFB,7,1.428571
9A79069BB83A,12,1.666667
9A796F96BC28,6,1.0
9A7A8A8A2201,8,1.25
9A7C858EF23B,7,1.0
9A7E9F3D7FA9,7,0.857143
9A7F7ACCC1D9,8,1.375
9A83F0158A14,9,1.0
9A8B66D3AA68,6,1.0
9AA9AF2C02A2,12,0.833333
9AB67EA76820,14,1.0
9ABAA03ACB4B,7,1.142857
9ABD5B7DD107,7,1.285714
9ADC4A3BFDD0,8,1.5
9ADCC8F2465F,14,1.214286
9AE88E64DF4C,11,1.454545
9AED627D6FDB,12,1.666667
9AEEADD5997A,13,1.538462
9AF39AF24661,10,0.9
9AF9B9C068B3,4,0.75
9AFEE7D734BA,5,0.6
9B003C51D6A3,6,1.0
9B0FE1456518,11,1.0
9B14802F55B8,16,1.1875
9B15C49AAF99,8,1.25
9B1A7C9A90C5,5,1.0
9B1CF41C7F5D,7,1.428571
9B284550AB0F,6,1.0
9B299DE80D2B,13,1.0
9B3DE2166927,5,1.0
9B42B1750AD8,7,1.0
9B4313D769D4,11,1.0
9B47D88ACD36,9,1.0
9B514BF80BDF,14,1.142857
9B5AC9A7914F,10,1.5
9B66D8446A27,8,1.25
9B69DE203555,11,1.0
9B6A95DD8E05,8,1.0
9B6DE686AC78,13,1.153846
9B7371A9B18F,7,1.0
9B7F129FFB77,7,1.0
9B8E46362E43,9,1.222222
9B9380760425,8,1.125
9B983B834050,10,1.6
9B9931DF9439,12,1.333333
9BA405DDDF7A,6,1.0
9BA939E303E3,15,1.0
9BAD071478F4,8,1.0
9BB40EB22025,8,1.0
9BBB0205D3C0,7,1.285714
9BBEDD9BD0C9,10,1.0
9BC192B91D83,13,1.307692
9BC5D2C54039,12,1.083333
9BD1C9E4C34F,11,0.454545
9BD577FF5D3C,16,0.8125
9BDE16784EF6,9,1.0
9BE5C1E244EB,7,1.0
9BEBB7FDB6A5,10,1.0
9BF316100BDC,11,1.363636
9BF717F45D68,9,1.0
9BFBA5356167,12,1.0
9C0672FF9126,9,1.0
9C11072FEB7A,4,0.0
9C17D0BAF41D,10,1.0
9C19DBD7E37F,10,0.7
9C20E2584A8B,9,1.111111
9C245C1269BA,9,1.111111
9C2A464C9716,10,1.0
9C2D29720675,14,1.071429
9C4444C557FB,6,0.833333
9C480C68AA9B,14,1.071429
9C49F198557D,6,1.0
9C4B06B51CFC,6,1.0
9C5094D91192,9,1.0
9C52EAA3F005,13,1.0
9C61ACA70773,9,1.555556
9C6D59F13488,8,1.0
9C6DAB936B71,12,1.0
9C6F949B27D9,12,1.0
9C72A7F166C3,11,1.0
9C82C0E4B743,20,1.35
9C8A7156AB27,10,1.3
9C8F1731D481,9,1.333333
9C95376E8F12,11,1.0
9C97C5A04635,9,1.555556
9C9986ED9D48,11,1.0
9C9A7F516514,6,0.833333
9C9F8BC72552,13,0.923077
9CA7EB20C36E,11,1.272727
9CB9332C3967,9,1.0
9CBCAE800CB9,15,1.4
9CC05FDD1C8F,13,0.846154
9CC56462B5A0,12,1.0
9CD2E00F79A3,7,1.0
9CD49AB8E6A4,12,1.166667
9CD52AD87E2C,12,1.0
9CE013DB5F00,9,1.0
9CE678CF0BAE,10,1.0
9CEF32A439DC,9,1.0
9CEF76DD7310,6,1.666667
9CFA2E61E0C0,11,1.272727
9CFA62F555FF,9,1.0
9CFB3963E24C,13,1.538462
9CFB67B24EC3,5,0.4
9D00C7F1D0BB,16,1.0625
9D01B8F6535B,5,1.8
9D05C9239608,10,1.0
9D0665A39328,8,1.0
9D0934987831,11,0.909091
9D11DCCB8271,8,0.875
9D1C26B1696F,13,1.153846
9D1F1FD728E3,11,1.090909
9D1F87DD8CC1,8,0.75
9D1FEBF9237B,9,1.333333
9D29B2E438C8,11,1.363636
9D29CF8A1C16,6,1.166667
9D2D6842C1B3,6,1.0
9D334944FAF2,8,1.0
9D40E94D6935,11,1.0
9D44794877F3,9,1.0
9D449BEA0CA6,12,1.0
9D4F9CC286B7,13,1.0
9D53E0729D4B,8,1.0
9D67AEFEBA1E,5,1.0
9D68CE2763CB,8,1.0
9D780EA82AD3,12,1.083333
9D785AF5EB4B,14,1.5
9D7DC07877A6,14,0.928571
9D8B3825C355,5,0.6
9D8BCE7B3C6B,12,1.0
9D967AA72C96,3,0.666667
9D9BC47E7E96,10,1.0
9D9F53F9EB5C,11,1.0
9DA131E0F720,12,1.416667
9DB1AA4819AD,13,1.461538
9DB6507F7EEE,6,1.0
9DB6D2ADE58A,9,1.111111
9DBCBFD45366,11,1.090909
9DC08D601022,8,1.0
9DC3CADE8953,7,1.142857
9DC67ADABCA8,7,1.0
9DCA96730E4B,11,1.909091
9DCBFA0786A8,11,1.181818
9DCD00FF30A2,5,1.0
9DD27942044E,14,1.0
9DDC8FDAC3DA,6,1.166667
9DEE0DB31EF3,11,1.0
9DEE651A7219,9,1.0
9DF1B0F9D0D5,12,1.333333
9DF4B2596DF0,6,1.166667
9DF649C711A9,10,1.6
9DF9D4AC395A,12,1.0
9E0303CC5824,6,1.0
9E0F552B6A65,12,1.0
9E1F768837D9,13,1.0
9E225FD2D36C,12,0.916667
9E226661A907,9,1.888889
9E24FDD5A196,16,1.75
9E2CFCC604DA,7,1.0
9E2CFFF4A4DF,14,1.285714
9E2E1FDE4D15,8,0.875
9E2F70695A72,5,1.0
9E2FE557839F,11,1.0
9E3359EBC812,11,1.545455
9E33F34E3489,8,1.0
9E3FF1CEDAC1,9,1.0
9E4100586EDC,12,1.0
9E4B02A389B4,10,1.4
9E4F43374DD5,6,0.833333
9E52C6A0876E,4,0.5
9E54D33AF6CD,15,1.4
9E565ADC63EC,14,1.071429
9E61674DE1D4,4,0.75
9E6D1C0F5762,8,0.75
9E6E0CC04346,4,1.75
9E6F70058AC8,10,1.4
9E744C91CE0E,10,1.0
9E7468150E78,9,1.0
9E8892FF68A5,11,1.181818
9E8925504E49,7,1.0
9E8BA894C495,12,1.0
9E8E7DF87172,13,1.461538
9E8F3C6405CA,7,1.0
9EA5E7312E58,6,1.833333
9EAB766AF4BE,8,1.0
9EABE5CEBE94,14,1.928571
9EADCECA2FB8,7,0.571429
9EAE8BE46F4F,8,1.0
9EB3FBEEDBD9,11,1.090909
9EB66AB2C95F,13,0.923077
9EB7C8500032,12,1.416667
9EB7D09C785B,8,1.0
9EB8A19DEAB0,6,1.166667
9EBA120196BC,5,1.0
9EBE1DC9D4A7,12,1.083333
9ED6ED1ED502,9,0.777778
9ED9231D9373,6,0.666667
9EE20D86E488,14,1.0
9EE34B9761BF,9,1.333333
9EE3E7687D4B,7,1.0
9EE956923B33,11,1.090909
9EE9B4AAF84F,17,1.176471
9EF6AC7590A2,9,1.0
9EFA79BF42F2,10,1.1
9EFB9C338D8B,8,1.25
9EFD9F972D67,6,1.166667
9EFDAC0F858E,9,1.555556
9EFEB61AE3F9,11,1.090909
9F020320C64B,10,1.0
9F03562EA45B,7,1.857143
9F0900A01266,9,1.222222
9F113E685AD0,7,1.285714
9F12C5402E1C,12,1.083333
9F17E63CA44C,10,1.0
9F1CC7603B64,7,1.0
9F1EEDC186E3,11,1.181818
9F203E3DB9F8,16,1.0625
9F2AFB6701F8,12,1.416667
9F346804AC09,10,0.7
9F36C2CDD92B,10,1.0
9F39D910B991,9,1.0
9F3C7383FFA4,7,1.285714
9F3D55C63C0F,5,1.0
9F44BE9A9EDF,9,1.0
9F457CB98667,12,1.25
9F516900789A,9,1.111111
9F58F5814567,6,1.0
9F6A70DBE7A4,9,1.333333
9F6CA1CD687A,3,0.666667
9F7100885801,8,1.0
9F71393177F9,8,0.75
9F78D521CCF5,10,1.0
9F79DB6DE57E,10,1.0
9F7BBA5FC646,13,1.615385
9F93DDF89408,12,1.5
9F940B25741C,9,1.0
9FA3EE5BDBCB,6,1.0
9FA7B30CC4D1,8,0.875
9FA8391D4B9E,12,1.583333
9FA8BC0F29A7,12,1.583333
9FAF37ACBFD7,11,1.181818
9FB9825462EE,10,1.2
9FC26E3A10AC,8,1.0
9FC76480F124,9,1.0
9FCA0338E29B,10,0.9
9FD3F72C7BC9,5,1.0
9FD5F5EAA8E3,14,0.928571
9FD65F435FD4,10,1.1
9FD82D743836,12,1.333333
9FDBC2899F9D,10,1.0
9FDD63289FD1,6,1.0
9FDD8A146288,3,1.0
9FECD0D50903,8,0.25
9FEDA127135A,11,1.272727
9FEEF0F10C42,7,1.0
9FF2F51AFF91,10,1.0
9FF4F0CFFA6D,6,1.0
9FFC1CFE7CD9,9,1.666667
A00EFF7056C4,14,1.142857
A011D641BBDF,12,1.0
A01A09B4DF9A,7,1.0
A020F9D9B47C,12,1.5
A0215B1294B9,9,0.888889
A02C479F14E3,8,1.0
A02E1D0BEACF,25,1.0
A0319BB7A78E,14,1.071429
A03284A8FF24,9,1.444444
A03767EE9BC3,9,1.0
A03BED17CAD2,11,1.272727
A03F03805EF8,13,1.0
A040DFB142C9,7,1.0
A044B8E5308E,7,1.0
A04A73BA176D,12,1.0
A04B753B1D91,10,1.0
A066ACC53ECA,15,1.066667
A066B195BA06,7,1.285714
A070588C06AF,11,1.0
A08514994C66,9,1.555556
A091ADA0095F,14,1.428571
A0928D4B7EC7,7,1.0
A0935CEA2649,8,1.25
A0938A136F0A,11,1.090909
A09818C01569,8,1.0
A09916887199,16,1.5625
A0A41E351FC9,7,1.142857
A0A61C1FD07B,8,1.0
A0C48135C403,8,1.125
A0C911D1A1AF,9,1.0
A0CE8DE23C85,5,1.8
A0D127A810E3,7,0.571429
A0D96DEF2ADA,12,0.916667
A0DD56A8332B,8,0.75
A0DE768B504A,8,1.0
A0E21080F7EF,7,1.0
A0E3127D3E13,12,1.416667
A0E6B7240C25,12,1.416667
A0EB6EAA4060,6,1.0
A0F1B1F7D109,7,1.0
A0F328ADB40C,6,1.0
A10226201F3A,10,0.9
A103E161D9C7,7,1.714286
A108AF527A6C,16,1.1875
A10F4BAEA92D,12,1.0
A11947097A2D,9,1.0
A120BB70687B,6,1.0
A1252FD7C25F,6,1.0
A1274B901F55,6,0.5
A13182AA4AD8,8,1.0
A138DF27F153,6,0.833333
A13EFC8CC12D,7,1.0
A148C659E98B,10,0.6
A14D91BB2BE2,9,1.777778
A165EEC2E930,12,1.666667
A173C6074FEA,7,1.0
A174612F3F64,3,1.0
A18003975A61,8,1.0
A187E6D70752,12,1.0
A18AABF41A28,11,1.0
A19416C96885,6,1.166667
A19756B4C8A5,7,1.0
A197F806756C,9,0.777778
A1A3E9BD809C,11,1.272727
A1B5025267D1,11,1.0
A1B546B918F3,8,1.125
A1B65E2C7824,9,1.111111
A1B9570B6749,10,1.0
A1BA626DFD42,14,1.0
A1C00871518B,11,1.090909
A1C3D4F6E4D8,9,1.0
A1CD9D15EC22,11,1.181818
A1CDD5F607CF,12,1.0
A1CE91F40D45,8,1.0
A1D2C03AA286,10,1.2
A1DF3585CBDD,7,1.428571
A1E09E155EF6,10,1.2
A1E3FA6EC622,12,1.083333
A1E4631053F4,10,1.0
A1EAC2434DD1,9,1.0
A1EC959B8C13,10,1.3
A1F176C0FF23,10,1.2
A1F389C6A2A3,7,1.0
A1F3E0A2A43B,9,1.333333
A1F6D5360E2C,10,1.3
A1F95E312646,5,1.0
A1F9F72D3938,12,1.083333
A1FD7287B623,7,1.0
A20001E13EAE,6,1.0
A20205E47409,8,1.0
A202FBAF0CCD,11,1.090909
A205C9872020,9,1.0
A21A69767BEE,11,1.0
A21E049EC383,6,1.0
A222836421FE,12,1.0
A222B298A2BF,9,1.0
A2237589F0FE,11,0.727273
A2311DAD8D62,12,1.0
A23348674832,8,0.75
A2386ED7E56F,9,1.0
A239AE9A985D,8,1.0
A23B2225BBCD,12,1.083333
A247A5FCE34B,9,1.0
A24A28C64B6B,13,1.307692
A24F3C793D72,9,1.555556
A265B1B9043F,9,1.0
A2671D3C37B6,7,1.142857
A26919E91856,7,1.285714
A26B1E4B4703,9,1.555556
A2717785BE8D,13,1.0
A272AD6BD9AF,6,0.833333
A279B0B48786,7,1.0
A27F852ECCC3,8,0.875
A27F8CE559C8,12,1.083333
A2816855FB22,12,1.166667
A28B8C10484F,8,1.25
A28E9B475935,14,0.928571
A29350919975,10,1.0
A295FDD07F53,4,1.25
A29794857B1E,12,1.333333
A2979F6CB12B,11,1.0
A298BA4F5921,5,1.0
A29CD7941E1D,8,0.875
A29D41F1E049,4,0.75
A2AD4A874BF3,11,1.090909
A2B5E762A740,13,1.153846
A2BEFDE54FB6,9,1.0
A2C3E5A5B48B,12,0.75
A2CB343EDF41,17,1.0
A2CD2CBF5A87,11,1.454545
A2D381EC10A8,9,1.0
A2DAD0A2B796,11,0.818182
A2E13A686051,12,1.0
A2E1F55E3696,9,1.222222
A2E37BB8E275,12,1.5
A2E4B3830DCB,9,1.0
A2E77A390DED,5,1.0
A2EED30DD075,10,0.8
A300C28B76F2,4,1.0
A30A8AF62E06,10,1.2
A316602CCDEB,5,1.0
A31AA1436210,8,1.0
A3285BFDEAA6,12,1.416667
A336FB5F2623,8,1.0
A33A4F17C350,5,1.0
A33B9D112E23,13,1.153846
A34949720738,9,1.111111
A34FF5F00E3A,9,1.111111
A35176B2A7B0,8,2.0
A3636EF8A9CA,5,1.0
A36527430D18,10,0.8
A369CA765144,10,1.0
A37EB4141D7C,9,1.222222
A38187259EEE,9,0.888889
A383D99A04DF,8,0.875
A385801FF637,11,1.0
A385D6FF97BA,7,1.142857
A3903EDF710D,7,1.0
A394468CDEC1,9,1.222222
A39803B6EBE9,10,1.1
A39BD96AF114,7,1.0
A3A00BA86199,11,1.272727
A3A13A14C9B5,9,1.0
A3A52D0C5668,12,1.5
A3AEF9F996FB,11,1.181818
A3AF3030682D,9,1.0
A3C150DF33B6,6,1.0
A3C528075F41,6,1.0
A3CD546B8DC9,10,1.0
A3D4D71B62F4,7,1.857143
A3E66DCF8B6E,9,1.222222
A3E684CC43AD,12,1.5
A3E8AF823886,5,1.0
A3E8BB69CC48,6,1.0
A3EA9A580A6A,6,0.833333
A3EF457B5F61,13,0.923077
A3F2C4FFA504,8,1.5
A3F896A51CEA,8,1.0
A400F5D95ED7,8,1.0
A4035C4D846D,15,1.066667
A40FA9C91524,9,1.222222
A41214DF1DC5,9,1.444444
A4165F16B852,13,1.0
A419EE5769AD,13,1.0
A41DC5DDED17,20,1.35
A42187554C6A,10,1.0
A4266A92A0C5,8,1.0
A42993C8FE60,8,1.125
A42A600EEB0D,10,1.8
A42D0D160547,11,0.818182
A42D4B7F30EC,9,1.111111
A44210346B0C,6,1.0
A448213BC350,12,1.0
A44ADBAC8DB1,6,1.0
A44E9E70A83F,12,1.0
A44F6859B4D8,14,0.857143
A451B2D00666,11,1.818182
A4648DC5FA2A,12,1.0
A4689CAFDED9,16,1.0625
A476784AFAFE,11,1.090909
A47DE80009C8,12,1.083333
A47EBEEF081E,11,1.454545
A48461463FB6,9,1.222222
A484FD45778A,11,1.0
A486E99E277D,12,1.083333
A489B73A1C59,10,1.1
A48C41EEA09B,10,1.0
A496BC4964A1,12,1.583333
A497C32D772B,9,1.0
A4A6A187E6F6,6,0.833333
A4A7A35101F4,6,1.166667
A4AC757E8206,10,1.3
A4ADCC04C319,11,1.727273
A4B030C3D663,9,1.0
A4B47ECED161,6,1.0
A4B4E3356052,13,0.923077
A4B90560C17F,12,1.083333
A4BAA826534F,10,1.3
A4BBC75728EF,14,1.5
A4BC2726A9F0,12,1.083333
A4BD4E0A3B01,11,1.181818
A4BE98BB1E78,9,1.111111
A4C42F2B3A57,7,1.0
A4D245A77427,7,1.0
A4E279EC0066,7,1.142857
A4E6E2D5658D,12,1.75
A4EECC69CA30,15,1.733333
A4EFD4CBDE3A,7,1.142857
A4F773503156,6,1.0
A4FA2C4BB8C8,14,1.214286
A4FAC154C07E,6,1.833333
A4FD9B8E6C4C,15,1.333333
A500CCF711B0,15,0.666667
A501F5FB719A,13,1.307692
A5073B74C615,12,1.0
A50ECC86DCDA,8,1.375
A5159F0C191D,16,1.625
A523560DD28C,15,1.666667
A524BC074C36,12,1.583333
A52526F650F3,10,1.1
A52CA9B55339,6,1.0
A535F9081747,10,1.1
A538E8B618FA,13,1.384615
A53E02BB0A41,7,1.0
A540C5E958FE,7,1.0
A544DE716883,10,1.7
A548B0911394,9,1.333333
A54C0AA815DE,16,1.5625
A54EB2889518,5,1.0
A5546DD2FD07,9,0.777778
A5573D9DBBC9,13,1.230769
A559A96650EC,12,1.416667
A561A3334D76,10,1.0
A572EAD5ADED,7,1.142857
A57FC6AFB48E,6,0.833333
A585AF7C6630,7,1.142857
A588F05DC41F,9,0.888889
A58C671D5EE3,9,1.0
A59E6A9BEB3F,7,1.0
A5A55FE930C4,12,1.833333
A5B9C9F26FD6,11,1.272727
A5C70B7DCBFB,8,1.125
A5C75E6F0811,8,1.25
A5CBE47832DF,11,1.090909
A5CCD64F5F64,10,1.5
A5CFDDC32628,10,1.0
A5D167D7CF4A,12,1.166667
A5D5A035D201,7,1.0
A5DA0D5410DE,8,1.25
A5DD0CEFE045,9,1.333333
A5DDC612408C,12,0.666667
A5DE8251CBCE,7,1.0
A5E08B9B9392,12,1.0
A5E5F83207A8,8,1.0
A5EBCAEBE97E,6,1.0
A5F04D377DF5,4,1.0
A5FBF588B2F4,11,0.909091
A603DBD5D182,9,1.333333
A6044930DDA8,12,1.416667
A607E3023F15,14,1.214286
A60ED461EEC9,12,1.083333
A61A2D0D865A,9,0.888889
A61B36D58594,15,1.266667
A61D07193089,12,0.833333
A620127943B6,9,0.888889
A623F564CB1E,12,1.25
A629428E974F,12,1.583333
A62EBECE741D,9,0.222222
A643278122A7,9,0.777778
A6432958C29A,9,1.0
A6440604EC36,7,1.0
A6546D2758D0,10,1.0
A66198E783B0,12,0.916667
A661A21F0F49,9,1.0
A66598C542EE,3,1.0
A66B5A9D1F00,14,0.928571
A66B93C3C8F1,11,0.818182
A6759897BBE1,9,1.0
A67891ECF902,10,1.1
A679B566D8CB,6,1.0
A67B55BDDA6E,7,1.142857
A67D3F549FAD,7,0.857143
A692475F6AF4,10,1.0
A69B61336132,9,0.888889
A69FAFC409EC,14,1.285714
A69FB0F70DAD,9,1.666667
A6B037934481,10,1.0
A6B1EBD03706,11,1.090909
A6B20075B2A5,9,1.222222
A6B380D5DEBB,9,0.888889
A6CC10322C3A,11,1.0
A6CD1CF86FC6,8,1.625
A6D10284A4DD,20,1.0
A6D1E89AB196,4,1.0
A6D723F7B8E8,6,0.833333
A6E992C5C8BC,12,1.0
A6FCBC1C476D,12,1.0
A7036C8E5E6E,3,1.0
A707D99B4C78,12,1.5
A70A57F5752D,7,1.571429
A710C1BBBB27,9,1.0
A7135E6A66B1,8,1.0
A724ED7B4521,10,1.0
A737705B81A4,8,0.5
A74A54902874,8,1.0
A74B8AFE4174,9,1.0
A74C8E09C566,12,1.25
A74CF2F7BC8E,12,1.666667
A74F379C73A9,11,1.272727
A75AE257DF5C,4,1.0
A75EB2F907D9,10,1.1
A7642F5617E0,7,1.857143
A76BA2CA628E,9,1.0
A76C9C59AD43,10,1.0
A76DEAA44D9C,15,1.133333
A77B230FF451,15,1.533333
A78A0641A2FF,9,1.0
A78C3DA1FD12,11,1.181818
A78CEC229621,9,1.0
A78D349FB188,10,0.7
A7963618AB6B,9,1.444444
A79897593A34,12,1.083333
A79CF9AC2B58,7,1.285714
A7A4C0BC2D03,10,1.0
A7A7B0BBA529,8,1.125
A7AB35E04C19,7,1.142857
A7AB95A87C65,7,1.0
A7BC6B60D20F,12,1.0
A7BF283E400C,12,1.333333
A7D3E138D9E4,11,1.0
A7E115387C5D,6,1.0
A7E4CD11B5E7,11,1.0
A7E8DA7C1247,4,1.0
A7EB29E9B6E4,9,1.0
A7F68B21DDB0,17,1.411765
A7F6D05B5D22,14,1.0
A80542F83A7C,14,1.071429
A80B12A8B100,7,1.0
A80B74026593,11,1.0
A817A13D651B,8,1.375
A818ABB54C22,9,1.555556
A82299609B1F,14,1.0
A827D5DE2309,10,1.1
A82E66D99555,8,1.0
A82F551BD455,11,1.0
A846836E9708,10,1.0
A8499C6EACA1,5,1.2
A851E38A7344,9,1.0
A853B52D7631,8,1.0
A8559152A433,5,1.0
A858CDE91A41,4,1.25
A85F9AA39EB8,9,0.888889
A860936AC6CD,8,1.125
A867CA244C91,4,0.5
A868395AEAAB,9,1.0
A8694BB95FD6,8,0.875
A86C5A5446BD,13,1.384615
A87882E3DD41,11,0.909091
A87B731B2AF4,12,1.5
A87D3BEDF899,10,1.0
A885B3EA9C99,13,1.153846
A8889975565B,11,1.0
A889F41FDF94,5,1.0
A88A21A1B19E,8,1.125
A88BEC03617C,8,1.0
A8907059C00A,5,1.4
A89206A14C39,11,1.090909
A89C7AADA223,9,1.666667
A8AB6AF861C9,12,1.333333
A8B4C79F9954,8,0.75
A8BAAEDA8475,13,1.076923
A8BBC8F598F4,9,1.0
A8BED0503A7D,12,1.0
A8BF1D0AA57F,11,1.363636
A8C8C22C5A3B,5,1.0
A8D9AE4B4259,10,1.3
A8DC4866AEE4,6,1.5
A8DFF4D30133,14,1.0
A8E16767A2DA,9,1.444444
A8E5BC14F79F,10,1.2
A8F433952F79,10,1.5
A90048DEAF9A,11,2.0
A9007878D94D,13,1.461538
A90544B36B14,17,1.058824
A90D09A72B23,18,1.0
A9103BF8F902,9,1.444444
A916F45DAFB6,17,1.117647
A917258AD9D9,9,1.0
A918A3CC7A0E,8,1.0
A91B06F67319,5,1.0
A92254B458C1,9,1.0
A9258A6DF8AC,9,1.0
A9260C7203ED,9,1.0
A926E278BB9D,7,1.142857
A92B69B40619,10,1.3
A92B9B2B7418,12,1.0
A93072F1F0EC,13,1.0
A932B6A489DE,13,1.0
A932B7BEAC6A,15,1.066667
A95B8B50E0C1,8,0.875
A95DC9851C4A,11,1.0
A95DF27FF021,11,1.0
A9704EBCDE99,12,0.5
A971D98DD17A,11,1.0
A975CBC4A7E8,9,1.0
A97E6285895B,7,1.571429
A9872AFF064E,11,1.181818
A98FC0B6F0FA,6,1.0
A996BE4B49FA,7,1.285714
A99895FA8F4B,4,1.0
A99C834B122D,8,1.0
A9AEF67EBDC9,6,1.0
A9B89BB57964,12,1.25
A9BD2FCF25BE,6,1.166667
A9BFDB854400,6,0.833333
A9C32291F224,9,1.111111
A9CB53645FC9,9,1.333333
A9D04D3896C0,9,1.0
A9D4A57ADCBA,9,1.333333
A9DC409C8EEC,15,1.333333
A9E4B29E6B0D,9,1.333333
A9E9851F3E7E,9,1.111111
A9EBC5E40694,7,1.0
A9F45F81526E,19,0.789474
A9F764775832,11,1.0
A9FC7416BFC4,7,1.0
A9FE240AEBCA,9,1.222222
AA066CA040D5,13,0.692308
AA079BC1923D,19,1.263158
AA07C771D2D2,12,1.083333
AA0C42595227,8,0.75
AA0D527B394A,12,1.0
AA0EC4007F16,14,1.071429
AA0F49E35E96,6,1.0
AA12243C8371,9,1.0
AA15F858439C,5,1.0
AA1727BD4947,22,1.045455
AA1CDE1DE20C,7,1.0
AA1F3740A24D,14,1.214286
AA25CD9D9014,9,1.222222
AA2A58643ABF,4,1.25
AA2B7E9642C8,8,1.0
AA3A35044E77,6,0.666667
AA40C0B9B536,9,1.222222
AA44E0F93AE8,9,1.0
AA45F6AB9AA9,12,1.666667
AA48C183006F,10,1.4
AA4CF5537352,10,1.0
AA51B5B5EF68,7,0.571429
AA59A664939F,4,1.5
AA5E62173BB5,4,0.0
AA63BFA27A2C,12,1.166667
AA6C2F58FC3F,5,1.0
AA6E2A489205,12,1.0
AA75CB9C552C,6,1.0
AA766FA05F63,7,1.428571
AA7F2985C1AA,13,1.384615
AA7F9D6FABE3,5,1.0
AA815FFC2BF6,9,1.555556
AA825AADE171,13,1.461538
AA871DB1926F,9,1.444444
AA90439F8B92,14,1.142857
AA95E0C631D9,7,1.0
AA9767FB71E9,9,1.111111
AA9B263544A9,8,1.0
AA9CF617C348,12,1.083333
AAA9670F8168,7,1.714286
AAB5BB67C620,5,1.2
AABF59EF8FE8,8,1.0
AADCE1E62CE7,12,1.0
AAE2C403989D,10,1.2
AAE49DDED395,3,0.333333
AAEA45B2CEE1,18,0.722222
AAEED47072D9,11,1.181818
AAF5D100E836,9,0.888889
AAFA0B9080C0,12,1.0
AAFE0E511953,7,1.428571
AAFEFFEE5557,8,1.0
AB0403712FA9,10,0.9
AB0E914DEB96,12,1.5
AB115EA6CA38,15,1.066667
AB127AC65E33,7,0.857143
AB152A57A2D7,6,1.0
AB1AAD6295FC,10,1.0
AB1F3BA8AED2,5,1.2
AB20C40854C1,8,1.0
AB2DAA9F9151,11,1.090909
AB2EE99A7ABF,9,1.111111
AB3053E08AEC,5,1.0
AB3263A61ECB,7,1.0
AB3606E85520,12,1.0
AB49E68A9AD2,8,1.5
AB4F9B52DF71,8,1.0
AB5D516FC4C3,7,0.857143
AB5D77D7E5A1,11,1.727273
AB5EBB04C48D,10,1.2
AB6284069E18,10,1.0
AB69A8EDFA20,8,1.125
AB6F718824A0,8,1.25
AB7706113077,10,1.1
AB7788B03DC1,8,1.0
AB7C37512445,9,0.888889
AB811AA2AB4A,6,1.0
AB8291924838,7,0.285714
AB831D6AD78A,8,1.375
AB83C89D3124,9,1.444444
AB887E670FE6,9,1.0
AB8D3B532D2E,10,1.0
AB8EFBD82820,12,0.75
AB937FE6C5DD,11,1.0
AB9E07EE89BD,12,1.0
ABA8D98CE4D1,8,1.0
ABAC4A93E9C0,12,1.0
ABACC30835CD,10,1.1
ABBA50242CFA,10,0.8
ABBCD9806D9C,6,1.166667
ABBDBEE8FE04,12,1.083333
ABBF7FEB056D,10,1.1
ABC4770058F6,14,1.785714
ABC59FCA6150,11,1.0
ABD3B53BC183,13,1.461538
ABDBAB6E1572,10,1.0
ABE45B3CCAD9,4,1.0
ABEB82F77B84,4,1.0
ABED0C27DF2D,12,1.166667
ABFA0C962CA1,9,1.777778
ABFE420BA213,6,0.833333
AC04DCF3041C,9,1.0
AC05C210E589,6,1.0
AC09E2C4AE2E,7,1.142857
AC0B87BB101A,8,1.5
AC0FEEED417B,9,1.0
AC134C9AB3CC,12,1.166667
AC31C0D7AFCA,4,1.25
AC322869C365,11,1.181818
AC33D93DD897,10,1.2
AC4075563D4F,17,1.0
AC4B2411A986,3,1.0
AC505EF3920C,8,1.0
AC523741D5A0,9,1.333333
AC525B50F33C,15,1.466667
AC5784FD5C8E,11,1.0
AC5F232F9F99,12,1.666667
AC61A7E32B06,16,0.9375
AC6348A7ECB4,12,1.0
AC70BEFCB732,9,1.0
AC729925620C,9,1.111111
AC73CBAA169B,10,1.0
AC76BEA677C1,13,1.153846
AC78193CD7B9,13,1.692308
AC7AB280A93C,9,1.0
AC7C84C2A13E,12,1.666667
AC7E6B598391,11,1.0
AC7FEF69749E,11,1.0
AC84A8657812,16,1.125
AC8F2F26AB2E,9,1.222222
AC8FB147E095,10,1.2
AC92D49B8CC3,17,0.941176
AC9801E7B7A1,12,1.333333
AC9EA64819DC,9,1.222222
ACA08DBF39EE,8,0.75
ACA6FC4A813D,10,0.9
ACB2761CF6BF,8,1.0
ACB4C9F4B96D,14,1.0
ACBB0618CF1A,9,1.0
ACC2488E77B7,8,1.0
ACC87684DC19,11,0.727273
ACCD71550365,12,0.833333
ACDF0CAAF77C,7,1.0
ACE1A5EF8B3C,7,0.857143
ACE2C5B570CB,9,1.0
ACE3E472041C,12,0.833333
ACEDBB3C81A0,13,1.384615
ACEFB38EDC1C,14,1.214286
ACF8D85BE4F4,18,1.111111
AD094AD5740A,13,1.384615
AD172AE23CAC,5,0.8
AD175892EC1C,12,1.333333
AD19FCCF4D66,11,1.090909
AD1CF1DE4828,10,1.2
AD21FBA1A7DF,9,1.0
AD25C95CC18A,12,1.333333
AD2E56E68B84,7,1.0
AD2EB78655F2,11,1.0
AD330078D176,9,1.888889
AD3821286500,9,1.222222
AD4118A1F805,8,1.125
AD447A0ADA1E,9,1.0
AD53B357BD0D,9,1.777778
AD58682D517C,9,1.0
AD58FCCE40BE,7,1.571429
AD6649397582,9,1.0
AD66766E1629,8,0.875
AD7525091D85,8,1.0
AD792BAF03AA,6,1.0
AD7BF1EAE72F,11,1.0
AD802CC1863E,10,1.0
AD8BBB12682E,6,1.0
AD8D17327119,10,1.2
AD968694871B,11,1.0
AD97126ECA8A,12,1.0
AD9CEE5A6FFF,6,1.0
AD9DF5656D88,12,1.583333
ADA5FE621125,12,1.0
ADA8F6319D6C,12,1.583333
ADADD3AF30B1,6,1.0
ADBC6A551DAA,8,1.625
ADC46484D3B7,12,1.5
ADC9301EE918,9,1.0
ADCCB5D55577,9,1.0
ADCE0BCD042D,12,1.333333
ADD3D2BDCC6B,9,1.0
ADD688C18040,9,1.555556
ADD7CE85B73C,12,0.833333
ADDAA9A7EB90,8,1.0
ADDD983D6D5E,11,0.909091
ADDF7CABF5A5,7,1.0
ADE6D1DFC53B,8,1.0
ADEB72AF10FC,9,1.444444
ADF83B2078E9,12,0.916667
ADFE2CDB6FF1,16,0.75
AE021F85F4D5,11,1.181818
AE0341CCEBDB,5,1.0
AE044D6DE72C,10,1.0
AE0675B526C2,11,1.0
AE08D70812DF,8,1.0
AE13071BFEF8,12,1.166667
AE1CEA05AB1F,11,1.0
AE1EA7A93322,10,1.3
AE25912B8391,7,1.0
AE359CF88362,9,1.222222
AE37AE3F79C7,10,1.7
AE3C28BB7160,7,1.0
AE425A221021,14,1.214286
AE47AB399CF4,9,1.0
AE4A6DE0EE74,4,0.75
AE4E01E44C0F,9,1.0
AE56A078E096,12,1.416667
AE5D214AAC85,8,2.0
AE6462B51991,5,1.0
AE6BABB53D5E,9,1.777778
AE6BE874B204,12,1.75
AE6DBB2AE6DB,14,1.285714
AE7604228277,12,1.083333
AE7A29F3FF37,12,1.5
AE7DE878CED5,9,1.666667
AE8253E52260,9,1.444444
AE82BD8A926A,10,1.2
AE8385F10D82,10,1.2
AE9E8ACD0A6F,9,1.111111
AEA3FC7D6E3F,9,1.0
AEA63015C64E,13,1.230769
AEA7922669A8,7,1.0
AEB124976815,5,1.0
AEB7346EA9A4,8,1.0
AEB8B6614549,6,0.833333
AEB9F07707B7,13,0.923077
AEBB0D1C98E9,13,1.0
AEBBFD25000D,8,0.875
AEC47500AA79,7,1.0
AEC9BAA4E7B1,16,1.4375
AECE752276B3,8,0.75
AED0E44B59CE,13,1.0
AED1693001E4,8,1.0
AED7996C9DBC,7,1.0
AEDEB221139D,10,1.2
AEE03367AC03,15,1.133333
AEE79E8B256B,11,1.090909
AEE8D73906FE,10,1.0
AEEF884DCBBE,5,1.0
AEF85C085047,12,1.416667
AEFDD857A5D9,9,1.333333
AF012373AD3C,7,1.428571
AF0203C8BFE4,8,1.0
AF05AA1A49DA,10,1.0
AF1693F74897,9,1.333333
AF1A2BDA829F,8,1.0
AF214D4C47A5,13,1.384615
AF31964E08DE,7,0.857143
AF320373DBAA,10,1.0
AF345723174D,11,1.181818
AF34B1CDD152,9,1.0
AF3A719533E9,12,1.083333
AF3AC84DD882,7,1.0
AF4152FBC8DA,12,1.0
AF41FBC320A5,4,1.0
AF4B8E3F7BF9,9,1.0
AF517D7FA328,8,1.0
AF5E5BF38512,9,1.333333
AF5F2794E970,14,1.071429
AF6254DD5494,9,1.222222
AF637B7047FB,10,0.9
AF642CA41345,13,1.0
AF651D592CBE,9,1.333333
AF68F7B20B1F,6,1.0
AF6A4C253262,11,1.0
AF6EA8391841,8,0.875
AF7D12A40305,12,1.25
AF8626974C06,9,1.111111
AF9079B5EF21,14,1.071429
AF90C62BA52D,11,0.909091
AF96A2176FB7,7,1.0
AF9939DC1EB2,15,1.533333
AF9AA93024A9,12,1.166667
AF9AAA672210,9,1.888889
AF9AE164D6BC,8,1.75
AFA1B02E1A80,6,1.0
AFA633EBCCAA,9,1.222222
AFAD4C8AF912,9,1.0
AFB0A60B6038,7,1.428571
AFB59A8CCD0F,8,1.0
AFC3A1FDF322,12,1.166667
AFC6EE85F5C2,12,1.0
AFCE5307F69A,10,1.9
AFD7DF57B19C,9,1.222222
AFDA24702118,10,1.0
AFEC37C2D43F,14,1.5
AFED7787CD81,9,1.111111
AFF314E99BF2,8,1.0
AFF4F4ABC213,11,1.0
AFF882607973,9,1.777778
AFFD150170C8,9,1.333333
B009897F65D0,13,1.538462
B00B5447FE83,11,1.0
B0171B5E2D2F,8,1.0
B01DC4B13C31,10,1.1
B01E091E37CC,8,1.125
B022347FCF4D,14,1.071429
B02A4DDA8FC7,11,1.636364
B0352BB36198,6,1.0
B04BEFD69D01,11,1.272727
B04DEC188939,11,1.545455
B04EBE5811B6,10,1.4
B056AD01475D,7,0.857143
B05F21B4953A,10,1.1
B06F15F11C93,12,1.0
B082F1A267EE,9,1.0
B083862AF3B4,13,1.0
B083BE6F3E72,9,0.888889
B08707B954BE,8,1.5
B08943432C17,11,1.181818
B091F6AFF43F,19,1.368421
B092EE6E6C3B,10,1.0
B09CB4CB2D85,11,1.545455
B0A311ED820C,17,1.0
B0A3BDF469F7,9,1.0
B0A88042A599,8,1.125
B0AB337A9B59,12,1.25
B0AD7021AB07,11,1.636364
B0BFB2D69DBD,6,1.0
B0C022D12C7F,6,1.166667
B0C3BA432D21,9,1.222222
B0C3BBF86B9B,13,2.0
B0C7779B7276,6,1.166667
B0CA1D56B5ED,9,0.888889
B0CA3173B40D,9,1.777778
B0CCB2BD0349,5,1.4
B0CCFA21F82C,8,0.875
B0CD65C0DE1D,11,0.818182
B0D2190F7312,8,1.125
B0D9116BE51A,12,1.083333
B0DFA8E19584,7,0.857143
B0E17505BCB3,10,1.5
B0EBCFB79C3B,14,1.714286
B0F17397621A,10,1.5
B0F3FA7DE6CE,10,1.3
B0F5A3880ECB,8,1.0
B0FE8DA602E8,7,1.0
B10961803408,12,1.333333
B111395C3C6E,9,0.666667
B119CD1A5145,8,1.875
B11A853443A1,7,0.857143
B11D35EE7B0F,5,1.0
B127CFD81E92,13,1.230769
B12D568E5775,7,1.0
B150F36A25B2,10,1.5
B15874A0E53D,7,1.142857
B1589F9F0ADB,5,1.2
B15AF429027A,10,0.8
B15CAAF6DF04,11,1.454545
B15DCC651E2D,8,1.375
B15E9A8C1E3F,6,1.0
B15EA1EE9302,9,1.444444
B16710F91588,8,1.125
B1687066F985,15,1.866667
B16C6D2C17BE,10,1.0
B17127A30AC0,9,1.0
B17816AD0AF8,4,1.0
B17A3A770A17,7,1.0
B17BDAC0197F,7,1.0
B185CAA596E4,9,1.0
B18624117239,9,1.0
B1869256CAE8,5,1.0
B18A0DBBF287,4,1.0
B18CC50F5A1A,13,1.461538
B18E2DC8E7DB,14,1.0
B19940812E58,11,1.090909
B19C6EA1C4B7,11,1.090909
B1AC534F399D,7,0.857143
B1AE2526EA45,12,1.0
B1C0DDEE474D,9,1.0
B1C9C23EDE4E,12,0.916667
B1C9D89FD27C,8,1.0
B1D7630EE532,11,1.181818
B1D882183A63,9,1.111111
B1DB05B61A1F,10,1.4
B1DE8840D4C4,9,1.0
B1E4B9C99415,12,1.0
B1E590527982,7,1.0
B1E6DCD4F05F,9,1.333333
B1EF45488EA7,12,1.0
B1EFFE527751,14,1.142857
B1F95DB388DB,9,1.333333
B1FBA75AD961,11,1.363636
B1FC2FA3AFB3,11,1.454545
B20965019259,9,1.333333
B211B7A637A9,5,0.4
B215E1BAC336,6,1.333333
B21F63120303,7,1.571429
B222F9F093CB,9,1.0
B2244BA6AE2D,8,1.0
B2305853B773,9,1.111111
B23BDDB4B5FA,7,1.428571
B240406DD5E7,4,1.0
B24B60C74429,7,1.0
B265B2EEBEDE,10,1.0
B269D53897D9,5,0.8
B26ED6F34796,9,1.0
B27C4443F88F,6,1.0
B286E6029ECB,7,1.285714
B286EEAB83F6,9,0.777778
B28B37BFCC03,10,1.0
B292AB3572D3,8,1.25
B29C1E38F12E,6,1.0
B29CFA250576,12,1.5
B29EB2BF4D96,7,1.0
B2A621D75A0D,8,1.375
B2C0ECB08687,11,0.727273
B2C7EAB1488F,6,1.166667
B2D03F892B0D,13,1.076923
B2DAE4CC6597,9,1.111111
B2DBC0B3AD67,6,1.0
B2DDBAAC084C,8,1.0
B2E594733164,15,1.266667
B2E7CD57F60E,5,0.8
B2EC537A5265,6,1.0
B2F2DAD41E5F,12,1.25
B2F51A10762D,7,1.0
B2F7B08EA688,13,1.0
B2FF6A761EC9,17,1.529412
B3031E720297,9,1.0
B30A57DB8F04,9,1.555556
B30E789C19ED,12,1.166667
B30F2CD326C3,8,1.25
B30F7524C444,6,0.833333
B312F104B015,12,1.083333
B316580FC02E,13,1.153846
B31F203DB1A8,9,1.0
B32F41984B27,10,0.3
B330C76B790E,10,1.3
B3341D036468,11,1.363636
B33757C833AA,12,1.583333
B33809DC1AAF,10,1.0
B33AAEEF92E5,7,1.0
B343F5E7C7BA,11,1.090909
B3493FBE6476,10,1.0
B34F39598C5D,5,0.8
B3526897360F,8,0.875
B3541C7B8380,13,0.923077
B356D7FBA362,8,1.0
B35B894BDDEF,11,1.0
B35CDBFBD6D1,9,0.777778
B3712DCA6C26,7,1.0
B375FE480591,10,1.9
B3813CAD3B8D,7,1.0
B3815FC262CC,7,1.0
B3826CEDE916,9,1.0
B3842469B183,8,1.0
B384BEA9572B,5,1.0
B38B9288E93D,11,0.818182
B38CA47E7A29,7,1.142857
B38CEB26C2AB,7,0.428571
B38D6D958DB1,9,1.0
B38DBE0AD1B2,13,1.0
B392C89CA90E,9,1.0
B39E22A349BD,9,1.444444
B3A2B0817A9F,13,1.307692
B3A7EA9C932B,4,1.0
B3A830730FB7,7,0.857143
B3AB4E6C5678,8,0.875
B3BBBAE51416,15,1.6
B3C8CE820C5D,9,1.0
B3CD019589CB,9,0.777778
B3CF4188DC2F,9,1.0
B3E4B633261B,8,0.875
B3EAA82C827E,12,1.0
B402430B0616,14,1.714286
B40DD5822E7E,15,0.8
B41900D2BB5B,14,1.285714
B42AFC74C063,6,1.166667
B43A357A9F90,6,1.0
B43F583ECE54,9,1.666667
B44F4F2E6178,11,1.0
B460DDD6C6CA,12,1.0
B462DD2E5524,4,1.0
B46913FEF3E9,10,1.6
B46A2BA39974,12,1.0
B480F24C84B2,8,1.0
B48302EAFB68,10,1.1
B4862797CA5D,10,1.0
B48D82A4EC73,15,1.0
B490EC2E88FA,10,0.9
B496C551E6D8,10,1.0
B4994C771190,13,0.692308
B4AC3F641AFF,13,1.153846
B4B8BEB77C2E,9,1.222222
B4BD4DD677AD,7,1.0
B4C4BABFB290,9,1.666667
B4C542456DE7,6,1.0
B4C5B9F3FB4E,11,1.090909
B4D5A1F379A4,9,1.0
B4DEA93DAA5B,13,1.0
B4EB26957632,8,1.0
B4F6234EE053,9,1.111111
B4F7C5D9CA8D,14,1.071429
B4FC71C68AF1,10,1.2
B51FB7EF1F85,8,1.0
B522B51842BB,8,1.5
B526BA896931,9,1.666667
B527F1CEBDA4,9,1.0
B528C5E19433,9,1.0
B538ED9EE68B,11,1.090909
B53910E9E75D,10,1.0
B541C87764FC,5,1.0
B54BD310F2E7,6,1.166667
B54C2AEBD0A2,12,1.166667
B55226710587,5,1.0
B555B3937F07,8,1.25
B55FF7648652,9,1.333333
B562D63C7817,9,1.222222
B565CBCD43E6,12,1.0
B567AD10DA07,9,1.444444
B567E3C423FC,14,1.071429
B57CD09825BE,9,0.555556
B5868ECDF875,9,1.0
B5881296C4D9,14,0.928571
B59382C26036,9,1.0
B59796948DC5,13,1.461538
B59B6731525B,9,1.0
B5A5CFDCE29E,8,0.875
B5A7C13D13B8,10,1.1
B5ADA3B3C0CE,7,1.0
B5AFFE1A4431,11,1.0
B5B008D3B5FD,12,1.0
B5BE21756CF7,9,1.444444
B5BEC55A9305,8,1.125
B5C606F0A883,15,0.933333
B5CA9C10711C,11,1.818182
B5CBE846C3F7,11,1.636364
B5CC94F03E06,12,1.583333
B5CFB2339EF5,15,1.266667
B5D7E9862FCA,9,1.555556
B5DB0D021C61,10,1.1
B5DE5F7FFDCD,14,1.071429
B5DF4C1B3866,5,1.0
B5E0ABA73D8B,14,0.714286
B5E26D74877D,8,1.375
B5E9AB29F905,11,1.181818
B5FF33681C22,10,1.0
B601B21F968F,9,1.222222
B60638E77885,13,1.0
B608721A4DF0,9,1.333333
B60965F6B17C,10,1.0
B60ADCB454D8,9,1.0
B60BD5B9D118,9,1.0
B60E0310BEBE,8,1.0
B6113C09A9DE,9,1.0
B61FF40EE999,16,1.1875
B62124DB13F3,4,1.25
B62735D56CF8,11,1.0
B628FF1A07C6,11,1.727273
B629EA259C90,9,1.0
B63EAF46C812,12,1.166667
B6467F2220B6,13,1.0
B64898B85B89,2,0.5
B64E5519018D,10,1.2
B651AEF954C3,9,1.666667
B65275183C2E,8,1.0
B65361F90B72,17,1.117647
B655D031D13F,10,1.0
B659CCF9A5C5,10,1.0
B6666AE07D46,8,1.0
B66DBF47F3CE,8,1.25
B6754C50B4F0,11,0.545455
B68615EF56EC,4,1.0
B68ED8EDBA5D,12,1.5
B6A680899085,7,1.0
B6A7E0AA3574,9,1.111111
B6B1ADD3EC37,8,1.25
B6B28560FA92,14,1.571429
B6B2D2FC8F3D,9,1.777778
B6C0D82C6F85,8,1.0
B6C9D15965BC,11,1.090909
B6D2D0599D30,7,1.0
B6D345D45CB9,12,1.0
B6D4400A3B06,9,1.0
B6DA78584387,10,1.0
B6E0685C4299,17,1.058824
B6E9E12159E3,5,1.0
B6EFDEA59653,12,1.0
B6F03D0CEABE,13,1.846154
B6F12A1662D4,12,1.583333
B6F2EB10DE3C,11,1.727273
B6F445EE304C,6,1.0
B6FA14E88F99,11,1.090909
B700273E7D4B,14,1.0
B7075CD10BCC,11,0.909091
B70A8CE779BB,8,1.0
B70CB72FC1BE,13,1.076923
B71521CCA4F4,12,1.333333
B71DB7CEB4A8,7,1.0
B724D11E09C5,5,1.0
B727B720430B,10,0.8
B72812E8C21F,7,1.285714
B72A2DB34EE9,6,1.166667
B72C8D543253,13,1.0
B731B6D15B45,9,1.222222
B731FAF1A933,5,0.6
B736B35EC849,13,0.923077
B73FE4F761D2,12,1.833333
B74091BD48A1,10,1.0
B7468C4DD17C,14,1.285714
B74852381DC0,9,1.333333
B74EC94193F8,4,1.0
B7530756CE92,4,1.0
B75BF6FFD9A2,9,1.222222
B75E90DC14B3,16,1.3125
B765274CA182,14,1.285714
B77CB9C82BCB,7,1.0
B7819FA33B21,8,1.75
B78A191477C9,5,1.2
B79635E19C40,12,1.083333
B796909E583C,12,1.5
B79712C5818C,8,1.0
B799DAFE0950,9,0.333333
B79DB58FFBA0,7,1.285714
B7A015945756,11,1.545455
B7A0347C68C3,10,1.0
B7A4F3D53DD6,9,1.222222
B7AA9C26B8D5,5,1.0
B7ACED7ED339,11,0.909091
B7B158E7E87B,11,1.090909
B7B7115CD3A4,12,1.25
B7B88467EB00,9,1.555556
B7B88E6FF395,9,1.0
B7BA180EB8FF,7,0.857143
B7BC85276656,9,1.666667
B7BD2B00214C,12,1.0
B7BD520BE938,13,0.769231
B7BE5DC0C28C,10,1.2
B7C1ABD185A4,5,1.0
B7CB125E7BD5,11,1.090909
B7CEDA3843F3,12,0.916667
B7CEDD36D489,12,1.083333
B7D68CD59B93,9,1.222222
B7E89307EDCB,11,1.0
B7E98C5C578F,12,1.0
B7ECC3A7AD2B,19,1.0
B7EDCEA9137B,8,0.75
B801475483E7,8,1.125
B803E3E11DD0,12,0.916667
B80D5859AC35,6,1.0
B8164EA79177,4,1.0
B81988A56B6A,8,1.0
B81A81BDA987,10,1.2
B81F8D4BF791,11,1.363636
B8206613E7D9,9,1.0
B82896DAE7D6,12,1.166667
B82D39FFC692,14,1.142857
B8321F8B104D,7,1.0
B834D88C6D32,8,1.25
B83D6D54324F,7,1.857143
B84EF55EE7F0,10,1.0
B8588FFF0828,8,1.125
B860C32986F9,14,1.0
B864F3DC71FC,9,1.0
B865F245D86B,16,0.75
B86D09F6A43A,8,1.5
B871AAD79344,8,1.0
B87B216EF2C4,5,1.2
B88301B4E6D7,7,1.285714
B88543B512DE,12,1.0
B88A1ED73119,9,1.222222
B89AF6677AE9,7,0.857143
B89E39C1E436,6,1.5
B89F37555A14,10,1.0
B89FAB59B1B3,7,1.0
B8A2B64B089F,12,1.083333
B8AB4C6E1F5A,16,1.25
B8BE5466E96B,12,1.083333
B8C778C456FA,7,1.0
B8CA9E3E3100,9,1.111111
B8CAE254E601,7,1.142857
B8D044C6D5CB,10,1.0
B8D4D1B62526,13,1.461538
B8E2173DE90F,13,1.769231
B8E586DF8C64,12,1.666667
B8E816DA2049,7,1.0
B8EA14D3E542,6,1.166667
B8F20E4A2425,10,1.0
B8F95A683EEA,5,0.8
B8FB806ECDA3,11,0.909091
B8FCB3C2CB97,5,1.0
B8FEB34C1378,6,1.0
B900AB9B5FEA,12,1.416667
B91C344934D2,14,1.714286
B922E85199CD,7,1.0
B932887DC40A,12,1.0
B932B6502E71,10,1.4
B934F3106FCB,2,1.0
B936994E140D,10,1.0
B939C9FDDAB0,9,1.0
B93AA2C15E8B,7,0.857143
B94059412B2C,9,2.0
B947F9493FAF,11,1.090909
B948C72229B3,9,1.888889
B95153DCC67E,12,1.0
B95270A9AB79,9,1.444444
B962DA47BC7B,15,1.733333
B962DFFBD558,9,1.777778
B9651FC740C7,13,0.769231
B967FC913839,6,1.666667
B9683F7A95FC,7,1.0
B980EA7222ED,9,1.0
B98606572CA3,12,1.083333
B9871E7972A3,15,1.666667
B98CEECCB8B7,12,1.25
B994BEE43F58,7,1.142857
B996860E00A4,12,1.083333
B9A542B2C36C,8,1.0
B9B22FD6C9EF,7,1.0
B9B653AD964E,9,1.0
B9B870FF9795,14,1.071429
B9B8F5E753FB,4,1.0
B9BB6A0E2F04,9,1.444444
B9CA103F2BF9,10,0.9
B9CFF7E63FD7,11,1.090909
B9DABCFD687D,10,1.0
B9E4540497AA,16,1.0625
B9FEF2CA826E,7,1.0
B9FFFA708444,13,1.153846
BA007250F304,11,1.0
BA0DC6904621,13,1.076923
BA18C6F80423,8,1.125
BA1D860F0A07,9,1.0
BA1E2A47DC1B,8,1.0
BA2508B83457,6,0.666667
BA2C7291BBFA,9,1.666667
BA2E03C7A8F4,9,1.555556
BA30863CDECB,8,1.0
BA318BB2F60E,10,1.0
BA38004E2A10,10,1.0
BA3D6BB860C6,7,1.0
BA43E40FDC33,5,1.0
BA4563DB8F78,13,0.615385
BA541CCAA2FF,11,1.0
BA545022DFCD,5,1.0
BA598CD4A9A0,6,1.833333
BA5C438CC087,8,1.0
BA5F00503DBF,8,1.0
BA615AAC44E7,12,1.583333
BA6A9F0E5306,9,1.0
BA6E16F7F861,5,1.0
BA7B34D01383,12,1.166667
BA7D7280DF73,10,1.8
BA7DFD2DC895,9,1.111111
BA84F715BB5F,7,1.0
BA85951767B0,13,1.307692
BA8756AB310B,8,0.875
BA881F8A8909,12,1.75
BA930ABE4928,10,1.2
BAA1D7B94854,5,1.0
BAAE75D65C1D,9,0.888889
BAAEFBE3AA34,9,1.0
BAB0E8E2AE82,6,1.0
BAB28ABA8ECE,17,1.117647
BAB720EE1AC3,12,1.333333
BABDE6C6C7B9,14,1.0
BAC0B3065401,13,1.153846
BAC5264E2DCE,10,0.9
BAC9D8631137,9,1.333333
BAD78C43D291,6,1.0
BAD8D71742D9,9,0.888889
BADF7845CDA3,9,1.0
BAE5AB74C4F5,9,1.0
BAF3E4907368,9,1.0
BB009CEC8D8F,9,1.0
BB05AA24FF3E,9,1.666667
BB08150E3DAC,7,1.0
BB207C714EBA,12,1.333333
BB281953DF01,14,1.142857
BB2AE006B7CF,11,1.0
BB33169642C3,6,1.166667
BB3615AA4AF1,10,1.0
BB44EB96FFFF,9,1.333333
BB485D0F7E4E,12,1.333333
BB4A53A0A9E0,9,1.666667
BB4B5D896E96,13,0.923077
BB4CEF5C3899,12,1.0
BB5B7EE4A1A6,11,1.727273
BB5E6A8A2420,11,1.0
BB63726A3E94,7,1.0
BB788EF59B9E,8,1.0
BB7BD96F1D9B,12,1.166667
BB802192D44F,14,1.0
BB8064D7B327,15,1.4
BB86D8B194BD,12,1.166667
BB888E19222B,11,1.363636
BB8AADDCF097,7,1.0
BB8F93A2571E,9,1.111111
BB92579586BF,7,1.0
BB9B2400BE18,9,1.111111
BB9E9FAB601B,8,1.125
BB9EF9FA2F9B,6,0.833333
BBB0C6DD06E5,5,1.2
BBB2C5E7B286,10,1.1
BBB54BC8F12C,9,1.0
BBBC74680147,14,0.928571
BBC0E1AA58C9,10,1.4
BBC71057F9A5,12,1.333333
BBDA39C84AF7,10,0.9
BBE5305DAE8E,14,1.0
BBE712F7271D,10,1.0
BBEE06BD484C,13,0.923077
BBEF082C0C31,5,0.8
BBF72645C803,18,1.055556
BC0703638937,9,1.111111
BC0B8B8E499F,6,1.0
BC0D9F77A3DA,9,1.111111
BC14D201CBF5,11,1.0
BC16D84D825F,8,1.5
BC17CDFA8BF7,7,1.0
BC1B132DB385,6,0.833333
BC1EB41C5606,9,1.0
BC1F674402CA,9,1.0
BC2210868DF6,4,1.0
BC27CDCD1A45,15,1.2
BC2CAB7DB6F0,8,1.75
BC37046CC03C,12,1.0
BC3ABF1DE758,13,1.538462
BC3BA3BD592F,9,1.0
BC40D61679A5,14,1.0
BC4CC859C08D,7,1.142857
BC56873E3D8D,12,1.0
BC5897273E24,20,1.2
BC58A9389AF4,13,1.384615
BC5B1BBADA5D,10,1.1
BC6C957D792F,14,1.214286
BC6FA6976BC8,5,1.6
BC8ABD92AC4D,8,1.375
BC9BD45BDC0E,15,1.0
BC9EB6EF2B1D,11,1.0
BCA02BA3F766,16,1.125
BCA5C180FFD4,7,1.0
BCA9ED73877E,12,1.083333
BCABCE4B902A,8,1.125
BCAE5B0783CF,13,1.307692
BCB248D539C3,9,1.333333
BCB7DF4F1620,7,1.142857
BCB916A9A9F3,4,1.0
BCBD7D07903C,10,1.2
BCCF4B287AC6,7,1.0
BCEF4D5FF6AB,7,1.0
BCF1394768B1,10,1.0
BCF95C5F4A60,11,1.272727
BD0A4A94AC7B,12,1.416667
BD0D555216AB,13,1.0
BD0D7907E4D7,10,1.3
BD128A3C6F33,9,1.444444
BD1B84C5FC0B,10,1.4
BD33192DA18E,9,1.0
BD4AD688DDDF,10,0.6
BD4B01D328B0,7,1.0
BD4BFB4E8C6B,14,1.0
BD5D43DD9B27,7,1.0
BD74DC599A26,9,1.111111
BD7699966452,4,1.0
BD82629E71E2,10,1.0
BD889A4D831B,12,1.0
BD88FF0A458D,11,1.090909
BD8D21AC238D,9,1.0
BD994514CE6C,12,1.0
BD9CEA31FE1A,10,1.9
BDA9F0CED1A1,12,1.0
BDB04C58DD28,8,1.0
BDC47D47817A,9,1.0
BDCAC1A891BE,7,1.0
BDCD981437BB,12,1.666667
BDD19E45610D,12,0.583333
BDD5D74671DD,11,1.0
BDD65CF27087,13,1.076923
BDE08546F7EE,12,0.916667
BDE41F0B5A4A,7,1.142857
BDE777E6A89A,14,1.571429
BDEEF1C21803,7,1.0
BDF7794E56BF,12,1.166667
BE06AE84DE6F,7,1.142857
BE0B394B4E9B,15,1.333333
BE0FA97CA16D,9,1.333333
BE126D453657,7,1.0
BE1367FA4958,12,1.0
BE1752DCF09C,12,1.0
BE1E07640466,4,1.25
BE243683124A,12,0.916667
BE2EFAD9E4DF,12,1.0
BE3528E08156,12,1.25
BE3B47A38A44,8,1.375
BE3CDD3C096D,6,1.333333
BE464F52C63D,9,0.666667
BE467B258799,8,1.625
BE4764F7BFF1,17,1.176471
BE491CB91FD3,9,1.555556
BE4BF0AD2979,12,1.5
BE4E34FD45B6,14,1.142857
BE5D3ADC4F2B,13,1.153846
BE62C5534E8B,4,1.0
BE68B9E53CCB,6,1.5
BE694C1289EF,5,0.8
BE6A9A5A2824,12,1.0
BE6D18BAA3D1,9,1.333333
BE803DB36DBC,11,1.090909
BE80D73EC131,9,1.777778
BEA1BEB4D331,9,1.0
BEA3DD78D206,10,0.9
BEA6B3D459CC,6,1.0
BEAC2B192D02,11,1.454545
BEAD93DDDB69,9,1.111111
BEB1900622E4,13,1.461538
BEB9FA0DE942,7,1.0
BEBB6FC233B7,8,1.0
BEC46C36BC47,10,1.5
BEC88463148B,14,1.0
BECA96F21873,9,1.0
BECD43430921,9,0.777778
BECFCA5BFABD,5,1.0
BED033B2C361,9,1.222222
BED647C69EDF,14,1.0
BED7C30345A0,7,0.857143
BEDC43C0FE6A,8,1.0
BEDEBC52CD1A,10,1.3
BEDFC81C8E66,15,1.066667
BEE16EB0ACF4,6,1.166667
BEE1B9179E2C,5,1.0
BEE6B76959CE,15,1.2
BEEC3F8E676F,12,1.0
BEEE3AC55C0E,12,1.333333
BEF5E55E29CB,8,1.25
BF00A0DFDA72,12,1.5
BF01FFEF8CB3,8,1.0
BF0241C10324,9,1.666667
BF040431FB95,12,1.0
BF0ADF374100,12,1.083333
BF0D14D14F35,6,1.0
BF1212223916,15,1.0
BF17866F7014,13,1.153846
BF205C369289,13,1.0
BF21FE121718,10,1.2
BF2E86982E3A,17,1.470588
BF3A5AE6F0C1,12,1.666667
BF3B2E113A65,10,1.0
BF3CC3305C55,9,1.888889
BF4BD008BA9E,14,1.0
BF4D8E461594,11,1.090909
BF5384FC042A,11,1.454545
BF5E801B7FD6,4,0.75
BF619ADE9BF4,7,1.857143
BF6463EA5A5F,8,1.0
BF6BB8DC9EF7,10,0.9
BF795A45BEA1,9,1.444444
BF7C67E62F30,10,1.5
BF86BBE4C2E5,7,1.0
BF8863D1361B,7,1.142857
BF8BD3F4C67E,11,1.0
BF950D449303,9,1.444444
BF960F59D07C,13,1.230769
BF9A3A65135E,6,1.0
BF9ACEA631D8,10,1.0
BF9D28CEA717,7,1.571429
BFA04D3BB1B5,7,1.142857
BFA9F9B90BFB,15,1.2
BFAE37AAB648,11,1.090909
BFB78DA9AC86,7,0.714286
BFBD47C22FB3,6,1.0
BFC1DA1CCD97,17,1.588235
BFC824D7C408,11,1.727273
BFD53A1B3342,6,1.0
BFDBB9112E6B,11,1.272727
BFDFE5AA2F9E,11,1.0
BFEB164FF565,10,1.5
BFECB89ECF69,8,0.875
BFED2B049566,10,1.1
BFEDA9FE9F1E,11,1.272727
BFF1386AFBE2,9,1.0
BFF614D2073D,10,1.0
BFF7296A29FE,9,1.111111
BFF79DCB9336,12,1.083333
BFF95BC69F64,14,1.0
BFFCCDE1E5DA,5,1.4
BFFDCA7C7E1E,8,1.0
BFFE97547241,10,1.3
C002A99091B1,7,1.142857
C00C50C17BD3,8,1.0
C00E1BA4B107,8,1.0
C01B298F4F3C,10,1.0
C0240B58DB32,6,1.166667
C024BE77795B,12,1.0
C0288C918431,11,1.454545
C02A65E91884,7,1.0
C02B1D9A374B,10,0.9
C02D71CA884D,14,1.428571
C02E687A4BB9,9,1.111111
C0307836F819,10,1.3
C0355BDE9D90,8,1.125
C036251405AD,7,1.0
C03D9C272DBF,10,1.0
C03E6E1AF049,9,1.0
C044BD1DAC0E,10,1.1
C0459F75A8DB,13,1.307692
C0493529C98A,9,1.0
C04A90A73B3D,10,1.0
C04E9948DEEA,10,1.4
C0542F9D82BC,9,0.888889
C056C8CB9E33,15,1.066667
C05809232F0E,9,1.888889
C05D58286BB5,9,2.0
C0611756DF81,9,1.777778
C0643251A96A,5,1.0
C068F7168129,7,1.571429
C06AB6F566C8,11,1.636364
C0795AD23ABF,10,1.0
C07B7A0A0AF1,10,1.0
C08191DD8DD1,12,1.083333
C08F1994B248,13,2.0
C08FEF535E7F,12,1.083333
C0971C7AC826,13,1.307692
C0979831CC71,9,1.0
C098EB4FFE1B,10,0.8
C09F3A4EA902,16,1.25
C0AC393B1DC9,8,1.0
C0AF81E21678,7,1.285714
C0B2450C6EFC,5,1.0
C0BA2FA545DC,12,1.5
C0BFC88C5F4E,12,1.333333
C0D0428510D5,11,1.181818
C0D04A96AC45,15,1.333333
C0DF324B581F,10,1.0
C0E0348A72F9,7,1.0
C0E1F745436E,13,1.0
C0F9FAE946AE,16,1.6875
C101F9CAA4A9,13,1.307692
C10C76A6A14D,9,1.111111
C1152A41E4C8,12,1.333333
C11FE94DD6F3,8,1.0
C12807C8F8D5,9,1.222222
C12F7FF27DE7,11,1.181818
C1442695A931,8,1.0
C1528CD20761,9,1.222222
C15EBA5345BC,11,1.090909
C160AFBD9D19,10,1.0
C163D52B6F43,6,1.166667
C18CFB62E375,7,1.0
C18D0CE31987,14,1.0
C18DA1185654,5,1.0
C19E458F78DC,12,1.0
C1A275127D98,9,1.111111
C1A5212A7E96,12,1.0
C1A768FBBD12,9,1.111111
C1B32D871830,16,1.25
C1B6590C0397,11,1.0
C1C86CB5DC8D,12,1.333333
C1CC3C045CCB,5,0.8
C1D049335CC0,16,1.0
C1D9A969B6B6,7,1.142857
C1DD8AC93D1B,9,1.222222
C1E9FCAC406D,4,1.0
C1EAD0C50570,6,0.833333
C1EF875519DC,7,1.142857
C1F1332EAAE1,13,1.0
C1F37848EC02,8,1.0
C1F37D3BA776,14,1.5
C1F52F0473A1,10,1.0
C1FB4CA837E1,16,1.0625
C209A215633C,6,1.0
C20B43E2E9AC,8,1.0
C20B49FBE2AF,6,1.0
C20C1032FA1C,10,1.0
C20E686DD676,10,1.0
C2108A76827F,9,1.0
C211C3467CCF,8,1.5
C2128DBEFC42,6,1.0
C213E7131A84,14,1.285714
C21666E1F270,12,1.083333
C21F5FA26FC7,9,1.0
C2228FF74DB5,13,1.076923
C223B856BCEB,8,1.0
C22959B3262C,6,1.0
C22DBAED1081,8,0.75
C2324684827A,5,1.0
C23535D7A352,11,1.090909
C23622128006,9,1.111111
C236576483D8,12,1.416667
C24AF93496CF,8,0.875
C25CA518A21F,9,1.111111
C262CF549A63,6,1.0
C2636186175F,8,1.0
C266F2FBD7CC,6,1.166667
C273E9F6D478,8,1.0
C2869BE88FBF,11,1.181818
C287B9AB69D2,12,1.416667
C28D558C3C2A,7,1.571429
C290EA8C6F2D,7,1.0
C293D05076A0,13,1.615385
C29A6FAADF82,8,1.0
C29C7F7833BC,14,1.285714
C2A6C69714EC,12,1.666667
C2A80F9E761A,9,1.555556
C2ABDAC2BC2C,10,1.3
C2ACA7830C43,9,1.0
C2B40B0DCC34,17,1.294118
C2BF4C553358,7,1.142857
C2DD2FAC6EA4,9,1.333333
C2E0FC6F097D,6,1.833333
C2F236614921,8,1.125
C2F4EDC43D71,12,1.083333
C3002BD0533E,11,1.0
C3172B144AA3,9,1.111111
C318777ECE9F,13,1.307692
C3194A4504F5,18,0.944444
C31E318BE4C1,11,0.909091
C32244E43789,8,1.0
C32636188882,8,1.125
C32CE391DC3A,12,1.0
C32DE5F18B26,9,1.111111
C337C6CCC212,12,1.25
C352163DBB69,7,1.285714
C358C5832938,8,1.0
C36483B37883,4,1.0
C374AC1D9119,7,1.0
C381020269C2,11,1.0
C38334385924,9,0.888889
C38FAA6274B6,14,1.071429
C39D32FD1F07,11,1.0
C39E40DFF3FF,7,1.0
C3A3146784DC,9,0.888889
C3A369E86900,7,0.857143
C3AE86A7A222,10,1.2
C3B085E2AE8E,7,1.0
C3B0C8C0F601,9,1.0
C3B3675F68FF,17,1.294118
C3C13F0C0274,9,1.444444
C3C2EA6B46EE,8,1.0
C3C456F2758F,12,1.666667
C3D8E8E8B942,10,1.3
C3D986A84D93,9,0.666667
C3E739D1FA5B,8,1.125
C3E8D00403D9,5,1.4
C3EEDCA21B42,11,1.818182
C3EF250CD155,10,1.0
C3F0BCBEED7D,9,1.0
C3F618ABA73C,6,1.333333
C4056209A48C,14,1.428571
C40DB30CB7EB,10,1.1
C40F03045FD8,8,1.0
C4116C4965BB,7,1.0
C4118746172C,9,0.888889
C414E9F1DAA6,10,1.3
C41D0819F2A1,10,1.2
C42060BAF235,8,1.25
C421DD678B5E,10,1.1
C424CD611304,11,1.272727
C42978129AAC,8,0.875
C431BAD29891,16,1.1875
C435A1D1C3D5,8,1.25
C43C4C50427E,8,1.125
C43F61E4FFAA,11,1.272727
C440D9C8CE92,9,1.555556
C441FBD9E199,11,1.181818
C4454B801518,7,1.0
C44A40CDFF3A,14,1.642857
C4579416ABE5,12,1.416667
C4603C43D3A7,4,1.0
C46949E69D5A,13,1.076923
C46D504BF8B4,10,1.4
C4700AD0EE9A,8,1.125
C478F0EDE7AC,6,1.0
C47F20E50D46,9,1.111111
C48A770E3726,8,1.0
C48F269A6ED8,10,0.9
C490AAD18CB2,9,1.0
C493B582595E,9,1.0
C4A4762D911B,12,0.916667
C4A926BBE4AF,9,1.0
C4A9AF8FF90B,13,1.0
C4AA67D8A012,16,1.3125
C4ABCDD62307,7,1.571429
C4ADC447BAD8,8,1.125
C4B59C0A3D14,9,1.555556
C4BCD14367F4,12,1.416667
C4C0C752CD48,6,1.0
C4C16DF2FE64,11,1.0
C4C7258F5EA8,16,1.5
C4CA01FFA237,9,1.222222
C4CD645EFB13,9,1.111111
C4D39AEFAA87,9,1.111111
C4D76130FDD4,8,1.0
C4D7F37C6969,12,1.416667
C4DFB24CF0DB,6,1.166667
C4E2EF38E029,8,1.0
C4E366BF07A9,14,1.0
C4E882FAAD67,9,1.222222
C4ED4217DA09,5,1.2
C4F760DBDD16,8,1.0
C4FC27B38A8F,9,1.666667
C5021AF61E5F,10,0.8
C50CDD1C35B2,10,0.8
C50FFB4F03F6,9,1.0
C5113BD6EDBF,12,1.0
C5162A975732,12,1.666667
C51752A9035C,10,1.7
C519FD18B620,6,1.0
C52FC7AEC11E,7,1.0
C532F3BAED7B,9,1.222222
C533DB3CDCF5,6,1.5
C53440E341ED,9,1.0
C5382404A84B,10,0.8
C53E390ACF12,10,1.4
C53ECFCAD653,8,1.0
C541FA8BBFDB,11,1.181818
C546087ABE6D,9,1.0
C54A9F8D32D5,7,1.0
C54D1303CA88,9,1.666667
C54DFE18A444,9,1.444444
C555B9B02440,9,0.777778
C5565E4761B7,11,1.090909
C5566100FDF2,6,1.0
C55E03052E48,5,1.4
C55E6125411D,7,0.857143
C55E751BB583,9,1.333333
C55EA5FFDB2D,16,1.375
C56C380A7CF3,6,1.0
C579A4D6151E,15,1.866667
C57EBACC6802,13,1.230769
C584DEDB2BAB,7,1.857143
C58FBAA7598E,15,1.2
C594B85513B6,10,0.9
C59ED272B57C,10,1.0
C5A3278EB458,12,0.75
C5A56B482FAA,10,1.7
C5AA5B05E972,9,1.666667
C5BAE31EFC62,9,1.0
C5C8126C1E65,14,1.142857
C5CED4ACED85,8,1.0
C5D21B0E0FD6,13,1.0
C5D2BF4CA642,11,1.181818
C5D42689EFA4,12,1.0
C5E15819B7D6,6,1.333333
C5E72440FE13,12,1.083333
C5EDEF3A8C35,9,1.777778
C5EF5C407C10,8,1.125
C5EFBFA0F25E,12,1.0
C5F1272FF970,12,1.25
C5F5F1D83B63,11,1.181818
C5F79FBC2A5F,14,1.214286
C60689EE82FA,11,0.909091
C616CFDBCA6A,9,1.0
C6171901DBA7,14,1.428571
C621091FAE94,12,1.416667
C6278E01D797,8,1.0
C6281A6521AB,9,1.222222
C629F50CB2BE,6,1.0
C632BD2F7AAB,11,1.181818
C63A4D0D395D,10,1.5
C646479A45F3,15,1.533333
C647D6659C92,7,1.0
C65820493112,7,1.142857
C6666C27A92A,9,1.222222
C66B1884100A,9,1.222222
C66BE7AC0796,7,1.142857
C67A906CFBA9,9,1.444444
C67DED3264EC,10,1.0
C683CDE5D712,5,1.4
C68590C2792E,12,1.0
C68A69F99946,10,1.2
C69853525118,8,1.125
C6A6ABE9563A,7,1.0
C6A9C44FAD1C,9,1.0
C6B21B6E5767,22,0.954545
C6BB30D4C189,9,1.222222
C6BF2843D7D0,7,1.142857
C6C21C855774,12,1.416667
C6C50AA537AF,7,0.571429
C6C57367A0E9,13,1.0
C6CD02160C0D,6,1.833333
C6CD19E2420F,14,1.571429
C6D0943E61A7,13,1.230769
C6E34B968553,9,1.0
C6E4BB599BEA,9,1.0
C6EF9DDBAA4C,12,1.416667
C6F509A96B5B,8,1.0
C6F50F41B977,9,1.0
C6FC598DC4D1,7,1.0
C6FEDB129649,11,1.090909
C70021F6FE17,9,1.0
C702182B24A5,8,1.125
C70E3EEED307,4,1.25
C70EF8435281,12,1.0
C712BBBA5BF5,9,1.777778
C716B4A085B3,12,0.833333
C71AC41CEDEA,9,1.111111
C7334AC6BE82,8,1.0
C7373B980F7E,15,0.933333
C73951E1672A,9,1.111111
C73E5FD6E5ED,17,1.470588
C743CBC9C988,17,1.117647
C74CFA4E78D4,3,1.0
C74D540B715B,13,1.0
C7535D12B057,8,1.25
C75471F5ED96,8,1.25
C755C1F6B4A7,12,1.416667
C75687356FFE,11,1.090909
C758F58834AD,5,1.0
C75AC8417907,11,1.0
C75B9C4FFEAD,12,0.75
C762A53BA0E5,14,1.142857
C764B1469FEE,7,1.0
C77A4B0D6FF1,16,1.125
C7868A739937,6,1.5
C78D5D70A58F,8,1.125
C794A9BE171F,11,1.0
C79B9A5B5D13,11,1.0
C79DB872B022,13,0.615385
C7A018905E52,9,1.0
C7A8E7FB21EE,4,0.75
C7B95C4C7D3F,13,1.076923
C7BD62EA392F,6,1.0
C7BFC84A7A01,9,1.222222
C7C25AB56695,8,0.875
C7C8290B69FD,8,1.0
C7CEFE3F256D,12,1.25
C7DA04746915,13,1.461538
C7ECAA52573D,6,1.0
C7F89A199353,10,1.1
C7F9CF7196EC,6,1.0
C7FDBAE38C0C,12,1.0
C802F00716E0,8,1.75
C80312F1821A,7,1.0
C8080378BD24,12,1.333333
C80F42A2B53B,9,1.444444
C816339C4D91,14,1.857143
C818ACA9DB76,12,1.083333
C81F05802F6C,6,1.0
C822187BF7E4,8,0.5
C82BB4F87265,8,1.0
C834107D49D3,9,1.0
C8352C0FAADE,9,1.0
C8359CAD745F,9,1.0
C83A7FABBD07,10,1.3
C83EB6623D24,7,1.857143
C848C44E3004,14,1.0
C848E72F7CE0,9,1.0
C85220A1938A,3,0.333333
C85BA77FBF86,9,1.555556
C85EFB28D2F6,5,0.6
C86149D0B9FD,16,1.375
C862AF5812E2,6,1.0
C865637A034A,7,1.0
C86A3BBC881C,12,0.916667
C87164C940D0,12,1.083333
C87505F8CC28,10,1.5
C879A485810D,6,0.833333
C87A23D05F39,12,1.666667
C88300C2CA72,15,1.0
C88B4EAD8DE4,11,1.636364
C89B8FFD5DAE,7,1.285714
C8ABD5217114,10,0.9
C8AEF0F632C0,12,0.916667
C8B5F5F1F6DC,14,1.0
C8BDD6A253D2,10,1.5
C8BF047C67E6,9,0.888889
C8C168A9F3CC,9,1.222222
C8C6FF614971,12,1.25
C8C708EC29F7,11,0.909091
C8D236725B26,10,1.3
C8D3EB90EB29,14,1.5
C8E30EE22644,13,1.0
C8E9D6F3C80A,14,1.0
C8EBB096262B,10,1.2
C8EF7048C03F,9,1.0
C8F035B467A7,7,1.0
C8F0F3C12D4A,11,1.181818
C8F152D4D8CB,12,1.416667
C8F378A4AC05,14,1.071429
C8FB2508978A,12,0.583333
C9025EF47F8F,19,1.052632
C90418EBE934,6,1.666667
C904BF74BED7,8,1.125
C906B982A3F6,6,1.0
C9083A6A4955,8,1.25
C91AE52A385C,8,1.25
C9297C1BF9C8,13,1.076923
C9313379E449,5,0.4
C93D4A5EA7F2,6,1.166667
C9408D6689CF,9,1.0
C9418C26839F,11,1.090909
C944AAD86BA6,11,1.0
C9476E86A834,13,1.769231
C94A37408A7E,12,1.0
C94AC952D287,7,1.0
C94CAA3F0326,5,1.4
C955208BEEC3,5,0.8
C95E8958D4A0,6,1.0
C96084A18640,12,1.416667
C9771D45787A,13,1.153846
C977338F6A53,15,1.733333
C97AF423A6AA,9,1.0
C97DFE0AC3C4,9,1.222222
C97FB0BE063C,18,1.0
C9896C21A7AB,8,1.0
C98FE6669AA6,9,1.222222
C9966CF28678,9,1.111111
C99AB6D2F57D,9,1.444444
C99AE311CB7B,6,1.0
C9A1E85BF75F,4,1.5
C9B06B12D9F8,9,1.0
C9B1476CF832,8,1.0
C9B1827498E4,12,1.166667
C9BA274FDEBC,9,1.0
C9C61B8A1FEC,9,1.0
C9CB05ABAE95,9,0.888889
C9CCBA64CAC7,6,1.0
C9CEB2109C27,3,1.0
C9D65FBBED8A,4,1.0
C9DCBE24604E,9,1.111111
C9DD23612CF3,10,0.9
C9DD4EB1184B,5,1.0
C9EB6EB6551D,12,1.0
C9F082EEAFED,9,1.666667
C9F2A45330E1,6,1.0
C9F4BEBB3C8A,14,1.357143
CA04119154FF,4,1.0
CA085FEC0E7F,5,1.6
CA0C21200F78,12,1.333333
CA0D04C09E69,12,1.416667
CA0FB6DB7B80,13,1.076923
CA12A5A210FF,9,0.888889
CA14AD55CFF2,13,1.384615
CA290993DFBA,9,1.0
CA2987A57568,9,1.777778
CA2C46AF6ADA,8,1.375
CA3937072A24,8,1.0
CA3BC65D287E,11,1.454545
CA3D7372D7A1,9,1.555556
CA488B39385B,7,1.142857
CA4E39042770,8,1.0
CA4E67209D3C,12,0.916667
CA582B3F191F,13,0.923077
CA59BF7649BE,11,1.090909
CA5F9BF59047,8,1.0
CA61EF11F94F,9,1.111111
CA62122BB195,14,1.071429
CA79F1AAB238,11,1.272727
CA8A4FFB3340,7,1.142857
CA92495BE92E,7,1.571429
CA94E604C5A7,6,0.833333
CAA042CADA38,7,1.0
CAA05AE141EC,10,1.0
CAB0789D6C0B,12,1.25
CAB3B0C8A35A,6,1.0
CAB6B814A374,9,0.777778
CABB5AA3A94C,10,0.9
CAC29E888AC2,10,1.4
CAC42EC32F44,12,1.166667
CAC4E6021973,9,1.888889
CACCC14E28CA,10,1.5
CAD0AF209830,12,1.166667
CAD0D30AED49,9,1.333333
CAD24215C906,9,1.0
CAD4163FACC6,7,1.571429
CAE7D71D66A3,14,1.785714
CAFA42F8876C,9,1.0
CAFEA3C5D3D2,11,1.0
CB00405C862D,12,1.666667
CB02DCCE6F0C,13,1.076923
CB0BF6DDF9B7,5,1.0
CB1E8FFD4CB4,12,1.0
CB1FC8879E6C,8,1.0
CB2940550B0B,10,1.9
CB31D19D0197,8,1.0
CB3749354CBE,11,1.0
CB5B26848843,13,1.0
CB601F313149,6,1.0
CB648246281B,8,1.0
CB66B685DAF6,10,0.8
CB7BC04EF923,18,1.555556
CB85284D9023,12,1.083333
CB8B86AD7823,12,1.083333
CB8C066F9865,5,1.2
CB8D9DD083FC,12,1.333333
CB97EA7E4FB7,12,1.166667
CB9B610D53B9,6,1.0
CBA9043182C5,11,1.090909
CBACC9B7B6A3,6,1.0
CBB4595ECAB7,10,1.0
CBB4FB668826,5,1.2
CBB78E310747,15,1.133333
CBC0F741B812,14,1.357143
CBC37734DC80,12,1.0
CBC6BC024F61,7,1.142857
CBCA3CFF320B,12,1.0
CBCD5EF05F0F,7,1.0
CBD00586CABD,8,0.5
CBD364987E2D,6,0.833333
CBDAC6EED622,5,1.6
CBF37BFEBF8F,14,1.0
CBF4EA907772,8,1.125
CBF57C499977,8,1.0
CBF7A08C8352,9,1.0
CBFBF31128DC,15,1.066667
CBFDC3A0F573,12,1.0
CC059B14457A,7,1.0
CC06612E842A,13,1.615385
CC067F0DC876,7,1.142857
CC0AC8356D9E,16,1.0
CC149CD4B584,6,1.0
CC1A3887E593,13,1.0
CC207E107BB9,9,1.111111
CC23A03E8F99,12,1.75
CC2697CF981F,8,1.25
CC27DF7CB308,12,1.0
CC2EAAA8FA84,7,1.0
CC2FAE6B5135,5,1.0
CC38587E9634,9,1.111111
CC3E52BD8711,7,1.0
CC414865C2A4,7,1.142857
CC41AE0A268E,11,1.272727
CC4307140FF8,14,1.071429
CC44D32FF288,14,1.071429
CC48A051FAC9,11,1.090909
CC4A42F9E5A1,4,1.0
CC4B93E84451,13,1.153846
CC50C8238771,12,1.083333
CC5CB298AF94,11,1.0
CC68BA9DCB2F,4,1.0
CC7F0C052EBC,12,1.0
CC859523C0FE,8,1.0
CC8C5C963660,9,1.444444
CC9290DC336A,12,1.25
CC92F24A2B5D,8,1.125
CC93F09080FF,12,1.833333
CC9D461148DD,17,1.529412
CC9DB5A93782,9,1.444444
CCA7A1220DA0,9,1.888889
CCAB0FEFDD57,12,1.0
CCB089BF4CBB,15,1.0
CCB48976ED97,11,1.545455
CCB499F8A658,13,1.307692
CCB5654799E0,7,1.0
CCC18C6C74FD,8,1.0
CCD18F76562C,8,1.125
CCD66CF93741,11,1.090909
CCE09F209A52,9,1.222222
CCF236C2E533,18,1.5
CCFC07FF5EAF,6,0.666667
CD0BFAC0335E,11,1.0
CD0C46A0B2E6,9,1.666667
CD0D6C6F1CA5,11,1.272727
CD0E358CA76C,14,1.214286
CD166FD9EFA6,6,1.0
CD1B4AE39682,8,1.0
CD1E5F827178,7,1.0
CD2D05D53579,9,1.111111
CD2F2FAFD908,9,1.0
CD3621334165,11,1.272727
CD53BFFA5474,13,1.384615
CD560904AA43,12,1.0
CD586C88F4F3,12,0.75
CD7186F8F046,12,1.416667
CD7860A8F65C,17,1.0
CD7CD8E7FD01,11,1.090909
CD80ECE3B0B9,8,1.0
CD86F7930D58,11,1.0
CD954674E1A6,9,0.888889
CDAE662C4C8F,10,1.0
CDBC48E5C0CE,14,1.285714
CDBE82430B57,11,1.0
CDC9899690AE,12,1.416667
CDD50E22791C,12,1.5
CDD6D1B45E9F,4,0.75
CDDA29D40933,8,1.125
CDDBB110BFDE,8,1.875
CDE03944D26E,9,1.0
CDE3CED1BF53,9,1.0
CDE59500111A,7,1.0
CDEA9FC4A2C1,8,1.125
CDEC57E94C93,11,1.0
CDEDC1098F6F,9,1.0
CDF1BA18E83D,6,1.166667
CDF2746198CB,11,0.909091
CDF386816566,8,1.125
CE04D4F7AFFA,6,1.5
CE0E51D39469,9,1.333333
CE15E101E5F4,11,1.181818
CE17C1752FCF,12,1.5
CE2EC298670A,14,1.0
CE38BA1D5ECB,6,1.0
CE4390D4602A,8,1.125
CE464A23BF82,8,1.125
CE58704B8EB3,10,1.3
CE5D744B6D39,7,1.714286
CE64FA08E4CF,12,0.916667
CE6645D21A3C,7,1.0
CE7153D68C2C,12,1.0
CE71F3B528C0,9,1.666667
CE7797E62422,9,1.555556
CE7927383786,8,1.125
CE811414777B,13,1.076923
CE8793AE1BE8,6,1.0
CE8949FA18F7,6,1.0
CE94B3F26D2F,11,1.727273
CE94E0384C1E,8,1.0
CE96B36BFD62,6,1.0
CE97B1D61822,7,1.0
CE9CD7275C9F,9,1.555556
CE9EB0366069,9,1.888889
CEB3F5203744,13,1.0
CEB62725E8AC,10,1.0
CEBCD9972E27,10,1.6
CEBEA9F6E14A,11,0.818182
CEC33A9DE0D1,12,1.416667
CEC514057422,8,1.0
CEC54A466477,8,1.0
CED03E44340E,9,1.333333
CED4ADA9A012,8,1.125
CEEFCBFE54E4,11,1.181818
CEF2E641BA34,7,0.285714
CEF302996231,11,1.0
CEF38B3F9C98,12,1.083333
CEF5DF69B6C8,6,1.0
CEF8476956C8,10,1.7
CEF952C47189,11,1.0
CF0214901725,12,1.0
CF0311F24BF5,11,1.272727
CF0869D8847B,10,1.0
CF17C124F4F5,9,1.444444
CF1A749C4A9D,13,1.615385
CF2138A08358,8,1.25
CF2400A27FF1,4,1.0
CF28BC9A342E,12,1.0
CF2D1F83542F,10,1.2
CF38E140E4E7,9,1.0
CF43485AE351,14,1.714286
CF4C15E4C499,10,1.4
CF6ED3973EDC,14,1.0
CF6FE8034822,11,1.0
CF73E9CEBB0F,16,1.1875
CF77CA304B48,11,0.909091
CF794C60C928,9,1.0
CF84C9D788A9,8,1.125
CF8567D901BE,7,1.0
CF882151082B,7,0.428571
CF89338D76B5,15,2.0
CF8CA7E3A69A,5,0.6
CF9059F3EC39,10,1.5
CF91CB6E66F6,9,1.555556
CF96F5721A28,12,1.916667
CF9FB3659686,6,0.833333
CFA85271A07D,17,1.0
CFAF62184AB2,12,1.25
CFBCF638F69D,10,1.2
CFC8DF0444C4,11,1.272727
CFCB45ABFDA6,11,1.0
CFDCEE813DF6,10,1.5
CFE773F1600B,15,1.066667
CFE8C526400C,12,1.0
CFF4F33406B9,8,1.0
D000E7A255F9,8,1.0
D0013137BFDC,10,1.0
D0028C081AAE,3,1.0
D00460894B72,11,1.0
D004E26954B5,8,1.0
D0050F9D9621,12,1.0
D0079E60DFF1,5,1.0
D01060C5AE7D,12,0.916667
D0131DAC0F63,9,1.111111
D0179FB2F5C4,14,1.357143
D01974AA2710,8,1.0
D022656B1A36,12,1.333333
D0279F114F87,9,1.333333
D02E77657183,11,1.0
D03DB4C370ED,11,1.090909
D03FBD778280,3,1.0
D04C3774DA9D,7,1.571429
D058B8D2DFF3,6,1.0
D058C7DB9BA0,9,1.111111
D0647F201215,6,1.0
D06845D6FB0B,10,1.0
D06917E7E152,12,1.583333
D070ABC49274,9,1.111111
D0733E25A2C7,9,1.0
D087A8C24570,13,1.384615
D08E02A84446,10,1.1
D08FD4520B2F,12,1.166667
D0959D2F116B,10,1.4
D0A7DA572ED0,12,1.0
D0AAEE68941A,6,1.166667
D0ACE61F9DB1,12,0.833333
D0B9A46601E3,15,1.133333
D0BE9AFCE9F3,8,1.0
D0C00F3D38E3,12,1.333333
D0C6EB30D833,9,1.666667
D0CE35FADE7A,6,1.166667
D0CE7A343841,7,1.0
D0D8097D243C,11,0.727273
D0D8311DFC48,15,0.933333
D0DCC58B6C2B,7,1.0
D0EACBBBD862,6,1.5
D0EDA246FCA0,11,1.0
D0EEB2FA5D83,10,1.5
D0F1007406F5,14,1.0
D101D161CBBC,18,1.055556
D102D36FB9F0,7,1.0
D11D5C84764E,5,1.4
D127164A73CF,8,0.875
D12739E3912D,13,1.307692
D12A571CCFA4,9,1.444444
D12A8B3D1C11,8,1.0
D1400AFDC972,9,0.888889
D140D284B493,11,1.272727
D148D41C5D42,8,1.0
D14F3F93CF54,7,0.857143
D150E09CBC2E,13,1.0
D15265B4D1FC,15,1.066667
D15873549B60,10,1.0
D16B647E363E,12,1.5
D16ED602B018,7,0.857143
D1701A8EEF26,7,1.0
D1748C4CD7B4,13,2.0
D175BA8792E7,9,1.0
D17BD9575C96,9,1.222222
D185087926CD,7,1.0
D18833F8CBC3,4,1.0
D198D8C43AD0,13,1.0
D1A866170CEA,12,1.0
D1AC5052EF9B,8,1.25
D1ACADAC5ED4,12,1.75
D1AF5CE5040E,8,1.625
D1B06A3C02B3,12,1.75
D1B0EE67209F,7,1.0
D1B30FD65680,7,0.571429
D1B97265EAEF,10,1.1
D1B97A55865A,8,1.625
D1C46F162B11,11,1.0
D1C69AFBCE83,7,1.0
D1D2568C926F,10,1.4
D1D5A52C1B67,3,1.0
D1D8B04AF3A3,9,1.777778
D1DBB999DB47,10,1.0
D1E077EED6E8,9,1.0
D1F17C0DED14,10,1.0
D1FBC3B9A8A4,13,1.230769
D1FE2D751407,11,1.0
D20068BDE3F8,8,1.25
D20C40B1CBF3,13,1.0
D20DBFBCD4AC,8,0.25
D21485A091BA,8,1.0
D228AB564BF6,11,1.636364
D231A669B482,13,1.230769
D232361A935D,4,1.0
D234B31FC8C0,14,1.714286
D240A8375BC2,12,1.25
D242BBCBEAFB,7,0.857143
D24506D93F4A,8,1.0
D24777F39289,11,1.272727
D248655EAA45,10,1.1
D24996A97544,8,1.125
D252A6E968AB,12,1.25
D25329DB4268,15,1.4
D253E3A5BAE1,11,1.0
D256A4B24F0B,7,1.0
D25B8D9F7D84,9,1.0
D25C3B9925E3,10,1.7
D2611A8CF082,10,1.0
D265C0C54BDC,15,1.533333
D268BAAFD698,10,0.9
D26946892067,10,1.2
D26BF2CC24E2,10,1.2
D26C9B0368D0,15,0.866667
D26D8E38326A,7,1.0
D27006254575,9,1.333333
D2723B90EEC1,14,1.428571
D282E21C2DB1,9,1.777778
D284AB2165C8,7,1.142857
D2851DC6AF41,7,1.0
D287C855A18A,9,1.222222
D28B89FAFE9E,15,1.266667
D291519003C4,11,1.363636
D2918EDA94E9,9,1.0
D2946A413E6C,11,1.545455
D29E70FBCEC1,4,1.25
D2A1577EB7A8,9,1.111111
D2A1B5672C12,8,1.375
D2A4C59D44E0,8,1.0
D2B408505884,9,1.333333
D2B5ED1BA62F,11,1.0
D2BADE5A3DEF,9,1.0
D2BD6E5B0D1F,11,1.0
D2D4AD42B2E1,5,1.8
D2DB6F31B6D2,12,1.5
D2E8E5A1DE86,14,1.0
D2F5E24CEEAA,9,1.888889
D2F9E8A1C2B4,17,1.0
D2FE8D69BCB0,10,1.8
D30490AE8641,12,0.666667
D30614F0911F,11,0.909091
D3068B0EFF17,12,1.583333
D308EE83481B,12,1.833333
D30AC446FAC6,13,1.923077
D31481D3B465,9,1.666667
D3287589C77C,21,1.52381
D32FE4646A6A,14,1.214286
D336CB3A69F1,8,1.125
D337DC4042D2,15,1.6
D33821E5CC1D,11,1.0
D33AE08C2BEC,10,1.0
D343F253FDE8,12,1.333333
D344430F21DA,9,1.0
D34504244EBD,10,1.0
D34CD90863C2,11,1.363636
D34DFB9BF717,11,0.909091
D35AE4A7CE83,10,1.1
D35C1DDA7658,9,1.555556
D363B047F99B,7,1.142857
D370F48E3AD1,6,1.0
D37343CEA1EE,6,1.0
D37412D51517,12,1.25
D376C98ABBDB,9,1.111111
D37E97BD69F4,10,1.4
D381DBB598D3,13,1.0
D38424C495CE,4,1.0
D38815C5F013,6,1.0
D389558B10D3,14,1.357143
D38A46B22248,12,1.166667
D393F9AC577D,9,1.333333
D395BD24262F,8,1.0
D396045E2CAA,8,1.0
D39ED738414F,3,1.0
D39FAAF86C31,7,1.0
D3AA884640DB,9,1.0
D3AFCB51AA40,6,1.166667
D3BD101E28A4,12,1.0
D3C4B340AB3F,7,0.857143
D3C9713AEDC1,9,1.0
D3CE9EE4C4D3,11,1.545455
D3CFD3E68F27,9,1.333333
D3E723651DF3,9,1.333333
D3F48B4D2D6B,14,1.071429
D3FBCDB08BB7,9,1.0
D401D3682261,7,1.0
D401F5D87E45,8,1.0
D4062D91EE44,12,1.75
D40A10C36B30,7,1.0
D412E07BF06B,11,1.0
D425C2472543,7,1.428571
D4263CE94952,12,1.083333
D42B6354404D,9,1.222222
D42C8A38D141,13,1.846154
D43178C538DF,9,0.666667
D43D3A0AC4C0,9,1.0
D4442F757F02,8,0.75
D4494228C749,9,1.222222
D44C2B3C1C9B,2,1.0
D450BF08BE17,12,1.5
D45516C802DF,15,1.133333
D4620A5134E7,9,1.333333
D463BB44024B,12,1.333333
D46BCAFB46F3,9,1.555556
D46BCB48440A,8,1.0
D47240EFB904,14,1.357143
D48813812333,8,1.0
D4889CB1C62F,7,1.142857
D4941258B87A,10,1.0
D496BF3A284F,12,1.583333
D4988103ADF1,11,1.181818
D49AD6F46BD1,13,1.0
D49E57AFD1D1,6,1.0
D4AA8EC389C6,8,1.25
D4BB02CCC116,6,0.833333
D4BC716CE227,11,0.818182
D4BFB840A534,5,0.8
D4C789D85451,5,1.4
D4CA3E411BC3,12,1.25
D4CF0DF858F1,12,1.333333
D4D35DDC74EB,9,0.888889
D4D701DA6FFD,10,1.0
D4E16401D341,8,1.0
D4E3104E7591,11,1.818182
D4E76306D0E4,11,1.0
D4F0EA57652D,11,1.454545
D4F10FF804FF,12,1.0
D4F39D3F81E0,8,1.25
D4F76E7BBE12,6,1.0
D4F826201416,13,1.461538
D4FC7257FBA8,5,1.0
D4FF4B2AEFB4,10,1.3
D50BC91578B6,9,1.444444
D514ED6A3665,10,1.1
D5164250EE9D,10,1.3
D51B0DF8AEEA,9,1.222222
D51D6F5E3DE8,10,1.0
D52095AEF0B1,11,1.0
D5228994FD3C,13,1.307692
D522A9399593,12,1.583333
D5303AAD7E37,11,1.0
D5474D29854A,12,1.166667
D54821935AA6,9,1.0
D549B7685CBB,6,1.166667
D54F90711EA3,13,1.0
D55CA86551D8,7,1.0
D56252583678,3,1.333333
D569BD3E20CD,8,1.0
D5724EDF0DBA,9,1.333333
D5736E7D21F9,6,1.5
D5826C01FBF8,15,1.133333
D5847B4B6935,7,1.0
D58980F5EC66,13,1.076923
D58A10234F6A,12,1.5
D58DD07BC0D6,6,1.0
D59EDBD7F38F,3,0.666667
D5A0A8C83A60,17,1.235294
D5A20C71791D,8,1.0
D5A3F3F539A8,20,1.2
D5C7CD75E324,7,1.0
D5C8C29F17D8,11,1.090909
D5D12DBE04B6,10,1.0
D5D689030CA2,5,0.8
D5D8E7DFCF5B,11,1.090909
D5DCB665A2A2,11,1.545455
D5E0305B4E90,7,1.0
D5E3716C5E49,10,1.0
D5E8832F37DE,9,1.666667
D5EE6230B88E,15,1.0
D5EEF3A6DAC2,12,1.666667
D5F0FC5E6E5E,9,1.888889
D5F24E057CA2,4,1.0
D5F6593584F8,6,0.5
D5F7178E3FB1,3,1.0
D5FABAF8F84A,12,1.25
D5FC154349CA,7,1.142857
D5FDDB4DFA82,12,1.666667
D5FDDD8509F2,12,1.25
D6068FF1B29A,16,0.375
D6076F5278FD,10,1.0
D60F86CE307A,12,1.0
D6105DFE6379,9,1.111111
D6205D9E6E20,7,1.0
D6278021E119,8,1.0
D628429A0645,10,1.0
D62BC508C6BB,9,1.111111
D62C13D2615D,12,1.0
D637A78C881E,11,1.0
D63BA0463CD5,11,1.090909
D6466B4502D5,8,1.0
D6491D0BAEE0,12,1.0
D65079331F17,8,1.5
D6561FF31782,10,1.2
D659F8B4298D,12,1.25
D65A9A78A23E,3,1.333333
D6668C2DBD4D,8,1.0
D66B1B59778B,5,1.0
D66B89FC3757,9,1.0
D68085C15D3C,9,0.888889
D6830CC770FF,10,0.7
D68F66581BF1,8,0.75
D69416DBA6F4,11,1.090909
D69CDA890426,10,1.0
D69D38AB04FB,8,1.125
D6AA174A32AF,15,1.4
D6AED985BFA1,9,1.888889
D6B4B647FC25,12,1.583333
D6B7EE7B040D,11,2.0
D6BDA0F9F006,7,1.571429
D6C06F4BC0DA,8,1.125
D6CD89424182,10,1.0
D6CF7CB72CAF,10,1.1
D6DA25B584B2,17,1.117647
D6DAD8CE29A6,9,1.666667
D6DE836BDF1E,9,1.0
D6E2AF2B1B54,10,1.4
D6E6CFF686BF,8,1.0
D6E6E835191D,9,1.0
D6E7A5034205,9,1.222222
D6E91124E3C1,12,1.0
D6EBE6485EB1,12,1.0
D6ECCFEB0AEE,12,1.166667
D6EF8C8D2542,10,1.2
D6F76B0E487F,18,1.444444
D6FD06B5AAEA,12,1.333333
D712B132C8DF,7,1.571429
D7148D8FC7F7,12,1.0
D7240B7F063A,4,1.25
D72B8EA15C83,14,1.5
D72C6FB455A0,16,1.0
D72CB1C11673,10,0.9
D72D0386600A,11,1.090909
D72FA02E59ED,14,1.285714
D7301CAAFAB0,9,0.555556
D733AD9B0C31,12,1.333333
D735AC2E844F,9,1.555556
D74117152CBC,9,1.0
D746FBC79FFA,8,1.125
D7497B662A49,9,1.0
D74D7731FEA0,6,1.0
D751FAE92161,9,1.777778
D752DF2541DD,16,1.0
D762D09E389E,11,1.181818
D76E6A1CA5CF,6,1.0
D7704124F319,7,1.0
D77B7635FF7F,12,1.833333
D78579C10220,11,1.181818
D7858B9A54CE,11,1.454545
D786038182B6,13,0.846154
D79A5C8FDE2C,13,1.538462
D79B3C0646C0,9,1.222222
D79E9FFDF3AC,16,1.25
D7A223203064,4,1.5
D7AC0CBF7742,12,1.166667
D7B12358DBA3,21,1.809524
D7B762CDB426,7,1.142857
D7B78756EA51,10,1.4
D7B7922A821B,10,1.1
D7BED4F214F4,11,2.0
D7CBAFF010CA,9,1.333333
D7D1BA7B733C,5,1.0
D7D4F8C7FDFD,11,1.272727
D7D5B313943F,4,1.0
D7D66E258830,7,1.0
D7D69872016F,12,1.166667
D7DA16DF1DFA,6,1.0
D7DB18D1807F,14,1.428571
D7DD6B53B8B6,11,1.181818
D7EFCB1D6BFC,14,1.571429
D7F08906BCB3,6,1.0
D7FFBE6E0434,9,1.0
D800E94913B4,14,1.571429
D81114D5646C,9,1.111111
D81428AC9545,8,1.0
D819F9680753,8,1.0
D8284C3B2D2C,6,1.0
D830F531C366,12,1.416667
D83490F6B0B5,12,1.0
D83B337EB709,12,1.166667
D83B639CDF7F,7,1.0
D83F89166BD3,15,1.4
D8406ADB1493,9,1.222222
D840AC3957E5,8,1.0
D8423F36D01A,8,1.0
D84271FC252A,9,1.777778
D84CB197450F,9,1.0
D85638E450CC,6,1.0
D85BF31FDBB1,12,1.0
D866C80A55A4,14,1.5
D86E4D85A5B1,11,1.090909
D8708AEA9667,7,1.0
D870D44CC2A9,9,1.333333
D8728E6AF814,9,1.666667
D8782A7B9509,6,1.0
D87E49D020B1,11,1.0
D88577FFCDB2,10,1.0
D887C3386299,11,1.545455
D889C48DD497,12,1.0
D88A1D12032B,4,1.0
D88B4501DA8E,3,1.333333
D88E55D44EAD,9,1.444444
D891B1BFC6F6,7,0.857143
D8934CA35801,5,1.0
D8A3DBAE8AAD,12,1.166667
D8B1428C9C49,7,1.0
D8BDF61F6010,12,1.083333
D8C149300D31,18,1.333333
D8C3DD3A74F1,12,0.916667
D8C47A7C4F39,15,1.266667
D8D90E042134,6,1.0
D8DBF197A624,14,1.071429
D8E16EEF6520,4,1.25
D8E4CB99DD3F,11,0.909091
D8E8BBA9E966,7,1.0
D8EAAA9AB53B,13,1.769231
D8F3781C0ADC,10,1.0
D8F89BE1861C,11,1.272727
D8FA1F4C6D5C,11,0.363636
D9051AACAC49,7,1.0
D90A159EDD27,12,1.083333
D90FF71D0964,7,1.714286
D91B2369C76D,6,0.5
D91DF55E351B,7,1.0
D91E1C57C0AD,7,1.0
D925E8553B9D,12,1.083333
D9266AAB3A51,11,1.363636
D92E4A5DAA55,12,1.416667
D92E631AA886,15,1.133333
D935E6EB5427,11,1.454545
D93BADC352CF,12,0.916667
D93DE5C411EA,9,1.0
D941EA296360,8,1.0
D94C5A4EBEDF,14,1.0
D94F579CFD16,10,1.0
D94F8C916402,9,1.0
D954D8B031D4,10,1.0
D955E21FF1A0,5,1.0
D95AD99A9225,12,1.0
D95D51EFCBB2,10,1.2
D95DB718C0A4,5,1.0
D95F9F5C8A98,8,1.0
D96822A98F32,9,1.333333
D972C6918584,11,0.909091
D97E47A63218,9,0.888889
D97F2B893D8E,9,1.222222
D98F3E1DE828,9,1.111111
D9969B1F3A15,9,1.777778
D99A7BF56928,8,0.875
D99A8FDB17D8,13,1.0
D9A9EEDB9D0C,14,0.928571
D9AFEF8F5C41,14,1.571429
D9B24103EA38,11,1.727273
D9B2449945D1,11,1.636364
D9B3809280F9,11,1.0
D9B9F1212FB0,9,1.0
D9BB6C11F6E3,6,1.166667
D9C0995BC85E,9,1.0
D9C2561E3D3F,9,1.222222
D9C7239183B8,14,1.214286
D9C93D8604E1,7,1.0
D9C9F849DC3E,14,1.285714
D9CB3A1C5A65,10,1.2
D9DD8E066439,9,1.0
D9EA6EA497D8,14,1.071429
D9F140E187E0,9,1.0
D9F81CACE60B,12,1.416667
D9F9E6C83C42,6,1.0
DA025E83C104,11,1.0
DA06C685218C,10,1.0
DA0FBE6F11C9,10,1.9
DA1108A0B880,10,1.5
DA1AAFBF0C33,11,1.0
DA1C7D2E4652,11,1.545455
DA1EC7B04A89,7,1.142857
DA228B928B61,9,0.888889
DA256CE59165,5,1.0
DA2D885A25C8,9,1.0
DA2D92B73B67,11,1.0
DA41A7B07DF0,10,1.0
DA4CC3E793A7,7,0.571429
DA6129048732,9,1.0
DA617DC7E4E9,13,1.0
DA645EE46524,7,1.142857
DA67A738611E,8,1.125
DA6A5A5A67A0,12,1.166667
DA6D07A177C7,8,1.0
DA723916BCC0,6,1.0
DA72D7D20441,4,1.0
DA757F0B202B,12,1.0
DA86BC9B9FB6,8,0.875
DA892A0397A7,15,1.4
DA8F8C0D6952,11,1.454545
DA9250021F33,11,0.909091
DA97EDCE0411,12,1.416667
DAA1B0DC9448,9,1.444444
DAA628E2227A,9,1.0
DAAA48575626,11,1.090909
DAAB3F3226B7,6,1.166667
DAAC37C0B251,9,1.0
DAACA620A21F,16,1.375
DAAE03562B58,12,1.25
DAB2DE52F977,14,1.071429
DAB32DFD9F8E,8,1.75
DAC85E32DCED,7,1.714286
DACAA57BB2DA,11,1.0
DACB465971AA,10,1.1
DACF12F21A7C,8,0.875
DAD962720BFA,10,1.0
DADE59A3F782,7,1.0
DAE3E4057810,7,1.0
DAF339DC4E48,18,1.555556
DAF474E5E711,11,1.090909
DAFE25154516,8,1.0
DAFF03EE1185,16,1.25
DB0A595A4723,6,1.0
DB0AAE4A906D,9,1.111111
DB12BA4206B8,7,1.0
DB3A6CE1E72C,9,1.0
DB4120B86224,10,1.1
DB456BAE601B,13,1.461538
DB4B78DAADCB,4,0.75
DB4B94FE666C,13,1.153846
DB4FE19B8FDA,13,1.461538
DB5226FDBAD9,7,1.571429
DB52CF86239E,10,1.0
DB5EA842EE5C,10,1.1
DB61771326C9,5,1.0
DB62D47E5B0D,6,1.0
DB64557FFF45,11,1.0
DB7C2E4235B4,15,1.066667
DB806AB245CC,6,1.0
DB82C7F35E09,12,1.0
DB8C242CD917,12,1.5
DB9838545463,10,1.2
DB9CAE4A0E72,12,1.75
DBA1BE0F3883,10,1.1
DBA34EE35681,6,1.0
DBA3D1D1D0B5,11,1.454545
DBA5AB233A32,11,1.454545
DBA70364DC32,9,1.0
DBB590C34361,13,1.230769
DBB59F61A74B,10,1.6
DBB73F490F75,8,1.0
DBB86EAFC921,11,1.0
DBB8D193FF22,11,1.0
DBC53691CD0A,13,1.692308
DBCDA37271B0,14,1.0
DBD25468A540,9,1.0
DBE03B6BEC7B,9,1.0
DBE16C234CF3,17,1.588235
DBE4FF1CA803,9,0.888889
DBE9780AB73D,9,1.666667
DBEBB6A866B6,8,1.0
DBF35E9F40A2,9,1.222222
DBFD15D537CA,8,1.0
DC00E095928F,16,1.0
DC011CC0196C,15,1.0
DC071D6F4B9B,12,1.5
DC0AA2B1EE04,9,1.555556
DC0D4BED5690,10,1.1
DC1DF3697B5B,7,1.0
DC25CFE5EACC,15,1.0
DC2EE6A2F024,6,1.0
DC364EC72968,8,0.75
DC3B3B45F177,9,1.777778
DC3FB660851C,12,1.0
DC430F1F553A,12,1.166667
DC5B8E6C23E6,14,1.0
DC5BC55992EF,12,1.5
DC5BDFA3BFD6,15,1.733333
DC5D57703D10,7,1.0
DC6181711B08,12,1.0
DC67C20F18B4,9,1.888889
DC6B635B5ACC,6,0.833333
DC6EDCFCFBC2,8,1.0
DC70105E6486,12,1.0
DC73C0D559C2,7,1.0
DC778C27E995,15,1.133333
DC7A5FB980EB,9,1.333333
DC8F1803CAA3,12,1.0
DC8FC7A75827,6,1.0
DC957F383300,15,1.066667
DC98401E5435,9,1.666667
DC99A891155A,13,1.0
DC9CBB208C6D,5,1.0
DC9CFB86974F,11,1.0
DC9E68A23D49,3,1.333333
DCA37228E485,9,1.0
DCA75F07566D,9,1.111111
DCA9EC57CDD9,9,1.333333
DCABFA6AD5AE,11,1.727273
DCC03D6E1A60,13,1.0
DCC5C3EDE4B4,7,1.142857
DCC759FDB81B,8,1.75
DCCCC2D2E6F7,8,1.25
DCD55461ED69,10,1.0
DCE82F61BE10,14,1.0
DCE93861CC17,9,1.333333
DCEFAC68750A,7,1.285714
DCF69E80899A,11,1.0
DCF6CF405A9B,8,1.125
DCFBD4CF4251,10,1.0
DD0929BB46D0,7,1.0
DD0C4908118A,4,1.75
DD0F3E7B4DDE,9,1.0
DD16D942AAA6,10,1.0
DD1D41CC5388,9,1.888889
DD1D7CBCEE67,6,1.0
DD259D664877,11,1.272727
DD297FC6742E,10,1.0
DD2A3D3C8EFE,9,1.0
DD2E2344EE9A,9,1.0
DD344529E596,12,0.916667
DD42D7A5641A,11,1.0
DD4452393C7E,7,1.0
DD474E5804C0,13,0.923077
DD4953261FCD,9,1.0
DD5516A5BDD5,9,1.444444
DD611D7D21FB,9,1.111111
DD6238DB550D,7,1.571429
DD637A4E40F2,14,1.571429
DD66EBC605D1,17,1.117647
DD718D458160,9,1.111111
DD71BE46AFE9,8,1.0
DD769E98B1FF,10,1.0
DD77F2D94E3A,12,1.75
DD861E42F43C,12,1.0
DD8649A7235B,6,0.833333
DD8F90D2A759,8,1.0
DD92629D4A50,12,1.25
DD95B403F95F,5,1.4
DDA8E22052DD,12,1.0
DDB424217004,10,1.2
DDB51D1B4A5F,8,0.875
DDBF7A73F765,12,1.0
DDC53C7B5B42,10,0.7
DDD1ECC1D35F,9,1.0
DDDA4C02DB34,7,1.0
DDE5F76CAE87,8,1.25
DDE62E929C6B,7,1.142857
DDE64A8AE177,9,1.0
DDEECCE96A13,11,1.0
DDEF5E8CEDA0,10,1.1
DDF590722BF7,9,1.0
DDF611F84032,11,0.909091
DDF94CF384FD,16,1.5625
DDFD32F71277,14,1.357143
DDFE32440B4E,10,1.2
DE04ED82B911,10,1.2
DE07BC43B1E5,10,1.0
DE0BE442F3F2,6,1.0
DE0F442888D2,7,1.0
DE11D98D685E,7,1.285714
DE17AE0AFF7D,15,1.266667
DE2892C0639D,10,1.1
DE2AEFF23011,11,1.090909
DE2DAA2A9345,6,1.0
DE34EBAA18EE,11,1.0
DE3A8BE8C603,10,1.4
DE464738294E,12,1.0
DE499912068F,17,1.117647
DE4A7CBFD4DF,8,0.625
DE51EAD12F36,18,1.222222
DE5734279D92,7,1.0
DE6623432646,15,1.6
DE6896BD2E62,12,1.416667
DE706AB4435F,10,1.0
DE717602BE6E,7,1.571429
DE728DF42B4C,9,1.444444
DE74EE90011B,3,1.333333
DE762A22E874,9,1.222222
DE7A974017E1,6,1.0
DE7F02980A1D,11,1.727273
DE841BF24A2F,9,1.0
DE84ECE816A7,6,1.166667
DE995A14B51D,7,1.571429
DE9E2CC41A63,6,0.666667
DEA0F85D7DB9,11,1.0
DEA8551BCE81,12,1.0
DEAF202F9EB2,10,1.1
DEB61D33E804,9,1.333333
DEB6DD3E13D8,11,1.0
DEB6EF459B10,5,0.4
DEC0AE0BBCA6,7,1.0
DECDC46197E4,12,1.833333
DECE5ADD8E41,9,1.0
DECECA25BCBD,19,1.263158
DED1836E758C,9,1.0
DEDBA7A90125,12,1.0
DEDCFAD56126,15,0.866667
DEDF5F03E30F,7,1.0
DEE347FC135C,9,1.555556
DEEB40F3A79D,11,1.0
DEECF8A86136,9,1.111111
DEFEAAC01F83,11,0.909091
DF00A9FDE3D9,8,1.25
DF0E5C97D467,10,1.4
DF249BCF1B57,14,1.214286
DF255BB19E6D,10,1.1
DF30561FC18B,7,1.0
DF3EA9FBAB8F,10,1.4
DF4094E2AFA0,6,1.333333
DF4A18C70D2A,9,1.0
DF5281802CF1,12,1.166667
DF564C30E155,10,1.2
DF5F5748EEF5,8,0.75
DF76BBCD85B1,14,0.928571
DF7A8A771133,17,1.0
DF7CD9B3B988,3,1.0
DF7CE3C241CE,9,1.0
DF7E25AEB331,10,1.3
DF82E9233655,7,1.857143
DF8386B85411,14,1.785714
DF890FC7D48F,9,0.888889
DF89D66120D2,12,1.25
DF8A499373F4,9,1.0
DF920E0A7337,9,1.0
DF944DD9C026,11,1.0
DF9580284892,4,1.75
DF9D7CEBFBF4,9,1.111111
DFA350B72363,8,1.25
DFA37BC88FA6,14,1.285714
DFB05A5E4FE7,14,1.0
DFB074E89515,11,0.909091
DFB9E05148CD,7,1.714286
DFBA34FFE11D,11,1.0
DFC217C4144E,10,1.2
DFCE04EE5E11,14,1.142857
DFCF2A3BE972,11,1.272727
DFD2C3047A7F,9,0.888889
DFD700856850,6,1.0
DFE2FC3897AF,9,1.444444
DFE6D4DFE88D,8,1.0
DFE72C747B5B,15,1.2
DFEAEC512BAB,10,1.0
DFF09E77A730,4,1.0
DFF9D6FA7A8A,7,1.0
E018497ED277,13,1.076923
E024277769DE,12,1.5
E03004D2EC0E,9,1.0
E0326A44EAA7,12,1.333333
E032A417EBD1,9,1.222222
E03ABEC27E0E,12,1.25
E04328029B5D,6,1.0
E04915C5EF0F,11,1.0
E0536CFB1530,8,1.0
E05800F81426,4,1.0
E05ACF2DFCB8,11,1.090909
E05FAF430BBC,10,1.2
E060D90D6CB9,9,1.0
E0641441E7B6,11,1.0
E06A8C8B5666,7,1.0
E077B0E86DBE,9,1.333333
E0797671B1B2,7,1.0
E079C8DE0D1E,9,0.888889
E083167B7FA9,8,1.0
E088DABCADF1,16,1.5625
E08A1ADE64C2,14,1.5
E099AB8BFFC5,5,1.0
E0A1D0E7B2FF,12,0.916667
E0A4A5FB3C3D,10,1.0
E0A686C9DEFF,14,0.714286
E0AB88923BA8,11,1.0
E0B1630FB93C,7,1.857143
E0BBCFF37E53,12,1.583333
E0BC31D75246,9,1.0
E0BC570E02EF,6,1.0
E0C2BC52DEC1,8,1.0
E0C638AF8B52,16,1.25
E0C65D8198DD,18,1.055556
E0C7A011BEF5,7,1.0
E0C817E9566C,15,1.533333
E0CAF5DAB8E3,9,1.0
E0E07A90CD79,13,1.384615
E0E704BAA407,11,0.818182
E0ED571AED2A,7,0.857143
E0ED943EC5A7,8,1.0
E0F74B9F9C79,12,1.0
E0FEF743B354,9,1.0
E106B08D9BD5,9,1.555556
E10A4D05618B,14,1.214286
E10E42DFDA2B,8,1.0
E11028B183D4,12,1.0
E112AB5D1FCD,9,1.0
E117A2236FB2,11,1.0
E118DBC2FE54,11,1.090909
E11931B2A6AC,11,1.181818
E11AF042D7B5,8,1.0
E12450BAE343,11,1.0
E125061E7C8A,11,1.636364
E125A0E0FD41,15,1.133333
E14632E60C40,15,1.4
E1464913F4ED,9,1.777778
E1571FAF496E,15,0.933333
E157A46F6620,10,2.0
E15ECDD9A660,9,1.444444
E16916B78B8F,13,1.384615
E1706E7F68AC,10,1.0
E178F7288BEE,12,1.25
E188A496D70C,9,1.0
E1892DEBDF43,8,1.0
E193F743822B,12,1.083333
E1A7CA8AAE69,9,1.222222
E1AA4DD50FFE,13,1.538462
E1AB05589049,9,1.666667
E1ABD278E4CD,12,1.416667
E1AE7FDD072F,9,1.0
E1B4C22E7785,7,1.428571
E1BF1B0C6C08,9,1.222222
E1C96D7A8110,13,1.307692
E1D90A25415D,3,1.0
E1DDD9115527,11,1.090909
E1DF5A240860,6,1.0
E1EC4869981F,10,1.3
E1F8CC751301,12,1.0
E2008A562703,11,1.363636
E2051966C4BC,9,1.111111
E20BA9FF8CD1,7,1.285714
E214E42B939C,14,1.0
E215400764F3,12,1.416667
E21F0A8C61AA,19,1.473684
E221E2575DA8,12,1.25
E22D53ADC06A,12,1.333333
E237F17B4C4E,7,1.142857
E24220DC9CBC,5,1.0
E2424E02CF26,8,1.125
E243395D94C1,11,1.181818
E24CB91289DE,7,1.0
E24F3C794B08,12,1.25
E24F801F1C4A,9,1.777778
E26249CC6344,11,1.0
E26250112076,8,1.0
E2630767E36B,17,1.411765
E263EB3FBC22,8,1.0
E2644EB8180E,8,1.0
E2669D67879F,10,0.9
E267774724A3,5,1.2
E267AD56BEDA,10,1.0
E272662CDFFC,12,1.0
E286AD066204,7,1.714286
E29BB3036F42,6,1.333333
E2ACE0A2F214,8,1.25
E2AF0F6F8B0C,8,1.125
E2B4BB363CCF,11,1.818182
E2B7D2BC2163,10,1.4
E2BB0AA98EA5,14,0.928571
E2C5E75AEB85,10,1.0
E2D4914989F4,11,1.0
E2D6958F6FC4,12,1.166667
E2DB73B74268,5,1.0
E2E3B94DAE4C,9,1.111111
E2E3F9182F8D,9,1.111111
E2F4E68CFEAD,15,1.466667
E2FCB022655C,12,1.166667
E2FCF4124BCE,7,1.142857
E30209138F4A,10,1.6
E3097287CBD1,13,1.076923
E3098475BFE3,9,1.111111
E316A7CADFAE,10,1.2
E317D1070D4F,22,1.272727
E31E8081F587,12,1.083333
E31EF8887AA4,7,1.0
E328DD28411B,12,1.25
E33ACC2CE4A9,4,2.0
E33D8FADD6BC,12,1.25
E3478C339A2B,12,1.083333
E34D8F5E2493,9,1.111111
E353EF820872,11,2.0
E3559D8E946B,8,1.125
E36518881D9B,8,1.0
E3668C4C4C0C,7,1.0
E3752B328709,11,1.0
E37DDD386B5B,10,1.3
E382BBC2D88E,12,1.0
E38F3F02957D,9,1.111111
E390C09138FC,12,1.0
E392A61F0E02,8,1.0
E392F8BC3F93,11,1.0
E39559BF14F2,12,1.916667
E3A0D17253B9,6,1.333333
E3A2C937BE5C,12,1.0
E3A519D05CE5,10,1.0
E3AE96BD6370,14,1.071429
E3B01D3EF8C1,8,1.0
E3B3792EFF86,8,0.875
E3B5F5E76B04,14,1.357143
E3BA4F414829,6,1.166667
E3C5F6B9EDB7,6,1.5
E3C9B6675588,6,1.166667
E3D6D79EA71F,7,1.571429
E3DB63C503FC,7,1.285714
E3DD9FD8CB78,10,1.0
E3E283A204F4,9,1.555556
E3E50332E6FD,10,1.7
E3E51C3F6E8B,14,1.142857
E3EA6FB5390E,15,1.0
E3EC69F1DA50,13,1.0
E3EF725157D1,9,1.111111
E3F1E3B08625,12,1.416667
E3F7C506105F,6,1.0
E3F990437D0B,9,1.0
E3FC2388E2A5,13,1.0
E3FD686E3696,12,1.333333
E3FF67C84443,7,1.0
E406678F52D8,12,1.0
E40C8427B410,8,0.75
E40FC88896CF,15,1.266667
E40FCCD0202A,9,1.555556
E41069F5273A,10,1.1
E4196C7BE2AF,11,1.272727
E429FF2A24BC,9,1.0
E42D72563951,12,1.666667
E4303F5DA72C,5,0.8
E4306421A388,21,1.428571
E44060CBDCF8,12,1.0
E4446EFE0F8C,9,1.0
E44539A0116C,6,1.0
E459422C794C,12,1.666667
E4596B010B9B,11,1.0
E45E61408FF5,8,1.0
E45E9DC77BF4,5,1.0
E46C52182D66,15,1.4
E46E59D6FAAC,8,1.0
E46EFDB1A301,7,0.714286
E47334837113,8,1.0
E475F06BDADC,10,1.2
E4773D5D6BEA,11,0.909091
E490CC452ADD,12,1.416667
E497A489CA82,10,1.0
E4994414BA5A,15,1.4
E49ACBC11993,7,1.0
E49E1BE24B54,6,0.833333
E4A137196DDD,22,1.0
E4B7DF413601,14,1.071429
E4BFE6EC3275,13,1.0
E4C696F6D35D,3,1.0
E4CE8E374B3A,9,1.777778
E4CF900A6CB6,4,0.75
E4D4DBB54D4B,8,1.125
E4D780F0FCA4,6,0.666667
E4DA68D2918E,11,0.818182
E4DC7BF5147E,10,0.9
E4DD1F3429F8,8,1.0
E4DE4FCBFA63,7,1.0
E4E456EF2132,12,1.0
E4EDEE977D32,12,1.416667
E4F262D098ED,10,1.0
E4F64D34C2F1,8,1.0
E4F8F96D1AC4,9,1.444444
E4FACBE9AC22,7,0.714286
E50212D4B912,9,2.0
E504081AA343,10,0.9
E50573E4631B,17,1.0
E506BA4555A6,13,1.0
E508BAFC3BF9,6,1.0
E511D6E99C4B,8,1.0
E51722919697,4,0.75
E5187E0B5C8D,8,1.25
E51A57766989,9,1.0
E51DC9CFC464,14,1.285714
E520A6FF2F3A,8,1.0
E52E535C2CE1,4,1.0
E53B41F7A542,6,2.0
E53B5654C0E2,8,1.75
E53EBCEA33C3,6,1.0
E540DE3C35CB,12,1.583333
E55640B069F5,5,1.0
E55967D94E2C,9,1.333333
E55C5624FD0E,8,1.125
E5629850DA84,7,1.142857
E566F0D20F98,10,1.0
E57694A9EED2,12,1.25
E589B660EDA4,9,1.777778
E58AEB0A47B8,9,1.0
E58B1AE98FEA,9,1.0
E58C0FE24A2A,6,1.0
E592D7734E3B,11,1.0
E59C5ADE38D3,11,1.0
E59DD4FF67E8,10,1.0
E5ADCFEF9D75,10,1.1
E5B45EC8F365,10,1.1
E5B6F3AAA311,14,1.357143
E5B77EA58C0B,10,1.1
E5B8D9D7C083,14,1.142857
E5B8DBD2D1CB,4,1.0
E5BC699A64C5,6,1.0
E5C0ED4A75D1,10,1.0
E5C38CD92E3C,7,1.0
E5C524E8ECB8,4,1.0
E5D3ABECD53B,10,1.3
E5DD1BEF699E,15,1.0
E5DD5064713A,14,1.214286
E5DFA12B816A,11,1.0
E5E2A3899DA2,10,1.0
E5ED252A0C48,4,0.75
E5EF52219F63,5,1.2
E5F259FAF619,8,1.0
E5F378BE5F7C,10,1.1
E6011A7CB10F,5,1.0
E60257F8B334,9,0.888889
E60EAA95E3F1,7,1.0
E6189612100C,7,1.142857
E620272D484D,12,1.0
E62935191079,12,1.0
E62F91C1062A,15,1.666667
E6337FDAD05A,11,1.181818
E63713BC8E38,12,1.166667
E63821C43C7A,9,1.111111
E638A1E0C45F,9,0.888889
E63B119399A4,10,1.0
E640BAE6092D,10,1.1
E64E850E6E71,9,0.888889
E64FA9375E9C,11,1.363636
E651190656B1,11,1.545455
E656F77A6F59,14,1.571429
E659800B906C,6,1.0
E661EBA39ADC,15,1.333333
E676BEF17B80,9,1.0
E67907CD1C06,7,1.142857
E67BBFA8F72F,4,0.5
E680D448BBA4,12,1.166667
E68CDA395B2D,9,1.0
E6A0EF9688EE,11,1.090909
E6B86BBB86AA,9,1.444444
E6B964D51793,5,1.0
E6B9A294B454,9,1.111111
E6BF8D197E0D,15,1.133333
E6D105874F5D,9,1.111111
E6D61167AFFC,10,1.5
E6DDB05EB921,9,1.555556
E6DEF83C2A61,11,1.363636
E6E7692E6D92,7,1.142857
E6F9F8CDF64A,9,1.111111
E700839A6803,15,0.933333
E7080B254922,7,1.285714
E70FDC4A9010,7,1.0
E71015CFD95C,13,0.923077
E7111F690B98,8,0.875
E71176878741,13,1.076923
E7140F0919C3,11,0.363636
E717BA8DAB1B,13,1.0
E71AD2CBA08E,15,1.066667
E726C5DDAD9F,8,1.875
E7296D97815C,16,0.8125
E72EAE4B0792,11,1.363636
E730E967537C,5,0.8
E73557CE9161,6,1.0
E74E4865B395,17,1.117647
E74F2616693B,9,0.777778
E758B77AC952,10,1.3
E76389FF2E2B,12,1.0
E764AE42E050,5,1.2
E76B5F4C93C4,11,1.0
E76E617CBAA9,9,1.111111
E76FD3AB8750,14,1.142857
E7721A3B1C9D,5,1.0
E773A6161A52,9,1.111111
E7741CA1BDC2,12,1.25
E774D4694AFA,7,1.142857
E774EAC59A72,10,1.0
E792CBEB06C5,7,1.0
E797D7F9B452,10,1.1
E7988483480F,6,1.5
E79BEA9BFC6E,12,1.166667
E7AF1FC5DBB1,8,1.0
E7B411F1D446,12,1.0
E7C552A90707,6,1.166667
E7C973BC4FDA,11,1.0
E7CB6A91A381,8,1.0
E7CBE8FEFCDF,7,1.0
E7D7A233ED11,9,1.0
E7DA3EBD8366,12,1.0
E7E7F9BA0F30,8,1.75
E7E8F2F6314B,10,1.1
E7F8EFED6469,9,1.0
E7F9A77683D2,5,0.8
E8027B1E86C2,4,1.0
E803918F35BC,10,1.1
E808AD021E0C,6,1.0
E80959E551E1,9,1.444444
E81A28C40FF5,9,1.111111
E81B50098AAC,8,1.0
E82267D7C2FB,10,1.5
E8247E1BBF06,7,1.285714
E827A459B025,16,1.4375
E82B39E10E69,12,1.0
E82F173F9C67,10,1.3
E8310EE7808E,8,1.0
E8312870BC60,11,1.0
E83B8BD5D5A4,10,1.0
E83BB12A2F88,9,1.222222
E83BEEE4EF18,11,1.181818
E83EAE114F13,8,1.125
E84A634F67DC,13,1.0
E84AB4FFA81C,9,1.0
E84B37C0DC10,7,1.285714
E84E56E90C78,11,1.090909
E852725A7D4A,11,1.0
E8554E8D2925,9,1.0
E85C45D90D1D,18,1.611111
E85D576C9EA2,9,1.111111
E85D65895039,5,1.2
E864A028109F,8,1.0
E86DE76F68EF,6,0.833333
E877D5AD16DA,4,1.0
E879F32DA754,8,1.0
E87EA7CD7578,9,1.0
E880AE12B9AA,10,1.0
E881D51A63E0,9,1.0
E88B3A355149,12,1.25
E89C454FDDCB,9,1.111111
E8A04869CFD0,10,1.0
E8B1304AFD9D,7,1.0
E8B7708CFA87,9,0.888889
E8BB10123BFE,18,1.388889
E8BF036DCFA5,9,1.0
E8C3CD780A55,5,1.0
E8CA56DE95A2,11,1.818182
E8D3A695C074,14,1.428571
E8D7B5F63B11,9,1.111111
E8DB38E62A2A,9,1.888889
E8DD372E679E,9,1.111111
E8E27F3D811B,7,1.285714
E8FB293C0D4F,14,1.142857
E8FF0D2483FE,12,1.666667
E9012D606564,10,1.2
E9026A3D93B7,7,0.857143
E9041778B163,5,1.2
E9141ABADBD4,9,1.666667
E9179F8981D6,13,1.615385
E91ACFD30D10,8,1.0
E9245097F146,14,1.0
E92E7BAEF0BE,5,1.0
E9363204BCEF,11,1.636364
E939E9FE8D2C,8,1.0
E940448E4323,9,0.888889
E949DAF7C54B,9,1.777778
E94D9F90C2DE,8,1.125
E9572AFBB5A5,10,1.7
E95AA3E3AC4B,8,1.25
E95B8AE3FB44,12,1.0
E96117D22492,14,1.357143
E9621B1CE4F0,11,1.363636
E968C7C1A689,7,1.142857
E96C2AD465F8,15,1.066667
E9739967700C,3,0.333333
E974D272C14E,14,1.714286
E97556BF38C0,8,1.0
E97A5C116E30,9,1.888889
E97D16349835,6,0.833333
E98F49492C8B,8,0.875
E99200305F7B,12,1.166667
E9A10ABAF3B6,9,1.222222
E9A8AA566985,14,1.285714
E9C1EC2403E8,10,1.3
E9CCA2E31DCB,8,1.0
E9D4A272DDAE,9,1.666667
E9E6AC0ABFB1,11,1.181818
E9E9AEC9100C,12,0.833333
E9F914C7849F,14,1.142857
EA03135D3C88,14,1.5
EA04020F5ECD,8,1.0
EA054F4D6041,17,1.588235
EA195C29ACB1,11,0.909091
EA1B8288F9F4,5,1.0
EA2AF2EF79D7,5,1.0
EA2B5EB1DFDA,15,1.2
EA317CE76E48,11,1.0
EA31BBD77334,12,1.083333
EA3B2BC17E2A,10,1.1
EA441360E42C,9,1.111111
EA493ECF9F3B,4,1.0
EA4A41CF477E,11,1.636364
EA4E4199A90F,10,1.1
EA5067362719,9,0.888889
EA532C0ED925,10,1.3
EA57C6750829,10,1.6
EA5BFD706570,13,1.692308
EA66CD458EE1,4,1.0
EA6A616C5990,11,1.090909
EA7403CC3053,16,1.0625
EA799C43B004,4,1.25
EA7CFD7E6789,4,1.25
EA7DF5E3AE3D,8,1.0
EA9AFF6762A7,12,1.0
EA9C3C6FCDE2,6,1.0
EA9E0708DE17,12,1.0
EAAF750723A4,9,1.111111
EAB40015735D,9,1.333333
EAC03FA78D0C,9,1.0
EAC2A13BE93C,9,1.0
EAC3596461E7,10,0.9
EACE18447D2D,6,1.0
EACEDA8DD189,12,0.833333
EAD0F017B5D4,9,1.444444
EAD34355445F,12,1.166667
EAD3F5B3AE77,7,0.857143
EAD7F1F02A93,6,1.0
EAE3A1E3B396,7,0.714286
EAE8AB55E9B1,11,0.909091
EAEC2EA52BEC,13,1.0
EAF09825C7C6,13,1.0
EAF1A1E138E8,8,1.0
EAF72F67654F,8,1.0
EAFA7F1C0627,13,1.0
EAFFC084F3D3,9,1.222222
EB05DCA04676,8,1.0
EB063AA76EB8,8,1.0
EB13EC9C3AB5,8,1.375
EB1500B8EA75,13,1.0
EB1A6A5DDC55,7,1.0
EB1B056DA1D7,11,1.272727
EB1CBB0FFEAF,12,1.0
EB1E061F404D,5,1.0
EB2729A98E7B,11,0.545455
EB274FBC904F,10,1.0
EB28D5B91DCC,13,1.307692
EB29E13CF6D7,18,1.388889
EB2A9662967E,9,0.888889
EB2FC5321E67,6,1.0
EB32D8CAEC88,6,1.166667
EB39727D0F7B,9,1.333333
EB3C0E8A3280,15,1.333333
EB3D0704BCF0,6,0.666667
EB49C042DB20,10,1.0
EB4AD7A46168,11,1.0
EB4FE2D03A6F,16,1.375
EB509BF4303C,10,1.1
EB593834E039,9,1.0
EB5A7CAAFFC6,8,1.0
EB5D6E0CD129,9,1.333333
EB6C2AF20BFE,10,1.0
EB71F370D655,9,1.666667
EB78EABD33B0,14,1.428571
EB793B72A8C4,14,1.0
EB819A2CF765,11,1.454545
EB8D5B9798AE,8,1.375
EB94208AC8AF,8,1.375
EB9C5ADE320C,8,1.0
EBA1B05B6624,10,1.2
EBA2F18D9666,12,1.083333
EBAA812BF6F7,8,1.0
EBAC7604E958,5,1.0
EBB5E199D177,13,1.615385
EBBA36F7459C,11,1.909091
EBBA6790B73B,12,0.916667
EBC02425174E,12,1.416667
EBC108B0E57E,7,1.0
EBC1A7DD8878,15,1.133333
EBCDED6944ED,18,1.166667
EBCF73C7921E,14,0.857143
EBD07D2D103C,8,1.0
EBD98D754ECD,7,1.285714
EBDA2869DB6D,11,1.272727
EBDBA726D479,12,1.5
EBDDA261B802,9,1.0
EBE406D40544,10,1.4
EBEEC72062D9,13,1.0
EBF3EC9EA3B1,8,1.0
EBF9131A638F,9,0.888889
EC025D0FFD23,8,1.5
EC0988E6BB43,18,1.388889
EC0AD655AA20,7,0.857143
EC0D097E498D,12,1.0
EC18719C3539,2,1.0
EC1A91C83C2A,9,1.0
EC1D25B7A42E,19,1.631579
EC1FE04E8EE2,8,1.375
EC2147043BD8,15,1.133333
EC2519262F03,11,1.545455
EC2BF10403AF,8,1.125
EC347BE5ADE4,16,1.75
EC36C2737376,13,0.769231
EC3D5F3383D0,11,1.363636
EC42C3E828E7,10,1.2
EC488F9F8910,10,1.3
EC490F5D4DD8,8,1.0
EC4BB9A4E431,6,1.0
EC4BE8A6021C,9,1.0
EC576AA1C8C5,7,1.0
EC591630ED15,9,1.555556
EC6DEED37814,7,1.142857
EC6E2D618E20,10,1.0
EC719533AB43,10,1.0
EC740EDD6834,11,1.0
EC8040CEB1E1,8,1.5
EC94E187997D,10,0.8
EC9BB8FF0638,10,1.1
ECA4D673EC46,9,1.222222
ECAD3D8FAB97,13,1.307692
ECBA9E6AF61B,10,1.0
ECBCF0499AB0,9,1.0
ECBF33747F9F,9,1.0
ECC26616F6AB,10,1.0
ECD640058D57,10,1.0
ECD81C1A4F62,8,1.0
ECE0D33B9B85,13,0.923077
ECE3D2BE037D,10,1.3
ECE6DB354262,8,1.0
ECE9818085EB,7,1.0
ECF265A73C7E,11,1.363636
ECF63F6AB48E,7,0.714286
ECFB72244DAB,6,0.833333
ED0A8E614649,16,1.1875
ED0C40B8C17A,7,1.428571
ED166208A2EE,13,1.0
ED1EFE97C40F,16,1.625
ED201C3D1F84,10,1.0
ED2DBF2627BF,11,1.0
ED3DFE4AB197,17,0.588235
ED4A8881B092,8,1.0
ED4AC32945B3,7,1.142857
ED62619C520F,7,0.714286
ED6A21874533,10,1.2
ED6E36CAFB74,8,1.125
ED74D2C2403B,12,1.0
ED830B1151E7,15,1.6
ED8B1FBCC956,5,1.0
ED8C3FA6FC82,9,1.888889
ED91D9E8F1DF,12,1.083333
ED939DCC05A8,7,1.0
ED977E586BC4,14,1.142857
EDA3D66A8A28,20,1.2
EDACE717C302,17,1.764706
EDAD8F6AE680,11,1.181818
EDB7681BCFF5,10,1.0
EDBC0E9475DD,18,1.166667
EDBD833C3A4E,8,0.75
EDBDDA26B49B,12,1.333333
EDC27501821A,11,1.0
EDC567D40996,24,1.375
EDD3DA14F057,7,1.0
EDDFFD34DBD4,9,0.888889
EDE56797770A,11,0.909091
EDE659B4CB90,14,1.0
EDEA70DE2D47,12,1.333333
EDF1C2B554B5,6,1.0
EDF528C06A8B,9,1.222222
EDF68039869C,12,1.5
EDF7F5BCBD05,9,1.888889
EE0947EB2C78,11,0.636364
EE1078DB877C,9,1.0
EE153BA22CAB,15,1.0
EE1661BF8227,12,1.25
EE194115BAAF,5,1.0
EE19BA20AA8D,11,1.181818
EE1BD54150CC,8,1.375
EE2B9B613BB2,10,1.0
EE2DBFDFBAFD,8,1.125
EE30FF826F46,11,1.090909
EE3A09C24124,7,1.0
EE3BABC4649F,10,1.0
EE440E670405,7,1.142857
EE48F303DC25,9,1.111111
EE5022C8157C,9,1.222222
EE54292AC2A8,10,1.0
EE580368CD1D,9,1.0
EE619355F724,12,1.25
EE6826C8E470,6,1.0
EE6DDAF8FD20,7,0.857143
EE6FAC759013,8,1.25
EE7FBC14426F,9,1.0
EE8578BB0856,10,1.3
EE888799A911,10,1.0
EE90061719C2,9,1.444444
EE92D5471D45,9,1.0
EE9F26C71FF6,8,1.625
EEAC91E3A3E5,11,0.909091
EEB113169637,9,1.0
EEB58B11D40C,6,1.0
EEB704529BFC,12,1.333333
EECAB3812EEF,11,1.090909
EEDE0B05DE51,9,1.0
EEE3F17EAA22,6,1.166667
EEF3247D69D0,16,1.3125
EEF682310C01,9,0.888889
EF0543C6FA6D,11,1.0
EF0AC8A124F0,10,1.2
EF160D7F80A4,12,1.0
EF1A6D00C3D1,7,1.0
EF1E56E86D9B,8,1.0
EF1F075952C8,7,1.0
EF23CA70CA1F,17,1.176471
EF24A49892C3,18,1.0
EF29F6D4BBF7,7,1.142857
EF2D45E53F40,10,1.1
EF3D0D368ED7,12,1.083333
EF3DA4810AA5,5,0.8
EF3E760C17B5,9,1.0
EF478C3A8264,12,1.25
EF4951AAD772,13,1.230769
EF506E2B5E66,7,1.0
EF5A8F9E551F,10,1.0
EF62C29BE292,8,1.0
EF7B40F9314A,8,1.0
EF7D7E91EB17,11,1.090909
EF7D81F39A1D,10,1.4
EF835E27D5A3,9,1.444444
EF87277FCDA0,12,1.166667
EF88FF901CB5,9,1.555556
EF8D535C76AE,11,1.0
EF907722A512,11,1.0
EF9677DEFA79,5,1.0
EF96F17720DA,9,1.222222
EF9D79A33BE7,8,1.0
EFAD20A5F4A0,12,1.0
EFB0B1F14828,10,1.0
EFB0DDC8EA77,12,1.083333
EFB47F372780,10,1.0
EFB9DEFA20F9,9,1.444444
EFC6EC79D28D,4,1.0
EFCD0D6ECB46,5,1.0
EFD3322BBB77,6,1.0
EFDC396D9F7A,9,1.0
EFDCE6A9E77B,13,1.461538
EFE31525B288,12,1.0
EFE6BB94073F,3,1.0
EFEFA4F6596E,10,1.0
EFF2F345EFA5,9,1.0
F009C17298B7,7,1.0
F00EE807FD5E,9,1.0
F01079641FE1,12,1.0
F0246A38BA8C,7,1.285714
F027D353C3B1,3,1.333333
F02917D47F5C,10,1.1
F02A6B0F9C92,16,1.0
F02A721B1221,6,1.0
F035784A0407,14,1.0
F03582FFA3AB,13,1.153846
F038426B8B5A,11,1.727273
F038D8A7DF32,7,1.142857
F03B2CBA9BED,5,1.2
F03B8BB4539F,12,1.25
F04A513C2963,14,1.214286
F04B2EFE5187,12,1.25
F056824CA285,9,1.555556
F058680DCA46,11,1.363636
F05B7A59CDD2,4,1.0
F05C1028E3E9,11,1.0
F05C641B8FF4,9,1.222222
F05EB1468473,9,1.0
F06170F0184D,11,1.0
F0656070D527,6,1.0
F067C9A96732,8,1.0
F069420C6DB7,12,1.0
F0705A8B29DE,4,1.0
F07126BF97EB,10,1.1
F07E0FD0BFD5,12,1.5
F07E5C7663E4,8,1.375
F08130204554,10,1.0
F082049D272E,11,1.0
F0839E68FFC5,9,1.111111
F08529DC8ACE,7,1.0
F08DE35EFE16,7,1.0
F09ACEC4850C,10,1.0
F0AA6B265B6F,18,1.777778
F0AE4067D9AA,7,1.0
F0AE7B4CB71F,7,0.857143
F0B058B80C0D,8,1.25
F0B1C389A815,11,1.090909
F0B2E946A04C,14,1.142857
F0B46DACB512,9,1.444444
F0B7D3D08407,10,1.1
F0B85AFBC243,6,1.166667
F0C2837665BF,8,1.0
F0C80155C06C,3,1.0
F0C98C6F006B,14,1.0
F0DBA31AF30C,9,1.0
F0DF7FC426DB,9,1.0
F0E65057011B,15,1.6
F0E76CC2EF7A,7,1.0
F10231811C61,14,1.642857
F116BD09B7F6,9,1.0
F11D449380E6,12,1.166667
F11E6745A8DA,12,1.0
F11F7F15AC08,9,1.0
F12B4BDEEED4,11,1.272727
F14A078615E5,8,1.0
F1547BB65936,10,1.0
F16183F4AFA4,10,1.0
F163B4249C07,4,0.5
F170C1A461F7,16,1.0
F17279F65DCE,12,1.25
F173E4A2271E,6,1.0
F176A8CF72BB,6,1.166667
F17A4EF296EB,7,0.571429
F17D56052066,7,1.285714
F18093A3093A,9,1.222222
F18ABB1A8920,8,1.0
F18B05581BAA,15,0.933333
F18C87AFC020,7,1.142857
F1904C98076E,23,1.130435
F195E0A7FB04,13,1.076923
F1973E9DB4CF,9,1.0
F197689A74A7,11,1.0
F1982187FCC1,10,1.3
F19896E2D232,5,1.0
F19B178A98C7,6,1.0
F19C45212A59,8,1.25
F19F66A28B7E,21,1.0
F1A1CB2EB831,9,1.444444
F1AA4130BE5F,9,1.0
F1AE8A4416AA,7,1.0
F1B388E9F65A,10,1.2
F1B408D44166,9,1.222222
F1B5E79A298B,12,0.75
F1CEA8FBCBB3,13,1.0
F1D2BA3E0D47,3,1.0
F1D42413F451,9,1.0
F1D6EEE24467,5,1.2
F1D7C5E42757,8,1.125
F1E0CBCC1AE5,9,1.222222
F1F3B4EA6FC4,14,1.928571
F1FA12A05439,12,1.166667
F2010012FD04,12,1.5
F206F1A6AB67,9,1.0
F2080B933EE4,12,0.75
F2081C903659,5,1.0
F2098CE98E10,10,1.0
F20C7D112B12,8,0.75
F20EB5901789,8,1.0
F20FACCF5373,8,1.25
F210BB512E24,12,1.0
F21A02C66DAB,13,1.230769
F21ACF702D35,8,1.375
F21CBEE52702,7,1.571429
F22418409600,8,1.0
F23669129C75,9,1.0
F239C36AE2AB,13,1.0
F23A47F745C2,12,1.166667
F23D76828AF1,12,1.083333
F240F0F6861E,11,1.454545
F241492F8808,18,1.055556
F245631F4D97,9,1.777778
F24E35F969B0,11,1.272727
F24FA9D60071,11,1.0
F2593ED19F12,6,1.0
F25BD0534126,9,0.888889
F264D97DE408,10,0.8
F26E4B13C5FB,8,1.0
F270B76E605F,13,1.230769
F2725AAFA685,21,1.238095
F276902405C1,12,1.333333
F279907DAE5B,8,1.375
F2799C0DBF24,10,1.1
F27E2DDE71F5,11,0.818182
F284AE52B3E1,11,0.454545
F29244150DCB,11,1.0
F2941764EE14,15,1.133333
F29E589C11F2,10,1.0
F2A039D4E087,9,1.222222
F2A2383962D7,12,1.0
F2A61FD0CF46,12,0.666667
F2A6DF88AD73,9,1.444444
F2ADCA41BC30,4,1.25
F2AF7AB56B7A,15,1.333333
F2BAC6095D8A,8,1.0
F2BDB9DFFB57,8,0.125
F2C32E15FC7F,10,0.9
F2C57EEEF02C,15,1.866667
F2CA9835E496,16,1.3125
F2CD78FA54AD,5,1.6
F2D8E9CA2C3F,12,1.25
F2D9DA6E635A,10,1.6
F2DF6570D8C4,13,1.230769
F2DFE12EA3B4,12,1.0
F2E12C08A78E,4,1.0
F2FA27A84BE6,10,1.0
F303574EF861,9,1.0
F30616F1C79B,11,1.454545
F30B7DE35BBC,13,1.0
F30D8FEB1A0F,9,1.0
F30ED43E2E60,10,1.7
F3222AB6C1AD,10,1.0
F322355F51AE,11,1.454545
F32618051327,13,1.153846
F32665CC66E7,13,1.307692
F32A0A41B697,10,1.1
F32A2BA3BEC6,9,1.555556
F334AE3F8510,9,0.888889
F33BC3C2DDF3,8,1.0
F345260A27F3,9,1.444444
F3454E01E31C,9,1.666667
F345A408922D,10,1.0
F3471BC447BD,11,1.0
F348A404E38B,9,1.222222
F348B69F4341,12,1.0
F34EB2CD6789,18,1.277778
F359B5C9762C,8,1.0
F359E262A14A,8,0.75
F35BE53F93D9,11,1.090909
F362313AF4DE,8,1.0
F3645924B5B5,7,1.142857
F368BBECCCD1,12,1.083333
F36AF3EF5FA8,18,1.055556
F36C5149D0E2,5,1.0
F374D9ED39F8,11,1.272727
F377008A387D,6,1.0
F378D4CF4EC8,15,1.466667
F37DA10C6552,10,1.2
F38249CB8435,7,0.714286
F38B43CAEEEB,16,1.0625
F393BAAAB876,10,1.0
F39A10D394F2,4,1.0
F3A197A8348C,8,0.625
F3A52106F794,12,1.083333
F3A94AC4FD8E,12,1.583333
F3ABEAC1432D,6,1.166667
F3B161B692F9,9,1.111111
F3B22F37C39E,8,1.0
F3C003AF7423,9,1.777778
F3C678637DCE,13,1.307692
F3CB6601CF24,9,1.222222
F3CE7992E75E,17,1.0
F3D1C6C6C574,10,0.8
F3D6CFB60918,13,1.384615
F3DC75A47A25,7,1.0
F3DCBC704B3C,14,1.0
F3DE9D926591,13,1.0
F3EE4E149F45,13,1.076923
F3F07BA4DCC7,8,1.125
F3F134FA362D,9,1.111111
F3FD0BC0028C,9,1.111111
F4003A737E0A,11,1.0
F407D70D45AD,10,1.6
F4138C1AB360,14,1.142857
F424BF3E3525,12,1.0
F4280C0353B0,9,1.0
F42CD95ADB88,12,1.083333
F42FF5B7D208,11,1.636364
F43203DF6001,8,1.0
F43B82E81D75,11,1.727273
F43C812A0073,12,1.0
F44018D39BEF,12,0.833333
F44662214D2B,7,1.0
F44F5DCB59E6,9,1.0
F44F8A3C3CDD,11,1.0
F45847241E48,12,1.083333
F45A719EB22B,13,1.153846
F45DA946AC14,9,1.0
F45F03EBB2CA,8,0.875
F463CF95C8EF,9,1.0
F4650B5DFF47,8,1.0
F4691334F828,14,1.928571
F46B54DF7141,10,1.0
F47A4FDF687E,12,1.166667
F486B5722EEB,12,0.916667
F486FF9AED73,5,1.2
F492EFD91D3C,11,1.0
F4931416AC4C,7,1.571429
F497B058DEB9,5,1.4
F49906416D5E,9,1.333333
F49AB5F36E8F,8,1.0
F49FA5EFCF75,6,1.0
F4A23C97798B,6,1.0
F4A3B4B14952,11,1.636364
F4A4E65ADD95,12,1.583333
F4B17EF5C67E,7,1.285714
F4B3B2CAB030,13,1.076923
F4B7B78CB47D,10,1.4
F4B8EF210070,7,1.142857
F4BC7E681EF9,8,1.0
F4C2261D0379,9,1.222222
F4C26753B35F,10,1.0
F4DE4C7F2976,5,1.4
F4E463291051,8,1.0
F4E4C8EEF637,5,1.0
F4E9B4A968FA,9,1.222222
F4EC42B28077,9,1.333333
F4F623308FCF,10,1.0
F4F75FAEAFD6,9,0.888889
F4FD84517F40,7,1.142857
F506ED27C8CA,11,1.0
F50D3D001E67,9,0.888889
F5152BBB18F6,9,1.0
F51E137446CB,5,1.0
F52B9A0882BB,13,0.923077
F52F99CDFF23,15,1.466667
F537EA7DEE8E,7,1.0
F53C55BBD326,8,1.625
F53DA3118668,3,1.0
F54276730F7A,12,1.0
F5428139729A,13,1.0
F543F26EF1E9,10,1.0
F54672352542,13,1.692308
F54AED29459C,9,1.0
F54BD89B665A,19,1.947368
F54E37281F0C,14,1.357143
F550D727520A,13,1.538462
F555E204579E,8,1.0
F566EA761D0E,5,1.4
F576B3F624B3,10,1.0
F57E2EF9F638,7,1.0
F57F48291B12,12,0.833333
F5926953B7C3,10,0.8
F59898110195,13,2.0
F59DDBF5DB0B,9,1.222222
F59E8A52AF52,7,1.0
F5A0BD46D3AF,11,1.0
F5A232FFBCCC,9,1.0
F5A45A1D51D5,3,0.666667
F5A8A38005A8,12,1.416667
F5AF8BD99F29,12,1.0
F5B2DED407D1,10,1.6
F5B7F5E745A0,13,1.307692
F5BB40767917,6,1.0
F5BC1532013D,9,1.0
F5BC72AE5196,5,1.0
F5C5289B5C50,7,1.0
F5D4904B0155,14,1.142857
F5DD72FA313E,11,1.0
F5E3CF7E54B6,10,1.0
F5F07E4D62C9,9,1.0
F5FDFAB37522,14,0.857143
F605023B87A7,11,1.363636
F608321073FA,4,1.0
F60ED753621E,9,1.444444
F610C7BCD9EC,10,1.5
F612D53B4DD9,12,1.333333
F614B9D35C09,8,1.0
F61646B5CC08,12,1.083333
F62295251C0D,9,1.222222
F62AADC67A63,9,1.0
F62C0023C996,9,1.0
F636159D0A0B,9,0.888889
F636AB0D2707,9,1.444444
F63819BEA874,10,1.6
F6382C89BCA3,9,0.888889
F647D77D7396,9,2.0
F64FF1936B91,7,0.857143
F651889F1A2D,9,1.0
F654D80CEA0E,9,1.0
F65841299359,12,1.25
F662030E7CCC,6,1.0
F665C15D731C,9,1.111111
F666D2588232,6,1.0
F668F7A36DBF,10,1.0
F669B55DA0B1,8,1.0
F66EAF7D640D,17,1.058824
F66F60655794,14,1.428571
F677B763457E,14,1.214286
F67D6B12D494,16,1.5
F683D9D28CE7,12,1.25
F684C09CCC0D,3,1.333333
F68664C634EE,9,1.222222
F68A995107BE,12,1.833333
F693E138BDAB,12,1.083333
F6A15556865B,10,1.0
F6A2AEEBDF0D,10,0.8
F6A36E99D801,11,1.0
F6A92E43251E,6,0.833333
F6ABF87FA054,9,1.0
F6BE3A555C49,12,1.583333
F6C05963F191,13,1.0
F6CA5589DCDA,18,0.666667
F6D56988EB7D,8,1.125
F6DA09C9C0C1,13,0.923077
F6DB5CB9682B,8,1.0
F6DF9D77C80B,14,1.071429
F6DFC933BCC3,10,1.2
F6E37C093553,8,1.0
F6E5E7C080A5,10,1.3
F6E6BF805605,7,1.428571
F6EA5E76CC32,8,1.25
F6F0E2017603,3,1.0
F6F18B358031,9,1.0
F6FF5119789B,9,1.0
F7046A9A968A,12,1.0
F704BCDD5FC4,11,1.0
F70EC9F33AAA,9,1.0
F710E50D27B3,9,1.0
F711AD68730E,15,1.0
F7197E77F319,7,1.0
F71E8AB99F9C,3,1.0
F72CD30CAD70,11,1.0
F72CDC88D31A,8,1.125
F7341069C4A4,9,1.111111
F7348BC5C1F0,10,1.0
F739195A9518,14,1.714286
F739511F0EAC,11,1.181818
F73ADEA6A74B,6,1.166667
F7693B02CA5B,16,1.5625
F76D9F22B0A1,16,1.0625
F776F9881474,8,0.875
F777F214BD6D,13,1.0
F77AA450FA77,5,1.0
F78B66358F6F,13,1.076923
F78C425E3D48,10,1.4
F791DBCECB74,11,1.0
F79E7650B5B1,9,1.111111
F7A0A69080B8,8,1.5
F7AAC922ED23,13,1.076923
F7AE3F6BE6AB,9,1.111111
F7B157AE1751,8,1.0
F7B1C57D753F,15,1.0
F7B5465E1AC5,4,1.0
F7B97D4C1869,12,1.083333
F7B9D8C440B2,12,1.0
F7C142237DA8,15,1.466667
F7CB662CA783,14,1.214286
F7D8A49D3396,12,1.333333
F7DE0C3BDC04,9,1.222222
F7DFF6D988A0,12,1.166667
F7E94EADC403,6,1.0
F7EEB04BEE8D,14,1.214286
F7F709ACC532,9,1.111111
F7FACDD619D9,12,2.0
F7FC42836147,7,1.285714
F7FF64013DF7,11,1.454545
F800DF0813A5,12,1.0
F805589FE04C,9,1.0
F806675B9B70,9,1.0
F80AD1771E54,6,1.0
F814820E2B45,14,1.0
F814EB30A6F5,8,1.0
F8173F146C1B,11,1.0
F8261D76CC4A,10,1.0
F829912AF887,8,1.0
F82B94864F06,9,1.555556
F82EEC81C4D7,11,1.454545
F82FA4181D92,7,1.285714
F831783F5164,4,1.0
F831EAA238CC,6,1.666667
F833C49DAD0C,8,1.0
F83702EEB830,9,1.111111
F843F47EB767,11,1.0
F8474CC7670F,10,1.2
F84CB4D0589A,11,0.818182
F8503314C44F,12,1.0
F858935559FA,16,1.5
F86616365497,7,1.857143
F879F281F121,3,1.0
F897574FD4E9,8,2.0
F8984AC798E2,6,0.833333
F8996C605E84,9,1.444444
F8A1AC1C01D6,13,1.153846
F8ABA40201AB,9,1.333333
F8ABE1CE8B68,12,1.5
F8B0AB93F522,5,1.0
F8B12D60AEDC,9,1.222222
F8BF09AEDD7B,9,1.0
F8C22ACD1774,10,1.7
F8C397108272,8,0.875
F8CDAD03758D,10,1.2
F8D6746C205C,6,1.666667
F8ECBEE8609E,13,1.0
F8EE15322D8F,15,1.0
F8EF2AEFF621,6,1.0
F8F1F70A38AE,5,1.0
F8F47AD6ACBE,14,1.071429
F8F52BEF7FD9,5,1.0
F8F6EAA3E0FF,8,1.5
F905CE2A775A,9,1.0
F9075802927A,9,1.555556
F908A9D980F5,3,0.666667
F90A25704212,12,1.166667
F9238D9E5631,10,1.1
F9279BE5EC46,9,1.0
F927AC7199CE,11,1.363636
F92B3B747F33,13,1.307692
F93337F4DB42,8,0.75
F934542997DC,12,0.75
F93874852507,7,1.0
F93D06BC99D8,10,1.7
F949490671FA,10,1.3
F94DD5145346,9,1.0
F955CADBB6B4,10,1.7
F95EAFC4F1F0,8,1.0
F9692B89FE21,4,1.0
F978C05D2215,14,0.857143
F9807DE48A3B,13,1.0
F983FFA8BB50,12,1.25
F984E463893F,12,1.083333
F985766E9F50,12,1.083333
F986C612AC3A,8,0.875
F9877560A95C,7,1.0
F98964E3EBF4,9,1.0
F98C913B5446,4,1.25
F9920D24D31B,17,1.0
F99C7F4BC23A,6,1.0
F99F42AC41FF,13,1.307692
F9A5B72FAD82,13,1.461538
F9A6C670D4A8,6,0.666667
F9A942CF5DE3,8,1.375
F9ADBC6C60CD,9,1.0
F9BB3636CB6B,7,1.0
F9BE4676CA35,13,1.307692
F9CF17C68E82,14,1.857143
F9D397FC0259,9,1.555556
F9D6B1172C58,7,1.0
F9D82122DB46,7,1.142857
F9E1434B2151,16,1.25
F9E7D51B3006,9,1.555556
F9F927CD8BA2,14,1.071429
FA0062B54727,9,1.222222
FA043D2FAA3C,11,1.454545
FA058ADBE64F,9,1.0
FA138B97C15F,10,1.1
FA1B10147C1C,7,1.0
FA1CE35CA43F,9,0.777778
FA1DE4EF2FAB,12,1.0
FA1E56F220C0,9,1.0
FA1E97DAA131,3,1.0
FA205817C3C5,9,1.555556
FA211B13B80F,7,1.142857
FA2592B4C2AB,13,1.307692
FA277F2D6E48,12,1.333333
FA2EF4B0E2E7,10,1.2
FA3007D9CDA6,7,1.0
FA34C91658A9,8,1.0
FA35444BD9C6,11,0.818182
FA38B62F80E5,15,1.733333
FA3BDEECBD44,11,1.454545
FA3E37900E3D,10,0.9
FA3E50D30004,11,1.181818
FA4200AB1CBC,7,1.0
FA480C1038D5,13,1.307692
FA483ED371E7,9,1.0
FA49F4D9E6A8,13,1.692308
FA4D3E89245D,12,1.166667
FA4FEA8D0DA1,14,1.214286
FA5043677B2F,9,1.555556
FA5C17345A74,9,1.0
FA5D64EC3C72,12,1.583333
FA625035B96F,9,1.0
FA63A2D4191E,12,1.083333
FA7B0CD8DC92,10,1.5
FA7CB239D0E0,10,1.0
FA7D58EC4C52,15,1.066667
FA87416EF173,12,0.75
FA8856EA5635,9,1.0
FAA1621106BE,5,1.0
FAA638E881EB,9,1.0
FAA7B824C589,9,1.111111
FAA9FC1B315B,9,0.888889
FAAD5938CEF4,9,1.111111
FAB2A6A368E5,7,1.0
FAB2B88C059F,9,1.0
FAB88954B1AF,12,1.166667
FABC5DD649FD,8,1.0
FABE0E966789,5,0.8
FAC1A3B4097F,12,1.25
FACA3592FCD0,14,1.0
FACC93B5A80A,11,1.0
FAD0AE0CA89B,10,1.0
FADC153B3843,8,1.0
FAE1A7023F1F,10,1.3
FAE3AC62234D,18,1.277778
FAE64D6D08BA,14,1.142857
FAEBC736C623,14,1.071429
FAEF1DFCF68E,9,1.111111
FAF866755DFA,8,1.125
FAF91DDF582C,14,1.0
FAFDA54C78E1,6,0.833333
FB07AD956C87,15,1.133333
FB14FF43E876,9,1.111111
FB1DB922DE1B,8,0.875
FB1F420E4642,10,1.3
FB4C199449F3,7,1.285714
FB4EAE59106B,14,1.285714
FB4FE2503800,10,1.0
FB501A408B8A,8,1.0
FB56AA75F65F,7,1.857143
FB59DB8F78ED,5,0.8
FB5B7A42E985,8,0.875
FB5ECCB3FB10,10,1.0
FB5FEC50CD57,12,1.833333
FB7A3804560B,6,0.5
FB81CD2A82AD,11,1.363636
FB8549B2A141,7,1.428571
FB8E886E748C,7,1.0
FB946CB635AC,9,1.333333
FB95695B4B46,6,0.666667
FB96D08289B1,9,0.666667
FB96DB942F3B,12,1.666667
FBA17F954C2D,9,0.888889
FBA3B87A37EA,9,1.0
FBA94EEA61BF,15,1.0
FBB254C7E479,5,1.0
FBB32B4B5F8C,18,0.944444
FBBA8C2C378A,4,1.0
FBC4F9ADED9A,5,1.2
FBC7DC3C27C0,11,1.0
FBC98CE96EB2,10,1.3
FBCFA4D35602,7,1.285714
FBD21BB50633,9,0.777778
FBD852FCA5C1,8,1.0
FBDAEF796D29,12,1.333333
FBE8983EF69C,12,1.333333
FBF8E0C998BF,12,1.583333
FBF9ECC8AA31,6,1.0
FBFA1FD8E2F1,12,1.0
FBFF39C1F504,10,1.2
FC038159C7BC,12,1.0
FC15D48EB587,11,1.272727
FC273A287819,12,1.25
FC2845A0ECD0,11,1.090909
FC2EF19C51AC,14,1.214286
FC32A69615FF,6,1.0
FC39D2688C50,9,0.888889
FC3BD2A0D23E,11,1.0
FC492DC3D1D3,12,1.083333
FC4FADC00B91,10,1.0
FC4FBC43EF32,9,1.0
FC5120C98AE7,9,1.222222
FC73A83CF59C,9,1.0
FC79A21481C3,14,1.5
FC84D472CB97,10,1.1
FC8CF8BB7644,6,1.166667
FC97FB8F850C,13,1.076923
FC9DA73D1EA0,12,1.0
FC9E2A38AFBB,6,1.0
FCA553D1B819,8,1.0
FCABDAE05333,9,1.333333
FCAD8148404A,17,1.529412
FCAEA7829C3A,10,1.2
FCB208A4710C,8,0.75
FCB625EB3C1A,11,1.0
FCBD4BC9112B,13,1.615385
FCBE588E47E4,8,0.875
FCBF9BD46666,5,1.2
FCD8E0AB7133,7,1.142857
FCE4AFE078FF,9,1.0
FCEC225CA2D0,7,1.142857
FCEF76504A79,9,1.0
FCEFFF74C652,14,1.142857
FCF1574F9D04,6,1.666667
FCF375174C1C,9,1.111111
FCF3A5BD8371,5,1.0
FCF5D3ED5218,5,1.0
FCF9802D7F21,8,1.0
FD0061B1786E,15,1.2
FD05FDCEA11B,10,1.8
FD08070510FB,9,1.0
FD099950BAEA,14,0.571429
FD14F4ECD14F,9,1.0
FD1511BE7AD2,9,1.0
FD1869C76891,7,1.0
FD251457BE38,7,1.857143
FD2DD23CB152,10,1.0
FD38779AFF13,13,1.076923
FD3BDEB06028,7,1.142857
FD3D8B9ADF30,5,1.0
FD48D4BB6F06,15,1.066667
FD562A12092E,12,1.75
FD5AF33900D9,7,1.0
FD607B909E07,10,1.0
FD617838612E,13,1.076923
FD6E0C78E9BB,5,1.0
FD6E784EAED0,7,1.285714
FD84DB08498A,11,1.0
FD883FB88BA1,14,1.285714
FD8A9514C8BC,9,1.666667
FD8DA401BE5D,6,1.0
FD92F284A349,13,1.076923
FD97228DE00F,6,0.833333
FD9C10176D2A,15,1.4
FD9CC83A98C5,5,0.8
FD9D16FF6710,14,1.0
FDA09342D0C4,9,1.0
FDABEB626A28,8,1.125
FDBC5C68ED9F,7,1.142857
FDC077398F13,14,1.0
FDC60E5A9011,10,1.0
FDCBCA9B0636,7,1.0
FDD398F4D5E9,9,1.111111
FDD7D9AA0940,12,1.083333
FDD81292D8A4,12,1.333333
FDE0BDCA403C,12,1.0
FDE359A2F973,10,0.9
FDED2C6F4C0F,9,1.0
FDF0AEEB14C3,15,1.8
FDF36AD8FC91,8,1.0
FDFC2042EAF8,7,1.0
FDFE18598112,9,1.111111
FE01BAE235A1,10,1.2
FE0B381BC161,13,1.076923
FE0C18C5B8AF,12,1.25
FE0CFF7FA460,11,1.363636
FE0F75B1CFFD,14,1.0
FE133737091E,11,1.181818
FE19167C0BF8,11,1.0
FE1C2CA9661F,8,1.0
FE1E8BC27781,9,1.0
FE21B0B76C9C,7,0.857143
FE2BD46D97C5,5,1.0
FE3141FA4163,7,0.857143
FE3973324F8B,7,1.0
FE3CA06DDCA1,7,0.714286
FE44B9FBC6FE,7,1.0
FE504DF4879E,6,1.0
FE56E3645667,7,1.0
FE591B56101B,11,1.090909
FE69FBDD5681,15,1.066667
FE776C83FE1B,10,1.0
FE8900F731E7,3,1.0
FE992E464FAD,6,0.666667
FEA0C5E4E12C,4,1.0
FEA1E2C40283,15,1.4
FEB96AAC45DB,5,1.0
FEC8B95B3459,9,1.777778
FECF4BCDDE02,9,1.111111
FED42BB10805,6,1.166667
FEDA46BB37A7,7,1.285714
FEE59DA64E91,11,1.363636
FEEBBB786DFA,7,1.428571
FEEDB5B924F3,9,1.0
FEF42864AE28,14,1.857143
FEFC23A6781D,12,1.083333
FEFEDFE935D3,6,1.0
FF04A1F3B985,15,1.466667
FF056F9CD1D3,12,1.666667
FF13996AB0B3,7,1.0
FF153C07B39D,11,1.0
FF15470AABF0,9,1.0
FF197A6B15B2,3,1.0
FF1E82DB933B,9,1.333333
FF1FAA91122E,16,1.1875
FF3F4514BF85,13,1.384615
FF40DF77AD46,8,1.375
FF410031A764,9,1.0
FF4C6C6FDB91,12,1.083333
FF543E9E9EB2,7,1.0
FF678908A963,11,1.090909
FF6B7128255A,6,1.0
FF6E114981D0,5,1.2
FF6FE6A0C875,12,1.0
FF7C9DB45E8F,10,0.9
FF862D058D1D,8,0.875
FF8AC9C34B6D,4,1.0
FF8BAC351714,15,0.866667
FF9202FAA566,12,1.0
FF9DB9D43F72,7,1.142857
FF9E0379CD98,16,0.875
FFA381E58FC6,5,0.6
FFA6D576449B,8,1.0
FFABA4957A3F,7,1.0
FFC02BE9D865,14,1.142857
FFC8A1F3CE94,11,1.0
FFC8B7C53600,13,1.0
FFDC850C3652,9,1.333333
FFE4B98E0B1E,9,1.222222
FFE91DA2A101,11,1.0
FFF868E06176,9,0.777778
FFF964B8ACC0,7,1.142857
