essay_id_comp,qbin,lbin
000A58BC095E,0,1
000BAD50D026,0,1
000E6DE9E817,0,0
0016926B079C,0,0
00203C45FC55,2,0
00299B378633,0,1
0029F4D19C3F,0,1
003FDC7E6F20,0,0
0045BE2791A2,0,1
004AC288D833,0,0
004EA492DA04,1,1
0054DD9BDFC7,0,1
0056F3D261D5,2,0
005D28D3FEC2,2,1
005DA83BD607,0,1
008015604AA0,0,0
0083B82A9C6F,0,1
0085F7F83D83,2,0
00898D9FB10A,0,0
008C191EF21C,1,0
008C457C8E0B,0,0
00941DB98302,0,1
0094474956AD,1,1
009F4E9310CB,0,1
00A4CB36E006,2,1
00A551B2B4B2,2,0
00B0190508AD,0,1
00C2C86DCC23,0,0
00C315EF49C7,2,0
00C843E757F4,0,1
00D304153840,2,0
00E3F86E3E6A,0,0
00EE23F071DE,0,0
00F11421BE7F,0,1
00F477C0C28F,2,0
00FF0A430A56,0,1
010A9CFB3108,0,1
01267F2F5B01,2,0
012CB3D46662,0,0
013692FA66AF,2,1
01374C8A76BC,0,0
0147365CB20D,0,0
01495BF80A2A,0,1
014BF1790D44,2,1
015480E09FE1,0,0
0158970BC5D2,2,0
015F4D9DE71D,2,0
016451AABDF0,0,0
016A403802E8,0,1
016B35EDC7B8,0,0
017FB36B3B0C,1,1
018311715B91,1,0
018A7B9DA61B,0,1
0191274639A4,0,1
019B73E2A599,0,0
019BDC9DF7CD,0,0
01A53D28E44A,0,1
01ACD1326679,0,1
01B3A57AB13D,2,1
01B44DA627B6,2,1
01BBB8075DC9,0,1
01BCD3BFBAD0,2,1
01C53183305A,0,0
01D017390DBC,1,0
01D04F3DF6CA,2,0
01DB053153E0,1,1
01DF3961CF90,0,0
01E81DCE4F59,0,1
01F69867D1BE,2,1
01FC4BCFD7CB,0,0
01FE696E9CC2,2,0
0201B7877AD3,0,0
0214F87B86C3,2,0
021823AF0384,0,1
021B23C3C2C6,1,1
021B2E55384C,1,1
0222CB9AEFFC,0,0
0222E19C41BC,1,1
022585D2819F,0,0
0228C92DFDF2,0,1
022DD0BE5A38,0,0
022EE73C4244,2,1
0230E2A9E656,1,1
02322AA38631,2,0
0242719E9969,0,1
025453135C64,0,0
0257D9E42247,0,1
02580BFD0105,0,0
026D034610CE,2,0
026DB1116D4D,0,0
028E0CD5DACE,2,1
02A3E737A10F,0,1
02AEBAE6EC47,2,0
02B12E0E4025,0,0
02B6F6D24B6F,2,0
02C172EEAFE4,0,0
02C49FD99F7D,2,1
02CDFA415350,0,0
02D500B937EB,0,0
02DE2BC0EC95,0,0
02DE71CCBB4B,2,1
02EB601F0107,0,0
02EE98C9DB32,0,0
02F4114B1F63,2,1
03004B5AD2CC,1,0
03036B87A396,1,0
0309F61A6F1A,1,0
030A70B9F194,0,1
030BBFC7D7F9,1,0
0316F6288791,0,1
0322EFDA120C,0,1
0333283809F6,0,0
03401B71D0F2,2,0
034A4394335C,0,1
034F335E1B82,1,0
03503E5155AE,0,0
0358E1A5CC75,1,1
03656D51096B,0,0
03739A8DFD62,2,0
037A3E847693,0,1
03803A910311,0,0
038480498E5A,2,1
038BD0772A14,0,1
039228E4B779,0,1
0398942EFF6E,0,0
03990A4F67B4,0,0
039E3E7329B2,0,0
03A12A02CE62,2,0
03A2687FCE27,2,0
03B3EDA0F9D7,1,0
03B55D3B695B,0,0
03B874232827,0,0
03BA5E41C5E4,2,1
03BAAAE93383,1,1
03BC86ED932A,2,1
03C562EF629C,2,1
03C96AF26E75,0,0
03CFA8202072,2,0
03D0A8C34AFB,0,0
03D134875F1C,2,0
03F52910C24F,2,1
03F56A5C191A,0,0
03FDC60BE33B,0,1
04042B33F470,0,0
0408B654C48C,2,0
0411473808DC,0,0
0416D5BC09FB,0,0
041FABDBF592,0,0
0426BE0F775E,0,0
042F1ABC1DC7,0,0
04326B0CA099,0,1
0433D61E8652,0,1
043CEF390B3E,0,0
044C80B2A55A,2,1
044D921A8C99,2,0
045020BFAD75,0,1
0459F1BBF74A,0,1
0459FB59CBA7,1,0
045C51AB37B3,0,1
045C9829A0F9,2,0
046A86DE2898,0,0
046C6FB91CBA,1,0
047BD3CB80B4,0,1
04810832D23A,0,0
0483125DCD62,0,1
048CE592752A,0,1
04906D555188,0,0
0496DBA378FB,2,1
049E10369FBA,2,0
04A018921C58,1,1
04A24D0BAB28,0,0
04A7E6D80ADD,1,0
04AAE2E8EFB4,0,0
04ACA7EB3994,0,1
04AF157D14EA,1,1
04B5CE4CBF61,2,1
04B6F07AC0EC,1,1
04B9D7851CAC,0,1
04BC78F95F4A,0,1
04BF8771ADA6,0,1
04C46E44F660,0,0
04C4DFEECF27,0,0
04C632140E83,0,0
04D10F678D31,0,0
04D4F9F350F6,0,0
04D653441263,2,0
04D8A1F09465,0,0
04E2B40088AB,1,0
04F17031683C,0,1
04F4F6D2ABE2,0,0
05011EB91BCE,0,0
0504EEB01AD9,0,1
0507DAFBE89D,2,1
050AB114EBE2,0,1
050ABE0F7EDA,0,0
050EC6489A64,0,0
05101578DCA8,0,0
05118F820085,0,0
051C3A22AEE0,1,0
051F7768F76D,2,0
05273EE0A28A,1,1
0527DB04DCC0,2,1
052BF542A50F,0,0
052F182ACD73,0,0
053ACB9DFE74,0,1
05452D9728B2,1,0
054C082D0304,0,1
054D758A0DD0,1,0
05512D7C6578,1,0
05528E85EA1B,0,1
0552EE171A0A,0,0
0555B97EB61C,2,1
0563F089C239,0,1
058675A4D020,0,1
058BD5D122D1,0,0
058CA87825F6,1,1
059DFFE3A3A9,0,1
05A0DA9580E5,0,1
05A2C2BB8082,0,0
05A474FBA68F,0,0
05A6C6DF86A9,2,1
05B414601770,2,0
05B970A2AA96,0,1
05BA34E2D72A,0,0
05C19B6DF445,0,0
05C28F111573,2,0
05C8C18D341B,2,1
05CE48E8193E,1,0
05D237F606EA,0,1
05D639BB0AB4,1,1
05D84C1F29D4,0,1
05DF38C35D1D,1,1
05E4FBBF2E50,0,0
05E95229344B,0,1
05EC08C05019,0,1
05EF8571B859,2,0
05F30981F3EB,0,1
05F3A442CAE3,2,0
05F76135BBE1,1,0
05F87BEFBD79,0,0
05F9DC51226B,1,1
05FB627DCA52,0,0
05FFBFA9B3BA,0,0
06082EEC2458,2,1
0610C8536282,2,0
0611BEFA3685,1,1
062C24EF834D,2,0
06348D6E4080,0,1
063D5478D82F,0,0
0640FE8DF9D6,2,0
06462BAC62B2,0,1
0647269B45A1,0,0
064E497ED786,0,0
0652A1415220,0,0
06544C8704C4,0,1
06592F816295,0,1
0664B75B49BA,1,1
06699F123D6B,1,0
066B1D7C9214,0,1
066BF70B8B98,0,1
066F06E5E52C,0,1
067194796AD7,2,1
0679BAADD10C,2,0
067A65349063,0,1
06814DF362D6,0,0
0684F83533CE,2,1
068B2C038555,0,1
068EECC9A878,0,1
068F206FE4F8,0,0
06936C8AA35D,2,0
0699B4A08981,2,1
069EFABE5A55,0,0
06A22B3B4BD9,0,1
06A9B4BC2E90,0,0
06ADDCC67A61,2,0
06B1E9A43C96,2,0
06BC6DAE198F,1,0
06C145EE7C45,2,1
06C88B7A0E1D,2,0
06CDC40C681B,1,1
06DAD53DA2B9,0,0
06DC11A94052,0,0
06DD81D3CF74,0,0
06DDAA4EB60C,0,1
06E3595C94BF,0,0
06E490F2538D,2,1
06E8CF6B7DD0,0,0
06EC785D1238,0,1
06F37AF3F52A,0,1
06F5F6A09DC6,0,1
070148989D83,1,1
070413F48F80,0,1
0713804A7926,1,0
071BF63AF332,2,1
071E1B145717,0,0
071FB27E532B,0,1
0726FFE208DE,0,1
0730ACD2E23E,2,0
07348A4B6E9C,2,0
07397A3E9D8D,2,1
073F001C3DAB,1,1
07414A338814,0,0
0741F0C1D776,2,1
07555937FA5D,0,1
0756FE811833,0,1
075952A15F65,1,0
075ACD93F7FA,0,0
076391C8B532,2,1
076C80C8D6FD,2,1
076D21D61C04,2,1
076DBAE9AA98,2,1
076FE42102A1,0,0
077B2A708101,1,1
077CBD1D991B,0,1
0780999D8532,0,0
07881BC0DDB9,0,1
078FCB89177B,1,0
07970BC175FC,0,1
0797349D7D61,0,0
079FDB42E429,2,1
07A023BE2629,2,0
07A88E52FC70,2,1
07AB5218B889,0,1
07BDA9A96A77,2,0
07C3B59F13B0,1,1
07C49C9E6178,1,0
07C6BB6ADA38,0,0
07C7A31386A0,2,0
07CC30055043,0,0
07CE3E0B4129,0,1
07CF059A90F6,2,1
07D52443B420,2,1
07DD81C2D396,0,1
07DEAD316EFB,2,0
07E3AD494BC0,1,0
07E503B34962,0,1
07E9F8609AC6,0,0
07EA2B30D5B6,0,0
0802AEA16E9F,1,0
080E2CA04B67,2,1
080EC4BBF650,2,0
0814426B27DF,0,1
081C66256B98,0,0
081F2D862A89,2,1
0825571D1A47,2,1
082598CC8955,0,0
082E19093947,0,1
083555B77983,0,1
0839B4ACC2AF,2,0
0843E8886EC2,1,1
08479124D1C4,0,0
08482C3DA43A,0,1
084898C37A44,0,1
084A87B3B853,0,0
084B9E2AD4AC,0,1
08530C01BCFB,0,0
08584DAB22EB,0,0
085AF5011C2E,0,0
086603D5B319,0,0
086D6343AB33,0,0
0872DEBC7F18,2,1
087B943BBF9C,0,0
087E56206FE1,1,1
087F3F05712B,0,1
08855915B1F3,0,1
0886711ECD4E,2,1
088C5E1694FB,0,0
088CB85E5B7A,2,1
088FCB397B74,0,0
08904A41504E,0,0
0891D4A76005,0,0
089CDCA504A1,0,0
089DE1EB8CAF,2,1
089F4D797A5E,1,0
08A03F44195D,0,0
08A9CC07474D,1,0
08B72DCFD859,2,1
08B9D254FD4C,0,0
08BFFA9AD871,0,0
08C05F2480E4,0,1
08C34A980940,1,1
08CE03D82736,0,1
08D32CC20CAD,0,1
08D518B80ED0,0,0
08D6D5B01824,1,1
08D8F3EF3B08,0,0
08F8BF983C64,2,0
08FAE6E0BDCC,0,0
08FBED9A66DA,0,1
08FC0154E0EF,1,1
09035E72A3AE,0,0
0910E011143F,0,0
091522181D61,0,1
093403D63CA6,0,1
093BD0824B7E,2,0
093F76C75A93,2,0
0949D328CAC8,0,1
09537221A5ED,2,1
095595DDF4AC,0,0
0959BDBD0FB4,2,0
095D057ACAD7,0,0
095F6D0A8377,0,1
09618943A295,2,1
09621E6AE55D,0,0
0971823179F9,2,1
09770DECD26C,0,0
097BDC9D09D2,0,0
097FE8053507,0,1
0982C9F47D30,0,0
0982DD0EB8E5,0,0
0982F748C034,2,0
0985602832CD,0,0
098FA5D40CF6,0,0
09935EBDBB7C,0,1
099764B21768,2,0
099773A903CD,1,0
09978094D17C,1,1
09A5C0911124,1,0
09AA28BBE192,2,1
09AA7375FE64,1,1
09ABE1DE8537,1,1
09ADB0629CD0,0,0
09AE5FE4E4D9,0,1
09C0C3EFC66E,0,0
09C47605F3D6,0,0
09C8F49982B9,0,0
09CC8EB90437,1,0
09E2F282EC82,0,1
09ECF76CBD3C,0,1
09F032EC5F21,2,1
09F1FC4F0F47,0,1
09F294EFAFC2,1,1
0A082DA0A890,2,0
0A0B289272ED,2,1
0A23334002E0,1,0
0A259B8AA9B2,0,0
0A273CDFC416,1,0
0A2A6855DE4F,2,1
0A2EE9B6BF75,1,0
0A373C01EAD7,0,1
0A3818A64CF5,0,1
0A43A08B43DA,0,0
0A4A60D36D7F,2,0
0A5299390319,0,1
0A57811CB8A2,0,1
0A591A9C5A7F,0,1
0A5B8761B187,1,0
0A5BA91AA8B5,0,1
0A5FBB44DC50,1,0
0A6324CE9AD0,0,0
0A66AD23400E,2,1
0A67029FA17C,2,1
0A6BC5C6C8D3,1,1
0A6C0B6D3925,0,1
0A7A8F866208,0,0
0A7EE102DFCB,0,0
0A821CBEEBB1,2,0
0A9737F93012,0,0
0AA2CC0ED760,1,0
0AA8E5C89F0F,0,1
0AB1AF1AE293,2,1
0ABAB1A72BD6,0,1
0ABE27218D9C,0,1
0AC49CE1A516,0,1
0AC92FABBDEF,0,0
0AD49DAA4C83,2,0
0AD69388300B,2,0
0ADBB145FC2C,1,1
0AE484ECECE6,0,1
0AE4F7182044,0,1
0AF19FB6EFB5,2,0
0AF71A83C114,0,1
0AF80C04491F,0,1
0AFAD06336F3,1,1
0B084590D876,2,0
0B0A72BE66A0,0,0
0B14040A5B27,0,1
0B1B9FA86199,1,1
0B1CD576E3E9,2,0
0B25AA5D6644,1,1
0B2C0C1833BF,0,0
0B3BA24EAF48,2,0
0B4FAC7A4A8B,0,1
0B59FE37329D,0,0
0B5BC07C6E03,2,1
0B5BFD4E5904,0,1
0B64C3347CCA,1,0
0B720B5EA0E9,1,0
0B7832DC2556,0,1
0B83D59D898C,0,0
0B858FF5C4C0,1,1
0B88C91C0403,0,0
0B8F67C0A3A1,2,1
0B994B3916FB,0,1
0B998187123D,1,0
0B9CE8AC36DD,2,0
0B9F19D6B713,0,0
0BA3163D4609,0,0
0BA416865EFD,1,1
0BA5506F91C5,0,1
0BA5EF441ADD,0,1
0BAA5F009116,1,1
0BAF08001514,0,1
0BB223A348F6,2,0
0BB4037BFB98,1,0
0BC016A285DC,0,0
0BC2CAE08FDF,1,1
0BC2D988CA5D,0,0
0BC531D9A1FD,2,1
0BCA18283DBE,1,1
0BCB61C92C49,0,0
0BCBCD2D4FEA,1,0
0BCF9505A354,0,0
0BDADA3AFF77,0,1
0BE21117EB3D,0,0
0BE6935B5A54,0,0
0BEB59F1FC9F,2,0
0BF56A2681D3,2,1
0BF6D9E2CAFF,0,0
0BF9E22B7981,2,0
0BFAE39E5020,2,0
0C02DB524F25,0,1
0C06B988433C,2,0
0C085229F46A,1,1
0C0DECDCFD52,0,0
0C1372F878A8,0,1
0C1A8B5D2903,0,0
0C1BFE5E9F69,0,1
0C216F2C365B,0,1
0C235A04EC44,0,1
0C25854E9900,0,1
0C2F4FE7BAB4,1,1
0C386AFA6EB4,1,0
0C3BBDB91972,2,0
0C40CA84544C,2,0
0C4ADE185903,0,1
0C5456B41BD0,0,1
0C57E7728900,1,1
0C636735B18E,0,0
0C636C7DADB4,0,1
0C67F1A5230C,0,0
0C699C871AA5,0,1
0C751C31DE85,0,0
0C7C06A6D656,0,0
0C80AA2C816D,0,0
0C82FD59BA0B,2,1
0C88519C4C03,0,0
0C9C3B277852,1,0
0C9DF15EB6EA,0,1
0CA02601D5C5,0,1
0CA6C4864708,0,1
0CAB1510D416,1,0
0CAC184297FF,0,0
0CAF8CEA967C,2,0
0CB2758A3289,0,1
0CB3A4D9ABF9,0,1
0CB3CA3672E2,0,0
0CB7BE27C466,1,1
0CC7CB437B4C,1,0
0CDA737BEA89,2,0
0CDCBCF07C6D,2,1
0CDCC84B9EA9,1,1
0CE2B34B05CB,2,1
0CE521F8D172,2,0
0CE6E6BF8EA4,0,1
0CF046E953FB,1,1
0CF568439ADB,0,0
0CF61A389E37,0,0
0CFDDC1CF75A,0,0
0D0BB94FCCFA,0,1
0D1493FDAAD3,0,1
0D18BDF22C59,2,0
0D1951E5DA3E,1,1
0D1B0AE68DC6,0,0
0D1CB28776D2,0,1
0D221F0798ED,0,1
0D27B2DDECF7,0,0
0D29A98FE8FB,1,0
0D32A07A3986,0,0
0D34832378C0,2,0
0D3737E9F443,1,1
0D57449ADB7E,0,1
0D6549D2F364,0,0
0D6A0F3CE1CD,2,0
0D6D92C4EAC4,0,1
0D6EAC137920,0,0
0D6F5D6E2E77,0,1
0D788E8BDADB,2,0
0D794A60E418,1,0
0D7E8A53C9B7,2,0
0D8035CE77E4,0,1
0D8E321A9415,1,1
0D9011021C2B,2,1
0D91FC8A9FE7,2,0
0D944DDF9492,2,1
0D983D66364A,0,0
0DA533FE0FB1,1,1
0DAD662B1782,2,0
0DB1509D2CDB,0,0
0DB1CE0764E9,2,0
0DB421BA1BFD,1,0
0DBDA28DA968,0,0
0DBEBB0EED72,0,0
0DC26D7994A7,2,0
0DC3194D5EDE,0,0
0DD088792AA7,0,0
0DD93F825FD7,1,1
0DE08F4053C5,1,1
0DE4BFD7B94A,0,1
0DE6D016C7FC,0,0
0DE6E95F6D77,2,1
0DE917C7C818,2,1
0DEA400FB9F8,2,0
0DEAB57A504B,0,1
0DEB291B21FA,0,1
0DF0F6199BD0,2,1
0DF2006FC8F1,0,0
0DF2DA5C58FA,2,0
0DF3E1BC7D04,1,0
0E07647BBC59,0,1
0E0ED6AD074D,2,0
0E1251EF8544,0,1
0E24F08F16D5,0,1
0E24F8C90CFB,0,1
0E3AC9BFA07C,2,0
0E40A58A09D7,2,0
0E5278E12B82,0,0
0E5434B8EA66,2,1
0E5BCFB10650,2,1
0E5FA083E123,2,0
0E6A84091310,0,1
0E6ADE74D132,2,1
0E6BB199BF93,0,1
0E6C3C2133C4,1,0
0E848AA38DB7,0,1
0E89829FDE70,1,0
0E8CB55193E3,0,1
0E8CBECB7CCB,0,1
0E976DD14859,2,0
0E9A166C4B67,2,0
0E9A98725D87,1,0
0E9E596A69D0,0,0
0EA2F253563A,2,0
0EA59AC549C4,0,0
0EA67D518E94,2,1
0EAB0E4FC56C,0,1
0EB16BF9C6D8,0,1
0EB3DD3D4789,0,0
0EB68912667C,2,1
0EBA0162ABBB,0,1
0EBE92AFBD97,0,1
0EC6CB60A702,0,0
0EDBF71D5CF6,1,1
0EE6F614F2F0,2,0
0EE9980F4C4B,2,1
0EF272634FEE,0,1
0EF652533E77,2,0
0EF6C038DD32,2,1
0EFDADD0CCD9,2,0
0F0813F0146A,0,1
0F13AFF35C0C,2,1
0F1439303944,0,0
0F14FEA19E2A,0,0
0F1830D67AF9,2,0
0F19DD8FEEDC,0,1
0F1A6DA7027E,2,0
0F1F7F935A01,1,0
0F2720F5FBED,2,1
0F2C1C946844,0,0
0F2D20318CBE,0,1
0F2D3B9FDD3A,1,0
0F2E9FA7DAF4,1,1
0F2FAAC3EEA0,0,0
0F3877B7D800,0,1
0F38D6102C2C,0,0
0F3BCECF9901,0,0
0F5247051127,0,1
0F571C3502D3,0,1
0F62638EB677,2,1
0F659402E51B,1,1
0F6E3C622E7F,0,0
0F71E5F49E17,2,0
0F757049FA41,0,0
0F7862191BC4,1,0
0F787DD4A61A,0,0
0F7934223515,2,1
0F7DB6BD1AD5,0,0
0F7FEA47FA3E,0,0
0F89C0EE8981,0,0
0F8D99B7AC0F,2,0
0F92CE19A137,0,0
0F9E444C9DF7,0,1
0FA1E3CA3D73,0,0
0FA7BA9A1FB9,0,1
0FAA6C7B06C2,0,0
0FB0700DAF44,1,1
0FBAD334BACA,2,0
0FC32E083BDE,2,0
0FC3D22B2DB8,0,0
0FC97658A027,0,0
0FD256479257,0,1
0FD27A7C4257,0,1
0FD5B95A957D,2,1
0FDA6AC79713,0,1
0FDEE427FD46,2,0
0FE04DC094ED,1,1
0FE3B7AAD133,1,1
0FE5C9C13E7A,0,1
0FE8DC0B8513,0,0
0FF049B01070,0,1
0FF781FB6050,0,1
0FFF13DC0B0C,1,1
1.02E+75,0,1
1.06395E+11,2,0
1.15E+48,1,1
1.32496E+11,0,1
1.61213E+11,1,1
1.67E+46,2,0
1000DD448EFE,0,0
10049349777A,1,1
1006FE578078,2,0
100AA438ECE8,0,1
10100E19E2C3,0,0
101256FB2FB2,0,1
1016199DA6FD,0,1
101C3E9B985D,2,1
10266FD6FA36,0,1
103CC3AA8F90,0,1
105A6ECC9A9E,0,0
105FBB463064,0,1
1067ADE80412,0,1
10738FAB1350,0,1
107F15C6D272,0,0
108363724F15,1,1
108C28958E5B,2,0
108CCC90A2FB,2,1
109421D070BF,0,0
1098BEDFB182,0,1
109A06A4FB60,0,1
10ABD322F49B,0,1
10ACBFAA9809,2,1
10B5AC99E165,1,0
10B79C092DE1,0,0
10C813389A74,0,1
10CE47991891,2,0
10D09AB4D6C7,2,1
10D1D5724C4A,0,1
10D7845FC5D4,0,0
10E1C7EDACB8,0,1
10E592ECBDB0,1,0
10E71B56EBDE,0,1
10E73EB00BA8,2,1
10E7A0414D14,0,1
10F4C4CDB76D,0,0
10F4FEDEF052,2,0
11040FD6C88D,1,0
110CB433ACF7,1,1
1111D5CDB343,0,1
11168209A49C,0,0
111E90E1DB45,0,1
1125B1716D5E,0,1
1129201DC11C,0,0
112AA24D20BC,1,0
112ACF74B759,0,0
112B1760D112,1,0
112ECA514F8B,2,0
1135CD7FBE4F,0,1
1136D95D28E7,0,1
11393B68F12C,2,1
113942A18C27,0,0
115972ADCF50,0,1
1160237A1858,0,0
116209F5E812,1,1
11647A73E2B9,2,0
116A50DF4ADF,0,0
116D6C03549A,0,0
116ED6BCEA4E,0,0
1173D7C535A3,0,0
1175204C51AF,0,1
117FFA9B4B12,2,0
11854A885ED6,2,1
11862ECFA000,1,1
118C90DCC636,1,0
118E2E7C9C73,2,1
11A48AF9668D,0,0
11A680B3FB42,1,1
11B659A6D867,0,1
11BEB30F68EA,0,0
11C0555D3ACA,0,0
11C0D83F479E,0,0
11C1833E04B6,0,0
11C658295AC7,0,0
11CE345BAEF2,0,1
11D36CD1AC96,2,1
11DD0B26B584,0,0
11DE2050A727,2,0
11DF8476ED7F,1,0
11E1C6E089DF,0,0
11E3D2D8C85E,1,0
11F106935EDA,0,1
11F14A342E56,0,0
11F43325A858,2,1
11FCFBA42882,0,1
120174AE39B7,0,1
120AEADB58BC,1,1
12118E6058A7,0,0
12135DEF3C3F,0,0
12156BA6D875,0,0
121AAD6AE49F,2,0
1226089D55CC,1,0
123722DA6464,0,0
123BBF5BAAED,0,0
124750B04447,0,1
1249AFEBB95D,1,1
124C24EE768C,0,0
124E04CB45B8,2,0
124EDC15E692,2,0
12660C832798,0,1
126747A179A8,1,1
1269B4FB7E6B,0,0
126AB089D089,0,0
1271164467DA,0,0
127670CABA7C,0,1
12796C5A0480,2,1
127A60BC4DF2,0,1
127C44A70BAC,0,1
1284A423E338,0,0
1287FB93CF6F,2,0
129391F5ECBF,0,1
1294A6CEEAC5,0,0
1295E8C0327F,0,0
12988594D953,2,0
129C5DED720B,0,0
129E8C26C10D,0,0
12A49BF3B556,0,1
12AAF9C7C266,0,0
12BA7182FFC7,0,1
12BCA50767E9,0,0
12BE2367222D,0,0
12C40C11C57C,0,0
12C4FDD062F3,0,1
12C580353B69,2,1
12C8DD7C074E,2,1
12CB536B6C39,1,0
12D86A369DBE,0,1
12E283B3F303,0,1
12F2A2D4AB24,0,1
12F3403879BF,0,0
12FEB57ECB4E,2,0
1300228ADAC3,0,1
1300CBEB1F39,2,0
1306DBD7573C,2,0
1308F5C3347E,2,1
130F9B6DCCF9,0,0
1313ADFE62C6,0,1
131D4EC3D03F,2,0
131DA85211F7,1,1
13224DF00A6A,2,1
13233FB0483F,0,1
13294E9A7CA1,0,0
13299580C8AD,0,1
133BA823C9DC,0,1
133BF9052FCA,1,0
133DA8BD32F9,0,1
13426BBB0EC2,0,1
13457D2F2557,2,0
13481B549329,1,1
13493E22AB5A,0,0
134BAA2D43CF,1,1
13502C406F65,0,0
13556F3D510C,2,0
1359D3CCD936,2,0
135F922187BC,1,0
1360BDCC0176,0,0
1365F7051B17,0,1
136B9BDB53E0,1,0
1377A50485F1,2,1
137BAE6EAA41,2,1
1385E7A90736,2,1
138BB07570E0,0,1
138F86B73F7D,0,0
13989868021A,1,1
139E760C6DEE,0,0
139FC472EA3E,2,1
13A30C894FAD,0,0
13A4CE233CDA,0,1
13AAAD860217,0,0
13AF1E268C99,2,0
13B3514D9E55,1,1
13B7179EB6D3,2,0
13B7ABDC0051,2,0
13B841D2BC21,0,1
13BC8BC3654E,0,0
13BD2F675384,0,1
13C271A7BB26,2,0
13CB8629B839,0,1
13CFDB110C7C,1,1
13D055D4F041,0,1
13D62898496F,2,1
13E62C937FCA,0,0
13E733243771,2,0
13F1DF1DB4DE,1,0
13F4CEEDDCBD,0,0
13FDCF58A955,0,0
14044A2FF1FC,0,0
1405831818EE,2,1
140781159BAD,2,1
14097CCF4030,0,1
14107BE4409C,0,1
14122B906E30,0,0
14125B6C50B8,2,0
1417CDA8D493,1,1
141A60AB7B0D,1,0
141CC621E949,0,0
1424DEF8AEA5,0,0
142BF0B5376A,2,1
143449132EAF,0,1
1437601709BB,0,0
143881605B57,1,0
14409A305AB3,0,1
1440BFF921C4,0,1
1445C99DF53B,0,1
1449A333A335,2,0
14542AA79AA4,0,0
1461C0EEEE77,0,0
1463D1D9EC8F,0,1
146440EF28B8,0,1
146818D2FAF1,2,1
1469BBBDF3ED,1,0
146D260F5526,2,1
1484F69AB31E,2,1
1495BAF55143,0,0
149CECF2426C,2,1
149E8C278863,0,1
14C42742BD87,0,1
14CB51AFA416,0,1
14CBCA18C124,0,1
14CC75D0E9D0,0,1
14CD7481EF35,2,1
14D4B556B3A2,1,0
14D67698786D,0,0
14D6911BF51D,0,1
14DBFF7A7AD3,2,0
14DC8313ACDD,0,0
14DF107E8ADD,0,0
14E573422FEA,2,0
14E83FCCC2AF,1,0
14EA20764FD8,2,1
14EE006078C4,1,1
14F0D1DFE3B1,0,1
14F754342EA0,2,1
1509D8D81A10,0,1
150C879555C6,1,1
151645FFA225,2,1
151B0CD2ACE4,1,0
1523EEF201C4,0,0
15260AF98824,0,1
1529F615275D,0,0
152A4E283823,0,0
1536D4AC6501,0,0
153972503B34,0,1
15398FCF1379,0,0
1546CF3CFEEF,0,1
154DA8FC14D7,2,0
1553852F57B7,2,0
1556FDEA70E3,0,0
155918C91905,0,0
155CAAB3DC95,0,0
1566C25438D4,2,0
156E24130528,2,0
15710AAE17FA,0,1
158096ED2561,0,0
158EDBD5EC25,0,0
1590FD8BEA8E,2,1
15912A718F26,1,0
159424F57C24,0,0
1596E1BA9983,0,0
159B993974F6,2,1
159C888039CA,2,0
159CB166349B,1,0
159D4CDA17B0,0,1
15B1386353B7,1,0
15B6AD38663B,1,1
15B8ED0E3817,0,1
15BDCD238E51,0,0
15C0E61BC1E5,2,1
15D2FF172210,2,0
15D3501518B0,0,1
15D68BD247CD,2,1
15DB03CB7A98,0,1
15DB2779EC7A,1,1
15E235D694BE,2,0
15E317EDD7A0,2,1
15E93D248649,0,1
15EAD0CC9F3D,2,1
15F20233CFA6,2,1
15F434699355,1,0
15F52C3B4580,2,1
15FD5B635B50,2,0
160060CC2418,2,0
16030592A7B7,0,0
160942A326B8,1,1
160B02D673E9,0,1
160C1321A536,2,0
160C8B8C0E64,0,1
160D4AE46A61,1,1
16206760663F,0,0
16255EBBB49B,2,0
1626F27A828F,0,1
16271A900F31,0,1
163AC455E1DF,0,0
16482660AC91,0,0
1649A2246587,0,1
164E8B76D5D4,2,1
1655FBD1D22A,0,0
165BE1E22902,0,0
1669F1CC90D9,0,0
166A1383A90C,2,1
166AA098DBBB,1,0
166B8C946173,0,1
166CE6EE73AE,0,0
16759AEA250C,0,1
16760A114ACB,2,0
167AE151377D,0,1
167C0474C7F6,1,1
1681878C051A,0,1
1684BE6E2D54,0,0
168890CF840E,1,1
168E5BD0AECE,0,0
168FBD2247BA,2,1
169CCAB1500F,0,1
16A19F37921F,1,1
16A2070EB15F,1,1
16A44AFEC63B,0,0
16A92F43071D,2,0
16AFB1342251,1,1
16B7CA362E71,2,0
16BC80DFCF74,0,1
16C808F5F642,2,0
16D1DCBC366E,0,0
16D2B327B978,2,0
16D3EFBE11FD,1,1
16DE10816A76,0,0
16DEF72E220A,0,0
16E17D54523A,0,0
16E4FB7A2BAF,0,1
16F34D94DC83,2,0
16F6DD028926,2,0
16F9A11EE38E,0,0
170444AD3129,2,1
17050101B707,1,0
1706A44CC656,1,1
17095E50E21A,2,1
170E5EDC8024,0,0
1712A40F635E,0,0
171E655CC8F1,0,0
17249776EA6D,0,0
172A3013AF1B,1,1
172DCAD4E21A,2,1
172F67E7FBBC,0,1
1734511166A2,1,0
173C9B92AEB0,0,0
173DB7DA3CE3,0,1
17643FC4CA90,2,0
176FA6CB13C6,2,0
1777FB4DAD97,0,0
177CE5335966,2,0
1780FCAA0B8A,2,0
17840D290E28,0,0
179E672AB25B,0,0
179F54C0EE22,1,1
17A4A5CB6DCE,2,0
17A4F48BD589,0,0
17A50BE2FA1C,0,1
17AA836BF229,2,1
17B15F103D26,0,0
17C7C1CAF7E8,0,1
17C80F3C80B3,0,1
17D10719473B,0,1
17D2212B02FC,0,0
17D59A9E37E1,1,1
17D80502253D,0,1
17DC48A9BF65,0,0
17DDD76F2023,2,0
17E0D40B3CB8,1,0
17E2B6FC3FEE,1,0
17F0C18337EA,0,0
17F339479482,0,0
17F7000992D7,0,1
17FE6E535BC3,0,1
180159E53733,0,1
180B47FDF4C2,2,0
180CC35C87D9,0,1
1830EFB03CF9,0,0
18322782389D,2,1
183FB472C06E,0,0
18409261F5C2,1,1
184212E8F6CB,0,1
184218DDCD92,0,0
1842B5E46878,0,1
1844936308C0,0,0
1853B94F3ED9,2,1
18554EA0420F,2,1
185B843FA452,0,1
185E32754366,1,1
1871E7C9919E,1,1
18854B42A655,2,1
18860D492AB7,0,1
18925C953322,0,0
18A2E82D5F05,1,0
18A38B04783D,0,0
18A77D3DD491,2,0
18A9E56DA884,2,1
18AA02D4AF36,2,0
18AC57CFB338,2,1
18AF1F41C208,0,0
18B491F739EE,0,1
18BE93994E21,2,0
18BF6A6DF1A2,2,0
18C4625AD025,2,1
18CF13F4818D,1,1
18D33D605574,2,0
18D47A791678,2,0
18DD6D2A09F2,0,1
18DEE198FBE2,1,1
18DFC8ABFA92,1,1
18EA3BD58A42,2,0
18EDFBD73F06,2,1
18F28119181E,0,1
18FBB0E38C68,0,1
18FCCD9CAC40,2,1
18FDF183D4D1,1,0
1906F877011D,2,0
190A7CF741CE,0,1
19157F773204,0,1
191D76BCC101,0,1
1926EA0A1D87,0,1
1927C4B37295,0,0
192A27F0608C,0,0
193B0EE3BF45,2,1
194F79C3C5C0,0,1
195719C5F1CD,0,0
1957F0D79C24,0,1
195EF688A6FB,1,0
19668E0A6B97,0,1
19692639977E,0,0
196B4ED6FA4F,0,1
196E73AAF08F,1,1
197A2E0615B2,0,1
197CEA0EF269,2,0
197FF5255963,2,1
1988A2DCF0CB,0,0
198ECA5E2E5A,1,0
199246A25EFF,0,1
199656C3699E,0,1
199980ADEC34,2,1
19A01FCD9C30,0,1
19A9B6881B50,2,0
19B5612E4AC4,0,0
19BAEA71834C,2,0
19BB34EEB248,2,1
19BE60654AFE,0,0
19BE726697A9,0,0
19C571180C49,2,1
19CC3C000C6C,1,0
19D014A29353,0,1
19D02F757F74,0,0
19D04291B198,2,0
19E44CA7DF5A,0,0
19E57B0657A6,2,0
19E9A735673D,0,0
19EF33B3D3C7,0,1
19FDE7E48C74,2,1
1A04C4505577,1,1
1A067085A035,1,1
1A068661D19E,0,0
1A0AD9EDC773,0,1
1A0E4BA7410D,2,1
1A14F52C0C72,1,1
1A1F158C0D82,1,0
1A243FC51E59,0,0
1A2699103F72,1,0
1A2E1741BF9F,2,1
1A31F3084DC0,1,1
1A34410E8209,0,1
1A3C21FDBDCB,1,0
1A3C75CD285A,2,0
1A3F808C7AD9,0,1
1A425C27196E,0,1
1A4857187C56,2,1
1A495E1C7906,1,1
1A569C9C492E,0,1
1A5894AF1B58,0,0
1A58E2543D00,2,1
1A5CC8CE870F,0,1
1A88DC345340,0,0
1A96C4AC477B,0,0
1A9B74784B92,1,0
1AA55FB101FD,0,1
1AA901C2E32E,0,0
1AAA0FA599F9,0,1
1AABCEE311CE,2,0
1AABFCFD715A,1,0
1AB8B1ABEA17,0,1
1AD208F3F94A,1,1
1AD236405FBA,0,0
1AD65D131BE6,0,1
1AD9FF75F9ED,0,1
1AE24A0A5097,0,0
1AE40323F062,0,1
1AE4FE93159C,1,1
1AEB326AE57A,1,0
1AFDA30737C0,0,0
1B061D85405F,2,1
1B069ADEF513,1,0
1B0AA9A7628F,0,0
1B127A370E2A,0,0
1B13689BCDF1,0,1
1B17CB43C47D,1,1
1B2083B9F74C,0,0
1B267567985A,0,0
1B293B50B28E,1,1
1B2BB2B6DE45,0,0
1B2E72AE87B6,0,1
1B3701EE4951,0,1
1B3BC0D7C62C,1,0
1B46E32DAA7F,2,1
1B4B715EAC9A,2,0
1B5012856219,0,0
1B52BB98FACA,1,0
1B5312BB32B3,0,1
1B622A28EDD9,0,0
1B65222659D1,2,1
1B682BC69828,1,0
1B6D51980EDE,2,0
1B76E1F1267C,0,0
1B7A049ADE47,0,1
1B7DB4CB6B2F,1,0
1B87EDD72ED2,1,0
1B8F4DDB120A,2,0
1B95C44855DD,2,0
1B9E20C72CD3,2,0
1BA120ABF733,0,1
1BA91BC3D89A,1,1
1BAE4E235915,0,0
1BB1E58F694A,1,1
1BB2EB85C41C,0,1
1BB9080C5E67,0,0
1BBCEF0C1832,0,1
1BC6B0614AD2,1,0
1BC811EC52DD,0,1
1BCF061FF0FF,0,1
1BD5E6B368B8,0,1
1BDD5C33D152,0,1
1BDDA880A886,1,1
1BE638E9C951,0,1
1BE7F304F07F,0,0
1BF239A971C9,0,1
1BF52A5CA35D,2,0
1BF9AA238FCE,2,0
1BF9FD62E30B,2,1
1BFF05FC5A72,0,0
1C03DC666CB4,0,1
1C088E6CD17E,2,0
1C125837DEEB,1,0
1C13CBFCF87F,2,0
1C1B1DA16C45,2,1
1C22B0A7AAB8,1,1
1C29F0363194,0,0
1C32F25C46EE,0,0
1C3B06789FCB,2,0
1C53CA9C2F0C,1,0
1C53D136E6EB,1,0
1C554F1D9D75,0,0
1C58F2AF08B4,2,0
1C592378CBD1,2,0
1C596BFDD837,0,0
1C5AB511BF86,0,0
1C6A490C7CAA,0,0
1C6AD56843C8,0,0
1C6B45AF8116,0,0
1C6B5FFBD027,0,1
1C715455970B,2,1
1C7D1F04503D,2,1
1C7E0D499FBB,0,0
1C8564154C20,0,1
1C899F124FEB,2,1
1C8C28FBE64E,0,0
1C8F6219CF27,1,0
1C913AB5444E,0,1
1C961BCC0E95,2,0
1C9A50A60FB6,0,1
1C9ADFB81C4D,1,1
1C9E388C17B8,2,0
1C9F99DCD7E1,0,1
1CA7B8FAA58E,0,0
1CAC3BAE4A39,1,1
1CAEAE4A474A,0,1
1CB3534B82E9,2,0
1CCC679F54A2,2,0
1CCEB6CD629D,0,1
1CCEDB8144D5,0,1
1CD91E790D98,1,0
1CD944028E3C,0,1
1CE6C10B9683,0,1
1CF149052D11,2,1
1CF3776F970D,2,1
1D039586402D,1,0
1D0DD38A4428,2,0
1D0EC331D8F6,2,1
1D0ED4D5C9D9,2,1
1D10B524E194,0,1
1D222E2831FC,2,0
1D3CCF452096,0,0
1D3DB70632B9,0,1
1D459BD1F763,0,1
1D4FFD3360DA,0,0
1D51BCF69AD3,0,1
1D51C620FCBB,0,0
1D5346180BBF,1,1
1D5D22EBADBB,0,1
1D6257F878C4,0,1
1D6BF18EB6EE,0,1
1D75D76AC202,0,0
1D7E734B4A3D,2,0
1D7EEE65F780,1,0
1D828863ECB6,0,0
1D8D04DBA122,0,1
1D8D31593552,1,0
1D8D7B32B98A,0,1
1D91A956FD79,2,1
1D994E88DBB6,0,0
1D9D3DCE169A,0,0
1DA010DC8392,0,1
1DA7EAA3CE67,0,0
1DA96102D0F1,2,0
1DADA04B4F66,0,1
1DB0684041EC,2,1
1DB195AA7BE3,0,1
1DC6485ABFF6,0,0
1DC6C1064011,0,0
1DD339DE06D4,0,1
1DD3D8CCFF56,0,0
1DD5B206DC55,0,0
1DE4E5333FE6,2,0
1DF74255B4B4,0,1
1DFC4D084BB9,0,0
1DFC980DF01B,0,1
1DFF3734BA4B,1,0
1E009323E02F,1,0
1E1804459747,0,0
1E19464E4C30,0,1
1E1A489F2DC6,0,0
1E354DDC784B,2,0
1E3699ABBECC,1,1
1E5487955F16,2,1
1E563F170C61,0,1
1E5FF0F98ECA,2,0
1E656BE75E59,0,0
1E658787B2CD,0,1
1E6835823351,0,1
1E7013131796,0,0
1E759EE13558,0,0
1E7E1B256F16,0,1
1E8FBFB5D07B,1,0
1E9789CE290E,0,0
1E9F7661E8EA,0,0
1EA0EB93157E,0,1
1EA78F0F8633,2,0
1EAB51728A20,0,1
1EB21F75AB8A,2,0
1EB4D8BFB732,2,0
1EB7F2CB7A0D,2,0
1ED627A6FC40,0,1
1EDE0A7134BE,0,1
1EEFEAF4481C,0,0
1EF0599146E7,0,0
1EF3F333D2C4,1,0
1EF7C63675AE,1,1
1EFA2916E5A8,0,1
1F06A4B670A1,0,1
1F0A461A2589,2,1
1F0FE892EC33,0,0
1F1036C2B418,1,1
1F150143FE89,0,1
1F2351768406,1,0
1F25E363B7CC,0,1
1F265D1089C1,0,0
1F26EB15E91D,0,0
1F2DD4E07ECA,0,0
1F30B1F276A7,0,1
1F3AF3D5FB38,0,1
1F4234C9B91C,2,0
1F46EFAFBDED,2,0
1F4F8D4E1E93,0,1
1F51352E0E5F,0,0
1F56575F6388,0,1
1F58CB4D5847,2,0
1F5A8C38324F,2,1
1F62CA3289DF,2,0
1F6AB4756E2B,0,1
1F7354AA60CE,0,0
1F7997582855,2,1
1F8012FFBEBE,0,1
1F8354F0A861,2,0
1F8987BC7DAC,2,1
1F8DDCFCA766,0,0
1F939ECCB2B7,1,0
1FA0FEE9D92E,0,0
1FBDE79B7DE3,0,0
1FBDEE7FC78D,0,1
1FC7F0D3FB27,1,1
1FD55698D1E5,0,1
1FD569E1D4BF,2,1
1FD6E30AAEE1,1,1
1FE6D3E74838,2,0
1FEBEB39986A,1,0
1FF01ED707B6,0,1
1FF56BEDD938,0,1
1FFD96FC48A6,2,0
2.03527E+11,0,0
2.24E+09,0,1
2.84131E+11,0,1
2.93994E+11,2,1
20020164071C,0,0
200ADAF3A255,0,1
201241D24A3E,0,1
20141DCB5346,0,0
2017D32A0639,2,1
201EB1D0F1D5,0,0
201EC18E0A04,0,0
2022B8E2B360,0,1
202A2848311C,0,1
202C16A5B108,0,0
2036EC78D2A8,0,1
203C3C0F1250,0,0
2042CFDC3B39,2,0
20498D2BFDBE,0,1
204C6B729D8B,2,1
204D7AB9CE39,2,0
204E5D4294C2,0,1
204F7EAA0EBA,1,0
20529E261AA8,2,0
2052CF966A42,0,0
2054D2FC64B5,0,1
2056B171116E,0,1
20644ECC874C,0,0
206668BD9662,0,0
2066F8A811A8,2,1
206B99189A87,2,0
20751E8B947B,0,0
2079B764948D,2,1
207B0FEB5BEF,2,0
207D9B0083FC,2,0
2080B945CF87,2,1
20835D731FF0,2,1
2083E1A7DEE8,0,0
2084B16E2FB2,0,0
2089EF1099EB,0,1
208C0541845A,2,0
209523F52F65,0,0
2095C9D9F5B2,0,1
209A6BC99DB9,2,0
209EE46FB0BB,2,1
20A42E81AC2B,1,1
20A4E74DE0C3,0,1
20AFE3565B10,0,0
20B68A9E272C,0,1
20B696B5B9EE,0,0
20B859376593,1,0
20C01368FC3E,2,0
20D0120E0F48,0,1
20D092AFC4C5,0,1
20D2723ED2DB,2,0
20DB11FE439D,0,0
20E1ED11F61C,0,0
20E2A9554CFD,2,0
20E89E9AE5DE,1,0
20EE7E422C2D,2,0
20F2A0811902,0,1
20FE40010F03,0,0
21047CC94658,2,0
2104D2D71F9F,0,1
2107BAE9CB50,1,1
210E5C7F2F35,0,0
211F21B81B38,2,0
2127D8777A44,1,0
2128C7FE7B98,1,0
213479A5F0F2,2,1
214613C46F3F,0,1
214B8A25615F,0,0
216054C99572,0,1
2165829CACBD,0,1
216AEAE3EF97,0,0
21707382C0F0,0,0
2172A101602E,2,1
2173CA2A86C6,2,0
21750F35CEF4,2,1
217A7429341D,0,1
2181C567F6B0,0,0
2187FAAB11BD,1,0
2189471C5C78,0,1
218A21C443ED,0,0
218D823057E2,2,1
21959ECFE644,2,1
219670F16AF1,0,0
2198FC9EDB6C,0,1
219BA92044F6,0,1
219CD728CDA8,2,0
21A20247B3BC,0,1
21A24A785A7E,0,0
21A42B48B15B,0,1
21A87B922013,1,1
21AF117D5E82,0,0
21B1546505A8,2,0
21C75B3F290A,2,0
21C84DF6129A,1,1
21D853C79076,1,0
21E0940DB28C,0,1
21EFAE02832D,0,1
22075172920B,2,0
2207AE9DCDE3,0,1
22083B21A7CB,0,0
2208F4EB02E5,2,0
220A26E7E802,0,1
220B64DA6B5C,2,0
220E202448F4,0,0
2213EE7BF546,1,0
22164E215B04,0,0
2221985D49BD,0,0
2222A56620C0,0,1
22291845AEDC,0,0
223370B9F564,0,1
223FCA37F79D,0,1
22407ED964AB,1,1
22416450E0EF,2,1
2248AC325F36,2,0
224F10CBF764,0,1
2270FFC2D480,1,1
2272E232DFD6,2,0
227853D28137,0,0
2285E3878B94,0,0
228615F1933B,1,0
2290CEF95268,0,1
2298E32EC81F,1,1
22AD8A978FDA,0,1
22B0E90D524E,0,1
22B275BF971C,0,1
22B6586B8AC2,0,0
22BF4720FB84,0,0
22C47823C6B4,0,1
22CDED7996CD,0,0
22D4F1298062,0,1
22D938F5E0E2,2,1
22DB84B437CC,2,0
22DC16B8F0A6,2,0
22E2EE7963FA,0,0
22E3898773C3,1,1
22E55C32A973,0,1
22E583DA7364,2,0
22ED0ED1EF2C,0,1
22ED4D73E0D1,0,1
22F3B43D815D,2,1
22FD17FB1BEB,2,1
23011CDB368B,0,1
2304F1CAF693,2,0
23125D54C38E,1,0
23172C7BD629,0,0
2319365E6640,2,1
231993662C14,0,1
2321C93F8D7E,0,1
2321FAC1E823,2,1
232936504C18,0,0
23393129100A,1,0
233A35247566,2,1
233B42867340,0,1
233F34A737E9,1,0
234B430EDAEE,0,1
234C30A69CA4,0,1
234C54F93ABC,0,0
2352FF50900C,2,1
235437780D47,1,0
23584D5738EE,1,0
2372C99019C2,0,0
2375E96B7653,0,1
23770C56BF47,2,1
237968EDE68A,0,1
2379C4EA00DF,2,0
237FA40D5CFD,0,0
2388E2CAC922,1,0
238A68D91301,0,0
2393A995A4A5,0,0
239695A3CE7C,0,1
23972FBA1934,0,0
239C29327493,2,1
239FAAA1C2FD,0,0
23A77FF701B3,1,0
23A8E9D02DBB,2,0
23B3D8854723,0,0
23B7C4778106,2,1
23C514D3D801,0,0
23C6ED53A179,2,1
23CC3629CEC0,2,0
23CE04ED9655,2,0
23D479DD8197,2,0
23DFB0D7B17D,1,0
23F0ABEF8370,2,1
24041E649D2E,0,1
240D22669177,0,0
24122D3D3AED,2,0
2412D8A6EDB4,0,1
241CF8E86F9C,2,1
2421208F6A6E,0,1
24241413242F,0,1
242E9BA55C0C,2,0
24311D9459DD,2,0
2437AAC4FFEC,2,0
2438536A9907,0,0
2439596F6AF3,1,0
243C2673D4A1,2,0
244D42657A60,1,0
246A0E00FE73,2,0
246A11006D33,1,0
24708E827578,0,1
247B73B47DFF,0,1
247E13C6D8DB,0,0
24804BF1823C,0,0
248AD4A808F4,2,1
248F805B58E5,2,1
2491845AE919,0,1
24969BC6AB56,0,1
2498B1D89628,0,1
24A44D78C494,0,0
24AB166876CE,1,0
24AC606DE085,2,1
24AE99ACFB83,0,0
24B130898C0A,2,1
24B385AF486F,0,1
24B46AF7A944,2,0
24B659FCEC04,0,0
24BA92F852DF,0,0
24BC9F21DAE0,0,0
24C26AB99AAA,0,0
24C5ED476177,2,0
24CA09FC2888,0,0
24D418729648,0,0
24D7E9159963,0,0
24D93C4D0921,1,1
24E0B6DB7B49,0,0
24E2967E7441,0,0
24E58541E795,2,1
24E7F271035B,0,0
24E83FA682F8,0,1
24EB88B49A7E,1,1
24F0488F11ED,0,1
24FA36D49DB7,2,1
24FC5E6ADF1A,0,0
250A3F61B6D8,1,0
2514C0AD2026,0,1
251DC3DC07F9,2,0
252137EC9528,0,1
25225E638919,0,1
25269EB7FE0D,0,1
25279CF8444F,2,1
252C111E462C,2,1
25325F09BF85,1,1
2545BE194727,0,1
2546400260B3,0,0
2549F87DC5A0,2,1
2558BFD73442,0,1
255C21BE7CFB,0,1
255E3A6F95D4,0,0
2568B64DB374,0,1
256E7C7650C8,2,1
2575D2691B29,2,1
2577AEEDE0B5,0,0
2579DC590809,2,1
257D81CFBA84,2,1
258C98EFD4F8,0,0
258F5D734299,0,0
259C2BDB1FFF,0,0
259C732E5942,0,0
25A6881175B1,0,1
25A98E60DA30,0,1
25B15676D65B,2,1
25B1E8E15BCB,0,1
25BCAAC2FE62,0,1
25BCD7176327,0,0
25C29A8F08C3,0,0
25C37AACECA3,0,1
25C400582197,0,1
25C41D233D24,2,1
25C5C068B05E,0,1
25C803068D4C,2,0
25DE215F8B82,0,1
25E486CDCCBB,0,1
25E5A9483945,1,1
25EE1A06C0D9,0,1
25F15C75DBE2,2,0
25F39A646127,0,0
25F76B255B43,1,1
25FA1DF1C205,2,1
25FC80C2D25E,0,0
25FCAC7AE925,0,1
25FEFF118AEA,0,1
26018F746873,0,1
26078C934E0F,2,0
260791E4C620,0,0
26089316800B,0,0
260CD1DDA84C,1,0
260D9A25B1C9,2,1
2617310033A4,2,0
262A455A7060,0,1
262D4488693E,0,0
2634F01562BB,0,0
26370DAD607F,0,0
263A29FC4FB1,0,0
263E94CD1C90,1,1
263FD8ADA546,1,0
2640CD15FE02,0,0
26432FDB0644,2,1
26453BA910DE,2,1
2646BB37564C,0,0
26485BBC6E47,0,1
2648CF0962FC,0,0
264C52745EE1,0,1
264E2A6BC7E6,0,0
26557C3672F2,0,0
2671F96E9F5F,1,1
2674CCDD70E6,2,1
26788B95F2F2,2,0
267F9C38F948,2,0
26810C6F8A51,1,1
268675CF9C2B,0,1
2686D9471361,0,0
268FBF7E756F,0,1
269088714D10,0,1
2693AFBE8AEF,2,1
269483FFAB82,0,0
26981B151FD2,2,0
269BCDCD7A56,0,1
26A2D097B6CB,0,1
26A9D74443D0,2,0
26B43880FD1E,1,1
26B9F1A418E2,0,0
26BF9C028BF5,0,1
26CAE294C16B,0,1
26D70B50EB41,0,1
26D82BAF75DB,0,0
26E36C5938C1,0,0
26EC49492A0F,1,0
26ED9496E08C,2,0
26F0870BE37F,1,1
26F1A49ABC3E,0,1
26F783EC8DF5,0,1
270498B515AB,0,1
2704E9C5DD78,1,0
270BC1D689DF,0,0
270C135130B5,0,1
270C9CF15B1B,0,0
27132DEB3498,0,0
2714214F7D9E,1,1
271CBAA44AC3,0,0
2723DB12AC00,0,0
2726E31ECDC6,2,0
27323553A085,1,0
27347E260F1C,2,0
273863D43441,1,1
273A6BFCD55B,0,0
273D52E9DC95,2,0
273FB0645ADE,0,1
2741B42624E4,0,1
274FC279EC5D,0,0
2754EA322F36,0,1
275D05200160,2,1
276663841FCE,0,0
276B92955757,2,0
2770798B73B2,1,1
277530A14E18,0,1
27778596AFD5,1,0
278800A79148,1,0
278C1879DA87,2,1
27910796A7B1,2,0
27A071CC4338,0,1
27A2E22A4634,2,0
27A806C76E9F,0,0
27AAF664DF23,0,1
27ABA3D8F2FE,2,0
27ACC3AD950F,2,0
27ADAEF01316,0,0
27AFA00901D3,0,0
27B51EEF47E7,1,0
27C1F6B19E89,2,0
27C2C3000FBC,2,0
27C6C2D4CC0B,0,0
27C714014E17,0,1
27D28F942C45,0,0
27D30B303EEE,0,1
27D3919AEAE2,1,1
27D868D68359,0,1
27E6536433B9,2,0
27E6F6FD3EB0,0,0
27F4D048EB58,0,1
27F648D17D4D,2,0
27FC2D31B704,0,0
27FF1FD699B1,1,0
280C6F2C65F0,2,1
280D13EB16F0,1,0
280F4A13DE2B,0,0
2818231D67EE,1,0
2823EC999322,0,1
2823F7B47127,0,0
2825E78AC8A9,2,1
282920A19940,2,0
282AC137C622,2,1
282C1013B7B5,1,1
282D1DEB08F3,0,0
28314B1AC842,2,1
283EDC22483C,2,1
2844FD2BF83B,2,1
285F882853A4,0,0
2863DFA5BB0D,0,1
286C3B565456,2,0
2871CFE6B66D,2,0
2874CC27310F,0,0
28775172455A,2,0
28782BBE3CBA,0,1
287A262E4417,2,1
287F79B6D6F6,2,0
287FB47E4D2A,1,0
288183B3184A,0,0
28823EC65BA2,2,0
2891B0280044,0,1
2897B71A5E94,0,0
28A6D4AB0F50,1,0
28A7B5B9219E,2,1
28B00BFB8BD3,0,1
28B166158C54,0,0
28CA29BE678E,0,0
28CFE95203D4,0,0
28DB1BCCB6AF,0,0
28ECC096EEBA,1,0
28EF3F88FB87,0,1
28F1E43C7884,0,0
28F2073AD0CD,0,0
28FF89DC3B40,1,1
290021A1D937,2,0
2907A97CC7C4,2,1
2908D48CE405,1,0
2909EE180A2A,0,0
290C7EB656AB,1,0
2913843F6DE1,1,1
29192A5DEFD5,2,1
291D2BC7F86A,1,1
29203AAA6CC5,1,1
2922D6AF678F,2,0
29235C3B3472,2,0
2929DA478E37,0,0
292E4A40F481,1,1
292FF100BEF8,1,1
29371D115009,1,0
2939DD925D5F,0,0
2939F620E6BE,0,1
293B615771F9,0,0
293C1D45E66B,1,0
293FDE512821,1,1
294167CBC710,0,0
29450AD2A452,0,0
294C41270CAB,2,0
29502FC048A0,2,1
2958AC21BB05,0,1
296228784AA5,0,0
29627B30B5A6,0,1
2962D1BB17A2,1,0
29687C1F98F1,2,1
29712E7FC7C8,1,0
29765A8DA7DC,0,0
297E9F6638BC,0,1
29899EC43F4A,0,0
298E5C25E843,1,0
29905A8482BC,1,1
2990DEB561F1,0,0
299591FA8205,2,0
299831F64225,0,0
299A4489B427,1,0
29A05955A444,0,1
29A53E96B8C4,0,1
29AB81B05092,1,0
29B1CA7F267E,0,1
29B80B7D1092,2,0
29BB45AA907C,0,0
29BB51045AD5,0,1
29BCE8906E8E,0,0
29BE597866EE,0,1
29C1E2CE5DB3,0,1
29C9EF546659,1,0
29CA453A339D,1,1
29CAF243AA8C,0,0
29D0D6C26624,0,0
29D2B919695A,0,0
29DD7B64A099,0,0
29DD86A89693,0,0
29E116AF432A,1,1
29E443A561CC,0,0
29E8E5721F82,0,0
29EA4DF2C9B0,2,0
29F0053BC75F,0,0
29F34BD4DD98,2,1
29F53618A9F7,1,0
29F5457E7E90,1,0
29F61F8EACF0,2,0
2A0589121A2D,0,0
2A0B44CCA0CD,2,0
2A0D1193C5EF,0,1
2A124200FFBF,1,0
2A16D21F4FC8,2,1
2A242B3DCC49,0,1
2A27D5383112,1,1
2A29BA5D1EF6,0,1
2A2CDE97B76F,0,0
2A2F04CC199E,1,0
2A35A23BE3C3,2,0
2A373FF286ED,0,0
2A4221CE52DC,1,0
2A43B5C34CD0,0,1
2A4C1A1AD665,2,1
2A52459E72AD,2,1
2A563A6D8FD5,2,0
2A5D14A17747,0,0
2A60500B8179,0,0
2A6F79AB6CEA,2,1
2A79C81E7B71,0,0
2A7C4A1CBA41,2,0
2A7DA5E61374,0,1
2A88E84558F2,0,1
2A8E5AE68CA5,0,0
2A90C50AFFE8,0,0
2A934E1D02B7,2,0
2AAA5F2F5270,0,1
2AAC91E9E2E6,2,0
2AAE43DCEAAE,2,0
2AB31C89B344,1,0
2AB4A19B3201,2,0
2AB4CD937595,2,1
2ABD832C4829,0,1
2ABFDA03AB4B,1,1
2AC01E3AB211,2,0
2AC878B831DE,0,0
2ACA19551483,0,1
2ACB43DD4A24,2,0
2ACCA33A2E15,0,1
2ACDFF7FCAAA,0,0
2AD868FBE028,0,1
2AD8A9FEE4C0,1,0
2ADE4CD09C5B,2,0
2AEEA0A97907,0,0
2AFADBF8D316,0,0
2B015051803E,0,1
2B0153FF2D4F,0,0
2B12BCC7303A,2,1
2B26619F1C1E,1,1
2B2BA9FC021C,2,0
2B374862F2C4,1,0
2B39201EEEE0,0,1
2B3AA27C59CB,1,0
2B4218A99969,0,0
2B5011D4C860,0,1
2B53D5D29EAE,0,0
2B557F0EF764,2,1
2B568E2031B1,2,1
2B5A9EF786E7,0,0
2B5D7FDAFEE5,1,1
2B605EED5E4E,2,1
2B683EE1691A,0,1
2B6B50852E0B,0,0
2B6F75CC6941,2,1
2B7169FF4FBF,2,1
2B81FF610FB7,0,0
2B8C899A136C,2,0
2B94F21871FC,0,0
2B98EC6BE001,1,0
2B9C5C3BB7B9,1,1
2B9F531F1F59,1,0
2BA01892D7EE,2,1
2BA142AF4BEF,0,0
2BA422F3619F,0,1
2BB1B9853257,0,0
2BB25A23C9CA,2,1
2BB327C90883,2,1
2BB3F440A1A5,2,1
2BB45C0C7802,1,0
2BB6641B0B02,2,0
2BB881487FD0,2,1
2BBF809305C6,0,0
2BD0B513E03D,0,1
2BDB4651C49E,0,1
2BE26052C376,0,1
2BE944782131,1,0
2C0023E82D72,2,0
2C021FD670EB,0,1
2C0A4D88629E,0,1
2C0AE28084B3,0,0
2C0BDEB99FDD,1,0
2C0D4A3D4590,0,0
2C191F7F9FA1,0,0
2C1BB6C07105,0,1
2C1D74F72797,1,0
2C24880113A2,2,1
2C276911E448,0,0
2C2FC1BA95AD,0,1
2C302B2A9020,0,0
2C344E66F358,1,0
2C3911F2CA28,2,1
2C3E3E48A880,0,0
2C469434A463,0,0
2C4CF1EF39A2,2,0
2C4F19141C94,1,0
2C4F62655AED,2,1
2C5DB9FE0B0B,2,1
2C670AC05A4E,2,1
2C737A1FDB6B,0,1
2C7750B811F3,0,1
2C7934648594,0,1
2C871443D686,2,0
2C896B95DA8E,2,0
2C8BA60F1666,1,1
2C8BAD341085,1,0
2C9C9A03C5C9,1,1
2CAD08064A6A,1,0
2CAEF7197A17,0,0
2CB0A75DDF7F,1,0
2CB23505789E,2,0
2CB6039E6165,0,1
2CBBBA8D15E9,1,0
2CBDE8DB392B,0,1
2CBE6AD55BDD,0,1
2CC4B554C694,1,0
2CCB36FFC40D,0,0
2CCFB8C0BAF7,2,0
2CD160148A6E,1,1
2CD20ADA226B,2,1
2CD45C47FFE6,2,0
2CE045D2EBA4,0,1
2CE725C8E928,0,1
2CF60EE0D6B5,0,1
2CFBD4AA7BE5,0,1
2CFC7FE26251,0,0
2CFF8146A4BC,2,1
2CFFAD8DF67D,0,0
2D01E2DE3ACC,0,0
2D0AD6FF07F8,2,1
2D0CDBC81DC0,2,1
2D1B2B8833C3,0,1
2D23892ACDA0,0,1
2D28CE622B8E,0,1
2D30BE5A3A1A,0,1
2D3F81D21421,1,1
2D40E0391ED0,1,0
2D4643197395,0,1
2D4D71F910AA,0,0
2D4DC3D5845A,1,1
2D508127DEF1,1,0
2D508D3CD27E,2,1
2D58D03DE536,0,0
2D59E1BB8883,0,0
2D5F50B0E765,2,0
2D6B650A15FD,0,0
2D6EF1777E02,1,0
2D765BC7C9E4,2,0
2D7FD832995B,0,1
2D976D9E1787,0,1
2D9C280D296E,0,0
2DA25C61D18D,2,1
2DA62D709DD7,0,0
2DA6436E3BEA,0,0
2DAF1788DEC2,1,0
2DB2B8124AA8,0,1
2DB6CE093601,0,0
2DC06FFB7E07,2,0
2DCD1AE7AED4,0,0
2DDDB7AA7C51,1,1
2DDF4051E688,0,0
2DE332CFF475,0,0
2DE95E7D6776,2,0
2DEBD2B0AB2C,0,0
2DEC2BE40CB5,0,1
2DF807DD1767,0,0
2DFE8246A388,2,0
2E0478042A1F,0,1
2E04D645D0AD,2,1
2E0830F07EC8,2,1
2E1266682F4A,0,0
2E1F288230F2,2,1
2E20D79B96DC,0,0
2E25F9F0DED6,0,1
2E2C996BBE7D,2,0
2E3043C283B5,1,0
2E32EE82D785,2,0
2E41CEAA9830,2,0
2E4A88C4D580,2,1
2E5633A79557,0,0
2E5A5418F173,0,0
2E60E360C7DC,0,0
2E62A47405BC,1,1
2E64615FFB93,0,1
2E655BA40E7D,1,1
2E68BA8F2B65,0,0
2E74B317EA8C,0,1
2E7E6EBD372D,0,1
2E7FA51C438D,2,1
2E810318FBD2,0,1
2E8A8C550F8D,0,1
2E8CD9C797B3,0,1
2E9B0D031C89,2,1
2E9C3762DC25,0,0
2EAE515F6F39,2,1
2EAFA0911EC3,0,1
2EB12DA322F4,0,1
2EB94A444839,2,1
2EC2D5F64FD8,0,0
2EC83DDCAFB6,2,0
2ECC79E1E5D8,1,0
2ECCE525D35D,0,0
2ECD72FE0B34,0,0
2ED1E6441A1B,0,0
2ED265408C82,0,1
2EEA9454E26C,0,0
2EEC70448423,0,1
2EED7D472A3C,1,0
2EFAF4CE944E,2,1
2EFB606F3C1B,0,0
2F032C44C82E,2,1
2F13BCA56EF3,0,0
2F172236E865,2,0
2F191B309816,1,0
2F281D9E264B,0,0
2F286C2A60B6,2,1
2F3210D23414,0,0
2F4441343457,2,0
2F5A100EB508,0,1
2F60025ED6D0,2,1
2F63222FA0FA,0,1
2F656E04AC84,0,0
2F740510B666,0,0
2F76D50DCF47,0,1
2F79AEAA8009,2,0
2F7E08CF0EBA,2,1
2F831F895B84,0,0
2F852F042CE6,0,0
2F8F04D2D0C6,0,1
2F92C7B52712,1,1
2F95EA7A9F3B,0,0
2F9941439707,1,1
2F9C2FCB6880,0,0
2FA001A3D229,2,0
2FA02A1E3654,2,0
2FA2ABCDD456,2,1
2FA8056C7201,1,0
2FAE6DFF45F1,1,0
2FAF6849AFE4,2,0
2FB17659DA36,0,1
2FB9732FDD1A,2,1
2FB9BA37AA3C,0,0
2FC186382EDD,0,0
2FC6AA5BBAE9,2,0
2FCA68C17EA3,1,1
2FCED491B631,0,0
2FD1B73048CF,0,0
2FD2ECB1B5DC,2,1
2FD3B620DE15,0,1
2FDB1B6086C9,0,1
2FDE1544FD26,0,1
2FDF1D055178,0,0
2FE09CD5CD8C,0,1
2FE4587D0800,2,0
2FEBCE09CF3C,0,0
2FED062E2E88,1,0
2FEDEDACA7E3,0,0
2FF01AA49B76,0,0
2FF49615D63E,2,1
2FF6C7542D18,2,1
2FF9836001F4,0,0
2FFBE61E4B84,2,1
3.24844E+11,0,0
3.24895E+11,1,0
3.27504E+11,1,1
3.68606E+11,0,1
3.98662E+11,0,0
300B76F37D8E,0,1
3020EB58260E,2,1
302578B02AF9,0,0
302A70590A53,1,1
302DC21A6DEE,0,0
3030A5BB7889,0,0
303FCCA4B05F,0,0
3043D46807AA,1,1
304B55907101,2,0
3052DB170D3E,0,1
3062BD8AB8CE,0,0
3063BD6D280D,0,0
30687EEA6586,2,0
3069CFB48737,2,0
306C9043FC14,0,0
306CF68D63A3,0,1
307DF96FE1EE,1,0
30832988F476,0,1
308A7304F6A4,0,1
308DA02A219C,0,1
30935D02377A,0,1
309367E834ED,1,1
30A0189058E5,0,0
30A3F81C11AD,0,1
30C58EE38D16,0,1
30C8220EBBC5,2,0
30C99806C7B7,2,1
30D1C9635C0C,1,1
30DB0EC83D10,0,0
30E8E3CE1C32,0,0
30F141B991EC,2,0
30FB93559E6F,1,1
310201844A5A,0,0
310F8AB55A40,1,0
31225EE0EABC,0,0
3127E2B3B68A,2,1
312860BEC6C5,2,0
314A073FF242,2,0
315CF6A9667A,2,0
31608C81265C,1,0
3182788D84EC,0,1
318A8BEC177F,2,0
318C3D719F7C,2,0
318CE9377535,0,1
318E29BC6F06,0,1
318E4DA84F60,1,1
318F40822873,2,1
31998D3364B9,2,1
319B2511943D,2,0
31A3040F487C,2,0
31A655925A8A,0,0
31A65BE34B0B,0,0
31B421A815BE,0,1
31BC49520E9D,2,0
31BCC13FC4B2,2,1
31BDD33875A4,0,1
31C7E435A083,0,1
31CFC479D3DB,2,1
31D2096A0478,0,1
31D2C8EF127E,0,0
31D92B78B151,0,0
31D94B250960,0,1
31DB1BDE89A1,1,1
31DEDD89C49A,0,0
31EEF9A4A29B,0,0
31F19F915306,0,1
31F4831C794D,2,1
31F5385F21B7,0,1
31FFFAFD3987,2,1
3206079FDA69,0,1
3206E3F5CA39,1,0
320C8882B73C,2,1
32152B4D2B18,2,1
3215F95D4312,0,1
321B924C8441,0,1
322B33C931CA,0,1
323528BC0FDB,2,1
323FCB4E294A,0,0
3243E4862D4A,1,0
32440040C61B,0,1
32445E3C6B22,1,0
324E7EA1820D,0,0
324FCF9DA47C,2,0
3252E8F623E4,1,0
3253860FE997,0,0
3254ADC7B428,0,1
32612321B31E,0,1
32647EC2D489,0,0
32676DEE9A39,1,1
326DEFF8D486,0,0
326EE5515F2D,0,1
32700E9C48B8,0,0
3275120B2E8A,2,0
327AAC23CF5D,1,1
327C46078B4A,0,0
328A777ADA33,1,0
329A17C419E1,0,1
329C6644B488,0,1
329FDFF9DAEF,2,0
32A5C2EE44FE,2,1
32AA6481C3FA,2,0
32B2D5592E1D,0,1
32B5DBE46E09,0,0
32C09B35C142,1,0
32C41774E38D,0,1
32C565B12D08,0,1
32CD23AAC462,0,1
32CDDF4AA80D,2,1
32D0A06A0A23,0,0
32D3B300954A,0,0
32D85652B5AC,2,0
32D9054C3246,0,1
32E214906DF4,1,1
32E2949B0C66,0,1
32E980DFCD96,2,1
32EF13D64655,2,0
32F056351D0F,2,1
32F21701F28D,1,1
32FE31495988,2,1
3305CBBCB258,0,1
331588D6432C,0,1
3319B3A22F9B,2,1
331CA007D0AD,2,1
3321A3E87AD3,0,1
332921BEC390,0,1
332C13592AE6,0,1
332DFAC29243,0,0
33475A71956C,0,0
3348F1455A61,0,1
334B7D161667,0,0
33518A2CC63F,2,0
3351F137568E,0,0
336249F35AD0,0,1
3364D48B3E73,0,0
33679BAB1D36,0,0
336CAAC890EC,0,1
338F8137CB7F,2,0
33916D898F9B,2,0
3392F73AE2DB,0,0
33A53CC19E40,1,0
33A64A98CAE0,2,1
33ADAAB38BFC,0,1
33B1DB03DCAD,2,0
33B3B5E41042,0,0
33BB7DB867F0,1,1
33D741DE2BCA,2,1
33D9BCB1A7CD,0,1
33DB30E519E5,2,0
33E1A39FFC48,2,0
33E25E6A8028,0,0
33E67D072963,0,1
33F18D5D8867,0,0
3404A30E92C7,2,1
3410CE477160,0,1
341C1F4D29F1,0,0
34262AC688A1,2,1
342AED7864B0,1,1
343084E34E9A,2,0
343A95F8B1A2,2,0
34401843BCDB,1,0
34406EB29D45,0,0
3441F00346EA,2,1
3449CE7058D5,0,0
344D9A0422E6,0,0
345AB12E9B44,0,1
3464012E360B,2,0
3470DA60B592,2,0
347DE248D051,2,1
348227886FD6,2,1
348C415DE78D,0,1
349D1C76A0FA,1,1
34A590772E2D,0,1
34A969F02539,0,1
34AB53DA73EF,0,1
34BABC0E3795,0,0
34BCE7C3F803,0,0
34BD942EBBD7,0,1
34C2F0929B18,0,1
34C40190E817,2,0
34C430A25890,2,0
34C6AD5D2F58,0,1
34CC756C2707,0,1
34E0039AC74E,0,1
34E0E261FDE7,0,0
34E1D0E60106,2,0
34F016931102,0,1
34FB26C4FFDE,0,0
34FB9E0DF44A,2,0
34FF5653BC2A,1,0
34FF9E09D7C8,1,1
35014316E750,1,1
3504E2757216,0,1
351EB4DBB252,1,0
35242F4AB789,0,0
35279D8353D6,0,1
352CEEDDF08C,0,1
352FAD192BB9,2,1
3532AF1395A3,0,0
35382AF523B4,0,0
353CAC9AC658,2,0
353E9AFBC42B,0,0
35495037D856,2,1
3552BC0CBB1C,0,1
355534539B7E,2,1
356088A3EC46,0,0
3572E4DC8EA5,0,1
3579E5EE4EC8,2,1
358263CF4444,0,0
3588380B5507,0,1
359E66B73109,2,0
35B6AC9150EB,2,0
35B96F2A9F88,0,0
35C1EF0AD877,0,1
35D4D20892A6,0,1
35D64739B0D2,0,0
35DD0F455947,0,1
35DE2CC6BBD9,0,1
35E43CD12135,1,1
35FDC36E1D27,0,0
36064F137F20,0,0
3609B5F15C8C,0,0
360F4E7D2631,0,1
361958A6AA45,1,0
36240867324F,0,0
36246752B6F8,2,1
363F69979EAB,2,0
364AB53BF679,0,1
36571D1CDCAD,1,0
365C55F26DFC,1,0
3661D3C5DB6B,0,0
36677FE57D6B,0,0
3668AE375F14,2,0
366BB66B5A89,0,1
3671DB5110C0,0,0
368AF8A98CE6,1,1
369954E1B96A,2,0
369CC7DE668F,2,0
36A126CF8658,2,1
36AADFA80764,0,0
36B1FA4B40A7,0,0
36B4B627FE00,1,0
36C0B439BEED,1,0
36C4F0B8B4D7,2,1
36C7368968C0,0,1
36CC2A1A8BBC,0,1
36DF4C0101F2,0,1
36E730A1040C,0,0
36EE2607AB46,2,0
36F90F86ED01,0,1
370732B4F376,2,1
3709B707B55D,1,0
370E7C2794AB,0,1
371210DE268D,0,1
3716F1DB5880,0,0
3716F4794AB4,2,0
371719D9B43D,1,1
371C9C47A787,0,0
371DCD0EF85F,2,0
372B34B48E84,0,0
373D03BB20EF,2,0
373F73E9E830,0,0
3741469BB646,2,1
3741D275F8BC,0,1
37423449B879,0,1
3748EA26DFFD,1,1
37513D076D09,0,0
375BD3144BC3,0,0
375DD78BB2FD,2,1
376B211265BD,1,0
37771E9C2A8D,0,0
377E070688E1,0,0
378970057A1A,0,1
37986AF08E7A,1,1
3799343B6C0A,0,0
37A2E6EA2337,1,0
37A40AF3028A,0,0
37A4D1348B83,0,0
37B0303FA993,0,0
37B05EDB1C50,2,1
37B2B196F7C5,0,1
37B2C9BE78C2,0,1
37B47DC62A78,0,1
37B985859EB8,1,1
37BF4818673C,0,0
37C3C036AC0F,2,0
37C47D9B9596,1,1
37C9830D8815,0,1
37D102E9C36C,2,0
37D40E1CD549,2,0
37D4CF70BB56,2,1
37E07916B614,0,0
37E2BC1D72FA,0,1
37EA539179FC,1,0
37FC9DB2D1DB,0,0
37FDBF9C7EE7,0,0
37FED48BEDBD,0,0
38043B171DAC,0,1
381537D74495,2,1
38187C081B25,2,0
3819C0A62313,1,1
3821238FE334,0,0
38283A07296C,1,1
38398D01FC11,0,0
383B847BBF7C,0,0
38418C0F9D91,0,1
384D8653D8E2,0,0
38544AECD63C,0,1
3857B01712B3,0,1
3857EDCD3437,0,0
38627CBBA304,1,0
3862E2B8AD54,0,1
3864A8B9C6B5,0,0
386F96C2DCE1,1,0
386F9703C1F0,2,1
38702CDFDBE7,0,1
38733F6A4A36,0,0
387A6ABAC720,0,1
387C6CD3FD66,1,0
387D12FE2D94,0,1
38823B4C6318,1,0
388F31A9A1A1,0,0
3892D5C76B39,0,1
38930EEDA19B,2,1
38959CF98F8D,0,0
38968B108FBC,2,0
389752B5BECF,0,0
3899C281559F,0,1
389BA8389F32,1,0
38B237B2F190,2,0
38B7875D420E,2,1
38C3001D7D16,2,1
38C30CFFD0E4,1,1
38C5C8A4C583,0,0
38CFC25785E2,2,0
38D00F509FF1,2,1
38D227AB68A0,0,0
38D37BF69E5F,0,0
38D57197F5B3,2,1
38D88866ABD9,2,1
38DA987C1A3C,0,1
38E1266098C9,1,1
38E4FB60F320,2,0
38E5CA5C3B95,0,1
38ED111577E8,0,0
38EE63B226BA,2,0
38EEC115DC68,1,1
38EEEB5BC11C,0,1
38EFDBCE162A,0,1
38F68FC5317C,0,1
38FB68E6353C,0,1
3901A0BB6B92,0,0
39065509F761,0,0
390C619217DB,0,1
391757E8299B,2,0
39179028B2DA,0,0
3919F3440FB6,0,0
391FDAA58AA0,0,0
39211D068D20,2,0
3923909DE518,1,1
3925EB5265DF,1,1
3928A3B8A298,0,0
393AA5E5A2C2,0,1
393BDF8C7897,0,0
39458542D0DB,0,0
3946C28D4D7E,2,0
39492CE9549E,1,1
394E5EF1B5AC,0,0
39556E3D684B,2,0
395E57F50A76,0,0
39776B3A4C70,1,1
3977FF952798,1,1
397E84AEDCB0,1,0
3985883CA075,2,1
398C90CE0CAB,0,1
398D1E26AA89,2,0
398F0B9690AE,0,0
3992F89490E9,2,0
3997C6D12E37,1,0
399B11ACA702,2,0
39A822883189,1,0
39AAD2CA2F1F,0,0
39AD2FCCD35E,2,1
39B6454376C8,0,0
39B6908F453E,2,0
39BFD8D8809F,2,1
39CFA56A9931,0,0
39D507D7EBB5,2,0
39DE1C961946,0,1
39E08058C7B8,0,0
39E98ECA8354,2,0
39EA615EA7C0,0,1
39EB3C6F0683,0,1
39FCD9C9727F,2,1
3A05F3FA6052,2,1
3A08788DCA7D,2,0
3A09C844E429,0,1
3A2A77A19E6D,2,1
3A2D732CA9A2,0,1
3A317901A1B7,2,0
3A38C6310D54,0,0
3A46873F3E37,2,1
3A4B4B2CA9AD,2,1
3A4E619499C7,2,0
3A5D94F715D1,1,1
3A6447DDD481,0,0
3A66E0D2874D,0,0
3A777021089B,2,1
3A78FDB5DF52,0,1
3A83E8B7AB1B,1,1
3A87EAAFBEA0,0,1
3A9561759383,0,1
3A9853B9390D,1,1
3A98BE969D1F,2,1
3A9A95F48F86,0,1
3AA24312B2FE,0,0
3AA266BAD4BA,0,0
3AAAF2D5E736,2,0
3AB30AB267DA,0,1
3AB3FC197550,0,1
3AB98867EABB,0,0
3ABC3C461EE1,0,1
3AC1585668AC,1,0
3AC3BED193AA,2,0
3AC9C50357E9,2,1
3ACABC081389,2,1
3ACABEEA34D2,1,1
3AD4E35CBBA8,2,0
3AD6264469AF,2,1
3ADF2D3323BE,0,1
3ADF4890A470,0,1
3AE58AC9DFC2,1,0
3AE78FBC7ED0,2,0
3AF199D7B081,0,1
3AF207431A35,0,0
3AF8147D6DB0,0,1
3AFA78FFFC15,2,1
3AFC1056E452,2,1
3AFC305BC43F,1,1
3AFEB01D9E38,0,0
3AFF28A9D01B,0,0
3B053B2F03A3,2,1
3B067F759865,0,1
3B1BB6384D7C,0,0
3B1CE6EEA66E,2,1
3B27DB9B21FE,1,1
3B2C8BB36BD4,0,1
3B30FDC5AAE8,1,1
3B349382B66E,0,0
3B355996A407,0,1
3B3A47EA684D,2,1
3B3B9B273B93,0,1
3B3D06A95461,0,0
3B3DFE1192FB,2,1
3B4C23859101,0,0
3B50C316E9CA,2,0
3B55EC92FAAF,0,1
3B62370779A1,1,1
3B6914A9D5D0,0,1
3B76811E5D92,2,1
3B8116100309,0,1
3B85EB3B7207,0,1
3B888FC510B1,0,0
3B93FA6833FA,0,1
3BA15254E27F,0,1
3BA1C8442151,0,1
3BA2029AFBC0,0,1
3BAA2C7E2CA2,0,1
3BB2C60B97E4,0,0
3BB75823DA5B,2,1
3BBD028592D7,0,0
3BC19FD6B29F,0,1
3BC3AB612FAA,0,1
3BC78976B522,0,1
3BCA8FF7A62E,1,0
3BD1B5A4F714,2,0
3BD1F2EA30B4,0,0
3BD4C7E7DE37,0,1
3BD56311709B,0,1
3BE469553D75,0,0
3BE93D14041D,2,0
3BF2F496AF76,2,1
3C04A5B6C8F8,0,1
3C133B27FD35,0,0
3C1431342B09,0,0
3C17ED55E3A8,2,1
3C1A3C7FB8C8,0,0
3C1B911C0C75,0,0
3C2032CEEC9C,0,1
3C26EC679114,1,1
3C28743B377D,0,1
3C2E56DBA570,2,1
3C315C4345C7,0,0
3C35ABD78529,0,0
3C442451101C,0,0
3C48236462CD,0,0
3C4A286D0976,2,1
3C559F318141,0,0
3C58C11EE58B,0,1
3C693CBFEFB5,2,1
3C697FD6C57D,2,0
3C732B8FAF71,0,0
3C7B282032BE,0,1
3C8360258FE5,0,0
3C870B534788,2,0
3C879A5C86D9,1,1
3C9ABAD0EB27,0,1
3C9B9DAFB0AE,0,1
3C9EE9C1A2D8,0,1
3CA1D9450791,2,0
3CA5A09CDC38,0,0
3CA8BC5FDD12,0,1
3CA8DFA49511,0,1
3CC092F08FA7,0,0
3CC0CE77D0A2,0,0
3CC68E5F3802,2,1
3CD591F1DA56,1,0
3CD912C299E0,2,0
3CDDA85AA3C7,2,1
3CDE1D9E6E57,1,0
3CF26DBFD304,0,1
3CF52C3ED074,0,1
3CF61A705D4C,0,1
3CF722FB17B1,2,0
3CFA497859E6,0,0
3D071A53EF80,0,0
3D419C1C388A,1,0
3D4475C949C2,0,1
3D491C4153CE,0,1
3D5C564AACDD,2,1
3D613F2FF95F,0,0
3D6607FA5531,0,1
3D670976A2FE,0,0
3D6BD2217AD5,0,1
3D7067F5F0E8,1,0
3D87B595B6E2,2,0
3D8BD3820279,0,0
3D8D67C9E2D0,0,1
3D94C80366E7,2,0
3D9C932F2EB1,1,0
3DAC64829E27,0,0
3DAE21FF789C,1,1
3DAE999D059A,0,0
3DB6FCCA1445,0,0
3DBBEBD828B5,0,0
3DC336733E9F,0,1
3DC3405DF531,1,1
3DCB4591B077,0,1
3DCE7545329C,1,1
3DD1CCDA43A4,0,0
3DD708E67492,2,0
3DEF59603E74,0,1
3DF2569374B6,2,1
3DFC27F27E29,1,0
3DFCB419BA08,1,0
3DFF5C74C39B,0,0
3E0A9E722795,2,0
3E17AB4A1416,1,0
3E1A21FAB4A5,2,0
3E22E1F1A48C,0,1
3E2C1148077C,0,1
3E2DD51983F4,1,1
3E2DFEE1A973,2,1
3E3CBB78E42B,0,1
3E447261F53A,0,0
3E597CFD9697,1,1
3E7F5037EF94,0,1
3E81849D82B7,0,0
3E8567275081,0,0
3E866ECC376A,2,0
3E89989D6585,2,0
3E9AC2434A7F,1,0
3E9D0BE87490,1,1
3EA0DEDD2612,0,1
3EA7F29FFED8,2,1
3EAA08EB3E4E,0,1
3EAC45B15D2C,2,1
3EAC832BAB92,0,1
3ECCF531F73A,2,1
3ECD274709E5,0,1
3ECE3D9AD865,2,1
3ED79EE23357,0,1
3EDECE385E2F,2,1
3EDEDAB44961,0,1
3EE4F2B2B160,2,0
3EE81BEC8978,0,0
3EFA3EE80C51,0,1
3F0396A77EE0,0,0
3F03A55FF4C4,1,1
3F04C12160E5,0,0
3F06BE2C68DF,2,1
3F0A465CBE35,0,0
3F0E512E243F,0,1
3F142A739C54,0,0
3F1C215FB2D9,0,0
3F1D5295B714,2,1
3F1E511E2E1E,0,0
3F249F1FCBBC,2,1
3F282F13765A,1,0
3F2E569A486F,1,0
3F30E7FDE6F1,0,0
3F36005DC45A,2,0
3F36104344DB,2,0
3F443A810D91,0,1
3F44E430D0AF,1,1
3F47D1C0FA1C,2,1
3F4D8262235A,0,1
3F51F5840A15,2,1
3F535B618050,1,1
3F5D082F3DD3,1,1
3F5DCA4D1330,0,0
3F65AF00FC67,0,1
3F6710DB72DF,1,1
3F6E2E7E7734,0,0
3F7080BE5E42,2,1
3F72977E9580,0,0
3F7A0163C8E7,0,0
3F876627789B,2,1
3F8A01E216B1,0,1
3F8CFCF8DF07,2,0
3FA34FE01526,0,0
3FB024B6D050,0,1
3FB35A81AA24,1,1
3FB5387479C5,0,1
3FBCFA6F3065,0,1
3FC093EFB96C,2,1
3FC933A3FB55,0,0
3FCC183CC09B,2,0
3FD62131C5BC,2,1
3FDDD603DDF5,0,0
3FEA65A1F11E,2,0
3FEB1129B8D7,2,0
3FEC98F9D442,0,1
3FF04D1D12B0,0,0
3FF0FB7E93BD,0,0
3FF853798919,0,0
3FF91197E74D,0,0
4.10957E+11,2,1
4.30762E+11,0,1
4.41098E+11,0,1
4.53465E+11,0,1
4.96459E+11,0,0
4.97079E+11,0,1
400715BAA227,0,0
40115E5E4653,0,1
4014F3766E03,2,0
401940D9830D,1,1
4023681265EF,0,0
4032ED0063E4,0,0
40331978F344,0,0
40355ED1C675,0,1
403DC7E71F42,0,0
404A5E2C5120,2,1
405A9A2516C4,2,1
406287CE2DF9,0,0
406445F43B9B,2,1
406802BF672B,2,0
4082B539D6E1,2,1
4084C729DD4F,2,0
408959B1EA22,0,1
40899B186542,0,1
408A7D3D2EEC,0,0
40922D5AB806,0,0
409934FDBFBC,0,1
409D312BDC8D,0,0
40AB9AF60E36,2,0
40B45209C774,0,0
40C12D359EEB,0,1
40F436B62E66,0,0
40F5F0642A89,1,0
40F9DCD1794D,0,0
40FB5A8DB596,1,1
40FEDD6DE160,1,0
4103156B5B45,0,0
4118DDEC9E35,2,1
412227C301CD,1,0
412B3957025D,1,1
413384DAACAB,1,1
413841173F16,0,1
413AE4A36667,1,0
413AF04AE970,0,0
4141D61871DE,0,1
4155D50399D1,0,1
4155F87C7940,0,0
415672DB1873,0,1
415C68EF76E4,0,0
4160E6DB0298,2,0
4169721228D0,0,0
416A62A2D2C8,1,0
4176E05183E0,0,1
417F362A7B19,0,0
41811B5B8FDB,2,0
4183BA00BE40,1,0
41845057A255,1,0
4184BAF78C22,1,1
418926C5327A,0,1
4189BE6EB2BB,0,1
418A275E8556,2,1
4193E47EE1D8,0,1
419C8EFADABA,0,1
419FDC37495B,0,1
419FFE0FF11B,2,1
41A3FC274B69,2,1
41A45843C231,1,0
41AB66A59849,1,0
41ADEA51A15E,0,0
41AEF2D0D03E,1,1
41B00C33B8AE,0,1
41B139DE66D1,0,0
41B2F4B0B8EB,2,0
41B8C0A3D56B,0,0
41B983E1E1EE,0,1
41BEF59908B1,0,0
41BFE4156488,2,1
41C35CC4989B,0,1
41CAD080DC9D,0,0
41CC238F5738,2,1
41CE9804B226,0,1
41D5D90F8287,0,0
41E45EFE43AA,2,0
41E9768ADAF5,2,1
41EE2492D913,1,0
41F11AC58B17,0,0
41F5B84911C4,2,0
4206A326928C,2,0
420B1BB01B16,0,1
420D3018845E,0,0
4212518DAD4F,1,1
4216AC2DDEC4,0,0
4223E5722166,0,1
4225F6D4303A,0,1
42289AA391B4,0,1
4231D38F38CA,0,1
42323BF2B1F8,1,0
42346BC90146,2,0
4239B55FCE55,2,1
423EAE044024,0,1
4248174EB223,0,1
4248882EDCCC,0,1
424944E8A883,1,0
424C7EF762F2,1,0
4254C990BD0A,1,1
4259261D1C5E,0,1
425D3E01C3F4,1,0
42661B3C5F70,2,0
426B322D25DA,0,0
426B7994C26A,0,0
4272C8064E89,0,0
4275B4160F85,0,1
4288F88C8D15,0,0
428FD33185B5,0,1
42933710EB6E,1,0
4295337EFE17,0,0
42997AC50E1D,0,1
429F4E63967A,1,0
42A5941E3924,0,0
42AD5E1F4167,0,1
42B977C6E77F,0,0
42BBC5BB7D71,1,1
42BC1A7578B2,0,1
42BDAA30E0DE,2,0
42BDE6E6B140,0,0
42C48EAC4B1E,2,0
42CE598E99CA,1,0
42D1F54DD184,0,1
42D5B756CACE,0,0
42D8CCA3643E,2,1
42E7F97740A0,0,0
42ECF767F3AC,0,1
42ED793FF2CC,0,1
42F0BEBB42B4,2,1
4305C62498F0,0,1
4306DFFBD5CC,1,1
4312BE04F2B3,0,1
4316B5E2B308,0,0
432ACA3E8971,1,1
432FD5A0C5D2,0,1
4332C80A5690,1,0
4336E25D1D6C,0,0
4340F2CE282E,0,1
434145A7D215,1,1
434616FBA2C7,2,1
434C1F133BA0,1,0
4353BF70C4A3,0,1
43596925AF2A,0,0
435FEA5EA3C7,2,1
436637E5292F,2,0
436E25853B7F,0,0
43725C5F910C,1,0
437E9376FB71,2,1
438ABF2E294B,0,1
438E28BC10DD,2,0
4390794B2751,0,1
439605C44328,1,0
4396826744B9,2,0
439A6D5B2062,0,0
43A4DCBC26BB,1,1
43A549F003C5,0,1
43A603645B8A,0,1
43A8EE7F1045,0,1
43AAC771611C,1,0
43AF502C49E6,2,1
43B24ED85767,0,0
43BF2EC06123,0,1
43C6275B5CC8,2,1
43D612E69031,1,1
43DAAB1D4E9F,0,1
43E43F7BF502,0,0
43EC1533429B,0,1
44066F9A0874,0,0
4409FED98F5A,0,0
4410B038283F,1,1
4413099767EB,1,1
44189559196D,2,0
4423B65DF221,0,1
44249693A8E4,0,0
4427BED9AFFD,0,0
442CB680039F,0,1
442CFAE61CC3,1,1
442DD1515A61,0,0
443033444A5F,1,0
443597A6A71D,1,0
4439A9E6FBDB,1,1
4449300739D3,1,1
444932A89C28,1,1
444BAFC4DB80,1,1
44588DAF5A33,1,1
445909AC0FE5,0,1
445A7391C15D,2,1
4465723B5B4D,0,0
446DFCDAD7F4,0,1
446FB49C6537,2,0
4472129F46CF,2,0
44735791FDA0,1,0
447790D1438B,1,1
4477F6E0FC39,1,0
447812A6FB58,0,0
44785A012122,0,1
448F5DC3237F,0,0
449481205E2D,0,0
449E99B2C0A0,1,1
44A286931141,2,1
44A5406282B8,0,0
44AD6D44FD83,0,1
44AF48703805,0,1
44B06B4A6D7E,0,0
44B37CB91CF8,2,0
44B42361188C,0,0
44B9A0BA45A7,0,1
44BA6813AA4F,0,1
44C8DE8F569D,2,0
44D318388E8C,2,0
44D7EF3EDDD4,2,1
44DBEAA8A894,1,1
44DDD4D88456,0,1
44E2726DA1B3,0,1
44E7D4E2BDE4,1,0
44E91CBF4115,1,0
44EB991E35AA,0,0
44EBCF75BE1F,0,0
44F6DC9C8326,2,1
45050F5E7A34,0,1
450B82D1DF60,0,0
450F44822D14,0,0
451321E506A6,2,0
45150279591B,0,1
451BE494A2C0,1,1
451E8369BB76,1,1
4523DBC6372B,0,0
453195490AEC,0,1
453380C5CA9C,2,0
453564C3F4E3,0,1
453771E00335,1,0
453ACA22D3B4,0,0
453CFCB2BFE8,2,0
453D762EF267,1,1
453F56D5BB3E,0,0
454FA9C8E4C0,2,0
4557E9E83E8D,0,0
455F9695FAAF,1,1
45656F1FF705,0,1
45699BBC8BB8,1,1
4575B9D207C5,0,0
45775C79FA64,1,0
4579B625E1E8,0,0
458A9CBC087F,2,0
458D4C5C5727,2,1
458DAF10CB17,2,0
459EDDA36F73,0,0
459F27598FA9,2,1
45A5FD941F4A,0,0
45A85D1AA919,0,0
45AE96545D1A,2,0
45AF6741757E,1,1
45B3000D47C1,0,0
45B6B3734D1F,0,1
45B98A4875F3,0,0
45BF01B7EF4D,0,0
45CBE29D23E0,1,1
45D156498F73,0,0
45D37DC2C553,1,1
45DBD907A064,0,1
45DDB26E6EF5,2,1
45E96E189978,1,1
45EA1B11A1F7,2,0
45EF6A4EDB1A,2,1
45F0D8644892,0,0
45F6FCBF0CCA,2,0
46018A418B66,0,1
4604BEF875BC,0,0
4605F8B93BFF,2,0
4614B3AC1408,2,1
46177223B985,0,0
46183881BE11,1,1
4618DCF43061,2,1
4622343DB96F,0,0
462769ABDD5B,0,1
46284DF2F31C,1,0
4631AFEED2F7,2,1
4639878D6C17,0,0
463BD99B611C,2,1
463FD72544EC,2,0
4645167FB476,0,1
464612D779B3,0,0
46462FB89C84,1,1
464AF4533985,2,1
46559F9C74D1,0,1
46570D1804DD,0,0
465810444E5F,2,0
465FAD6FEDC4,0,0
4660CE6F0FB5,2,1
466103CE7D5D,2,1
466766082D8B,2,0
46677CD5B4C7,0,1
466945C86DFD,2,1
466D70AB6CDE,0,0
46772923BE1C,1,1
468EF37C2F2C,1,1
4692ACEC5FF4,0,0
4698AB6B27C5,1,1
46A177920976,0,0
46A196DFB54F,0,1
46A92C87B030,2,0
46B92194BDB8,2,1
46BB96D9BC9B,0,0
46BCC66EAE6B,0,1
46BE37782CD7,0,1
46CA5D7C4910,1,0
46CBC9429ADB,0,0
46CFE621048E,0,0
46D50B899316,1,0
46D66DD407B1,2,1
46DC70997CEB,0,1
46E2CA801FCF,0,0
46E9F045643C,0,0
46EA4744DAC5,1,0
471611351FAB,2,1
471F9778DDB1,0,0
47228B569E22,1,1
4722B4D2C6E7,2,0
472760F320CD,0,0
473019D8E912,2,1
47355D7141C0,0,0
4739D03E52FB,0,0
473FF163E44A,0,1
4743067BEABE,0,0
47470951BBDB,0,1
47599B8DE9F9,2,1
47650F5F247C,0,0
4766AC689B19,0,0
47683240F3F5,2,0
476E421236ED,0,1
477129D4EF86,1,1
4776005B77F0,0,0
4779C9C9093F,1,0
477A4637E689,0,1
477B00F899E2,1,0
477C978F3582,2,0
4789DE789DB8,1,0
478A901B5D00,0,0
478B474A0A00,0,0
4790D181C8D5,2,0
4791C7D8BB6B,0,1
479346DE1EF6,1,1
47976C4EE85A,0,0
479A2864FFFC,2,0
47A1277A181F,0,0
47AAA199994F,2,1
47AB06B723A5,2,1
47B65C7E16F9,2,0
47B770CB6B51,2,1
47C88CA583C6,0,0
47CAD052900E,0,0
47CB738BB612,0,1
47CC7361B35B,0,1
47D025408E0F,0,0
47D8EACFF91F,2,1
47E14166B3F0,0,1
47E1A1500282,2,0
47E3B3E558E1,0,1
47E9FD8EF2FB,0,0
47F31D88DFB5,0,1
47F7E409D879,1,1
47F818E17801,2,0
47FA53DDD7F5,0,0
47FCD0F878B6,0,1
4801AC90F66F,0,1
4810EA26495B,0,0
4819AB11D62A,2,0
4819FB3ED5E8,0,0
481B86F1521E,0,0
481C7323BF42,0,0
481D9D54CE86,2,1
482AA9ABD7D9,0,0
482E0EF0E93F,1,1
4834A18D4C76,2,0
4838F967821D,0,1
483A53143CF3,0,1
483B15E6B6DE,0,1
4844CF56336D,0,1
484D83483EAF,0,1
4856BA67958F,0,1
4858280EA8BC,0,0
485D52DB2024,0,1
485E595428A2,1,1
4860A4878ED5,0,0
486B53D5F8A0,1,0
486C6568640D,2,1
4870AB2B3E7D,0,1
487739AC4B1E,2,1
487A91198C6E,2,0
48837626943D,1,0
4885E69D7C24,1,0
48898FA30C5B,0,1
4889971AB30F,0,0
488C23E895EF,1,0
488C83FBC0D6,0,0
488DEE769EEF,2,0
489309043FA2,0,0
4896AD6DD91E,0,0
489CCED96F76,2,1
489D79BE18C6,0,0
48A79347EF59,1,0
48B386AA9B32,2,0
48B50A9C7D0F,2,0
48B6B42AF44E,2,0
48B7B61CE51A,0,1
48B9DA15FD36,0,0
48BB9C255A67,0,0
48BC63AF08BB,0,1
48C7DA094B9A,0,0
48C98C854FD4,0,1
48CCDC664931,2,1
48D545616F87,2,1
48D580D3379E,0,0
48D7F6B4B788,0,1
48FB3005F4DC,1,1
48FB3180E4EF,2,0
4907E85DC78A,2,1
490867E5D019,2,0
490C111A36D3,0,1
490C899F285D,0,0
490CF39F69C9,0,1
4918D9A545C5,0,1
492712A4FA4B,0,0
492ED47AC122,0,0
49340A641E1E,0,0
493EF6BC8883,0,0
4943FDD99039,0,1
495D976147B4,2,0
49619EA08A55,0,0
4967076F4E7F,0,1
496CB1061EDC,0,1
497842E73629,0,0
497BE4933DED,1,1
497EA11FDF82,0,0
49817AA0BC99,0,0
4997306E980D,0,0
49A315660C2E,1,0
49ABE8B9E22F,1,0
49AEA23D2E9A,0,1
49BB5CDB13FD,1,1
49C4EA2A4D21,0,1
49CC6192468C,0,0
49CF9D20146B,0,0
49D1E60EB808,0,0
49D4360E9AF0,0,0
49D702493C91,2,0
49DA281C7585,0,0
49DB71765783,0,1
49EB1825B99B,0,1
49EC8E017664,2,0
49EE99F5B6B4,1,0
49F0104EFC3C,0,0
49F54A35F6F3,2,0
49F6198DE921,0,1
49F934497799,0,0
49FF5BB9A6CA,2,0
4A072A1632BB,0,1
4A0B12C1D10B,0,0
4A10B3C41630,0,0
4A12B5FDB00B,2,0
4A19828FAE05,0,0
4A19D1B57BC4,0,0
4A2693C68175,1,1
4A28DE0DB485,0,1
4A292725EE82,2,1
4A2A4B83E9B1,0,1
4A38FAE588D9,1,1
4A3AF3695873,2,0
4A3B58C0A386,1,0
4A55B9B42D20,2,1
4A668371A5A3,2,0
4A67B7E5549F,0,0
4A7464AFAB1F,0,0
4A75A98113A0,0,0
4A76C861F788,0,1
4A7BA17C0C58,0,1
4A7F5648AB3F,0,0
4A81C9528150,1,0
4A8AC5E138FA,0,1
4A8AC603C9C5,0,0
4A9D5AC501BC,1,1
4AAB59EDE0FD,2,0
4AB030046F42,1,0
4AB0CDFFE459,0,0
4AB461F16BAA,2,0
4ACB29936C94,0,1
4AD0CB1D701E,2,0
4AD3DB40F5D3,1,1
4AD92CAEF8B0,0,1
4ADD5B2B4FF8,0,0
4ADD9D52FC2E,0,1
4ADE83D804BA,0,1
4AF4567BBE9F,2,1
4B045E8DF326,2,0
4B097196C25B,1,0
4B0CFB5539BA,0,0
4B11B66984CF,0,1
4B154F5DCF68,0,0
4B18A3D32AA3,2,0
4B1EF95AF0B5,0,0
4B201D2C2152,0,0
4B22D00F9BD7,2,0
4B25EDB36089,0,1
4B2653D19C53,1,0
4B274BB0CB0C,1,0
4B2A3D04660A,0,1
4B2EFF31A56A,2,0
4B36797FA8B2,0,1
4B3862D5B402,1,1
4B39C0D759AA,0,0
4B3F625D1815,0,1
4B40011977B4,0,0
4B47096239FB,2,1
4B4A48BAED30,2,0
4B55DB8974B1,1,1
4B57350C7661,1,0
4B598963BE1E,0,1
4B5B0839A03D,0,0
4B64E914C68B,0,0
4B8DA6C2D322,0,0
4B9F8C01BFA1,0,0
4BA7D3CA69FA,1,1
4BA9296EBE9F,0,0
4BB688100D15,0,1
4BC0F772980D,0,0
4BC4DC58DB30,1,0
4BC83A053CEA,1,1
4BCA0580352F,0,1
4BCF412489DF,2,0
4BD30FA12457,0,1
4BD52DB31748,0,1
4BD9A9FE0FA4,1,0
4BDCA46AC00E,0,0
4BE21E5EFBA9,1,0
4BF07DAD296D,2,1
4BF47B5D416B,1,1
4BF6BB594DD0,2,0
4C0042C0C4C6,2,1
4C083F3FA3EA,1,1
4C0F81CD1EF1,0,0
4C1B863AB0AD,1,1
4C2D66D7EF01,1,0
4C3B693C4E52,0,1
4C3D01DA2767,2,1
4C3FC32093AB,0,0
4C40CE78F807,0,1
4C50D19BC48B,0,1
4C521C5908CC,2,0
4C5EADB2C894,2,0
4C60445C5681,0,0
4C60FE6BE07C,0,0
4C6B05BD5A81,0,1
4C6BB0618D7E,0,1
4C8066726324,0,1
4C877DD810D4,2,1
4C9494B6DD95,0,1
4C9D310A1516,0,0
4CA50E2333F2,2,0
4CAB27E45729,0,0
4CAE60F391E8,2,0
4CB46BC4B97B,0,0
4CB975113547,2,1
4CBB994F69F3,2,0
4CC422B5E710,0,0
4CC56880FDF0,2,0
4CD535DDDE26,2,1
4CDEB518A777,0,1
4CE0D4553658,1,0
4CF351AC23BA,0,1
4CF4A9C28ECE,0,1
4CFEE034318F,2,1
4D01E3613C86,0,1
4D06D6F02594,1,0
4D079D8ECC08,0,0
4D1755B1E482,0,1
4D1A2D62BDC4,1,0
4D23A7FA9408,0,0
4D2A27BF5AB4,2,1
4D34C3A62607,0,0
4D3FD2DBCA1B,0,0
4D44F84D6821,2,1
4D4548484E40,0,1
4D4683449914,2,1
4D51DD14B0E4,0,0
4D54AA1341D5,1,1
4D550F63270C,0,0
4D55CD8CCF85,0,0
4D5772D6A709,0,1
4D60247D96CE,2,0
4D67D54D6BE3,2,0
4D6B9CAE9B5C,1,1
4D7787F1E2CB,2,0
4DA58F8F319A,1,1
4DA6DE1267AC,2,1
4DB01BAEA36B,0,0
4DB5B49E56D4,1,1
4DBB73BBC84D,0,1
4DBCED679910,0,0
4DC0660FD777,2,0
4DC710357850,0,0
4DD8BBCE5A0C,0,0
4DE033202375,0,1
4DE2EAF8914F,1,1
4E078101C9DD,0,1
4E07EED92E2E,0,0
4E0B09BFA60D,2,0
4E163434729E,1,0
4E1A49DAA439,1,1
4E2BE70F9551,2,0
4E30F0777917,0,0
4E3D602783EB,0,1
4E48D58E859A,0,0
4E49BF91D772,1,1
4E4FAB530872,0,0
4E5902274F7A,0,0
4E67F6534ABA,2,1
4E68CFD1B4D6,0,0
4E6D9C9F9318,0,0
4E6E66266A2A,2,1
4E6F19F29DA9,2,0
4E70543A2909,2,0
4E7274220754,1,1
4E73009CC4AF,0,1
4E73A80AAEB3,1,1
4E7557A13281,2,1
4E7BE43833F1,0,1
4E8255A83429,0,0
4E8BA703D87A,0,0
4E8F8A840479,0,0
4E928B4EBC53,2,1
4E947C63E6E9,2,0
4EA1D91A526E,1,0
4EA35584BB87,0,1
4EA86A6799D9,2,0
4EAB0293267B,0,0
4EACC56E424C,1,0
4EBA44D861BE,0,0
4EBD10D304A9,0,0
4EC121AB2F3F,1,0
4EC2CCDB49DC,0,1
4EC4DB053AE7,1,1
4EC4EF410FC7,0,0
4ED044414560,0,0
4ED1DD11B208,1,0
4ED5C9162A01,0,1
4ED769B5CE44,0,0
4EDA41528FA4,0,0
4EDB197A680E,0,1
4EE1B353819F,0,0
4EE5BF805EB5,0,0
4EE5E97529E0,0,1
4EE7DCB86BB4,0,1
4EF56F42107E,2,1
4EFC8F589A83,2,0
4F072A94FC53,0,0
4F097E15A450,2,0
4F0FF47B3CC5,1,1
4F112B2712E2,2,1
4F1617F685BD,2,0
4F225B82A62C,1,0
4F2438C131F2,2,1
4F26841CD3C8,0,0
4F2C6D1D9AF1,0,1
4F2CC610F271,1,0
4F2FD00AB17E,0,0
4F3313E29951,1,0
4F354E3FCD30,0,0
4F37F3579D51,1,1
4F39C001C736,2,1
4F41DBBF6462,0,1
4F46B0E32EB7,0,0
4F4AF32BE55E,0,0
4F4C3717EEE8,0,0
4F4EF9C3957B,0,1
4F53FDABD596,0,1
4F5A0012432A,0,1
4F5DCB0DCCD0,0,1
4F68A8CE6F27,0,0
4F7A79EFD3AB,0,1
4F7E14B7D72F,2,1
4F7F24918F42,1,0
4F7F5784717B,0,1
4F829961E964,0,1
4F83DD9D0130,0,0
4F8B988580CD,1,0
4F9AF69E310B,1,1
4F9E529C1FBD,0,0
4FA737C9DC2E,0,0
4FAB69773758,0,1
4FAC3B29417F,2,0
4FB1EC92A6CC,0,1
4FB443E89181,2,0
4FC6489E8006,0,0
4FD4CE18CCDF,1,0
4FE8CD4987B6,0,0
4FF5D3885FD4,2,0
4FF7C90E8071,0,1
4FFE43F4135B,0,0
5.19879E+11,2,0
5.27141E+11,1,0
5.29033E+11,1,1
5.34354E+11,0,1
5.45506E+11,0,1
5.46814E+11,0,0
5.53083E+11,0,0
5.75256E+11,2,0
5003A90A759A,0,1
50062F957F2C,0,0
5008F4C9D932,2,0
501548D29BA2,2,1
50165AB9C6F2,0,1
5016DBF9E5A8,2,1
5017EF96E33C,0,1
5019D1373922,0,0
5023E21F6A84,0,1
50247922908C,0,1
502A32AFDB6A,0,1
5032D57FC9F1,0,1
503552AC24F4,0,1
5035B5AFCDEA,0,1
503CF32C50EF,0,0
503DA2534877,0,0
50405AD10BEE,2,0
50446FC1E14D,0,0
504CC3493DAF,0,1
505A24640C8D,0,1
505BC02CDE23,0,0
505DBCB27320,0,1
505E7BE96294,2,0
50614A110213,0,1
506BF8E786CE,0,0
5075F133AA2D,2,1
507DD961E85E,0,0
5082B266C097,0,1
50855373AC95,1,0
5086805A319F,0,1
5093B51E7CBE,1,1
50A20D5E39BD,2,0
50A729516950,0,1
50AACA046816,0,0
50B574FED819,1,0
50B623B2E5B0,1,0
50BC2C5D78A9,2,0
50BCAECC0F0B,2,0
50BFBC374361,0,1
50C08AC99E2D,0,1
50C2BE78BEF7,0,0
50C6B70DF247,2,1
50D2E73ED47E,2,0
50DFF5C46D9C,2,1
50E303775600,0,1
50E6B14375AB,0,0
50E905BAF3AD,2,0
50F828AEE977,0,1
511B82DC07D1,0,1
511D6D3C51FB,2,1
511D856B4842,2,0
511ED4952D93,2,0
513761FDC07A,1,0
513C8CADC353,2,0
513F26B1B2FC,2,1
515244292F97,2,1
5153133CE3CA,2,1
51582221FB88,0,1
515CFDAAA723,1,1
5163679C254B,0,1
516557988F8B,0,0
516AF42ED2C9,1,1
516C0021B78F,0,1
516C1A08EF31,2,1
516ECA74E0D5,0,0
5171E1D8A82A,1,0
5173FB3C75A9,2,0
51862B10529B,0,1
518A59BA91F4,0,1
51A54CE0D413,1,1
51A5A4C583D2,2,0
51A7C4616A18,0,0
51B19F4A5042,0,0
51B21A17D1E7,1,0
51B65B5ADC4F,0,0
51B8712EF620,2,0
51BE91C501F9,0,1
51C3D7E06ED2,1,0
51CC68B4A5B3,1,1
51D1B45542A1,0,1
51D490A60F0F,0,1
51D70845DFA5,2,1
51DB76880081,1,1
51DD6A82BD9D,0,0
51DD72AD9EAF,0,0
51E0432E761E,0,0
51E211998DF0,2,0
51E4EB3745CB,0,1
51E6646E0733,1,1
51EE6BE022BC,1,0
51EF8C7D4263,0,0
51EFEB9D8D09,0,0
52043A84C3BC,0,1
52052A7BEEE1,0,0
52119FF73675,0,0
52145F7349A8,0,0
52158495C326,0,1
5218172D792D,2,1
521B387F32A8,0,0
521D89F262DF,1,1
52228E95FAC5,2,1
52233E7A7574,1,1
5223640D0D11,1,0
522421AC1CDB,0,1
52315F217E9A,0,1
523DC90B340F,2,1
5245516C1B2F,0,1
5246D89EFDBD,1,1
524CC4D3EEA3,1,1
5256BB4022DE,1,0
52579F4BBE4E,2,1
525E3781C41B,1,0
526CC6ABF8FE,2,1
52724D83C323,0,0
5273831FA984,0,0
52779E469111,0,1
527B7AAC2310,0,0
527D2EC10B3C,0,0
5283BE3A9AA8,2,1
52A206351DE6,0,1
52ABB31C93C1,1,0
52B0537F4B05,1,0
52B24BAEDC8C,0,1
52B54A7DBAD5,0,0
52C5975044F4,0,0
52D49831B279,2,1
52DB1B03971F,2,0
52DC3B7C3952,1,1
52F01172985F,1,0
52F4BE946D52,2,1
52F5C4141DD6,0,1
52FEF34F4AC7,0,1
52FF7CE735BE,0,0
530265997AD1,1,0
53093659491E,1,0
530F6C620945,2,1
532496FD6727,0,0
533305B42133,2,0
5341197C5A59,0,1
534835158D10,2,0
534A2664E872,2,1
534B7D65F1BC,2,1
534F8FD6D72C,0,0
5350A71E4878,2,1
53531A799B5D,0,1
5356F912E48A,2,0
5358773AF219,2,0
5369752CEAB0,0,1
536F6375C0F1,0,1
53858BE44997,0,0
538E02E87EE2,0,1
538EC7762A0E,1,1
5397604AE717,2,1
539B8000A428,0,0
53A08016E38C,1,0
53A15ABA8872,1,0
53A248BAC35D,2,1
53A5B5898974,0,0
53A6EF0C462B,0,0
53A88F5C2B68,0,0
53A9C12D80B1,2,1
53AFB23F2879,2,1
53B076D547AE,0,0
53B21C3A440F,2,1
53B5A0C383D7,2,1
53B68DAFE78B,0,1
53B9330A8106,0,1
53BA0A8722FF,0,1
53C0A4A4535D,1,0
53C9F177EB03,0,0
53CC67B72AC4,1,1
53CD63A1A92E,0,1
53CF7CA4FF9B,0,0
53DCD2003C08,0,0
53DE53537B56,2,0
53E64E2FB1DE,2,0
53E982E9957C,2,0
53EEE7A5B5A1,1,1
53F1450AF8DF,2,1
53F969ED1B94,0,0
53FB958D0310,0,1
5402D8B83297,0,1
5403979D49E5,0,0
5408E5D0F397,0,0
5412AD81F965,2,0
54177B4F0399,0,1
5419620CA869,0,1
542161D0012C,2,1
543192A13FBE,1,0
5435CA799064,0,0
5441B7ECF4ED,0,0
5444797664B1,2,1
54487928DAA3,0,1
54489E26F9F5,0,0
544B3D56A4C9,0,1
544D3AC4F148,2,1
5459D1AEA59F,0,1
5461798BA519,2,1
546B079DDC60,1,1
5478972243CE,0,1
547B0846CB1B,2,1
547B4C347058,0,0
547D92E1FFA5,0,0
548A2C7E3124,0,0
548A58E068EB,1,1
548EC5B339E3,0,0
548ED77A3B2E,2,0
549C74C7A6F8,2,0
54A7A2CF8D60,2,0
54A8F5B2420A,2,1
54AA3CF403CC,0,0
54AD5B3231DE,1,1
54B02D438BA3,2,0
54BB8F3AF22B,0,0
54C09D108011,0,1
54C805A7869C,1,0
54C93D88E8F6,0,0
54CACD132533,0,1
54D9B881F9C6,2,0
54DD496D85A7,2,1
54E231B38C86,0,0
54E67CFD7039,0,0
54EBADB0DE35,0,1
54ECEEDEB966,0,1
5503B9964A09,0,0
5509D9C673A2,0,0
550ACFB35805,1,0
551135544B29,2,0
551BB83EEF11,0,0
551CE8C1C767,0,1
5526DCFDACF0,0,1
552ABBDE1296,0,0
552E1E612147,2,1
5534E738B129,0,0
553A7E9B393C,0,1
553A7F2CFA9E,2,1
553DAFEC175D,0,0
554117C603DC,0,0
554DAEE7BBCF,2,1
55575FFF5993,0,0
55578E1EC4D9,0,0
555B1B7D2167,1,1
555BB0D560CA,0,1
555EC033AAE4,0,0
5562FD4D4820,2,1
556CAEBD8954,1,1
5574E4DD548A,2,0
557DD5E4BAAD,0,1
558299F3D69E,0,1
55904A998741,2,1
5593451440F8,0,0
55AA396C81EB,2,1
55ABBABE4AA6,0,1
55B0C90197A0,0,1
55B4C84AC4E3,2,1
55C612B32725,1,1
55C6A894F0CD,2,0
55CA4D9CE7BE,2,1
55CE4FDD7C6C,2,1
55D64FBD10D2,0,1
55F959645CF4,2,0
55F9635ECFD7,0,0
56090663E82F,0,1
56121F282D95,2,0
561798F1DC3D,2,1
561F034DEF7C,0,1
563B63C53B71,0,1
56489993A8DC,2,0
564FEF97AC52,0,1
5658A5617BA5,0,1
565A4234C56A,0,0
565C0B89C2C9,0,0
5662D458F65C,2,0
5666D5642C98,0,0
56671797633F,2,0
5672F9F49336,0,0
5674A7E93E14,0,0
56774BA72B7B,1,1
5686C7042536,0,0
568E35E8B116,0,0
568EF23DE225,2,1
5690C4B1DE7E,2,1
56934EC946BE,2,1
569400270AD9,0,1
56977F9F1BC8,2,1
56A410AD96CD,2,0
56A5852FC1D3,2,1
56AC4BE71C2F,1,0
56AF012A8C6C,0,1
56B4E3A8FA68,0,0
56B858DDB45C,0,0
56BC370EF7C6,0,0
56BDBCA6E4C8,0,0
56C594C8AD61,2,0
56CE596E4779,2,1
56D0D649CBB7,2,1
56D0DEFE8006,0,0
56D1E00149AF,0,0
56D7340B7056,0,1
56D96BC94CD1,0,0
56DDE8F7EF4B,0,1
56EAC01DACE4,0,0
57035905015E,1,1
570749EC9327,0,1
570D3C7684D2,0,1
5716C4DAFC9E,2,1
571B29B60BDC,1,0
571BE3159B48,0,0
571F127C69ED,0,0
572095E6FD5E,2,1
572236CAAFCE,2,1
572258CAB3B0,1,1
5725491F64E8,0,1
572D5C1F21BC,1,1
573CC8D2D71B,0,0
573D3A222492,2,1
573E39E45177,0,1
573FECFBABF1,0,0
5742BBAD7FAA,0,0
5757C902C635,0,1
57729F5DAC81,0,0
577CEC84D7E1,0,0
57859DBF4B4D,0,0
578917C04D28,1,1
5789A415F29D,2,0
578F55185BA7,1,1
5799F532C5CE,0,0
579C38EE157B,2,1
57A4BDE06D1B,0,1
57A68036E7F5,0,0
57A6B1103088,2,1
57A892269E96,0,0
57B23EB24F91,0,1
57BB48970618,0,1
57BB9D93F0CA,0,1
57BD9065E3EC,0,1
57C5D1B5D26B,0,1
57CE99683629,0,1
57CF03A3C5E4,2,0
57D117F52A26,1,0
57D5D51D6D7A,2,0
57D8DC790742,2,0
57E38AB72398,2,0
57E588F2AE93,2,0
57E6F4BD9AE2,0,1
57E8161AEF27,0,1
57EB0A572616,0,1
57ED566E615C,2,0
57FCE6EFA636,0,0
580B2818EAD3,0,0
580D283A8895,0,0
5818B1EE4923,2,1
58211510AB4F,2,0
583148511DEF,0,1
58358B109222,0,0
583A264BBC01,2,0
584318BAA12F,2,1
5843D4C6EFCC,0,0
58453EDC66BA,0,1
5847329FD197,1,1
584A4BB1E954,0,0
584F4FBD5836,0,0
5851531DD4FE,0,1
58567312BDAB,1,0
58621C689C7B,0,1
586269D6471F,2,0
58647D4AF653,0,1
58669BF55DF1,2,1
587B9AD94902,2,1
58842626BD36,0,0
5886FEE892A7,2,0
5893410E4804,0,0
58A457A5CC45,2,0
58B24F7BCFEA,0,0
58B67E59C661,0,1
58CC6C4321B5,1,1
58CE20CD7539,1,0
58D1B2CFF55A,2,0
58D25D8574F3,0,1
58DA41AD8D5D,2,1
58E3C1A0DB31,2,0
58E432E2DC35,0,1
58E84BCE4B90,2,0
58EBDB3621E5,1,1
58EE193B3F7D,0,1
58FE015253B7,2,1
5902D762C891,0,1
590D3E0A466C,2,0
590E55688000,0,0
590F70DF6614,0,1
591B7E3E2B40,0,1
591E36982F38,2,1
592A0A7ED525,0,1
592C7623E346,1,0
5934838B26AD,2,1
593E2802E27C,1,0
59409428D80E,0,0
5940D91292F8,0,0
5945ADE75E5E,0,1
594BA746F1E3,2,1
595BF7E204FD,0,0
5967C9CB596A,2,1
59838705785F,0,1
5986652F6023,0,1
5988A483AC88,0,0
5993D6213F79,2,1
599620A50158,0,1
59981B992996,0,1
599AE9FD7B94,0,0
59A2F81ECDB5,0,0
59A565081D48,0,1
59A5BE420CB6,1,0
59B8A753F73F,0,1
59C0B7954201,2,0
59C968EC9BED,0,0
59CD6F1E3E98,2,1
59CD7BE99BD1,1,0
59DB96D6A677,1,0
59DC7E507A13,1,0
59DE92B483E3,0,0
59DF391EF178,2,1
59DF6605E8E4,0,1
59E76F18BFAC,1,0
59E8C8BE4ACA,0,1
59EA4BEE9B35,1,1
5A014068C6F1,0,1
5A220D6D2F3A,0,0
5A39C21B332E,1,1
5A3BABA1AE21,0,1
5A3EF40C9936,0,1
5A412BB760A7,0,0
5A533A7D1C03,0,1
5A5C03C6F19D,0,1
5A68798F2808,0,1
5A6AE4CDEEF1,1,1
5A7743501C3A,0,1
5A7EE12D0893,2,0
5A8078112B57,0,0
5A87756191DD,2,0
5A8F4BFCF4F1,1,0
5A91C6A1224E,0,0
5A9A9B620C8C,0,0
5A9C20C851FD,0,1
5AA56B345704,2,0
5AA8F2432639,0,1
5AAE43F07F55,1,0
5AB3EDABE80F,1,0
5ABF1468BB07,0,1
5ABF45343C00,1,0
5AC16E188F1B,2,1
5AC37FFFB62E,0,0
5AC479FF1B7D,2,0
5ACA20C17FED,0,1
5AD3EAC6A195,2,1
5ADBB426F7FD,0,0
5ADDA95F6DD0,2,0
5AE5BAD81018,0,1
5AEDB0F22B98,2,0
5AFB5923E1DD,2,0
5B033D12F24B,0,0
5B035425DEF3,0,0
5B0F0AE2457E,2,1
5B0F0C4C998D,2,1
5B11DE2C4232,0,0
5B14D0F18119,2,0
5B14E2CB36CB,0,1
5B1796FE9AFB,0,1
5B222B47AA21,2,1
5B225CED16B5,2,1
5B2822CE075A,0,0
5B2A66C903D8,0,0
5B2B04C5E20C,0,0
5B33DBFCC997,2,0
5B3B6284CCEC,1,0
5B4AE145379C,2,0
5B4F42FD7AB8,0,0
5B5EC31A45C1,0,0
5B6020273290,0,1
5B61007BA59D,1,0
5B6CC5060C83,1,0
5B6F224A710F,0,1
5B73CB41A1FD,0,1
5B762EBD64C1,2,1
5B7839D9261F,2,1
5B7A026CD3C4,0,0
5B7E3DF2251F,2,1
5B7EF88D3947,2,1
5B89C074E210,0,0
5B8A26E5511F,0,0
5B8A8EABE08A,0,0
5B8D0FA010AA,0,0
5B8F4494DFEC,1,1
5B92A6484CCB,2,1
5B9A78A026ED,0,0
5B9E1E0553AB,2,1
5BB2AD58AF12,0,1
5BB44F6FBD2B,0,0
5BB702C07F75,0,1
5BBD1E5ABCA1,0,1
5BC0CDF05566,0,1
5BC187A4FE09,2,1
5BC582396E5B,0,1
5BCE3F6D4C83,0,1
5BD888B4E549,0,1
5BD8BEC4B87E,0,1
5BDF483698A5,2,0
5BE3649A250D,0,0
5BE6F3FD90DB,0,1
5BEEB3F5D022,0,0
5BF438587881,0,0
5C0A85EEEDDD,1,1
5C123B44E9B7,0,0
5C12763A0F7B,1,0
5C18B01089E2,0,0
5C2A497012B9,1,0
5C2C61B71D4B,0,0
5C2F188C0177,2,1
5C2F6504DDB7,0,0
5C3209958B40,0,0
5C3B7683D560,2,0
5C3D046EC7CF,0,1
5C58DF1B1468,0,0
5C5B17B1E3FA,2,1
5C5D301481AB,0,0
5C5EB17E8684,2,1
5C6687B1AA0B,0,0
5C680F1815BD,1,1
5C69070E1E48,0,1
5C69455A5553,2,1
5C73E6F0C191,0,0
5C742ECB809D,2,1
5C75F3C6AE71,1,1
5C7AF7C12082,0,1
5C7D43A28B7A,0,1
5C7D64170E32,0,0
5C843C6BD232,0,0
5C89C0506A97,2,0
5C911C2B4F28,2,1
5C9E35099AEF,2,1
5C9E6CCEAF57,2,0
5CA70FA823B1,1,1
5CA96D4D1F77,0,0
5CAB30E76547,0,1
5CB049559D6C,0,1
5CB2AC659B79,0,1
5CB615A9027C,0,0
5CB6D0FC4D80,1,0
5CBABB7D3A65,0,1
5CC68A132D2E,1,0
5CC94F3773B1,2,1
5CCBFD688D7C,1,0
5CD698A502C8,1,0
5CE073B74680,0,0
5CE0853A33EB,1,1
5CE0E9A7214D,0,1
5CE935EFB869,0,0
5CEA51DD2414,2,0
5CED5AFA7473,0,1
5CFD0AB2D231,0,1
5D021E279D42,2,0
5D0B341BF482,2,1
5D20393B5BB9,0,0
5D24FD22556E,0,0
5D3A5D985052,2,0
5D3A82DB2443,0,1
5D3C4E1B09BB,2,1
5D438CA4AE18,0,0
5D44D3B6B7C3,2,0
5D48FA3291DE,2,1
5D5F108C0FC9,1,1
5D67E6FF363D,0,0
5D74C7B81D0F,2,1
5D7515123676,0,0
5D7699670F94,0,0
5D823577D709,0,1
5D843D1CD37D,1,1
5D89C9BCA3B7,0,0
5D8E6B28C99F,2,1
5DA8A292351C,2,0
5DACADC48565,0,0
5DAE5C8E951C,0,0
5DAF24E0E18F,2,0
5DB370AD8EFB,0,0
5DB4FE5D6A00,2,0
5DB8391BB037,0,1
5DB8A4809D87,2,0
5DC052306F3F,2,0
5DC140B8BCA4,2,0
5DC65B4940CF,1,1
5DC7885F3849,0,0
5DD0E0AE3472,0,0
5DD49B415BED,1,0
5DD5A3F1A234,0,0
5DE24AC546C3,1,1
5DF0EDF0D7A5,1,0
5E021C5964F3,0,0
5E05A71851AD,2,1
5E14CA138C09,0,0
5E178A82D743,2,0
5E1DC9D62201,0,1
5E226FB79B69,0,1
5E26C9276FE3,1,1
5E320957311B,0,1
5E33FEEB3EED,0,0
5E3C351AB579,0,1
5E411004B068,1,1
5E460A253EA9,0,0
5E47B63AEE2A,2,1
5E5507D2C91E,1,0
5E5678C3195A,0,1
5E67059E3067,0,0
5E6E28DFFAB6,0,0
5E75902533E2,1,0
5E77E2114BB2,0,1
5E8341C10D90,0,0
5E83F6D46ACA,2,0
5E88F0EC802B,0,0
5E8943E437AC,2,1
5E8B50F6DF84,1,1
5E9118C7949A,0,1
5E919DD8B404,2,1
5E9444EE8F6F,2,0
5E95EF84B113,0,0
5E9E3C993595,0,1
5E9EABBE6805,0,1
5EA363E66828,0,1
5EA83BC0530E,0,0
5EAD3E81CF0E,0,0
5EB03D5E79DC,1,1
5EB43212A8DC,1,0
5EB7A0B134B4,0,1
5EB99924C996,0,1
5EB9ECE0BE68,1,0
5EBCAA54A599,0,1
5EBDFA356030,2,1
5EC2696BAD78,0,1
5EC6E75028EF,0,1
5EC799B04F58,2,1
5ECB2C9552EF,0,0
5ECBD433868E,0,0
5ECD00F7DBAF,0,1
5ED9F80F1134,2,1
5EE37CF33717,0,1
5EE526AB840B,0,1
5EE8CB200D9B,0,0
5EE96783493A,0,0
5EF21F142C51,0,0
5EF660E481FF,0,0
5EF7607660F0,1,0
5EF9672456E6,2,1
5EFC63975196,0,1
5EFE548412A3,1,1
5F02CAE49707,0,0
5F0A95402125,0,1
5F0EFFD4CAF7,0,1
5F1314EFC0BF,0,0
5F1A624338DD,0,1
5F1ED0796466,2,0
5F26913D0F6A,2,0
5F27253980BB,0,1
5F3D6FB9F6A0,0,0
5F498065B47B,0,1
5F4997E3A45D,0,0
5F4E561AB62A,2,1
5F522FE6B030,2,0
5F584C7A7B66,0,1
5F63B317E634,2,0
5F6F7DA0B342,0,0
5F7773622C17,2,0
5F897635CDDE,0,0
5F8C39B2B552,0,0
5F97B60F370E,1,0
5F99013AD518,0,0
5F998012DDCD,0,0
5FA725C41F36,0,1
5FA8C1D30129,2,1
5FAB26EAECD2,0,1
5FB0797A7BFC,0,0
5FB3B837BB81,0,1
5FB8B334138D,1,0
5FBE6E6D86F9,0,0
5FCF56BDB113,2,1
5FCFD7CBEFFD,0,0
5FD6686E9FE8,2,1
5FD82A1B4A55,2,0
5FDFA90D3EDA,0,0
5FE1CC117D50,0,1
5FE5DA09149F,2,1
5FF174EA44A8,0,1
5FF1D599D746,0,1
6.15327E+11,1,1
6.36755E+11,0,0
6.60366E+11,0,1
6.77663E+11,0,1
6.91309E+11,1,0
6005B14C294E,0,1
6006F1328003,1,1
60090FD45183,2,1
600959D8A343,2,0
600D15606C01,0,1
601599CA6F3F,0,1
602BF2AD3B3B,0,1
603959BC623B,0,0
603C2AE099F4,0,1
603D3019DCC5,1,1
603D38C864DD,0,1
603DE0BD3A92,0,0
6043BA11ED60,0,0
604BECEA8FBE,0,0
604E0A104A97,0,1
604F56303E46,0,1
60539232A0C9,2,1
605DDF3EA948,0,1
6060D28C05B6,0,1
606260AC76E2,0,1
606699C7A754,0,1
606B03D848FB,0,0
606C4015BD6B,1,0
606C73F97E17,2,0
6075DFB98832,1,0
60772C514A37,1,0
607AB7FA0E57,2,1
6081F7294031,2,0
60848B9FED16,2,0
6086E26A9B8B,0,0
6089950C03C3,0,0
608A0F691705,1,1
608B8AF21000,1,0
608E2E406B74,0,1
6097E7767D96,0,0
60AEEA05E1A9,1,0
60B64507D3BD,0,0
60B8793E4EC5,0,0
60B9CA06540D,0,0
60C183CFA58F,2,1
60C439A28A94,2,1
60C9C0AC9F48,0,0
60D5DEB40F45,0,1
60D68C264688,0,0
60E686BA1E09,0,1
60E98C89CF04,2,0
60F9BE7AF29C,0,0
60FFF26260C1,0,0
61055119521E,2,0
610657AB52DA,1,0
610C4705559E,2,0
611087AD50CD,0,1
61112AD2A25E,0,1
6115AB81F5D6,0,0
6116446CF0BC,0,1
6120612BAC0D,0,1
61294B5B8ADB,2,0
61343B6C7E0B,2,1
61398AE8B2EE,0,0
613F12D063F5,2,0
6149F0876D30,0,0
614FF07AA1FC,0,1
615CFA3ABB2B,2,1
6166AF313473,2,1
616B65B19BB2,0,0
616F112B59F4,0,0
61722DC84881,0,0
617350A70F78,0,0
6173BAAAA7FD,1,0
617F2F7BF090,2,0
6180C9A37B2B,0,0
6183574CA5FC,0,0
618C71C6B2BE,0,0
618DF148C39F,0,0
618F39ACC1CE,1,1
619180B69DBE,0,0
61940F7893FF,0,0
619D4176B04A,2,0
619F7C42139E,0,0
619FCB9DAC94,2,1
61A0FEA827E4,0,1
61B15EC2F7B6,2,0
61B1EE81780B,1,1
61B3D40AA856,1,0
61D13513C992,0,0
61D5DB6C54F7,1,0
61D89583005B,0,0
61E87D530E50,2,1
61EA611AD31A,2,1
61EDBF8CEC7D,0,0
61F3B1F549CD,0,1
6200EAC0CBBF,2,0
62049767E58C,1,1
6204A1726C16,0,1
6208F1920B19,0,1
620D3774F474,0,0
620DE3FDAA4F,1,1
620E49DF04E2,2,0
621DE1C3A440,1,1
6225570285BC,0,1
62274F02BC50,0,1
623FA57397A7,0,1
624586746EB4,0,1
624A092E7C32,2,0
624A50DFE702,2,0
6257C846D070,0,1
625B5EA39197,0,0
625EB4BAA19B,0,1
62654020C48D,2,1
6269893C45DC,0,0
626AE66A4F00,0,0
626D81DA387E,1,0
627AD4369D37,0,0
628019536B7A,0,0
628101B81007,1,0
62884F478162,0,1
628AD453CFD8,0,0
628D02AAB498,2,0
62903189839,0,1
6292FA7E5BD1,0,0
629862A6AB15,0,0
62A5873FD2BC,1,1
62A99B6D846E,1,0
62AA2FDC41C6,0,1
62AFBD98AFA9,1,0
62B435DCB587,1,0
62BE2CD4427F,0,0
62C57C524CD2,0,0
62CA32AA1C52,0,0
62CFC135C5C0,0,0
62D3895B702E,0,1
62D65CAACC4A,2,1
62D796BB3724,1,0
62D832A8630C,2,1
62DCC3EF0507,2,0
62E08644BD3B,0,0
62E0E0159843,2,1
62E441E58EC2,1,0
62E87716DFDB,2,0
62EA05528EFF,0,1
62EA3F855DB2,0,1
62F9D6559F14,0,0
62FC97D29846,2,1
62FD49CAE1AE,0,1
6314A8C1D128,0,0
631F9CBDFD7A,1,0
6321CFDD093A,1,0
632998A6072F,0,0
63382FEE34A7,1,1
633E15276E05,2,0
634150E86FAE,2,1
6341B5F6D0D5,0,1
6348F3FAB2F4,2,0
63496B24B9BD,1,0
63529F7E789A,2,0
635484AE3669,0,0
635BE73842BB,0,0
635C6FD4CD45,0,0
636811ED1516,0,1
636E30C86B69,0,1
63714646F1F4,1,1
637673A6DF01,2,0
637F17D96F48,1,0
638546C1C924,1,0
63901FEE7589,2,0
6397F69A35AB,2,0
639AB094CEB1,1,1
63A908894771,0,0
63AE2EE9B28A,1,1
63AFEF7824B1,2,0
63B4820B55F7,0,0
63BC0E332F24,0,0
63C087C70C54,2,0
63C74FF7DB27,0,0
63C762CF1FB6,0,1
63D663E674C5,1,0
63E9529594F9,1,0
63EE52366E69,0,1
63F12BD57AE7,1,1
63F2D35452AC,0,1
63F533DA2C4E,0,0
63FA4F48E6F9,0,1
63FBD807F6A3,2,1
63FEC53AF437,0,0
6401CA1C645F,0,0
6402C64B1444,2,1
640315EA64A3,0,0
64077B385B48,0,1
640899CC6EC5,2,0
640A7B8CBD72,1,1
640AAB71319F,0,0
6415C4D644EE,0,0
64246ED6F213,0,0
64251865C84E,0,1
642D1C60A615,0,0
643133AE3E5F,2,1
64319E500339,2,0
644ABEAF2199,0,0
6458DE216471,0,0
646500FB5CD3,2,0
646DBA929C37,0,0
647A9F4B13E2,0,0
649807ACDD9F,0,1
64A4EBA4CC37,2,1
64B986E7853C,2,1
64BD20F9CCC8,1,1
64C09A835374,1,0
64C6CB509C0C,0,0
64C934615733,0,0
64D9D150E43D,0,0
64DF7B801614,0,1
64E208B0CC5E,0,1
64E91043AF2C,0,1
64EB5FFF3DB9,2,0
64EB91C84A32,0,0
64F4EEE18DAF,0,0
64FDE4FDCDDB,1,0
6504F77A1674,0,1
650FFD51AD15,0,1
65183AEA7FC2,2,1
651CE6F22A06,0,0
65231CB357DF,0,1
65286FBCAD2D,2,0
652D6561FE8B,0,1
65353E231139,0,1
654204F23B4C,2,0
65447D9FE11E,1,0
654CA2DA610B,0,0
655A3B3F19E1,0,0
6565F5930D6E,0,0
65688F5C5F82,0,0
6575CFE1F211,0,0
6576358C3754,0,0
6578E97B8E0E,0,0
65799645548A,0,0
658428760D94,2,0
6585105C64D7,0,1
65871B0D00E9,0,0
6587820089F3,0,0
6589766A4C78,2,1
658D9641A1C6,0,0
659143BDC3B2,0,1
65980B1BCBAD,1,1
65991D1DA389,0,1
65994ACB31EF,0,0
659A00D789F0,2,0
65A3291CB6FA,0,1
65A67EDDDB58,0,0
65AA1348FD1A,0,1
65AACA4E3F2E,0,0
65AEB26E0525,2,0
65AFC6455E89,0,1
65B1F548E8BE,1,0
65B90292739C,0,0
65C8F881F296,0,0
65D6233D8448,2,1
65D771A9D1FD,2,0
65D860D68148,0,0
65D8D9AA5947,1,0
65D97AB33D46,0,0
65DD39531321,2,0
65E3280D899A,0,1
65EADED456D1,0,0
65F4647C00D4,0,1
65F51DF3A870,0,0
65F8264950AD,1,1
66031F0D0329,1,1
661426A2C8DE,2,0
6614342DF86D,0,1
661B7E9A641F,0,0
6620CDFFF042,0,0
6621856784A9,0,1
66259133A8BF,2,1
66288718AF60,2,1
6629A229A900,0,0
6629CFE36B2C,2,1
662BC175152E,1,1
662E20DE95C8,0,1
66306888222D,2,1
663149D85F9C,0,1
663222D95A56,0,0
663555E90485,0,1
663ECF6AF702,0,1
66418ED2289D,0,1
6641EA903719,0,1
66435002F527,2,0
6645078FF1DD,1,0
6646414809D0,1,0
664DC178A65E,0,1
66500F49DA0A,2,1
665A2D50F034,0,1
6661064715FA,0,0
6661EAEC9023,0,0
667499205A97,0,0
6681FEF3AA13,2,1
6685C02108BA,0,1
669954011A4C,2,1
6699DEA066F3,2,1
669A595FD66F,0,0
66A42012C206,0,0
66AA8E8F6789,1,1
66AD7F03F068,1,0
66B4C5358537,1,1
66BFF6F846DA,2,1
66C8EFF0BD08,0,0
66C96029DE3B,0,1
66CDB0D96058,2,1
66D29FC8F9AD,1,1
66D810E0A3D1,0,0
66D9C293DB80,0,1
66E71B6C50F5,0,0
66EAC5C59580,0,0
66EEDB0C0494,0,0
66F4DE5B55E1,0,0
66F7AD6B99E2,0,1
66F80E57BA95,2,1
6703193EBE49,0,0
67115999420C,0,1
6726B4680CA6,1,1
672CD0AEEA90,0,0
672D0F5241A4,1,1
6743F5B9985B,2,0
6745076C4F5E,2,0
674CA6631291,0,1
675D63C3D265,2,0
6761F7EC5A94,0,0
676201F75AB8,0,1
67631924513E,1,1
6770A2F02671,2,1
6776B92E4513,2,1
67787C34A08F,1,0
677CF91FDC97,0,0
6783CF0808E5,1,0
678504F90802,1,1
6787D1982CEE,0,0
6789C92FBD8F,1,1
678F9DC7579A,2,0
67907FCA021A,2,0
6796C7366713,0,0
67984D18D30D,0,0
679DC940206E,0,0
67A24E5541AF,1,0
67A7E2367263,0,0
67BBF262FE34,0,1
67C79BC87A66,1,0
67C8EC23C79F,1,1
67D14DACC392,2,0
67D40BFD6844,1,0
67D42552C387,2,1
67D58F9FA53C,0,1
67DCF9B166A5,0,1
67E34C1004D4,0,0
67E48B0CB147,1,0
67E5376117EF,1,0
67EA44FE037E,0,1
67F5281DAE5F,1,0
67F6F36C0B66,2,1
67FFAD7BD23C,0,1
6805FE96E548,1,0
6806B74BD8E3,2,1
680BAC6A82BD,1,0
681279579E8A,0,1
681B9CD21B07,0,0
68201A571AE4,2,1
684652D976EB,2,0
68486609C73E,2,0
684D9F76006C,1,0
684DE5B645D8,1,0
684F637DD1E8,0,0
6867D67B3444,2,1
68685615FE0C,1,0
686901D47360,1,1
686A0D833422,2,0
686A4F5FDD23,0,1
6872BC56971B,0,1
68822E9EEE00,0,1
688629E5EF45,0,1
688EE5891D8C,2,0
68989269D0E2,1,0
68998828307D,1,0
689A9ACF5486,2,1
68B10E50F695,0,1
68B1B9C3EA1D,1,1
68BC89FB3051,0,1
68BEFCB27D2F,0,0
68BF11B32272,2,0
68C18C22E48B,0,1
68C31A543A83,1,1
68C5CA5BF14B,2,0
68D384EBB6FB,0,1
68D68DA97502,0,0
68E2E5922B31,1,1
68E7029BE2C0,2,1
68E95519CBCA,2,0
68EA100E4CB1,2,1
68F5B0E051A5,0,1
6903F409E831,2,0
690713606EEF,1,1
690D4166C20C,0,1
690D9455E629,2,0
6910A7FECEEA,2,1
69135A9AD20F,0,1
69144038DA0E,0,0
6915333490BD,2,0
691CEE65C243,1,1
69241D10E69A,0,1
692AE96B2A25,2,1
692DFB8C2898,0,0
69327DD44191,0,0
6937959572F0,1,1
693B87BAB53F,2,0
693D502DB723,0,0
6948779DA63C,0,0
69545D179252,2,0
6955B59F6BDC,2,0
6956113E95B7,0,1
6957C415FEF9,0,1
6961829A2E92,0,0
696261D4BE63,1,0
6971E147ECDF,0,0
6974F39BF193,2,0
697A11B8C862,2,0
6980434BF3A3,0,1
6986FE5E3D95,0,1
698B957C1FAD,0,0
698C98E57B3D,0,0
698E89BCF1FD,0,0
6991D6795EA7,2,0
699259F14D89,0,0
699EBFBA9770,2,1
69A0715FA8A5,2,1
69A1A0E6B176,2,1
69BBFF7B8842,1,0
69BF0FC870C0,0,1
69C237AC88FF,0,0
69C6F32846E9,1,1
69C9C47F8E8A,1,0
69D18D73D53A,2,1
69DE06E31D1D,1,0
69E159567D65,0,0
69E3314D361E,2,0
69E49978A8AE,1,0
69E64FA788BC,0,0
69E7D8C23897,2,0
69EE2FC28DD0,0,1
69F34C1CBE67,0,0
69F4D7B711FE,1,0
6A07A93294AD,0,1
6A11804E60B6,1,0
6A14B4BFBFFA,2,1
6A27243CF725,0,1
6A273D6F0816,2,1
6A2AAAC00995,0,0
6A2DD90BCD04,1,1
6A36FD955AB7,2,1
6A3B0EFBDA4A,0,1
6A416896C5DE,0,0
6A437891CA7F,1,0
6A47B80F3283,1,1
6A62A748E4F0,1,1
6A62CD23AF8B,2,0
6A67C3F51562,1,0
6A6FFF7E62F3,0,0
6A78A7225C3F,0,1
6A78F638EF3D,0,0
6A7B9BAD96D1,0,1
6A916423AA6A,2,0
6A93EFD01EB1,0,0
6A9615F317EF,0,0
6A977849DE08,0,0
6A988A538ED8,2,1
6A9E327A5D72,0,1
6AA3A9F9519E,0,1
6AA91C1058ED,0,1
6AB3E21421F5,1,1
6AB7A38DBD70,0,0
6ABC44A06B02,0,1
6AC162B7BF45,1,1
6AC63FF66486,0,0
6ACDC003F40F,0,0
6ACEE4C0B638,1,0
6ACFB267B042,0,1
6AD64F9A9437,2,0
6ADE59423D69,0,1
6AE1BDB955C3,1,1
6AEC3D4895A7,0,1
6AEE71815EF0,1,1
6AF5A10AFF5A,0,0
6B030715E953,2,0
6B06546E87F1,0,0
6B23A1A47D4A,2,0
6B292C385744,0,0
6B32D01DB822,0,0
6B32EC069C00,0,1
6B34BD2CA144,2,0
6B36E17606DE,0,1
6B38FB57A1D3,0,1
6B3AF4AD81EA,0,1
6B3C020565C4,0,0
6B3C70C249F0,0,0
6B4CAB939463,2,1
6B4CE12D92B5,0,0
6B54832BDB7F,0,1
6B56C630FFC5,1,1
6B5809C83978,2,1
6B5D04317738,0,0
6B5FA24D86FC,1,1
6B7FFEA03FE5,1,1
6B850987631D,0,0
6B864230D83E,1,1
6B933220124E,1,1
6B9658ADB143,1,1
6B9A69F6E448,0,1
6B9F6BDE002B,1,0
6BB78B64A509,2,1
6BC10E78A82B,0,1
6BC2B4F5FC00,0,0
6BC591C09F92,0,0
6BC6FFB7D1C7,0,1
6BC7BF3A5D56,0,1
6BCD21E497A5,2,1
6BD335C22E05,0,1
6BDD35D47FCB,0,1
6BDFC792D2D4,1,1
6BE489CADC95,2,1
6BE99331A705,1,1
6BE9E2687BD6,0,1
6BEDE1C49244,0,0
6BF660314A53,2,1
6BFCF08938D8,2,0
6BFD37C9B6E6,0,0
6BFE57AA416B,2,1
6C014506F9A2,0,0
6C0442426DD3,2,0
6C13B2E8B2E7,1,0
6C151643C67E,0,1
6C1C86ECD6BC,0,1
6C25E5BA529E,1,1
6C262426791C,0,1
6C2B5C74A377,0,1
6C30C0076FAD,2,1
6C3A46E13181,1,1
6C44DE90E3B3,1,0
6C47182F230C,0,0
6C4D40695123,0,0
6C4DB05BBBF2,0,0
6C4E27499B8F,1,0
6C523894E825,0,1
6C54BA5C90F9,0,1
6C58D645112B,0,1
6C59EAA45BC1,1,1
6C5E715175F9,0,1
6C663E086B0E,2,1
6C6F9213C5C4,0,0
6C7C9840311F,0,0
6C7F33FA9820,0,0
6C81C1F21203,0,0
6C83EED20357,1,0
6C842D6D66A0,2,1
6C952F781B57,2,0
6C991A1A6C39,0,1
6C9EE085A021,0,1
6C9F4BAEE6E4,0,0
6CA8D48652D3,2,0
6CAE55B3180D,0,1
6CC532978E81,2,1
6CDA4CFF1F30,0,0
6CE4C9D54C9C,0,1
6CEC273AC859,2,0
6CF1C36F4F23,0,0
6CF7172119EB,2,1
6D027100AAF3,2,0
6D045785B48D,0,0
6D091EC2A64B,1,0
6D0960F54CC0,2,0
6D0DFC557E3B,2,0
6D119B5A576C,0,1
6D1394C0D7D4,2,1
6D152ABC0582,0,0
6D189F6CF34C,2,0
6D1F2EB7A389,1,0
6D1FB567121E,2,0
6D21E6095A62,2,0
6D2D945B925E,0,1
6D39215A55E1,0,0
6D3CEEF29C44,0,0
6D3D5F619A29,2,0
6D42E21D4A28,0,0
6D43A188D1DD,0,1
6D45BE9D4539,0,0
6D4DCE0C2EF6,1,0
6D50C3075ED7,0,1
6D5342D9F89C,0,1
6D552C38EBCB,2,0
6D5BAFCA5CF7,0,0
6D5EAA79FB50,0,1
6D616AB3E2A7,1,0
6D6B05E5478D,2,1
6D776557E2D5,2,1
6D7A4D514692,1,1
6D7B020952E0,0,1
6D7CB0579AEE,2,1
6D7FF613393A,1,1
6D8814C66BB4,0,0
6D8D977452A1,2,1
6D9E65B7A322,0,0
6DA050124183,1,1
6DADC0DF0C87,0,0
6DBF918B3AEA,2,1
6DC268B2F2F3,0,1
6DC4BC2A440B,1,0
6DC53CAA1B35,2,1
6DC91973041A,2,0
6DD72D0584FA,0,1
6DDE240B08E9,1,0
6DE083E38A0F,2,0
6DEFC88D4E0B,0,1
6DF4B6E56381,2,1
6DF747F4A277,0,0
6DFB980B835D,2,1
6DFD772CFC64,0,1
6DFF43AD5171,0,1
6E050DCAB4E6,1,1
6E2EA3B14180,0,0
6E3023F09394,0,1
6E30CA06DF13,0,0
6E3219126915,2,0
6E343BA0B521,0,1
6E3731F3AF2F,0,1
6E500B8B5DD9,0,1
6E596D038721,0,1
6E59CC205803,0,1
6E5F280580C4,0,1
6E60D098D3AA,1,0
6E67381CC535,0,0
6E6B1C6D559E,2,0
6E6BCEE073C6,2,0
6E6D32164A61,2,1
6E79DD8F293C,0,0
6E7B5C8939F7,0,1
6E80360E58BF,2,1
6E8B43214951,0,1
6E8D4C59132C,0,0
6E8DD4A49F00,0,0
6E940FF8CC10,0,0
6EA927368020,2,0
6ECEC81235E5,1,0
6ED00F0E1BFE,0,0
6ED2F18504B1,1,0
6EE64CBD47FA,0,0
6EE7AC39A32E,2,1
6EEAC5AAB10B,0,0
6EEC89E5A1A4,2,0
6EEFC81B16F0,0,0
6EF90C13B4D7,0,1
6EF942E79112,2,1
6F271187D67D,2,1
6F29660C48D9,2,0
6F297FC794D9,1,0
6F29B2264805,0,1
6F30A0A740AA,0,0
6F3F3F42FA43,0,1
6F40445FBA3D,1,1
6F4951FB29A2,0,1
6F4CAC98A2D6,2,0
6F563DEA1D26,2,0
6F5652DC6E6A,2,1
6F72C00FFB71,0,1
6F7CCB64354C,0,1
6F8081D34E75,0,0
6F83F249780F,2,1
6F868B506EB5,0,0
6F8B90DCF4C5,0,0
6F9101D079EC,2,0
6F9173D54DD8,1,0
6F949796E593,1,0
6FA1253A087F,0,0
6FA1977F85C4,1,0
6FA5454B11D4,2,0
6FA5D944A279,1,1
6FAB328F1CF5,1,1
6FAC69D9A362,0,1
6FC0142F5E73,0,1
6FC04D8BDEDE,0,1
6FC1CB4C0CCF,2,1
6FC359E7AFD1,0,0
6FC7030E1395,1,0
6FC90DA103BA,1,0
6FD9C7865B56,2,1
6FDD48A7F9F2,1,1
6FDDCDDBB509,0,0
6FDF8A3FE345,1,1
6FE142AE1BD0,0,1
6FE36C7E17F1,2,0
6FE4847F2900,2,1
6FECBAE9AEDE,0,0
6FEEBA3EFAE2,2,1
6FEEF90FD706,0,0
6FF1769D744A,2,0
6FF213F44F92,0,0
6FF3C3A95428,0,1
7.09821E+11,2,1
7.4434E+11,2,0
7.75465E+11,0,1
7001C733FC64,0,0
7001F9909BB4,1,1
7003B12B37B9,0,0
70041E13A0CC,2,1
7006541FF4E1,0,0
700B6C4E7835,0,1
700CBE8C8353,2,0
7014840DF363,0,1
70269A5240FC,0,0
702A25E4B218,0,0
703ED1AC72C4,0,0
70419DDBEA1F,0,1
705C7BF3BCF0,2,0
70613B5BD0B1,2,1
7062EA2055CB,1,0
706681C5C2A5,0,0
708169BA6515,0,1
708226E85CD6,2,1
7082A75CC03B,2,1
709156BCF733,0,0
70995EB4F599,0,0
709BFAD9491B,2,0
709EF21B80F2,1,0
70A1591F0B20,2,0
70A25239A8B7,0,1
70A778488D3F,1,1
70AA813BB5BF,2,1
70AB057C7BEA,0,1
70B291155F0E,0,1
70BA862F3917,1,1
70BCA4514358,0,0
70CD4162725C,2,1
70D2F22E29D4,0,0
70D5347F02B0,0,1
70D7DD568DA6,0,1
70DC91763832,0,1
70E88D46FD66,2,1
70ED039EAD61,1,0
70ED78541A7E,2,0
70F865624B85,0,1
70FA14CF404C,1,1
70FC597EF571,2,0
71041E811684,1,0
710819DE9003,1,1
710928FFC6BC,1,0
7109E73A180D,1,1
7117C54BA9D6,0,1
711C732ABF1F,0,0
71259B3EA87F,1,1
7127D8A7CDF5,0,0
712A5A89778D,1,1
712C7781C2D9,2,1
71300EBD502E,2,0
7138D9E3CC76,2,1
713B362568B4,0,0
71466A710ABD,0,0
7146D46AA496,1,0
714A13797698,0,1
714C2CC7885E,2,1
7157D835228A,0,1
715ECA916439,0,0
71621D2D3D49,0,0
71681FC0F7CF,0,0
71703F0C0ABD,0,1
7172C3C82401,0,1
7181D43663A6,1,1
7185FB63F21B,0,0
718D30F59A16,0,0
718F49EDE5EC,1,1
7192C44AF0A2,2,1
71971D412CEC,2,1
71A690B6C0D6,0,0
71A7F1FF6BA8,0,1
71A85D2651C3,0,1
71B477D6D77E,0,0
71B7928491A2,0,1
71BA75E9C429,2,1
71C866E275D9,2,1
71CEE0DC98A3,0,1
71D3F6E61C14,0,0
71DAC3C0B6CA,0,0
71DCB7BFA985,0,1
71DFDFAB8621,1,1
71E504E02C7F,0,0
71F8BAE50541,0,0
71FD7C072BF5,0,0
7203112033A1,0,1
7209E2E0A3E4,2,1
720C8D48B840,2,1
7214C472823B,1,1
72173F3A0279,0,0
721AA6791441,1,0
7221D7BD4111,2,1
722412C20BB7,0,1
72279B65EB03,1,0
7227B698E693,0,1
722AB94D10BD,1,1
723AE830442A,0,0
723E742AD81A,2,1
723FE730E8C6,0,0
7244EE88EFA3,2,1
7245B7DB7729,0,1
726191FFAA4A,0,1
7267C046724A,0,0
726A55CB1411,2,1
726E0D51E937,0,1
72765D1D4721,0,1
7277DA6BE697,2,0
727C769BB973,0,0
727F83C82B08,1,0
728BCEE2399D,0,0
728C8B788C4C,1,1
7292C0A357FA,0,1
7294BD879F8B,0,1
72964A81A10C,1,0
72B22E89D0EE,1,0
72B5654D61BD,2,1
72B6ABEFDE0E,2,1
72B9ED71EAE0,1,1
72C11495DA32,0,1
72C2648F9AA4,1,0
72C7213E24ED,0,1
72D8B5600A8F,0,1
72DAB70BC479,2,0
72DF448D608C,2,1
72DF5D84477A,0,1
72DFE98B5939,0,1
72EEE627E450,0,0
7301B174090E,2,1
73038C17880E,0,1
73072846598F,0,0
7309980B7A6F,0,1
7309B62216DC,0,0
730A18816DB0,0,1
731D759856F0,0,0
733CDF1B481A,1,1
733DB414740E,0,0
73485E8654B2,2,0
734ED39AAFBF,1,1
7350C5796E16,2,1
735346F7F34E,0,1
7357BEF32128,2,0
7359BD785A25,0,0
735BB8DF6EF6,0,1
73656858947C,1,0
73800CBD3F1A,1,0
73851AC4551C,0,0
738752DF2122,0,1
73886FC7FAA1,0,0
7389808551A6,1,0
738A2AE1D797,2,1
738CDF34130F,1,0
738DC00343DA,2,0
73A7CE028611,0,0
73B7AA4CFB1C,2,1
73B8CA4B266A,0,1
73C07AB33DBC,2,1
73C0EEBEA4EC,0,1
73C9ACF023C7,1,0
73CDE1582FCB,0,0
73D03C57B29E,1,0
73D12C005B3D,0,1
73D2B941F40F,0,0
73D52BB6390A,2,0
73D69658CF95,0,1
73D6F19E24BD,0,0
73DE5AB824F0,0,0
73E0F93F113B,0,0
73E2C823411B,0,0
73E8763E5F73,2,1
73F61C6675AB,0,0
73F69FA2E0E3,2,1
73FB23F4670B,1,1
73FCB4BF3C14,0,1
7417FAAAD521,1,1
741CBE3E43C4,1,1
7424FCCFC984,2,0
7429789954ED,2,0
743722F19788,0,0
743B458B5D2B,2,0
743D207540B1,0,0
7443D525E32D,2,1
7448145C4A5F,0,0
74495878DAA3,0,0
744F36739D39,0,0
7450531F9573,2,0
7456CE5BB6E2,0,0
745C60ED8D8D,0,0
745F880CEFA7,2,0
7476076AF500,0,1
747C27055C44,2,0
7480BDC7C131,2,1
74823E250780,0,1
7483C23F8C17,0,0
74856C588A12,1,0
7489B153118D,2,1
748AF6AED4DB,0,1
749E1B13022A,0,0
74A11372794B,2,0
74A1DF7F9403,1,1
74A95DB15E93,0,0
74B57E07F63D,0,0
74B605E72740,2,1
74C3DBFE6AD1,0,1
74C44149CA38,1,0
74C6A9458BFD,0,1
74CC1D0FE728,2,0
74CD1613DE1F,0,1
74CE2F003968,0,1
74D3781011D8,0,0
74DAEA65F420,2,0
74DFB0255FF0,2,1
74E66DFB5113,0,1
74F07823BCB9,2,0
74FF3575E386,0,0
7503F2114244,1,0
750AFA674F45,2,1
751B4C3EA663,0,0
7526E274A25D,0,1
75344DED4A43,0,0
75361406733C,0,0
753E320B186B,0,0
7549ED1EDDC9,1,1
754AA308D69B,1,1
754FF1BB9BB1,0,0
755E2E08FF37,0,0
75663A9B7490,0,1
7570F7DF9C98,2,1
75727BE9749A,2,1
757C4090BE0E,0,0
757E9E1595A7,2,0
7581E5970FE9,1,0
75843AB21505,2,0
758703E5BF73,2,0
758A03587A0E,1,1
759A5313BDC4,0,0
759AFC5BD52A,1,1
759C3FAFA8BF,0,0
759D8643FC0D,0,1
75A635A498F4,0,1
75B341606747,0,1
75B4C84E8AC3,0,1
75B66CAFC3EE,2,0
75BD2CB94662,2,1
75C2D5CE58D0,1,1
75C36F8EC421,0,0
75C4CC1ABECF,2,0
75CF1D729EB9,0,1
75D006293D7F,2,0
75D2D889464D,2,1
75DD7D356424,0,0
75E1AD078830,0,1
75EB10B417F0,1,1
75F1E9E4E399,0,0
75F35B39F4AA,0,0
75F4DD868EF3,0,1
75F898F291C7,1,0
75FADC33519F,2,0
7600F1C7D884,1,1
76056531D3D9,1,0
7623CC7BC75F,0,1
7631F8FACAED,0,1
763585B6169F,0,1
7638EA873CAB,0,0
763AE37F4BD7,0,0
763EF698F56B,0,1
7644C10D8A51,2,1
764BF089CE9C,0,0
764CF7C9DF70,2,1
764E1524D325,0,1
765A364BDA2E,0,1
765FE8D30F1A,0,1
7663EA3B91A3,1,1
7664117EC6DD,2,0
76652F60F5D1,1,0
7672B22A2D8F,0,1
7675891A9A05,2,0
76764A83DA39,0,0
767920BDAD93,0,1
767A8DA91E69,2,0
7684EDBD6DB7,0,1
768885A4B61A,2,0
768D792790F5,1,0
76932FF6893C,0,0
7693B8DBE1C0,2,0
76ABA4C1D852,1,0
76B1E5A86F75,2,0
76BF3852B313,1,0
76BF6BED1A08,2,1
76C0FD26B20A,0,1
76CC5A1E920E,1,0
76CDE9069DBE,0,1
76D127736D17,2,1
76D459CE0410,0,1
76D57BCC7A10,2,1
76D6A168140D,2,1
76D946F75D6A,0,0
76DC969AB5A0,0,0
76F4A2CFF66B,0,1
76F9A875942B,0,0
77049F94BE17,0,0
7708DEC10E5B,2,1
770B9AC48B2E,0,1
77137A574A95,1,1
771698A8CE95,0,0
771C8CAD2E80,2,0
77230760B85F,0,1
7727F4D58387,2,1
77289E5A15FD,1,1
773348315C73,0,0
77351280D0B0,2,1
773ED9A4F7C0,0,1
7748A809ACFF,2,0
774AC0E422C9,1,0
7753F679B922,0,0
775D4F2FEACE,0,1
7767F0989650,2,1
776FBF88E6FF,0,1
7770B90F2FEF,2,0
77788AFCC014,0,1
777E8CA790B3,2,0
7780043938EE,0,0
7782DC357595,0,0
7785695E4128,2,0
778D4138218D,0,1
7794085FE26D,2,0
77947A3CBF0F,0,1
779EADA2AEF5,2,0
77A579CB2F86,0,0
77A9AECC5F0D,0,1
77AD6EF55B2C,1,1
77AEF426D6C8,1,0
77B1A113941A,1,1
77B24A0D87C0,2,1
77B490FA901B,1,0
77B7E6ED8594,0,0
77BA08AAE108,0,1
77BC5E98CEC6,0,0
77BD30EC277D,2,1
77C4B9C80BCF,0,0
77C6991E5BEB,2,0
77C7BF4D07D2,0,0
77CD03AA7E0F,2,0
77D0D2C9ED91,2,1
77D210B9EC7E,0,1
77D40CC92F62,0,1
77D77EE99B3E,2,0
77E95471DE20,0,1
77EC35543BBE,0,0
780B8C757C48,1,1
7811A36C87ED,0,1
781AEBFF3786,0,0
781CBCA4C8BD,0,1
781EB1109B99,0,0
7820048B53C8,0,0
7828F43230C2,2,0
782EF1136565,0,1
78312744722D,0,1
7832EF6A2D70,0,0
7834D569421C,2,0
783A5BC572A9,0,1
783BF2A32C8E,0,1
783CDF5EA9E4,0,0
783F20C124A4,0,0
78422FE10011,2,1
784C7AB308C6,2,1
78573079654D,0,1
78611275D9A2,2,1
7863164BA896,2,0
786CC75D9EEE,2,0
7870822546A4,0,1
787BA22FD1CF,0,1
7880E9702E1B,0,0
788E89F6806C,0,0
789FBEBEAA5A,0,0
78A6A188B132,0,0
78A7721BE775,2,0
78ACA86DE2DE,0,0
78AF7BDB9CE8,1,0
78B3A1ADC89B,2,0
78B951722074,2,1
78C22313F58E,0,0
78D1409FFDC7,0,1
78D5951B96C5,0,0
78E39B7962F1,2,0
78E9B6AC7532,0,1
78EE1B17A02D,1,0
78EE5E5D9395,2,1
78EEA7477151,1,1
78F04BE79449,0,0
78FA6A4C45F1,1,1
78FFA7DA37CA,2,1
7903205CD088,0,0
7907EE44F9B2,0,0
7910EA24344A,0,0
79125DE3F351,1,0
791E0902EAD5,2,1
79329585D105,0,0
7932EB16DD1A,2,1
793379D7FAE6,0,1
793517BB1BB3,0,1
793800C02EE3,0,0
793C649D4897,0,1
793D97BCA3C4,0,0
7942D6E87A7B,2,0
794A0704B01C,2,1
79516FC7C54E,1,1
795558799D7A,2,0
79662DEC0A1B,0,1
7968DF6D2AD5,0,0
796911DBD5C2,0,1
7970C0236A1F,0,1
79745179D7CE,0,0
79750A580EEA,2,1
7976C6FB117C,0,1
797AC1502EF2,0,1
797C07E1F6DB,1,0
79828CEB9FBB,0,1
79848F24BB9F,2,0
7987F926DA46,0,0
79887DA7C1B1,0,1
79890532CA7D,0,0
798A81F6D572,2,0
798D1DA1BE28,0,0
799138EA965E,2,0
7999CE056DE6,0,0
79A15CB80B4F,2,1
79AA889C2340,0,0
79B04B83078E,2,1
79B1AEEE8C7B,2,0
79B8EB97260A,0,1
79BF06DEF9AA,2,1
79CB3AFC6ABF,0,0
79CDD9460FB4,1,1
79CDFD13AE8D,1,1
79CF90622262,0,1
79D634E4575F,1,0
79DD90A5672B,0,1
79DD950E0FE3,1,0
79F15B520AB4,0,1
79F1EBED5921,2,0
79FB988CC40F,2,0
79FF99DF37EA,0,1
7A0493F083E6,0,1
7A07A59E5C5B,0,0
7A084B63F473,0,0
7A08512D4114,0,1
7A0D5E468AB3,2,1
7A0F3C54115A,2,1
7A0F4648B341,2,0
7A12DA743677,2,0
7A3CF75C95FB,0,1
7A3E4D5F7F6D,0,1
7A425A58F136,0,0
7A532625FFDC,2,1
7A56F29D9707,0,1
7A5926192F3C,2,0
7A5D38D49C13,0,1
7A5DBFF57812,2,1
7A6334828D03,1,0
7A75826F5403,0,1
7A788F9A3894,1,1
7A7A3BA067F9,2,0
7A83EB6D2278,0,1
7A8637086DFA,0,1
7A96B668850C,0,1
7A9B42FE8719,0,1
7AA14225FB01,2,1
7AA48CB7269C,0,1
7AA4D01404E6,1,1
7AA7EC751B9D,2,0
7AABDCFB5C9D,0,1
7AAE019F70D6,0,1
7AB4115D825A,2,1
7AB5014A07DD,0,1
7AB88F053E8F,1,1
7ABE298D9C05,0,0
7ABE9F1D3F99,0,1
7AC3F8284F40,2,1
7ACD45D12DD3,2,1
7AD4CB4029C0,0,0
7AE4C8D9B286,1,1
7AE9C2E0846E,0,0
7AEBFE7B59D1,0,0
7AEC26540C49,2,1
7AF7BFC4BF8D,0,1
7AFEC882B9F5,2,0
7B000D776D89,0,1
7B078F57DA7D,0,1
7B0BDBE64C05,2,0
7B0D23FCA29B,0,1
7B12C9A10547,0,1
7B175B939A72,0,0
7B1A0CEA348A,2,1
7B279795EF91,2,0
7B2CB7ECC0B5,1,1
7B30DEB3D1F3,0,0
7B32DC6B83F6,0,1
7B3C62105341,2,0
7B3F3A80030B,1,0
7B4DD08B4A67,2,0
7B4FAE7A57C1,1,0
7B52C05A4BDB,0,0
7B57528DA2B1,1,1
7B5D27D241EA,2,1
7B5F5B33B566,2,1
7B6440A3F279,0,1
7B64BC831CD9,0,1
7B6F4F1F08FE,0,0
7B6F9C7801B2,1,1
7B74A22F8230,1,1
7B751C9BE162,2,0
7B77B6E76249,0,0
7B8198155717,2,0
7B828DD19BF2,1,1
7B864858BC20,0,1
7B869330F14A,2,1
7B8984E700BD,0,0
7B8DBB84E77E,1,1
7B8EC9B78501,1,0
7B8F7C1825BA,0,0
7B917D36C604,0,0
7BA662FCD635,0,0
7BAAA1C96089,0,0
7BAB116B663D,1,0
7BB00D6357FC,2,0
7BB954F6C5EF,0,1
7BBCDFAA20C3,1,0
7BBDEA554F80,1,0
7BC6842C3297,1,0
7BC73C8FBDBC,0,0
7BCA4D717649,1,1
7BCDFDF03FBC,0,1
7BCFD0C9880F,1,0
7BDCBAD204BB,0,1
7BDDEB63EE13,1,0
7BE42605E717,2,0
7BE6E9F93FE2,0,1
7BE7CE9DA4E9,2,1
7BEBFFA40896,0,0
7BEC28964B8F,0,1
7BF0B4AE6917,0,0
7BF3FF676633,0,1
7C12F166B5F3,2,0
7C1D05780C33,2,1
7C1EAA5096AC,0,0
7C1FF9F7C5C8,0,1
7C22432ACEED,2,0
7C25E532E66B,0,1
7C2AE05A5A26,0,0
7C3544BEFA37,1,1
7C3D428E13BC,0,0
7C499255C798,1,1
7C5DBB16CA97,1,1
7C6D2CC7B5A6,0,1
7C76C8F85EC2,1,0
7C7826E3F76B,2,1
7C7963A10D5E,2,1
7C7A000868BF,1,0
7C7B4E411791,0,1
7C7B69674803,0,0
7C7D34EB1627,0,1
7C87868719A0,0,0
7C8C9A176F90,0,1
7C8E247A89E8,1,1
7C8E873E3A88,0,0
7C929E4D63A5,0,1
7C94E3190D66,2,1
7C9A64C54CB7,0,0
7C9E8F9D661F,0,1
7CA2BA44B1A6,2,0
7CA54081314B,1,0
7CAF851F1C0F,0,0
7CBBF4E14697,0,1
7CBE5AD11805,1,0
7CD4B78938B6,2,1
7CDBC36566FF,0,1
7CDF01D1DB32,0,0
7CE82E687AFD,0,0
7CE8F1088A3E,2,0
7CEB4836BAFA,0,0
7CED441887D8,0,0
7CF49298CBEF,2,0
7CF49BA27233,1,1
7CF8EEE92A86,0,0
7CFE08CE9D0E,2,1
7D0190DF4E7D,2,0
7D078233C975,2,1
7D0E449754CD,2,0
7D1925281627,1,1
7D232CE603BB,2,1
7D2794FBFEB4,2,1
7D2CD1D3A4F3,0,1
7D2D54F2F50F,2,1
7D3F52D8F662,0,1
7D44F3E6C475,0,1
7D462AA4E1FC,2,0
7D4CB386BB17,0,1
7D537E539C9B,1,1
7D577B9D3888,0,1
7D5909D8FBA3,0,1
7D5947A4060E,0,1
7D5D980FD05F,2,0
7D609EE1A5EC,2,0
7D6CAE9CA2C1,0,0
7D737972C0CE,2,0
7D83374556C1,1,1
7D89CBF638CE,0,0
7D8CAB0224DA,1,1
7D92AFA8EB0C,0,0
7D95539DC1AE,1,1
7D9D5DFB9B6F,2,1
7DA14E1D6FA0,1,0
7DA4B734D5B3,2,0
7DA61B775AB2,0,0
7DA7F08F38D2,0,1
7DB352480689,1,1
7DB938B61150,2,0
7DD12D888212,0,0
7DE4F9A8CDEC,0,0
7DE9E964097A,0,0
7DF03EFCA553,0,1
7DF12B42AB72,2,1
7DF54B9223DC,1,0
7DFEAD13F3D6,1,0
7DFF4F286469,0,0
7E026B760EA0,0,0
7E0447C178D8,0,0
7E08C001A673,0,1
7E1386249DA8,0,0
7E1F0C3CC6D0,0,1
7E2A0EF24A0F,0,1
7E39CBA95CB1,2,1
7E3CDEFECEC6,2,0
7E46229A7CA5,1,1
7E558B4E7009,0,0
7E5E88E27A8F,0,1
7E7976B1BD71,2,0
7E7BE5817CF8,1,0
7E7C67A0DC16,2,1
7E8238B5BA1C,2,1
7E8A0A0A9A43,2,0
7E8A1EA544E0,1,0
7E8ED7CA1E70,2,0
7E978C5E7761,2,1
7EA257CB8491,0,0
7EA35A78AEF8,2,0
7EA5429CA87B,2,1
7EA804FD13A8,1,0
7EA81DEDF997,1,0
7EA90813B62A,0,0
7EA9C3EDA163,2,0
7EAF43DBF89C,1,0
7EB7891E8D16,0,0
7EC12CB2D9B0,2,1
7EC8390E36AA,0,1
7ECE5C64E150,2,0
7ED41458ABAF,2,1
7ED6F7BA72F9,0,1
7ED81049325E,1,1
7EDC154C0632,1,1
7EDE41ECEBD0,0,0
7EDF56FCB4AC,1,1
7EE10745D09E,1,1
7EE30A511B75,0,0
7EEC3E21D0C6,0,1
7EEC55B04308,0,0
7EEE11CF0775,0,1
7EEF498A0C92,2,0
7EFA9BE7A23F,2,1
7F034CF1ECE0,0,1
7F0CB07D9B67,1,1
7F139940D2FE,0,1
7F1808A53482,1,0
7F22BF0859BB,2,1
7F23522935FD,0,1
7F2AF2E21E2B,0,0
7F2C3D877C97,0,1
7F375C57B28A,0,1
7F3E86846794,1,0
7F3F990451F6,2,1
7F438CA11201,1,0
7F4479488C31,0,1
7F4608EA5743,2,0
7F47FC448059,1,1
7F4E3283ECE3,0,0
7F523261B071,2,1
7F539C089AFF,2,0
7F5C09BED8AE,2,0
7F616F0C4D8F,0,0
7F63036D0C59,2,0
7F658EA3F2EA,2,0
7F6795CE405C,0,0
7F697EF803C9,0,1
7F7B48A486BE,0,0
7F87920E2DFA,0,1
7F8AD2B6CCCC,2,1
7F8F42E38A0A,0,0
7F974959003A,2,1
7FA0313E733E,0,0
7FA3E6DDC0B6,0,1
7FA6B07F2373,0,1
7FB02EF0CF58,0,0
7FB5A53C6DD8,0,0
7FC70F8F20E3,1,1
7FC7FFE08C80,2,1
7FCE22059A5B,2,0
7FD41B78B3A4,0,1
7FD4A314D751,0,1
7FEB91640AAE,0,0
7FF21C0ABC9E,2,1
8.30881E+11,0,1
8.71311E+11,2,1
8.91E+13,0,0
8.97E+16,0,0
800D1BAA86C4,0,1
80118749FB42,1,1
80144F17A71C,0,1
801C34D883FD,2,1
801DA1EF0C47,0,1
8026F9CF4C95,0,0
80270A6CC6EF,2,1
8027D8B7844F,0,0
802E234C4BB9,0,0
80368BCB869B,1,0
803C3E9E14B2,0,0
803FCF571644,2,0
80510BCCEA59,1,0
8051853E8AF7,2,0
805817402C5E,2,1
8060648FFE0D,1,0
80619550D955,0,0
8061D44308E9,2,0
8062735D7B3E,0,1
80664125F8D0,0,1
80667AD3FFD8,0,0
80684E17DC75,0,0
806A8C08ADF7,1,1
806E34F55847,1,0
8075A44B3D4E,0,0
80762DA00183,0,1
807EB6CA95EB,1,0
808052FD74DF,2,0
80875397FA07,0,1
80877A1F0A7D,0,1
80889A79B329,0,1
808E8ED91EED,0,1
80905F810672,0,0
80935ABC7D39,1,0
8093D01B2742,0,1
80AB29F23E1E,0,0
80BA1C4DB6F0,0,0
80C2ED8BE6A6,0,0
80C861916EB4,0,1
80CAF7FFFD56,1,1
80D1357B10A0,0,1
80D2FE30F665,1,0
80D55B272621,1,1
80D5ECB994F3,0,1
80DCC4992B10,0,1
80E2B7016611,1,1
80E51C7379CD,2,0
80F2427F337D,0,0
80F8E7B1ABBA,0,1
80F9BE567E1A,0,1
80FCBE64AC16,0,1
80FE1A70F85C,2,0
810142FCE213,0,0
8104E64577EB,1,0
81122C8AD46A,2,1
811EA43C1813,0,1
8129CE323993,2,0
812CBC21EE50,0,1
8135441CED7B,2,0
8136D5F6F7A4,0,0
81407E5C8299,1,1
815AB04BFBF3,0,1
815EE0AF066F,0,1
81720D00C09E,0,0
8172F9426183,0,1
8175DAF201D2,0,1
8182360CC270,0,0
8192F4D79528,0,1
81A41F6CFC71,0,1
81A723D57718,0,1
81AD1F069407,0,0
81B5E59B9ACB,0,1
81BCB1DE23B7,0,0
81C5893C9CF5,0,0
81C85E0925CC,2,1
81D05263142A,0,0
81E073241214,0,1
81EB648B5B51,2,0
81EFE876B2CE,0,0
81F8C7B45A58,0,0
81FD42FF7DBF,1,0
8201C5613F2C,1,0
82069370B661,2,1
821096176D61,2,1
821366C0A216,0,0
82177357AAB8,0,0
822440E5EF9F,1,0
82280B54C392,2,1
822A901609CD,0,0
823A09BFA77B,2,0
823C62BADB7E,0,0
823D54325D65,0,1
823E2D5A4722,1,0
82457B1EB82B,0,0
8248E7E6E2A0,0,1
824DAEDF9E75,2,0
824F5CC94C0F,0,1
8252036912DC,1,1
826100BD96F9,1,1
82618B162AAC,0,0
826C0231C0BE,2,0
8279663F8F18,0,1
827C8F96A128,2,1
827DB1A83F7A,2,0
8281BBB80A67,0,1
82894F0260CF,0,1
828F31F78F78,0,1
828FE7B8D02C,2,0
8290407C0F6B,0,0
8296F0F59F3D,0,0
829A1FD8A7EF,0,0
829D60F08792,1,0
82A577255345,1,1
82BBC3EC5C3A,0,1
82C8D991C949,2,1
82CBA25E2806,0,1
82D51CA85C5C,2,0
82DC5A71EDBA,0,0
82E1E80B9F3B,2,1
82E21B844F8E,0,1
82EA455D26AA,0,1
82EA4B643F77,2,1
82EB399A8961,1,1
82F18DAE70E4,0,0
82F1B8436E48,0,1
82F7210163B5,2,1
830F3C15936F,2,0
831456662FB5,1,1
8315EB545E9D,2,1
8315F09ED7A6,1,0
831F54B2B19D,1,1
8327864CB51A,2,1
832BF7151D40,0,1
8331F4B3ADFC,0,0
833696A5748C,2,1
833EF924344E,0,1
83460DEC7009,1,0
836389DC45F4,0,0
836FC7F5F535,2,1
837A4ADE887E,0,1
83821661B8F5,2,0
8386ED5577DF,2,0
8387BDBA7F9B,0,1
83882CA03A48,2,0
838A96E95C09,0,1
838FEC2EF38E,0,0
8391AA01FFCF,2,1
8398E04E5365,0,0
839908CBDB40,0,1
839F4F7F7DD7,1,1
839FBFBB7054,0,0
83A08732498F,0,1
83A7376E9454,0,0
83AAAD315F57,0,0
83AE9B85F6FD,2,0
83B0293B9D2F,2,0
83B1E7A4E840,0,0
83B32016A5D1,1,0
83B913544D0A,0,1
83BB96F966DB,2,1
83BE91B3EF1F,2,0
83C27F297E94,0,1
83CAAFEF8194,0,0
83D78B6382F4,2,0
83D8EED426D9,1,0
83D933BD5B81,0,1
83E0907005B6,0,0
83EC644E325D,2,1
83ED986D8BC0,2,0
83F4F29E9662,0,0
83FA1948A3F4,2,1
840A520F0D99,1,0
840ADB958D7C,0,1
840BD934198B,0,0
841618F63777,0,1
84187E561424,2,0
841F9E15D42E,2,0
842D4576CB4E,2,1
842FD7CFFDDB,0,0
84305C417C4B,2,1
8430D63288D2,0,1
84367AEE6898,0,0
843F8AFA3905,0,0
844406CFDCD9,0,1
844CC1FA570F,0,1
845A0E7E3013,1,0
845A6CB0C648,0,1
845CC4EB2039,0,0
846655D3F807,0,1
84705C9E9180,2,0
847AF2857FBF,0,1
8484FA8389A3,0,1
848CD0BA745D,2,0
849228E9ADD8,2,0
84969F34483A,0,1
8498B3A8642D,0,1
849911F5126B,0,1
849BE041D1C8,0,0
84A0AE362A83,2,0
84A55E13EEC1,2,0
84A5803E6C6A,2,0
84A786DDC40D,0,0
84A96D976445,0,1
84B1E0E85878,0,1
84C2FE4B60BC,0,0
84C6F616721B,0,0
84CBD44248F2,0,1
84D2A6C75C67,0,1
84D460E228D7,2,0
84D821F541E7,0,0
84D827C2D12A,0,1
84D8BC64E749,0,0
84DA3A4E84CC,2,1
84DC56271CF8,1,1
84E693790A66,2,1
84EC5D05E3E2,2,1
85004BC426B1,0,1
8501E9EDF0FD,2,1
8508D4805CEC,0,1
85150B337E02,0,0
851CDCC848DF,0,0
851FFB9D96E1,2,0
8521B650F8A9,0,1
852F3C1EE704,1,1
85344BC765F7,0,0
853F856CA64C,0,0
8542D5615740,0,1
8554C275A365,0,1
855FF8C43FAE,0,1
8563982CE8C7,0,1
856462BFBBB1,0,1
85783DD810EF,0,0
857D1D3BC2C6,2,1
857F8C1E0A0A,0,0
857FAF7C385C,0,1
85800ECFE568,1,0
85808F0851D8,0,1
8586AF2475F3,0,1
858A41A513AF,1,0
858C24FE7A08,0,1
8593D649EBE4,0,1
859DCEBAAEC4,1,1
85A263A129B5,2,0
85ACDB1C7BE4,0,1
85B0876A1FBA,1,0
85B3B76C4384,2,0
85B3EE483BEF,0,1
85B5621E1876,0,0
85B700BA5A7C,1,1
85C5BA416D54,0,1
85C8AC30C12F,1,0
85CC7B182ED6,0,1
85D7C9ADFE4F,2,0
85DB79959EEB,2,1
85E2FCE046E8,2,1
85E46E4774B2,0,1
85E48EAD158A,2,1
85E4A10D0918,0,0
85EB8DC94BD0,0,0
85EF5F2BDA22,0,0
85F4C57672EA,0,0
85F85936F1E6,0,1
86002C63D9C4,1,0
86052928ECB9,2,1
860691D518C6,0,1
860738F5857F,2,0
860E4F40B57D,0,1
861588AA9001,1,0
861B660C2E86,0,0
8621C5C419CE,0,0
8624013087D0,0,0
86245BB1A314,2,0
8624720F50AA,2,1
862995E50ECE,2,1
862FEAF83C5B,0,1
8644441AB019,0,0
864557850F63,2,0
864AF793CBA7,1,1
864B67B1FF46,0,1
864C2D595DF7,2,0
864E45D7BD5B,0,0
864EE35A4744,0,0
8650490FD98E,1,0
86542460611A,0,1
865E665B13F7,0,1
866B61E17B7D,0,0
866DC580CBF3,0,1
867777EC86C8,0,1
8679D5C9C9C7,0,0
867A58ACE30E,2,1
8680D4F9266D,0,1
86887AB8BE18,1,0
868D445794AB,0,1
869367F8A718,1,1
86A24627502D,0,1
86A362AFF89F,0,0
86A511A55117,0,1
86A99FA674E5,2,1
86B56FCAE0E5,1,1
86B8E74548F4,1,1
86BB790A5875,0,1
86C3087B78A3,1,0
86C3CBD25A60,0,0
86D1F207868B,0,1
86D78A2CD591,0,1
86D79F272847,2,0
86DACAE7097F,2,1
86DC4C84C053,2,0
86E5ADAE8206,2,0
86FB71F29A12,0,1
86FE14E918D1,0,1
86FF8C35A885,0,0
87055E1EDAC2,1,1
871097AE113C,0,0
8711A8190E5D,0,1
871287046F85,0,1
87186C957B20,0,0
871B7DB49A3F,2,0
871CE2BE3370,1,1
87251EF8082E,2,0
87258EA0A73C,0,0
8726B24BA724,2,1
8727FFFF8441,1,0
872A3AAEC127,2,0
872AED166FA6,1,1
872D2382D49E,2,0
872F02B58AA6,1,1
87301169FEAA,2,0
87328D07C574,2,0
8737264DDCD4,1,0
8742BE58A671,0,1
8745FC479838,0,0
8751DABF6F73,0,1
876A650B692E,2,1
876BE44293AE,0,0
876EB8B99AC6,0,1
877D7E614694,1,0
877E5E24D71D,2,0
8783D7E09D7E,2,1
878757F074DB,0,0
878EF77AEFED,0,0
8793444EF088,1,1
87947A34CAEA,0,1
87958B77E2DC,2,0
879899ED7AEF,0,0
8799ED61A608,0,1
879F973C6DF6,0,1
87A2153DC6CF,0,0
87A3A28A5EB8,0,1
87A8B315A26E,0,0
87A974F87B12,0,1
87AF2FEABA83,0,1
87B3B5E45156,0,1
87B5969668D7,0,0
87B830921FBA,1,1
87B9974CE965,0,1
87C4CE3E96BE,0,1
87C607A0EF62,2,0
87C7180CD212,0,1
87CA45AA5B23,0,1
87D07D40F15E,0,0
87D436B64CB4,0,1
87DC9D17D46E,2,0
87E637213D66,2,1
87F69F495958,0,0
87F826CDE47A,2,0
8805BDE4E251,1,0
880E4340D062,1,0
880F6C543080,2,1
8812C76524F0,0,0
8814CF59BC3B,1,1
881C594055EB,2,0
8822513C8D85,1,1
88273D2F8BB4,0,1
883880ACBA01,1,1
883D374AC02F,0,1
883E45198895,0,0
884190375DAB,2,1
8846B3225DEB,0,0
884E6C7D3160,1,1
885CBDD4A297,0,0
886AA758F248,0,1
886FED68C229,2,0
8871239EBCA5,2,0
88816FFD8A5C,2,1
8882BE4360A5,1,1
88860671767F,0,0
8886AD6E3BF1,0,1
888D36BD7FD3,2,0
888EFFEEF4A6,0,1
88910DE4976E,0,1
88990A944CC0,2,0
88A4F79B5203,2,0
88B0F016492E,2,0
88C4EAEB95A1,0,1
88C9F52F748F,0,1
88D0417284B4,2,1
88FA9C1FF56D,0,0
88FC05DDCC92,2,1
88FCD4D35128,1,1
88FD7FAAFA90,0,0
890BA90FED9D,2,0
890E9CBF7BF8,2,0
89152EA3528E,0,0
891AEC9CAFC5,0,0
891C3503DD33,0,1
8925498D8C36,0,1
8930F3F9E554,0,0
89326D7277B1,0,0
893B6A0CDB2D,0,1
8945D160056D,2,1
89593AEC5E89,0,1
896B223BF708,2,0
896F322AE281,0,0
897004C788FB,2,0
8971626EE759,1,0
8975E6D0380E,0,0
89822D57FE56,0,0
898BBCB60510,2,1
898C54B54558,0,0
898FBF6ECEEE,0,1
8999E5263723,1,1
899C33966AE0,0,1
899D394E518E,1,1
89A1E2B6F0A1,2,1
89A31DD6C8E1,0,1
89AB334EE7ED,0,0
89B939843B8D,0,1
89BA155355E4,1,1
89BED1950DFE,0,1
89C191C7957C,0,0
89C55AA2CA12,0,0
89C921B360F7,0,0
89CD5C5D9180,0,1
89DD12847D93,0,1
89DF30396BAE,0,0
89E1708E4BCA,0,0
89E1BF0D40C8,0,1
89E1CF43B214,0,0
89E73E0B8EF5,0,1
89ECFD2A6D68,0,0
89EEA7194D7C,0,0
8A00BBFCFABB,2,1
8A06243FE484,0,1
8A0A3FE01FE7,1,1
8A0F7E327BC5,0,0
8A10A65857EE,0,1
8A11B24EEE66,2,1
8A142C377525,0,0
8A16C162C867,0,0
8A16CDB6F50B,1,0
8A1DE798ADA5,2,0
8A20964F35B1,0,1
8A2979AB26BE,1,1
8A3392CDCCF1,0,1
8A33C5C1A579,1,0
8A40C9A48BC3,1,1
8A44EA466431,0,0
8A459F1BFC23,0,0
8A468F18FF8D,1,0
8A4C6D3B4469,2,1
8A4C87E23966,0,1
8A4D99910F10,0,1
8A4E9D1BB2B2,0,1
8A516907464A,0,1
8A57EE89F26C,0,1
8A63149E402C,2,1
8A64F8D74D5B,1,0
8A6AAA29FBB2,0,0
8A6BD40A8B7A,0,1
8A7433E0DF67,0,1
8A745CBCD81E,0,0
8A77BC846EF0,0,1
8A8109553B2D,1,1
8A8644A0E3D4,0,1
8A89EF004B9C,2,0
8A8D7134E77C,0,1
8A9A8B0A3597,0,1
8AAA87E056FD,2,0
8AAB8EE320C1,0,0
8AB95D7C4CA6,2,1
8AC1D6E165CD,0,0
8AE119913109,2,0
8AE9824CC802,0,1
8AEFA9EA182D,0,1
8AEFE911A7ED,0,1
8AF3FAAA529A,2,0
8AF4B766BF21,0,0
8B01E218767C,2,0
8B05C662379D,0,1
8B095EB24288,0,0
8B194A531EC1,1,1
8B2CB9C1F189,0,1
8B3383F07C51,0,1
8B3DB5B8F0B7,2,0
8B477C53521B,0,0
8B48AD97F01C,1,1
8B48DC44951A,0,0
8B495F122E5B,1,0
8B4A257DC797,0,1
8B4B5C6DD5DA,0,0
8B4E52225236,2,1
8B537610A20A,1,1
8B58FBDF6414,0,0
8B5B15211390,0,1
8B615331164C,2,1
8B74BC1E0166,2,1
8B8155332486,0,0
8B81ECA8E78D,0,1
8B8B965BCDF4,0,1
8B8D65CD4BDA,1,1
8B9455709423,0,0
8B98BA980EB9,0,1
8B9D13065168,0,1
8B9EEF86DD66,0,1
8BA0BFC49C4F,0,1
8BAAA0D5D6C4,1,0
8BB4CE5D8355,1,1
8BB4FACB073C,0,0
8BB53C15BE15,2,1
8BC25F3822AD,2,1
8BCB7962E7E3,2,1
8BCC11CF4350,0,0
8BCE4A1BBB8E,0,0
8BD27AA126F7,0,1
8BD74B7B3DE2,2,1
8BDA09CC9FD2,0,0
8BE5C35F126C,1,0
8BE78B7C2ABB,0,0
8BE96D64F102,2,0
8BEA456945B0,1,1
8BEC48C6C5E9,0,1
8BF2D128CAEC,0,0
8BF8505849C8,0,1
8BFAB96C9341,1,0
8BFF78A27A8B,2,1
8C003FEE68D7,1,1
8C0EA954AEF8,1,0
8C1072D440D7,2,0
8C12988B6607,0,1
8C15FC3C3BCB,2,0
8C164B08A8BD,0,0
8C1E5AD4174A,2,1
8C21145A08FA,1,1
8C215301594E,2,0
8C23517167EF,2,0
8C2D0E1314DB,1,1
8C3943289925,1,1
8C3993109983,0,1
8C419632B296,2,0
8C42568E1362,0,0
8C476636EA8F,0,1
8C47976A1F6D,2,0
8C4C4B2F2366,1,0
8C4C7081A2AF,2,0
8C4ED47912C3,0,1
8C5088CDA686,0,1
8C54B0F3D1D3,0,0
8C571B8E6BAF,0,1
8C5FF7AD4E99,0,0
8C61F2374230,1,1
8C700479696A,0,1
8C702C379B8A,0,1
8C71CB303712,0,0
8C79D66ECC0B,1,0
8C887CDDBA32,0,0
8C928B2D6AB9,2,1
8C9F3C1C03BF,0,0
8CA5DF6BAB4D,0,1
8CA7DA405671,2,1
8CAF09D8BEE8,0,1
8CB337D8D65C,0,1
8CB363DF204D,0,0
8CCB7E601107,0,0
8CCF9900F220,0,1
8CDB88E77EE3,2,0
8CE67A7B4BDF,1,0
8CE968DB99AB,0,0
8CEB8AAC385C,2,0
8CEF5FC94454,2,1
8CFD338AFB98,0,1
8CFFE7AE6128,0,0
8D02DCC6275E,0,1
8D0E03A58CC9,0,1
8D0E04684275,1,0
8D11A578A7FF,0,1
8D12DB28E3A2,0,1
8D13461BD81C,0,1
8D1AFB0201C0,0,0
8D1BE4C96059,0,0
8D1F74040579,0,1
8D2143211365,0,0
8D260545092F,0,1
8D2C20BDCDE0,2,0
8D384941F7F6,2,1
8D47E7F9968F,0,0
8D49AD0975A1,0,1
8D4DEBDCF603,0,0
8D507482923B,1,0
8D509BBA7DD5,0,1
8D69EF890AAA,2,0
8D80DA1892A5,0,0
8D8BF05B7936,2,0
8D8E0FEE6BD5,0,0
8D8EC1F1E36A,0,1
8D99FEDB5FE9,0,0
8D9BFCD85CAE,2,1
8DA0993625FF,0,0
8DA0B80420FC,2,0
8DA298718DD7,0,1
8DB8768A7649,2,0
8DBEE30EF6A7,0,0
8DC48882E2F7,0,1
8DD09D4FCD4F,2,1
8DD65866A83A,0,0
8DD6B1101415,0,0
8DD7745DFCDF,2,1
8DD8AC01540E,2,1
8DDF38ABED0E,0,0
8DF155F94446,0,1
8DF397BE5387,0,0
8DF39EDCEE7D,0,0
8DFC402F09AB,2,0
8DFCC03C34D8,2,0
8DFFA4FB6135,1,1
8E053EA4FE6F,0,1
8E0A4CFAEA9C,2,0
8E1560B7C2E1,0,1
8E1908F2616E,0,0
8E1B32095441,0,1
8E20AB58A907,1,1
8E2246CF7F85,2,0
8E280425BFBF,0,1
8E35C504B480,2,0
8E3A5F23A705,0,0
8E3D55B11AEE,2,0
8E4BBBA4018F,1,1
8E536E1B7AFE,2,1
8E555DA6ED4D,0,0
8E5637455B8E,2,0
8E572B0D4250,0,0
8E5816188853,0,0
8E6166FA732A,0,0
8E61C7C0F57F,2,1
8E634C8CED65,0,1
8E64BE4119C3,0,1
8E668341EE05,1,1
8E73ED6F2FCC,1,1
8E77B1B19F32,0,1
8E79F7BAC950,1,1
8E7A674BF659,0,0
8E81EB46243D,0,1
8E8321EFF66E,0,0
8E83FB707B87,2,1
8E89A7A62A82,0,1
8E9007F863C7,0,1
8E98853DF374,0,1
8EA083F14784,1,1
8EA41EF1EC70,0,0
8EADDF7F6FB7,0,0
8EB22AFF2A96,1,0
8EB647435835,0,1
8EB73A991757,1,0
8EBF990F1622,0,1
8EC7A8075CAD,0,0
8ECC067F27E1,0,1
8ED19683D8A7,1,0
8ED6445B91AD,1,1
8EDAB25CCB08,0,0
8EDD5A7B2310,2,1
8EF4E5DEB3D3,0,1
8EF775DCEAF5,0,0
8EF7C2316736,2,1
8EF7F6812DE9,0,1
8EF89B5F5E21,1,1
8EF9BE158AD3,0,1
8EFD48D53319,0,0
8EFDE74335BD,2,1
8EFE0973A57A,0,1
8EFF66B61E7D,1,1
8F05747D5AE1,1,0
8F13AAF260A1,0,1
8F16365E363D,1,0
8F189C6F9E85,1,0
8F1B3DEA0508,0,0
8F2132376B0C,1,0
8F23D8E6AC8B,1,0
8F2FCF066A81,2,1
8F350047E2C7,1,1
8F36773A007F,0,0
8F40BA1ECB08,2,1
8F456999E008,0,1
8F45D2644332,0,1
8F4912F74D42,0,0
8F4B595CF9E7,0,0
8F4D8B1065BB,0,0
8F5794D959A1,0,0
8F584A5648B9,2,1
8F5B92D7513B,0,1
8F60DD600C3B,2,1
8F78D1ABFDB6,0,0
8F7C21724491,0,1
8F85E4509835,2,1
8F88ABD06CED,1,0
8F8B11DD9ACC,1,1
8F8BCC081DC6,1,1
8F91417B8A7D,0,0
8F9F5B885FA9,2,0
8FA214DB6E8B,0,0
8FA7B3E4FC78,0,1
8FAAAECA64BD,2,0
8FB706C890A2,2,1
8FBA79DE20E6,0,0
8FC5C278EFCF,2,1
8FC654F1B091,0,1
8FD417FC6A03,0,0
8FD5B5C10AF2,2,0
8FD62BC04585,1,1
8FDE3B793E4C,2,1
8FE1C585E552,2,0
8FE49A2999D0,0,1
8FE60434BEFF,1,1
8FEC3A849513,1,0
8FED07B315E2,0,1
8FF1FA6E84FB,2,0
8FF38F8470E2,0,0
8FF9315CDCAF,2,1
8FFDA5B9D359,2,1
9.33848E+11,0,0
9.74383E+11,0,1
9.80E+35,2,0
9.92E+12,0,1
9000217714BE,0,0
9003CAD2E74F,1,0
900853D24E86,0,1
900A879708F0,2,1
900EE82A7C8D,0,1
901790F023DD,1,0
9019F9FEA638,0,1
901E4717A246,0,0
90345B5B064D,2,0
903B04C2AA48,1,1
9049E16579D4,2,0
905D77AA5E83,2,0
906B27CFFFA0,0,1
906E7C2C57D6,0,0
9072C97C4481,0,1
9075A6EEB3C5,2,1
90764819E3A9,0,1
907B493FEF99,2,0
9085B526DE3B,0,1
908906779AB1,0,1
908C91AF86BC,1,1
908CA741DAF6,0,1
90978A2F8599,2,0
90A21329D7C8,2,1
90A45BE42FCA,2,0
90A67909259E,0,1
90A986A7470B,2,0
90A9BF35582F,1,0
90B0118A8C55,0,1
90C32C97725A,0,0
90C423514A8D,0,1
90C942265780,0,1
90CE234C9684,1,0
90D16D754BBA,0,0
90D83C644ECF,0,0
90DB0EEBFF0B,2,0
90DB680F14F5,0,0
90E5BB6CBE11,0,1
90ED5CDDE123,1,1
90F900708083,0,0
90FD792769FF,2,1
91010998BF86,2,0
910189559FBD,0,0
9107A1C2DD9C,2,1
9114D5C32D36,0,0
91176971F6BA,0,0
911CF138D0AE,2,0
9124F45B4832,0,1
9127434E8CF8,0,0
91377BE7D4ED,0,1
9145AB74E1DA,0,1
914D457FE4DC,2,0
9151F588041F,2,0
9165D265E932,2,1
9167D9F70613,0,0
9168DF355F2F,0,0
916958737B60,0,0
916CDD686404,2,0
9172095B8522,1,0
9172F30C29E8,0,1
9174D620243B,0,0
917524B223F8,1,1
91755A979CF5,0,0
917DE223C943,0,1
917F3695D84D,1,1
917F50B27723,0,1
91893044CA95,2,0
91962F622C5A,2,1
919A14D44D98,0,1
91A00DFD46DC,0,1
91A7412303BD,2,0
91A780360B9E,0,1
91AC63E82AC2,2,0
91B00B44402B,1,0
91B15D1BDD98,2,0
91B1F82B2CF1,0,1
91B840A41637,2,1
91B88A23A5E4,0,0
91CD65156E4B,0,1
91E61EF42E33,2,1
91EB3DE61286,0,0
91ED6A6E4B3A,0,1
91F40B0CFCC3,2,1
91F5038B20AF,0,1
91FA9C603A6B,0,0
92017C74CF22,0,0
920839AC2871,2,0
920E71AABE39,0,1
920F1ACDF4E4,0,1
9222915C4C76,1,0
9229E9E6F30D,0,1
923043ECE82F,0,0
9230E5F2AC7F,0,0
9235C87BACDF,2,1
923948B18A6D,0,1
92402B11814C,1,1
924D8175D100,2,0
9252D20095BE,2,0
9254D9526E87,1,1
9256EDDD856B,0,1
9258984A6CEB,0,0
9258C64F577F,0,1
9259FAACA3D3,0,0
926AD76F8E36,0,0
9271B11A158B,0,1
92800D9CB22E,2,1
9281F68924D1,0,0
9288FF19115E,0,1
928C9AE07FE0,0,1
92933212F4D9,0,1
92970638812,0,0
92A78941DF77,0,1
92A9A90A1ABB,0,1
92AD77013CEE,1,0
92B407AFBCBE,2,0
92B72DE78204,2,0
92BA1245F66C,2,0
92BBD78A3499,0,0
92BF7228C133,0,1
92BFE3DA469F,0,1
92C09304882D,0,1
92C94CAD934B,0,0
92D79549D7F3,0,0
92DB57DCD12B,2,0
92DFAC1BCB02,2,0
92E1CFD27E95,2,1
92E97E947628,0,0
92E9A4B7A6D0,0,1
9306D72EC3E7,2,1
930B1E8914CA,0,0
930B801F059A,0,0
930F6F0E29D5,2,1
93106B20FE87,2,0
93112F2AC395,0,1
931ABBB91FAA,0,0
931D5E447FA7,0,1
9327A79BF065,0,1
9329A9DD13F2,2,1
932ACB9DEA12,2,1
932D13D609F6,0,1
93385DED39E7,0,0
933E9F407D2D,1,1
934168169D89,1,0
9343CC458B7E,0,0
934980B8A79A,0,0
934A9AF419EA,2,0
9359778E21C2,0,0
935C66D249E1,0,1
9365B0297C47,0,1
9378EAFFDFB6,0,0
9382CB04D6B4,0,0
93863972F6EF,0,1
9394F1006E9B,0,1
9396FCEB118A,0,0
939B172F88F0,0,1
93A96D8DCA78,0,1
93A9B27859BB,0,0
93AC62CB1702,2,1
93AE46205ED2,0,0
93AEAAB8F1D2,2,1
93B11461B925,0,0
93B23DB0F67B,1,1
93B4EABFBBF3,2,1
93BEF2162D6C,0,0
93C0100883BB,0,1
93C0F32F4CBB,1,0
93D6E4071601,0,1
93D9AC33BF71,0,1
93E101B6AB4E,1,0
93E6151BC67E,2,1
93ED5FEC058E,1,1
93F0E3B4826D,0,1
93F5F89369D9,2,1
93FB5B058E50,2,1
94000E9DF26E,0,0
9400D174DEC9,1,0
9401DDD45E43,0,1
9402AF49F2B6,1,0
940F2C3E4080,0,0
9414386BFE05,2,0
94208F2B5E80,2,0
9420CADEF8F6,1,1
9426B08DA6B0,0,0
942BFAC1A722,0,0
942D557570C9,0,0
943226ED1150,1,0
94330AB7CD65,0,1
943421D61935,0,0
9434A2466218,0,0
943611A73135,0,1
94372C4820F4,2,0
94381B3CEBFA,0,0
943F3B3FBB17,2,0
9446B19E4B04,0,1
9449DEE489DF,0,0
944C945E1766,0,0
944FCD948396,0,1
9451FC111896,0,0
9462A544DEC7,1,0
946AC22B5C6E,0,0
946BE2800F04,0,0
94712914C4F0,2,1
94728AA2B9D6,1,0
94770265DD47,0,1
94872E0B0E4B,2,1
948F5C2EADFF,2,0
9497EEBD96C5,0,0
9498E14F5231,2,1
949D00C575AE,2,1
949F659EF5D3,2,1
94A5C6B052D7,1,1
94AB35E81587,2,1
94BD9432CA7C,0,1
94C129CC0A2E,0,0
94C2AC40437B,0,1
94C3203A54BD,0,0
94C41739F214,1,0
94C450F5F6FF,0,0
94CAB5BC469B,0,1
94D37C7BE2ED,0,1
94D889A3859B,2,0
94DC89CA8F6B,0,0
94DDDE49F8DA,2,1
94DF4BBF522F,0,0
94E1D46A0544,0,1
94E5097F7B12,0,1
94EFDD45CDD8,2,1
94F84C21ACCA,0,0
94FE94B27DCD,0,1
950A06BF04EA,2,0
950FBFBDD402,1,0
9510F68977D7,0,0
951B691D3564,2,1
9523EFEED498,1,1
952569CCDD6E,0,0
9529DEA237B1,2,1
952CB87D4897,2,1
953B7B5B1486,1,1
9550CC8FE928,0,1
9553FE340DCE,2,1
9556E99B95DE,1,0
955DC5092AF1,0,0
9560CB5AD3D1,1,0
95619672F4CB,0,0
956B5E2F3BEB,0,0
95765CEE7D74,0,0
9578D4120978,0,1
9579947BE786,0,1
957BE04B350B,2,1
957D444A9CFE,2,1
958229D0AE9F,2,0
9583FE0522BD,1,1
958436C26608,0,1
958639EF34B4,2,1
9586D2395C69,0,0
9588D4FFC84E,0,0
958ADE3434CD,0,0
9590080E51AB,2,0
959F4EDECE91,0,1
95A1EE29614A,0,0
95A6AB619F10,2,1
95AAC538586F,1,0
95AF348EDA56,0,1
95B09C17403B,2,1
95B63ED9E822,0,1
95BCD0EEE72B,0,0
95CFC285B762,0,1
95D5978B9E59,1,1
95D847FEBF38,0,1
95D8D99C517E,0,1
95ED30690B8C,0,1
95EE98CA794F,0,1
95EFC4B97466,0,0
95F3F04190E7,1,0
96064A0638D8,1,0
9608614D166E,2,0
96088A6BB0AF,1,1
960C3510FA5A,1,0
9612843FDF1F,1,1
9615F113FAA1,0,0
961BFAA21188,0,1
9620EB00A5C5,2,1
96253054EFBB,2,1
9627B47C10DE,2,1
962F2B7B5DCE,0,1
9631351EFE3B,0,0
963D4834165D,0,0
9647C328B8CA,0,1
964AC0FD4F70,1,0
964EAD36A568,0,1
96592082F9E3,0,1
965BE22A69E5,0,0
965C95685E5C,0,1
96611C3C0042,2,1
9662807AD672,2,0
96751CA1330F,0,0
9677669AA32B,2,1
9680BEBF5DF5,0,1
9689DEA10AF5,1,0
968C5FD61184,0,1
968C65BB4283,0,1
968F5DDB7890,0,1
968FEBB33A42,0,0
9699E5B44D07,0,0
96A0AC812CAE,1,1
96A0B5E5A5CB,1,0
96AA147B4819,0,1
96B8F7A4DAB9,0,1
96BCEE6B6114,0,1
96C179AA64C6,2,1
96CBC15EF317,0,0
96CC30CFE49E,2,1
96CD9EF2E8FC,0,1
96D1653FFBBA,2,0
96D8BFEF6A8B,0,0
96E0F82A7BCF,0,0
96EF3E46E165,0,1
970171A0AC8E,0,0
9702B3E3D586,0,0
971004AB4EED,0,0
971158C1AE69,0,1
971D0C1C75F0,2,0
9723A9225477,2,0
972D4BFA8AD5,0,1
9733EB28C206,1,1
9741216B0425,0,1
9741998E543E,1,0
9741E87BE7CE,2,0
97522A3DC6DE,0,1
9756E31C449F,2,1
97622A00565F,1,1
976ADB7CAC5A,0,0
977103A9DFE1,2,0
9773921ACBC6,0,1
9780A12FCE0D,2,0
9780C6ECDEFD,0,0
9782182AEEB5,1,0
979AF798A44E,0,0
979E6E963094,2,1
979F330774B9,0,0
97A05BD1708D,0,1
97A6E516249D,2,0
97A8C7304C25,1,0
97AD49AE2944,0,1
97AE8EF6D044,2,0
97BB5ABEBCB1,0,1
97BE845E7D19,0,1
97C83ED95515,1,1
97C969492BAB,0,1
97CEC5F124E5,0,0
97CF6EF5FE26,0,0
97D41DF89A0B,2,1
97D648567DE7,0,1
97DC786559D4,0,1
97E4E42863A3,0,1
97E7DD4E7C69,2,1
97E88E7F5471,1,0
97F5FE862075,2,0
97F708BE1ADA,0,0
97FDA53146BE,1,1
97FF9200A33D,2,0
980850873AB7,2,1
980F069B1644,1,0
981DFF841D8B,0,1
981FB62FF759,2,0
9828D07FD2C9,0,0
982B7E9F1301,0,1
982F005448E3,0,1
983273B60F84,0,1
98353275507,0,0
983D16297775,0,0
9849BD725D61,0,0
98506F561E90,0,0
9854782DAC30,0,1
985768B59317,2,1
985A02A10642,0,0
985B48CBC8FB,1,0
985FC4A0FAE2,0,1
9861EDED505D,2,0
986362428D37,0,0
987057472F55,0,1
9871CC9324B2,0,0
9875EEADB555,0,1
987DDD10D32A,1,1
9883AB26E900,1,0
98852DD3AEB2,2,0
9885BC72C019,1,0
98923EF733F1,2,1
9893E88CAE61,0,1
98944F234E6B,2,0
98949D219E5F,0,1
9894C4AC0CBD,0,0
9895709089F0,2,1
9898C2839018,0,0
989D4920EB7B,0,0
98A2AD61198B,2,1
98A2F7251073,2,1
98A5735C5598,2,1
98A9BF4E795A,2,0
98BA8B468E18,0,0
98C88790417A,1,0
98D257987FDE,2,1
98D53EBFE307,1,0
98E785817634,0,0
98E848B4CB77,0,0
98EB307EB4CC,2,0
98F7874839E3,0,0
99037D0468C8,2,0
9907C1BD4473,1,1
991D146A2AC0,1,1
992341DBA92A,0,0
993835DF599B,0,0
9944902AB848,0,1
99451900AE17,2,0
9947BA6C3149,2,1
994898BB8EDF,0,1
994B1D43D406,0,1
99523E300943,2,0
9954620B5790,2,0
99578BFEDC92,0,1
995D9FEC5FAD,2,0
9965B6E1B1D5,0,1
996A32D1ABBC,0,0
996C6D34FAE1,2,1
997D422930F9,2,1
9985FF16512F,1,1
99863EAC8F7F,2,1
9986CAEDD2B7,1,0
99872EA097CC,0,0
9987A0266A4F,0,0
998B12C291DD,2,0
998C7E979AC6,0,1
998CEAEF3821,1,0
998E0F68318B,2,0
999664D56FFC,2,1
99981DBB75F0,2,1
99A00AF5E4C3,2,1
99A1DE3CF37F,1,1
99AE27FBECA2,0,1
99B1B779603C,0,0
99B650C97618,0,0
99B999A8E782,0,1
99C687C4B554,2,0
99C8EAF5A468,1,1
99CAD0AF3560,0,0
99D1417BDA66,0,1
99D4D5568B75,2,1
99DB34D2A945,1,1
99DBB0DC7CC2,0,0
99F04B521CFA,0,0
99F46DD9067E,2,1
99F7A8700085,0,1
99F8774DE653,2,0
99FD4F79B07D,0,1
99FE6D012BF0,0,0
9A03E46C0A51,0,1
9A0972A02B2A,2,1
9A0E90492CA3,2,0
9A0FC2A17891,0,0
9A1B0F37C3CD,2,1
9A1B79DE1DBC,0,0
9A1BB0A511B2,0,0
9A1E1ED021C1,2,0
9A1F741EC88C,2,1
9A2B81590B27,0,1
9A30D97F67EB,1,1
9A3938C8593B,2,1
9A40D1576A1E,0,1
9A441AF0EA0D,2,1
9A45943A21D5,0,0
9A49907A42D0,0,0
9A5D8C898877,2,1
9A673A3BB8DD,0,0
9A6C18B25037,2,1
9A6F2CF32BFB,2,1
9A79069BB83A,2,0
9A796F96BC28,0,0
9A7A8A8A2201,1,0
9A7C858EF23B,0,1
9A7E9F3D7FA9,0,0
9A7F7ACCC1D9,2,0
9A83F0158A14,0,0
9A8B66D3AA68,0,0
9AA9AF2C02A2,0,0
9AB67EA76820,0,0
9ABAA03ACB4B,2,0
9ABD5B7DD107,2,1
9ADC4A3BFDD0,2,0
9ADCC8F2465F,1,1
9AE88E64DF4C,2,0
9AED627D6FDB,2,1
9AEEADD5997A,2,0
9AF39AF24661,0,0
9AF9B9C068B3,0,1
9AFEE7D734BA,0,0
9B003C51D6A3,0,0
9B0FE1456518,0,0
9B14802F55B8,0,1
9B15C49AAF99,2,0
9B1A7C9A90C5,0,1
9B1CF41C7F5D,2,1
9B284550AB0F,0,0
9B299DE80D2B,0,1
9B3DE2166927,0,1
9B42B1750AD8,0,0
9B4313D769D4,0,1
9B47D88ACD36,0,1
9B514BF80BDF,0,1
9B5AC9A7914F,2,1
9B66D8446A27,1,1
9B69DE203555,0,0
9B6A95DD8E05,0,1
9B6DE686AC78,1,1
9B7371A9B18F,0,1
9B7F129FFB77,0,0
9B8E46362E43,1,0
9B9380760425,2,1
9B983B834050,2,1
9B9931DF9439,1,0
9BA405DDDF7A,0,0
9BA939E303E3,0,1
9BAD071478F4,0,0
9BB40EB22025,0,0
9BBB0205D3C0,2,0
9BBEDD9BD0C9,0,0
9BC192B91D83,1,1
9BC5D2C54039,0,0
9BD1C9E4C34F,0,0
9BD577FF5D3C,0,1
9BDE16784EF6,0,0
9BE5C1E244EB,0,0
9BEBB7FDB6A5,0,0
9BF316100BDC,2,0
9BF717F45D68,0,1
9BFBA5356167,0,0
9C0672FF9126,0,1
9C11072FEB7A,0,1
9C17D0BAF41D,0,0
9C19DBD7E37F,0,1
9C20E2584A8B,1,0
9C245C1269BA,2,0
9C2A464C9716,0,0
9C2D29720675,1,1
9C4444C557FB,0,0
9C480C68AA9B,1,1
9C49F198557D,0,1
9C4B06B51CFC,0,1
9C5094D91192,0,0
9C52EAA3F005,0,1
9C61ACA70773,2,1
9C6D59F13488,0,1
9C6DAB936B71,0,0
9C6F949B27D9,0,1
9C72A7F166C3,0,0
9C82C0E4B743,0,1
9C8A7156AB27,0,1
9C8F1731D481,1,1
9C95376E8F12,0,1
9C97C5A04635,1,1
9C9986ED9D48,0,1
9C9A7F516514,0,1
9C9F8BC72552,0,1
9CA7EB20C36E,1,1
9CB9332C3967,0,1
9CBCAE800CB9,1,0
9CC05FDD1C8F,0,1
9CC56462B5A0,0,1
9CD2E00F79A3,1,0
9CD49AB8E6A4,0,0
9CD52AD87E2C,0,1
9CE013DB5F00,0,1
9CE678CF0BAE,0,0
9CEF32A439DC,0,0
9CEF76DD7310,2,0
9CFA2E61E0C0,2,1
9CFA62F555FF,0,1
9CFB3963E24C,1,1
9CFB67B24EC3,0,0
9D00C7F1D0BB,1,1
9D01B8F6535B,2,1
9D05C9239608,0,1
9D0665A39328,0,0
9D0934987831,0,1
9D11DCCB8271,0,0
9D1C26B1696F,1,1
9D1F1FD728E3,2,1
9D1F87DD8CC1,0,1
9D1FEBF9237B,2,0
9D29B2E438C8,1,0
9D29CF8A1C16,1,0
9D2D6842C1B3,0,0
9D334944FAF2,0,1
9D40E94D6935,0,0
9D44794877F3,0,1
9D449BEA0CA6,0,1
9D4F9CC286B7,0,1
9D53E0729D4B,0,0
9D67AEFEBA1E,0,1
9D68CE2763CB,0,0
9D780EA82AD3,0,0
9D785AF5EB4B,1,0
9D7DC07877A6,0,1
9D8B3825C355,0,0
9D8BCE7B3C6B,0,1
9D967AA72C96,0,0
9D9BC47E7E96,0,1
9D9F53F9EB5C,0,0
9DA131E0F720,1,0
9DB1AA4819AD,2,0
9DB6507F7EEE,0,0
9DB6D2ADE58A,1,1
9DBCBFD45366,1,1
9DC08D601022,0,1
9DC3CADE8953,2,1
9DC67ADABCA8,0,0
9DCA96730E4B,2,1
9DCBFA0786A8,0,0
9DCD00FF30A2,0,0
9DD27942044E,0,1
9DDC8FDAC3DA,1,0
9DEE0DB31EF3,0,0
9DEE651A7219,0,0
9DF1B0F9D0D5,2,1
9DF4B2596DF0,1,0
9DF649C711A9,2,1
9DF9D4AC395A,0,1
9E0303CC5824,0,1
9E0F552B6A65,0,0
9E1F768837D9,0,1
9E225FD2D36C,0,0
9E226661A907,2,0
9E24FDD5A196,2,1
9E2CFCC604DA,0,1
9E2CFFF4A4DF,0,0
9E2E1FDE4D15,0,0
9E2F70695A72,0,0
9E2FE557839F,0,1
9E3359EBC812,2,0
9E33F34E3489,0,0
9E3FF1CEDAC1,0,0
9E4100586EDC,0,0
9E4B02A389B4,2,0
9E4F43374DD5,0,0
9E52C6A0876E,0,1
9E54D33AF6CD,0,0
9E565ADC63EC,0,0
9E61674DE1D4,1,1
9E6D1C0F5762,0,1
9E6E0CC04346,2,0
9E6F70058AC8,2,1
9E744C91CE0E,0,1
9E7468150E78,0,0
9E8892FF68A5,2,0
9E8925504E49,0,1
9E8BA894C495,0,1
9E8E7DF87172,1,0
9E8F3C6405CA,0,0
9EA5E7312E58,2,0
9EAB766AF4BE,0,1
9EABE5CEBE94,2,1
9EADCECA2FB8,0,1
9EAE8BE46F4F,0,1
9EB3FBEEDBD9,1,1
9EB66AB2C95F,0,1
9EB7C8500032,1,1
9EB7D09C785B,0,0
9EB8A19DEAB0,2,1
9EBA120196BC,1,0
9EBE1DC9D4A7,0,0
9ED6ED1ED502,0,1
9ED9231D9373,0,1
9EE20D86E488,0,1
9EE34B9761BF,2,1
9EE3E7687D4B,0,1
9EE956923B33,1,0
9EE9B4AAF84F,0,0
9EF6AC7590A2,0,0
9EFA79BF42F2,0,1
9EFB9C338D8B,2,1
9EFD9F972D67,1,0
9EFDAC0F858E,2,1
9EFEB61AE3F9,2,1
9F020320C64B,0,1
9F03562EA45B,2,1
9F0900A01266,1,1
9F113E685AD0,2,1
9F12C5402E1C,1,0
9F17E63CA44C,0,1
9F1CC7603B64,0,0
9F1EEDC186E3,0,1
9F203E3DB9F8,0,0
9F2AFB6701F8,2,1
9F346804AC09,0,1
9F36C2CDD92B,0,1
9F39D910B991,0,0
9F3C7383FFA4,0,0
9F3D55C63C0F,0,1
9F44BE9A9EDF,0,1
9F457CB98667,1,0
9F516900789A,1,0
9F58F5814567,0,1
9F6A70DBE7A4,2,1
9F6CA1CD687A,0,0
9F7100885801,0,1
9F71393177F9,0,0
9F78D521CCF5,0,0
9F79DB6DE57E,0,0
9F7BBA5FC646,2,1
9F93DDF89408,2,0
9F940B25741C,0,0
9FA3EE5BDBCB,0,1
9FA7B30CC4D1,0,0
9FA8391D4B9E,2,1
9FA8BC0F29A7,2,1
9FAF37ACBFD7,2,0
9FB9825462EE,2,0
9FC26E3A10AC,0,0
9FC76480F124,0,0
9FCA0338E29B,0,0
9FD3F72C7BC9,0,0
9FD5F5EAA8E3,0,1
9FD65F435FD4,1,0
9FD82D743836,1,1
9FDBC2899F9D,0,0
9FDD63289FD1,0,0
9FDD8A146288,1,0
9FECD0D50903,0,1
9FEDA127135A,2,0
9FEEF0F10C42,0,0
9FF2F51AFF91,0,1
9FF4F0CFFA6D,0,0
9FFC1CFE7CD9,2,0
A00EFF7056C4,2,1
A011D641BBDF,0,0
A01A09B4DF9A,0,1
A020F9D9B47C,1,0
A0215B1294B9,0,1
A02C479F14E3,0,0
A02E1D0BEACF,0,1
A0319BB7A78E,0,0
A03284A8FF24,2,0
A03767EE9BC3,0,0
A03BED17CAD2,2,0
A03F03805EF8,0,1
A040DFB142C9,0,0
A044B8E5308E,0,0
A04A73BA176D,0,0
A04B753B1D91,0,1
A066ACC53ECA,0,0
A066B195BA06,2,1
A070588C06AF,0,0
A08514994C66,2,0
A091ADA0095F,1,0
A0928D4B7EC7,0,1
A0935CEA2649,2,1
A0938A136F0A,1,0
A09818C01569,0,0
A09916887199,2,1
A0A41E351FC9,1,0
A0A61C1FD07B,0,1
A0C48135C403,1,1
A0C911D1A1AF,0,1
A0CE8DE23C85,2,1
A0D127A810E3,0,0
A0D96DEF2ADA,0,1
A0DD56A8332B,0,0
A0DE768B504A,0,1
A0E21080F7EF,0,1
A0E3127D3E13,1,1
A0E6B7240C25,1,1
A0EB6EAA4060,0,0
A0F1B1F7D109,0,0
A0F328ADB40C,0,0
A10226201F3A,0,0
A103E161D9C7,2,1
A108AF527A6C,0,0
A10F4BAEA92D,0,0
A11947097A2D,0,1
A120BB70687B,0,0
A1252FD7C25F,0,0
A1274B901F55,0,1
A13182AA4AD8,0,0
A138DF27F153,0,0
A13EFC8CC12D,0,0
A148C659E98B,0,1
A14D91BB2BE2,2,0
A165EEC2E930,2,1
A173C6074FEA,0,0
A174612F3F64,0,0
A18003975A61,0,1
A187E6D70752,0,1
A18AABF41A28,0,1
A19416C96885,2,1
A19756B4C8A5,0,1
A197F806756C,0,0
A1A3E9BD809C,1,0
A1B5025267D1,0,0
A1B546B918F3,1,0
A1B65E2C7824,2,0
A1B9570B6749,0,1
A1BA626DFD42,0,1
A1C00871518B,1,0
A1C3D4F6E4D8,0,0
A1CD9D15EC22,1,1
A1CDD5F607CF,0,0
A1CE91F40D45,0,0
A1D2C03AA286,1,1
A1DF3585CBDD,2,0
A1E09E155EF6,1,0
A1E3FA6EC622,2,0
A1E4631053F4,0,1
A1EAC2434DD1,1,0
A1EC959B8C13,1,1
A1F176C0FF23,2,1
A1F389C6A2A3,0,0
A1F3E0A2A43B,2,0
A1F6D5360E2C,2,0
A1F95E312646,0,0
A1F9F72D3938,1,1
A1FD7287B623,0,0
A20001E13EAE,0,1
A20205E47409,0,1
A202FBAF0CCD,1,1
A205C9872020,0,1
A21A69767BEE,0,1
A21E049EC383,0,0
A222836421FE,0,0
A222B298A2BF,0,1
A2237589F0FE,0,1
A2311DAD8D62,0,1
A23348674832,0,0
A2386ED7E56F,0,1
A239AE9A985D,0,1
A23B2225BBCD,1,1
A247A5FCE34B,0,1
A24A28C64B6B,1,1
A24F3C793D72,2,0
A265B1B9043F,0,0
A2671D3C37B6,1,1
A26919E91856,2,0
A26B1E4B4703,2,1
A2717785BE8D,0,1
A272AD6BD9AF,0,1
A279B0B48786,0,1
A27F852ECCC3,0,0
A27F8CE559C8,1,1
A2816855FB22,0,1
A28B8C10484F,1,0
A28E9B475935,0,1
A29350919975,0,0
A295FDD07F53,2,1
A29794857B1E,1,0
A2979F6CB12B,0,0
A298BA4F5921,0,0
A29CD7941E1D,0,1
A29D41F1E049,0,0
A2AD4A874BF3,1,0
A2B5E762A740,2,0
A2BEFDE54FB6,0,1
A2C3E5A5B48B,0,0
A2CB343EDF41,0,0
A2CD2CBF5A87,2,1
A2D381EC10A8,0,1
A2DAD0A2B796,0,0
A2E13A686051,0,0
A2E1F55E3696,2,1
A2E37BB8E275,1,1
A2E4B3830DCB,0,0
A2E77A390DED,0,0
A2EED30DD075,0,1
A300C28B76F2,0,0
A30A8AF62E06,0,1
A316602CCDEB,0,0
A31AA1436210,0,0
A3285BFDEAA6,1,0
A336FB5F2623,0,0
A33A4F17C350,0,1
A33B9D112E23,1,1
A34949720738,0,1
A34FF5F00E3A,2,1
A35176B2A7B0,2,0
A3636EF8A9CA,1,1
A36527430D18,0,1
A369CA765144,0,1
A37EB4141D7C,2,0
A38187259EEE,0,1
A383D99A04DF,0,0
A385801FF637,0,1
A385D6FF97BA,2,0
A3903EDF710D,0,0
A394468CDEC1,2,1
A39803B6EBE9,2,0
A39BD96AF114,0,1
A3A00BA86199,1,0
A3A13A14C9B5,0,0
A3A52D0C5668,2,1
A3AEF9F996FB,0,0
A3AF3030682D,0,1
A3C150DF33B6,0,0
A3C528075F41,0,0
A3CD546B8DC9,0,0
A3D4D71B62F4,2,1
A3E66DCF8B6E,1,0
A3E684CC43AD,2,1
A3E8AF823886,1,0
A3E8BB69CC48,0,0
A3EA9A580A6A,0,1
A3EF457B5F61,0,1
A3F2C4FFA504,2,1
A3F896A51CEA,0,0
A400F5D95ED7,0,0
A4035C4D846D,1,0
A40FA9C91524,2,1
A41214DF1DC5,1,1
A4165F16B852,0,1
A419EE5769AD,0,1
A41DC5DDED17,0,1
A42187554C6A,0,1
A4266A92A0C5,0,1
A42993C8FE60,2,0
A42A600EEB0D,2,1
A42D0D160547,0,1
A42D4B7F30EC,1,1
A44210346B0C,0,1
A448213BC350,0,1
A44ADBAC8DB1,0,1
A44E9E70A83F,0,0
A44F6859B4D8,0,1
A451B2D00666,2,1
A4648DC5FA2A,1,1
A4689CAFDED9,0,0
A476784AFAFE,1,0
A47DE80009C8,1,1
A47EBEEF081E,2,0
A48461463FB6,2,1
A484FD45778A,0,0
A486E99E277D,0,1
A489B73A1C59,0,0
A48C41EEA09B,0,1
A496BC4964A1,2,1
A497C32D772B,0,1
A4A6A187E6F6,0,1
A4A7A35101F4,2,1
A4AC757E8206,2,1
A4ADCC04C319,2,0
A4B030C3D663,0,1
A4B47ECED161,0,0
A4B4E3356052,0,0
A4B90560C17F,1,1
A4BAA826534F,0,1
A4BBC75728EF,2,1
A4BC2726A9F0,1,0
A4BD4E0A3B01,0,1
A4BE98BB1E78,0,1
A4C42F2B3A57,0,0
A4D245A77427,0,1
A4E279EC0066,1,0
A4E6E2D5658D,2,1
A4EECC69CA30,2,0
A4EFD4CBDE3A,2,0
A4F773503156,0,0
A4FA2C4BB8C8,0,1
A4FAC154C07E,2,0
A4FD9B8E6C4C,1,1
A500CCF711B0,0,1
A501F5FB719A,1,0
A5073B74C615,0,0
A50ECC86DCDA,1,0
A5159F0C191D,2,1
A523560DD28C,2,0
A524BC074C36,2,0
A52526F650F3,1,1
A52CA9B55339,0,0
A535F9081747,1,0
A538E8B618FA,1,1
A53E02BB0A41,0,0
A540C5E958FE,0,1
A544DE716883,2,1
A548B0911394,2,0
A54C0AA815DE,2,1
A54EB2889518,0,0
A5546DD2FD07,0,1
A5573D9DBBC9,2,1
A559A96650EC,2,1
A561A3334D76,0,0
A572EAD5ADED,2,0
A57FC6AFB48E,0,0
A585AF7C6630,2,0
A588F05DC41F,0,0
A58C671D5EE3,0,0
A59E6A9BEB3F,0,0
A5A55FE930C4,2,1
A5B9C9F26FD6,0,1
A5C70B7DCBFB,2,1
A5C75E6F0811,2,1
A5CBE47832DF,1,0
A5CCD64F5F64,2,0
A5CFDDC32628,0,0
A5D167D7CF4A,2,0
A5D5A035D201,0,0
A5DA0D5410DE,2,0
A5DD0CEFE045,2,0
A5DDC612408C,0,1
A5DE8251CBCE,0,0
A5E08B9B9392,0,1
A5E5F83207A8,0,1
A5EBCAEBE97E,1,1
A5F04D377DF5,0,0
A5FBF588B2F4,0,1
A603DBD5D182,1,1
A6044930DDA8,1,1
A607E3023F15,0,0
A60ED461EEC9,2,0
A61A2D0D865A,0,0
A61B36D58594,1,1
A61D07193089,0,1
A620127943B6,0,1
A623F564CB1E,1,1
A629428E974F,2,0
A62EBECE741D,0,0
A643278122A7,0,0
A6432958C29A,0,0
A6440604EC36,0,0
A6546D2758D0,0,1
A66198E783B0,0,1
A661A21F0F49,0,0
A66598C542EE,0,0
A66B5A9D1F00,0,1
A66B93C3C8F1,0,1
A6759897BBE1,0,1
A67891ECF902,0,0
A679B566D8CB,0,0
A67B55BDDA6E,2,1
A67D3F549FAD,0,1
A692475F6AF4,0,1
A69B61336132,0,1
A69FAFC409EC,1,0
A69FB0F70DAD,2,0
A6B037934481,0,1
A6B1EBD03706,0,0
A6B20075B2A5,2,0
A6B380D5DEBB,0,1
A6CC10322C3A,0,0
A6CD1CF86FC6,2,0
A6D10284A4DD,0,0
A6D1E89AB196,0,0
A6D723F7B8E8,0,0
A6E992C5C8BC,0,0
A6FCBC1C476D,0,0
A7036C8E5E6E,0,0
A707D99B4C78,2,1
A70A57F5752D,2,0
A710C1BBBB27,0,1
A7135E6A66B1,0,1
A724ED7B4521,0,1
A737705B81A4,0,0
A74A54902874,0,0
A74B8AFE4174,0,0
A74C8E09C566,1,0
A74CF2F7BC8E,2,1
A74F379C73A9,2,1
A75AE257DF5C,0,0
A75EB2F907D9,2,1
A7642F5617E0,2,0
A76BA2CA628E,0,0
A76C9C59AD43,0,1
A76DEAA44D9C,1,1
A77B230FF451,2,1
A78A0641A2FF,0,1
A78C3DA1FD12,2,0
A78CEC229621,0,0
A78D349FB188,0,1
A7963618AB6B,2,1
A79897593A34,1,0
A79CF9AC2B58,2,0
A7A4C0BC2D03,0,1
A7A7B0BBA529,1,1
A7AB35E04C19,2,0
A7AB95A87C65,0,0
A7BC6B60D20F,0,1
A7BF283E400C,1,1
A7D3E138D9E4,0,1
A7E115387C5D,0,1
A7E4CD11B5E7,0,0
A7E8DA7C1247,0,1
A7EB29E9B6E4,0,1
A7F68B21DDB0,1,1
A7F6D05B5D22,0,0
A80542F83A7C,1,1
A80B12A8B100,1,0
A80B74026593,0,0
A817A13D651B,2,1
A818ABB54C22,1,0
A82299609B1F,0,1
A827D5DE2309,1,0
A82E66D99555,0,1
A82F551BD455,0,0
A846836E9708,0,1
A8499C6EACA1,2,1
A851E38A7344,0,1
A853B52D7631,0,1
A8559152A433,0,1
A858CDE91A41,2,1
A85F9AA39EB8,0,1
A860936AC6CD,1,1
A867CA244C91,0,1
A868395AEAAB,0,0
A8694BB95FD6,0,0
A86C5A5446BD,1,0
A87882E3DD41,0,1
A87B731B2AF4,2,1
A87D3BEDF899,0,1
A885B3EA9C99,1,1
A8889975565B,0,1
A889F41FDF94,0,0
A88A21A1B19E,1,1
A88BEC03617C,0,0
A8907059C00A,2,0
A89206A14C39,1,1
A89C7AADA223,2,0
A8AB6AF861C9,1,1
A8B4C79F9954,0,0
A8BAAEDA8475,1,0
A8BBC8F598F4,0,1
A8BED0503A7D,0,1
A8BF1D0AA57F,1,0
A8C8C22C5A3B,0,1
A8D9AE4B4259,2,1
A8DC4866AEE4,2,1
A8DFF4D30133,0,1
A8E16767A2DA,1,0
A8E5BC14F79F,1,1
A8F433952F79,2,0
A90048DEAF9A,2,1
A9007878D94D,2,1
A90544B36B14,1,1
A90D09A72B23,0,1
A9103BF8F902,1,0
A916F45DAFB6,0,1
A917258AD9D9,0,1
A918A3CC7A0E,0,0
A91B06F67319,0,1
A92254B458C1,0,1
A9258A6DF8AC,0,1
A9260C7203ED,0,0
A926E278BB9D,2,0
A92B69B40619,2,1
A92B9B2B7418,0,1
A93072F1F0EC,1,1
A932B6A489DE,0,0
A932B7BEAC6A,1,1
A95B8B50E0C1,0,1
A95DC9851C4A,0,1
A95DF27FF021,0,1
A9704EBCDE99,0,1
A971D98DD17A,0,1
A975CBC4A7E8,0,1
A97E6285895B,2,0
A9872AFF064E,0,1
A98FC0B6F0FA,0,0
A996BE4B49FA,2,1
A99895FA8F4B,0,0
A99C834B122D,0,0
A9AEF67EBDC9,0,0
A9B89BB57964,1,1
A9BD2FCF25BE,2,1
A9BFDB854400,0,0
A9C32291F224,1,1
A9CB53645FC9,1,1
A9D04D3896C0,0,1
A9D4A57ADCBA,2,1
A9DC409C8EEC,1,1
A9E4B29E6B0D,2,0
A9E9851F3E7E,2,0
A9EBC5E40694,0,0
A9F45F81526E,0,1
A9F764775832,0,1
A9FC7416BFC4,0,0
A9FE240AEBCA,0,0
AA066CA040D5,0,0
AA079BC1923D,0,1
AA07C771D2D2,1,0
AA0C42595227,0,0
AA0D527B394A,0,1
AA0EC4007F16,1,1
AA0F49E35E96,0,0
AA12243C8371,0,0
AA15F858439C,0,0
AA1727BD4947,0,1
AA1CDE1DE20C,0,1
AA1F3740A24D,2,1
AA25CD9D9014,1,1
AA2A58643ABF,2,0
AA2B7E9642C8,0,1
AA3A35044E77,0,0
AA40C0B9B536,2,0
AA44E0F93AE8,0,1
AA45F6AB9AA9,2,1
AA48C183006F,2,1
AA4CF5537352,0,0
AA51B5B5EF68,0,1
AA59A664939F,2,0
AA5E62173BB5,0,0
AA63BFA27A2C,2,1
AA6C2F58FC3F,0,1
AA6E2A489205,0,1
AA75CB9C552C,0,1
AA766FA05F63,2,0
AA7F2985C1AA,1,0
AA7F9D6FABE3,0,1
AA815FFC2BF6,2,1
AA825AADE171,1,0
AA871DB1926F,2,0
AA90439F8B92,0,1
AA95E0C631D9,0,0
AA9767FB71E9,1,0
AA9B263544A9,1,1
AA9CF617C348,1,0
AAA9670F8168,2,0
AAB5BB67C620,2,0
AABF59EF8FE8,0,0
AADCE1E62CE7,0,1
AAE2C403989D,1,0
AAE49DDED395,0,1
AAEA45B2CEE1,0,0
AAEED47072D9,2,0
AAF5D100E836,0,0
AAFA0B9080C0,0,0
AAFE0E511953,2,0
AAFEFFEE5557,0,0
AB0403712FA9,0,1
AB0E914DEB96,1,1
AB115EA6CA38,1,0
AB127AC65E33,0,0
AB152A57A2D7,0,0
AB1AAD6295FC,0,0
AB1F3BA8AED2,2,1
AB20C40854C1,0,0
AB2DAA9F9151,2,1
AB2EE99A7ABF,1,0
AB3053E08AEC,0,1
AB3263A61ECB,0,1
AB3606E85520,0,0
AB49E68A9AD2,2,0
AB4F9B52DF71,0,1
AB5D516FC4C3,0,1
AB5D77D7E5A1,2,1
AB5EBB04C48D,2,0
AB6284069E18,0,1
AB69A8EDFA20,2,1
AB6F718824A0,2,1
AB7706113077,1,1
AB7788B03DC1,0,0
AB7C37512445,0,0
AB811AA2AB4A,0,1
AB8291924838,0,1
AB831D6AD78A,2,0
AB83C89D3124,2,0
AB887E670FE6,0,0
AB8D3B532D2E,0,1
AB8EFBD82820,0,0
AB937FE6C5DD,0,1
AB9E07EE89BD,0,0
ABA8D98CE4D1,0,0
ABAC4A93E9C0,0,1
ABACC30835CD,1,1
ABBA50242CFA,0,1
ABBCD9806D9C,1,0
ABBDBEE8FE04,1,1
ABBF7FEB056D,1,0
ABC4770058F6,2,0
ABC59FCA6150,0,1
ABD3B53BC183,2,1
ABDBAB6E1572,0,0
ABE45B3CCAD9,0,1
ABEB82F77B84,0,0
ABED0C27DF2D,0,1
ABFA0C962CA1,2,1
ABFE420BA213,0,1
AC04DCF3041C,0,0
AC05C210E589,0,1
AC09E2C4AE2E,1,0
AC0B87BB101A,2,0
AC0FEEED417B,0,1
AC134C9AB3CC,1,1
AC31C0D7AFCA,2,1
AC322869C365,2,0
AC33D93DD897,2,1
AC4075563D4F,0,1
AC4B2411A986,0,1
AC505EF3920C,0,0
AC523741D5A0,2,1
AC525B50F33C,1,0
AC5784FD5C8E,0,1
AC5F232F9F99,2,1
AC61A7E32B06,0,0
AC6348A7ECB4,0,0
AC70BEFCB732,0,1
AC729925620C,1,0
AC73CBAA169B,0,1
AC76BEA677C1,0,0
AC78193CD7B9,2,1
AC7AB280A93C,0,0
AC7C84C2A13E,2,0
AC7E6B598391,0,0
AC7FEF69749E,0,0
AC84A8657812,1,1
AC8F2F26AB2E,2,1
AC8FB147E095,2,1
AC92D49B8CC3,0,1
AC9801E7B7A1,2,1
AC9EA64819DC,2,1
ACA08DBF39EE,0,0
ACA6FC4A813D,0,1
ACB2761CF6BF,0,0
ACB4C9F4B96D,0,1
ACBB0618CF1A,0,1
ACC2488E77B7,0,1
ACC87684DC19,0,0
ACCD71550365,0,1
ACDF0CAAF77C,0,0
ACE1A5EF8B3C,0,0
ACE2C5B570CB,0,0
ACE3E472041C,0,1
ACEDBB3C81A0,2,1
ACEFB38EDC1C,2,1
ACF8D85BE4F4,0,0
AD094AD5740A,1,0
AD172AE23CAC,0,1
AD175892EC1C,1,1
AD19FCCF4D66,1,1
AD1CF1DE4828,1,0
AD21FBA1A7DF,0,0
AD25C95CC18A,1,0
AD2E56E68B84,0,0
AD2EB78655F2,0,0
AD330078D176,2,0
AD3821286500,2,1
AD4118A1F805,2,1
AD447A0ADA1E,0,0
AD53B357BD0D,2,0
AD58682D517C,0,0
AD58FCCE40BE,2,0
AD6649397582,0,1
AD66766E1629,0,1
AD7525091D85,0,0
AD792BAF03AA,0,0
AD7BF1EAE72F,0,0
AD802CC1863E,0,0
AD8BBB12682E,0,0
AD8D17327119,2,1
AD968694871B,0,0
AD97126ECA8A,0,1
AD9CEE5A6FFF,0,1
AD9DF5656D88,2,1
ADA5FE621125,0,0
ADA8F6319D6C,2,0
ADADD3AF30B1,0,0
ADBC6A551DAA,2,0
ADC46484D3B7,2,0
ADC9301EE918,0,0
ADCCB5D55577,0,0
ADCE0BCD042D,2,1
ADD3D2BDCC6B,0,1
ADD688C18040,2,0
ADD7CE85B73C,0,0
ADDAA9A7EB90,0,0
ADDD983D6D5E,0,1
ADDF7CABF5A5,0,0
ADE6D1DFC53B,0,0
ADEB72AF10FC,2,1
ADF83B2078E9,0,1
ADFE2CDB6FF1,0,1
AE021F85F4D5,0,1
AE0341CCEBDB,0,1
AE044D6DE72C,0,0
AE0675B526C2,0,0
AE08D70812DF,0,1
AE13071BFEF8,1,0
AE1CEA05AB1F,0,0
AE1EA7A93322,2,0
AE25912B8391,0,1
AE359CF88362,2,1
AE37AE3F79C7,2,1
AE3C28BB7160,0,1
AE425A221021,0,0
AE47AB399CF4,0,1
AE4A6DE0EE74,0,0
AE4E01E44C0F,0,0
AE56A078E096,1,1
AE5D214AAC85,2,0
AE6462B51991,0,1
AE6BABB53D5E,2,0
AE6BE874B204,2,1
AE6DBB2AE6DB,2,0
AE7604228277,1,0
AE7A29F3FF37,2,1
AE7DE878CED5,2,1
AE8253E52260,2,1
AE82BD8A926A,2,1
AE8385F10D82,2,1
AE9E8ACD0A6F,1,0
AEA3FC7D6E3F,0,0
AEA63015C64E,2,0
AEA7922669A8,0,0
AEB124976815,0,1
AEB7346EA9A4,0,1
AEB8B6614549,0,0
AEB9F07707B7,0,1
AEBB0D1C98E9,0,1
AEBBFD25000D,0,0
AEC47500AA79,0,1
AEC9BAA4E7B1,1,0
AECE752276B3,0,0
AED0E44B59CE,0,1
AED1693001E4,0,0
AED7996C9DBC,0,0
AEDEB221139D,2,0
AEE03367AC03,0,0
AEE79E8B256B,1,0
AEE8D73906FE,0,1
AEEF884DCBBE,0,1
AEF85C085047,1,0
AEFDD857A5D9,2,1
AF012373AD3C,2,1
AF0203C8BFE4,0,0
AF05AA1A49DA,0,1
AF1693F74897,2,1
AF1A2BDA829F,0,0
AF214D4C47A5,1,1
AF31964E08DE,0,1
AF320373DBAA,0,1
AF345723174D,0,0
AF34B1CDD152,0,0
AF3A719533E9,1,0
AF3AC84DD882,0,0
AF4152FBC8DA,0,1
AF41FBC320A5,0,1
AF4B8E3F7BF9,0,0
AF517D7FA328,0,1
AF5E5BF38512,1,1
AF5F2794E970,0,1
AF6254DD5494,1,1
AF637B7047FB,0,1
AF642CA41345,0,1
AF651D592CBE,2,0
AF68F7B20B1F,0,1
AF6A4C253262,0,1
AF6EA8391841,0,0
AF7D12A40305,1,0
AF8626974C06,2,0
AF9079B5EF21,1,1
AF90C62BA52D,0,1
AF96A2176FB7,0,0
AF9939DC1EB2,1,0
AF9AA93024A9,1,1
AF9AAA672210,2,1
AF9AE164D6BC,2,0
AFA1B02E1A80,0,0
AFA633EBCCAA,2,1
AFAD4C8AF912,0,1
AFB0A60B6038,2,0
AFB59A8CCD0F,0,0
AFC3A1FDF322,1,1
AFC6EE85F5C2,0,0
AFCE5307F69A,2,1
AFD7DF57B19C,2,0
AFDA24702118,0,0
AFEC37C2D43F,1,0
AFED7787CD81,1,0
AFF314E99BF2,0,1
AFF4F4ABC213,0,0
AFF882607973,2,0
AFFD150170C8,2,0
B009897F65D0,2,1
B00B5447FE83,0,1
B0171B5E2D2F,0,0
B01DC4B13C31,1,0
B01E091E37CC,1,1
B022347FCF4D,2,1
B02A4DDA8FC7,2,0
B0352BB36198,0,0
B04BEFD69D01,2,0
B04DEC188939,2,0
B04EBE5811B6,1,1
B056AD01475D,0,0
B05F21B4953A,0,0
B06F15F11C93,0,0
B082F1A267EE,0,0
B083862AF3B4,0,1
B083BE6F3E72,0,1
B08707B954BE,2,1
B08943432C17,0,0
B091F6AFF43F,0,1
B092EE6E6C3B,0,0
B09CB4CB2D85,1,0
B0A311ED820C,0,1
B0A3BDF469F7,0,1
B0A88042A599,2,0
B0AB337A9B59,0,1
B0AD7021AB07,2,1
B0BFB2D69DBD,1,0
B0C022D12C7F,2,0
B0C3BA432D21,2,1
B0C3BBF86B9B,2,0
B0C7779B7276,2,0
B0CA1D56B5ED,0,1
B0CA3173B40D,2,0
B0CCB2BD0349,2,0
B0CCFA21F82C,0,0
B0CD65C0DE1D,0,1
B0D2190F7312,2,1
B0D9116BE51A,1,0
B0DFA8E19584,0,0
B0E17505BCB3,2,0
B0EBCFB79C3B,2,0
B0F17397621A,2,0
B0F3FA7DE6CE,2,1
B0F5A3880ECB,0,0
B0FE8DA602E8,0,0
B10961803408,2,0
B111395C3C6E,0,1
B119CD1A5145,2,0
B11A853443A1,0,1
B11D35EE7B0F,0,0
B127CFD81E92,0,1
B12D568E5775,0,1
B150F36A25B2,2,1
B15874A0E53D,2,1
B1589F9F0ADB,2,0
B15AF429027A,0,0
B15CAAF6DF04,2,0
B15DCC651E2D,1,1
B15E9A8C1E3F,0,1
B15EA1EE9302,2,1
B16710F91588,2,0
B1687066F985,2,0
B16C6D2C17BE,0,1
B17127A30AC0,0,1
B17816AD0AF8,0,0
B17A3A770A17,0,0
B17BDAC0197F,0,0
B185CAA596E4,0,1
B18624117239,0,1
B1869256CAE8,0,1
B18A0DBBF287,0,0
B18CC50F5A1A,2,1
B18E2DC8E7DB,0,0
B19940812E58,0,0
B19C6EA1C4B7,1,1
B1AC534F399D,0,1
B1AE2526EA45,0,0
B1C0DDEE474D,0,0
B1C9C23EDE4E,0,0
B1C9D89FD27C,0,0
B1D7630EE532,2,0
B1D882183A63,0,1
B1DB05B61A1F,2,1
B1DE8840D4C4,0,0
B1E4B9C99415,0,0
B1E590527982,0,1
B1E6DCD4F05F,1,1
B1EF45488EA7,0,1
B1EFFE527751,2,1
B1F95DB388DB,2,1
B1FBA75AD961,1,0
B1FC2FA3AFB3,2,1
B20965019259,2,1
B211B7A637A9,0,0
B215E1BAC336,2,1
B21F63120303,2,1
B222F9F093CB,0,0
B2244BA6AE2D,0,0
B2305853B773,1,1
B23BDDB4B5FA,2,1
B240406DD5E7,0,0
B24B60C74429,0,1
B265B2EEBEDE,0,1
B269D53897D9,0,1
B26ED6F34796,0,0
B27C4443F88F,0,0
B286E6029ECB,2,1
B286EEAB83F6,0,0
B28B37BFCC03,0,0
B292AB3572D3,1,0
B29C1E38F12E,0,1
B29CFA250576,2,1
B29EB2BF4D96,0,1
B2A621D75A0D,2,0
B2C0ECB08687,0,1
B2C7EAB1488F,2,0
B2D03F892B0D,1,0
B2DAE4CC6597,2,1
B2DBC0B3AD67,0,0
B2DDBAAC084C,0,0
B2E594733164,1,1
B2E7CD57F60E,0,0
B2EC537A5265,0,0
B2F2DAD41E5F,1,0
B2F51A10762D,0,0
B2F7B08EA688,0,1
B2FF6A761EC9,1,0
B3031E720297,0,0
B30A57DB8F04,2,0
B30E789C19ED,0,0
B30F2CD326C3,2,1
B30F7524C444,0,0
B312F104B015,1,1
B316580FC02E,1,0
B31F203DB1A8,0,0
B32F41984B27,0,0
B330C76B790E,2,1
B3341D036468,1,1
B33757C833AA,2,1
B33809DC1AAF,0,0
B33AAEEF92E5,0,0
B343F5E7C7BA,1,0
B3493FBE6476,0,0
B34F39598C5D,0,0
B3526897360F,0,1
B3541C7B8380,0,1
B356D7FBA362,0,0
B35B894BDDEF,0,0
B35CDBFBD6D1,0,1
B3712DCA6C26,0,0
B375FE480591,2,1
B3813CAD3B8D,0,1
B3815FC262CC,0,1
B3826CEDE916,0,0
B3842469B183,0,0
B384BEA9572B,0,0
B38B9288E93D,0,0
B38CA47E7A29,2,0
B38CEB26C2AB,0,1
B38D6D958DB1,0,1
B38DBE0AD1B2,0,1
B392C89CA90E,0,1
B39E22A349BD,2,1
B3A2B0817A9F,2,1
B3A7EA9C932B,0,0
B3A830730FB7,0,1
B3AB4E6C5678,0,1
B3BBBAE51416,2,1
B3C8CE820C5D,0,1
B3CD019589CB,0,1
B3CF4188DC2F,0,0
B3E4B633261B,0,0
B3EAA82C827E,0,1
B402430B0616,2,0
B40DD5822E7E,0,1
B41900D2BB5B,0,0
B42AFC74C063,2,0
B43A357A9F90,0,0
B43F583ECE54,2,0
B44F4F2E6178,0,1
B460DDD6C6CA,0,0
B462DD2E5524,0,0
B46913FEF3E9,2,0
B46A2BA39974,0,0
B480F24C84B2,0,0
B48302EAFB68,1,0
B4862797CA5D,0,1
B48D82A4EC73,0,0
B490EC2E88FA,0,1
B496C551E6D8,0,0
B4994C771190,0,1
B4AC3F641AFF,0,1
B4B8BEB77C2E,2,1
B4BD4DD677AD,0,0
B4C4BABFB290,2,1
B4C542456DE7,0,0
B4C5B9F3FB4E,0,0
B4D5A1F379A4,0,1
B4DEA93DAA5B,0,0
B4EB26957632,0,1
B4F6234EE053,2,0
B4F7C5D9CA8D,0,0
B4FC71C68AF1,2,0
B51FB7EF1F85,0,1
B522B51842BB,2,1
B526BA896931,2,1
B527F1CEBDA4,0,0
B528C5E19433,0,1
B538ED9EE68B,1,1
B53910E9E75D,0,0
B541C87764FC,0,0
B54BD310F2E7,2,1
B54C2AEBD0A2,0,1
B55226710587,0,0
B555B3937F07,1,1
B55FF7648652,1,0
B562D63C7817,2,0
B565CBCD43E6,0,0
B567AD10DA07,1,0
B567E3C423FC,0,1
B57CD09825BE,0,0
B5868ECDF875,0,1
B5881296C4D9,0,1
B59382C26036,0,1
B59796948DC5,2,0
B59B6731525B,0,0
B5A5CFDCE29E,0,1
B5A7C13D13B8,1,0
B5ADA3B3C0CE,0,1
B5AFFE1A4431,0,1
B5B008D3B5FD,0,1
B5BE21756CF7,2,0
B5BEC55A9305,1,0
B5C606F0A883,0,1
B5CA9C10711C,2,1
B5CBE846C3F7,2,0
B5CC94F03E06,2,1
B5CFB2339EF5,1,0
B5D7E9862FCA,2,0
B5DB0D021C61,1,1
B5DE5F7FFDCD,0,0
B5DF4C1B3866,0,1
B5E0ABA73D8B,0,1
B5E26D74877D,2,1
B5E9AB29F905,2,1
B5FF33681C22,0,1
B601B21F968F,2,0
B60638E77885,0,1
B608721A4DF0,1,1
B60965F6B17C,0,0
B60ADCB454D8,0,1
B60BD5B9D118,0,0
B60E0310BEBE,0,1
B6113C09A9DE,0,1
B61FF40EE999,0,1
B62124DB13F3,2,1
B62735D56CF8,0,1
B628FF1A07C6,2,0
B629EA259C90,1,0
B63EAF46C812,2,0
B6467F2220B6,0,0
B64898B85B89,0,0
B64E5519018D,2,0
B651AEF954C3,2,1
B65275183C2E,0,1
B65361F90B72,0,1
B655D031D13F,0,0
B659CCF9A5C5,0,0
B6666AE07D46,0,1
B66DBF47F3CE,1,0
B6754C50B4F0,0,1
B68615EF56EC,0,0
B68ED8EDBA5D,1,0
B6A680899085,0,0
B6A7E0AA3574,1,0
B6B1ADD3EC37,2,1
B6B28560FA92,2,0
B6B2D2FC8F3D,2,0
B6C0D82C6F85,0,1
B6C9D15965BC,0,0
B6D2D0599D30,0,0
B6D345D45CB9,0,1
B6D4400A3B06,0,0
B6DA78584387,0,1
B6E0685C4299,2,1
B6E9E12159E3,0,0
B6EFDEA59653,0,0
B6F03D0CEABE,2,0
B6F12A1662D4,2,1
B6F2EB10DE3C,2,1
B6F445EE304C,0,0
B6FA14E88F99,0,0
B700273E7D4B,0,0
B7075CD10BCC,0,1
B70A8CE779BB,0,1
B70CB72FC1BE,1,1
B71521CCA4F4,2,0
B71DB7CEB4A8,0,1
B724D11E09C5,0,1
B727B720430B,0,1
B72812E8C21F,2,1
B72A2DB34EE9,2,1
B72C8D543253,0,1
B731B6D15B45,1,1
B731FAF1A933,1,1
B736B35EC849,0,1
B73FE4F761D2,2,0
B74091BD48A1,0,1
B7468C4DD17C,1,1
B74852381DC0,2,1
B74EC94193F8,0,0
B7530756CE92,0,0
B75BF6FFD9A2,2,0
B75E90DC14B3,0,1
B765274CA182,1,0
B77CB9C82BCB,0,0
B7819FA33B21,2,1
B78A191477C9,1,0
B79635E19C40,1,1
B796909E583C,2,1
B79712C5818C,0,0
B799DAFE0950,0,1
B79DB58FFBA0,2,1
B7A015945756,2,1
B7A0347C68C3,0,1
B7A4F3D53DD6,1,1
B7AA9C26B8D5,0,0
B7ACED7ED339,0,0
B7B158E7E87B,1,1
B7B7115CD3A4,2,1
B7B88467EB00,2,0
B7B88E6FF395,0,1
B7BA180EB8FF,0,0
B7BC85276656,2,1
B7BD2B00214C,0,1
B7BD520BE938,0,1
B7BE5DC0C28C,1,1
B7C1ABD185A4,0,0
B7CB125E7BD5,1,0
B7CEDA3843F3,0,0
B7CEDD36D489,2,1
B7D68CD59B93,0,1
B7E89307EDCB,0,0
B7E98C5C578F,0,1
B7ECC3A7AD2B,0,1
B7EDCEA9137B,0,1
B801475483E7,2,1
B803E3E11DD0,0,0
B80D5859AC35,0,0
B8164EA79177,0,0
B81988A56B6A,0,0
B81A81BDA987,0,0
B81F8D4BF791,2,0
B8206613E7D9,0,1
B82896DAE7D6,1,1
B82D39FFC692,0,1
B8321F8B104D,0,0
B834D88C6D32,1,0
B83D6D54324F,2,0
B84EF55EE7F0,0,1
B8588FFF0828,2,0
B860C32986F9,0,1
B864F3DC71FC,0,0
B865F245D86B,0,1
B86D09F6A43A,2,1
B871AAD79344,1,0
B87B216EF2C4,2,0
B88301B4E6D7,2,0
B88543B512DE,0,0
B88A1ED73119,0,1
B89AF6677AE9,0,0
B89E39C1E436,2,0
B89F37555A14,0,1
B89FAB59B1B3,0,1
B8A2B64B089F,1,0
B8AB4C6E1F5A,1,1
B8BE5466E96B,1,0
B8C778C456FA,0,0
B8CA9E3E3100,1,0
B8CAE254E601,2,0
B8D044C6D5CB,0,0
B8D4D1B62526,2,0
B8E2173DE90F,2,1
B8E586DF8C64,2,1
B8E816DA2049,0,1
B8EA14D3E542,2,0
B8F20E4A2425,0,1
B8F95A683EEA,0,0
B8FB806ECDA3,0,0
B8FCB3C2CB97,0,1
B8FEB34C1378,0,1
B900AB9B5FEA,1,0
B91C344934D2,2,0
B922E85199CD,0,1
B932887DC40A,0,0
B932B6502E71,1,0
B934F3106FCB,0,1
B936994E140D,0,0
B939C9FDDAB0,0,0
B93AA2C15E8B,0,1
B94059412B2C,2,1
B947F9493FAF,1,1
B948C72229B3,2,0
B95153DCC67E,0,1
B95270A9AB79,2,0
B962DA47BC7B,2,0
B962DFFBD558,2,0
B9651FC740C7,0,1
B967FC913839,2,0
B9683F7A95FC,0,0
B980EA7222ED,0,1
B98606572CA3,1,0
B9871E7972A3,2,0
B98CEECCB8B7,1,1
B994BEE43F58,1,0
B996860E00A4,0,0
B9A542B2C36C,1,0
B9B22FD6C9EF,0,1
B9B653AD964E,0,1
B9B870FF9795,1,0
B9B8F5E753FB,0,0
B9BB6A0E2F04,1,1
B9CA103F2BF9,0,0
B9CFF7E63FD7,1,0
B9DABCFD687D,0,1
B9E4540497AA,0,0
B9FEF2CA826E,0,0
B9FFFA708444,0,0
BA007250F304,0,1
BA0DC6904621,1,1
BA18C6F80423,1,1
BA1D860F0A07,0,1
BA1E2A47DC1B,0,0
BA2508B83457,0,0
BA2C7291BBFA,2,1
BA2E03C7A8F4,1,1
BA30863CDECB,0,0
BA318BB2F60E,0,0
BA38004E2A10,0,0
BA3D6BB860C6,0,1
BA43E40FDC33,0,0
BA4563DB8F78,0,1
BA541CCAA2FF,0,0
BA545022DFCD,0,0
BA598CD4A9A0,2,1
BA5C438CC087,0,0
BA5F00503DBF,0,1
BA615AAC44E7,2,0
BA6A9F0E5306,0,0
BA6E16F7F861,0,0
BA7B34D01383,2,0
BA7D7280DF73,2,0
BA7DFD2DC895,2,0
BA84F715BB5F,0,0
BA85951767B0,1,0
BA8756AB310B,0,1
BA881F8A8909,2,1
BA930ABE4928,0,0
BAA1D7B94854,0,0
BAAE75D65C1D,0,0
BAAEFBE3AA34,0,0
BAB0E8E2AE82,0,1
BAB28ABA8ECE,0,1
BAB720EE1AC3,2,0
BABDE6C6C7B9,0,1
BAC0B3065401,1,1
BAC5264E2DCE,0,1
BAC9D8631137,1,0
BAD78C43D291,0,0
BAD8D71742D9,1,0
BADF7845CDA3,0,1
BAE5AB74C4F5,0,1
BAF3E4907368,0,1
BB009CEC8D8F,0,0
BB05AA24FF3E,2,1
BB08150E3DAC,0,0
BB207C714EBA,1,1
BB281953DF01,0,0
BB2AE006B7CF,0,0
BB33169642C3,2,0
BB3615AA4AF1,0,0
BB44EB96FFFF,1,0
BB485D0F7E4E,1,1
BB4A53A0A9E0,2,1
BB4B5D896E96,0,0
BB4CEF5C3899,0,0
BB5B7EE4A1A6,2,1
BB5E6A8A2420,0,1
BB63726A3E94,0,0
BB788EF59B9E,0,0
BB7BD96F1D9B,1,0
BB802192D44F,0,1
BB8064D7B327,0,0
BB86D8B194BD,0,1
BB888E19222B,1,1
BB8AADDCF097,0,0
BB8F93A2571E,2,0
BB92579586BF,0,0
BB9B2400BE18,1,0
BB9E9FAB601B,1,0
BB9EF9FA2F9B,0,0
BBB0C6DD06E5,1,0
BBB2C5E7B286,1,0
BBB54BC8F12C,0,0
BBBC74680147,0,0
BBC0E1AA58C9,1,1
BBC71057F9A5,1,0
BBDA39C84AF7,0,1
BBE5305DAE8E,0,1
BBE712F7271D,0,1
BBEE06BD484C,0,0
BBEF082C0C31,0,0
BBF72645C803,0,0
BC0703638937,1,0
BC0B8B8E499F,0,0
BC0D9F77A3DA,1,0
BC14D201CBF5,0,1
BC16D84D825F,2,0
BC17CDFA8BF7,0,1
BC1B132DB385,0,0
BC1EB41C5606,0,1
BC1F674402CA,0,0
BC2210868DF6,0,0
BC27CDCD1A45,0,1
BC2CAB7DB6F0,2,1
BC37046CC03C,0,0
BC3ABF1DE758,2,1
BC3BA3BD592F,0,1
BC40D61679A5,0,1
BC4CC859C08D,2,0
BC56873E3D8D,0,0
BC5897273E24,0,1
BC58A9389AF4,2,0
BC5B1BBADA5D,1,0
BC6C957D792F,2,0
BC6FA6976BC8,2,0
BC8ABD92AC4D,2,1
BC9BD45BDC0E,0,0
BC9EB6EF2B1D,0,0
BCA02BA3F766,0,1
BCA5C180FFD4,0,1
BCA9ED73877E,0,1
BCABCE4B902A,1,0
BCAE5B0783CF,1,1
BCB248D539C3,2,1
BCB7DF4F1620,1,1
BCB916A9A9F3,0,0
BCBD7D07903C,2,0
BCCF4B287AC6,0,0
BCEF4D5FF6AB,0,1
BCF1394768B1,0,1
BCF95C5F4A60,2,1
BD0A4A94AC7B,1,1
BD0D555216AB,0,1
BD0D7907E4D7,2,1
BD128A3C6F33,2,0
BD1B84C5FC0B,1,1
BD33192DA18E,0,0
BD4AD688DDDF,0,1
BD4B01D328B0,0,0
BD4BFB4E8C6B,0,0
BD5D43DD9B27,0,1
BD74DC599A26,1,1
BD7699966452,0,1
BD82629E71E2,0,0
BD889A4D831B,0,1
BD88FF0A458D,1,0
BD8D21AC238D,0,1
BD994514CE6C,0,1
BD9CEA31FE1A,2,1
BDA9F0CED1A1,0,0
BDB04C58DD28,0,0
BDC47D47817A,0,0
BDCAC1A891BE,0,0
BDCD981437BB,2,1
BDD19E45610D,0,1
BDD5D74671DD,0,1
BDD65CF27087,1,1
BDE08546F7EE,0,1
BDE41F0B5A4A,2,0
BDE777E6A89A,1,1
BDEEF1C21803,0,0
BDF7794E56BF,0,1
BE06AE84DE6F,1,1
BE0B394B4E9B,0,1
BE0FA97CA16D,2,0
BE126D453657,0,0
BE1367FA4958,0,0
BE1752DCF09C,0,1
BE1E07640466,2,0
BE243683124A,0,1
BE2EFAD9E4DF,0,1
BE3528E08156,0,1
BE3B47A38A44,2,1
BE3CDD3C096D,2,0
BE464F52C63D,0,1
BE467B258799,2,1
BE4764F7BFF1,0,1
BE491CB91FD3,2,0
BE4BF0AD2979,1,0
BE4E34FD45B6,0,1
BE5D3ADC4F2B,0,1
BE62C5534E8B,0,0
BE68B9E53CCB,2,1
BE694C1289EF,0,1
BE6A9A5A2824,0,0
BE6D18BAA3D1,1,1
BE803DB36DBC,2,0
BE80D73EC131,2,0
BEA1BEB4D331,0,0
BEA3DD78D206,0,1
BEA6B3D459CC,0,1
BEAC2B192D02,2,0
BEAD93DDDB69,1,1
BEB1900622E4,1,1
BEB9FA0DE942,0,0
BEBB6FC233B7,0,0
BEC46C36BC47,2,1
BEC88463148B,1,1
BECA96F21873,0,1
BECD43430921,0,0
BECFCA5BFABD,0,1
BED033B2C361,1,1
BED647C69EDF,0,1
BED7C30345A0,0,1
BEDC43C0FE6A,0,1
BEDEBC52CD1A,1,0
BEDFC81C8E66,0,1
BEE16EB0ACF4,2,0
BEE1B9179E2C,0,1
BEE6B76959CE,1,1
BEEC3F8E676F,0,1
BEEE3AC55C0E,1,0
BEF5E55E29CB,1,1
BF00A0DFDA72,2,1
BF01FFEF8CB3,0,1
BF0241C10324,2,1
BF040431FB95,0,1
BF0ADF374100,1,0
BF0D14D14F35,0,0
BF1212223916,0,1
BF17866F7014,0,0
BF205C369289,0,1
BF21FE121718,0,1
BF2E86982E3A,1,1
BF3A5AE6F0C1,2,1
BF3B2E113A65,0,1
BF3CC3305C55,2,0
BF4BD008BA9E,0,1
BF4D8E461594,1,0
BF5384FC042A,1,0
BF5E801B7FD6,0,0
BF619ADE9BF4,2,1
BF6463EA5A5F,0,1
BF6BB8DC9EF7,0,1
BF795A45BEA1,2,0
BF7C67E62F30,2,1
BF86BBE4C2E5,0,0
BF8863D1361B,2,1
BF8BD3F4C67E,0,1
BF950D449303,2,0
BF960F59D07C,2,1
BF9A3A65135E,0,0
BF9ACEA631D8,1,1
BF9D28CEA717,2,1
BFA04D3BB1B5,2,0
BFA9F9B90BFB,1,1
BFAE37AAB648,2,0
BFB78DA9AC86,0,1
BFBD47C22FB3,0,1
BFC1DA1CCD97,2,1
BFC824D7C408,2,1
BFD53A1B3342,0,1
BFDBB9112E6B,2,1
BFDFE5AA2F9E,0,0
BFEB164FF565,1,0
BFECB89ECF69,0,0
BFED2B049566,1,1
BFEDA9FE9F1E,2,0
BFF1386AFBE2,0,0
BFF614D2073D,0,0
BFF7296A29FE,2,0
BFF79DCB9336,1,0
BFF95BC69F64,0,1
BFFCCDE1E5DA,2,0
BFFDCA7C7E1E,0,1
BFFE97547241,1,1
C002A99091B1,2,0
C00C50C17BD3,0,0
C00E1BA4B107,0,0
C01B298F4F3C,0,1
C0240B58DB32,2,0
C024BE77795B,0,0
C0288C918431,2,1
C02A65E91884,0,0
C02B1D9A374B,0,0
C02D71CA884D,2,1
C02E687A4BB9,2,1
C0307836F819,2,1
C0355BDE9D90,2,0
C036251405AD,0,1
C03D9C272DBF,0,1
C03E6E1AF049,0,0
C044BD1DAC0E,2,1
C0459F75A8DB,1,0
C0493529C98A,0,1
C04A90A73B3D,0,1
C04E9948DEEA,2,1
C0542F9D82BC,0,0
C056C8CB9E33,1,0
C05809232F0E,2,1
C05D58286BB5,2,0
C0611756DF81,2,0
C0643251A96A,0,0
C068F7168129,2,1
C06AB6F566C8,2,0
C0795AD23ABF,0,0
C07B7A0A0AF1,0,1
C08191DD8DD1,1,1
C08F1994B248,2,1
C08FEF535E7F,1,1
C0971C7AC826,1,0
C0979831CC71,0,1
C098EB4FFE1B,0,1
C09F3A4EA902,0,1
C0AC393B1DC9,0,1
C0AF81E21678,0,1
C0B2450C6EFC,0,1
C0BA2FA545DC,2,1
C0BFC88C5F4E,1,1
C0D0428510D5,2,0
C0D04A96AC45,1,1
C0DF324B581F,0,1
C0E0348A72F9,0,1
C0E1F745436E,0,1
C0F9FAE946AE,2,0
C101F9CAA4A9,2,1
C10C76A6A14D,1,1
C1152A41E4C8,2,1
C11FE94DD6F3,0,0
C12807C8F8D5,2,0
C12F7FF27DE7,1,0
C1442695A931,0,0
C1528CD20761,1,1
C15EBA5345BC,1,1
C160AFBD9D19,0,0
C163D52B6F43,2,0
C18CFB62E375,0,0
C18D0CE31987,0,1
C18DA1185654,0,0
C19E458F78DC,0,1
C1A275127D98,0,1
C1A5212A7E96,0,0
C1A768FBBD12,2,0
C1B32D871830,0,1
C1B6590C0397,0,1
C1C86CB5DC8D,1,0
C1CC3C045CCB,0,0
C1D049335CC0,0,1
C1D9A969B6B6,1,0
C1DD8AC93D1B,2,0
C1E9FCAC406D,0,1
C1EAD0C50570,0,0
C1EF875519DC,2,1
C1F1332EAAE1,0,1
C1F37848EC02,0,1
C1F37D3BA776,2,0
C1F52F0473A1,0,0
C1FB4CA837E1,0,0
C209A215633C,0,0
C20B43E2E9AC,0,1
C20B49FBE2AF,0,1
C20C1032FA1C,0,0
C20E686DD676,0,0
C2108A76827F,0,0
C211C3467CCF,2,0
C2128DBEFC42,1,0
C213E7131A84,1,0
C21666E1F270,1,1
C21F5FA26FC7,0,0
C2228FF74DB5,1,1
C223B856BCEB,0,1
C22959B3262C,0,0
C22DBAED1081,0,1
C2324684827A,0,0
C23535D7A352,1,1
C23622128006,2,1
C236576483D8,1,1
C24AF93496CF,0,1
C25CA518A21F,0,0
C262CF549A63,0,1
C2636186175F,0,0
C266F2FBD7CC,1,1
C273E9F6D478,0,0
C2869BE88FBF,0,1
C287B9AB69D2,1,1
C28D558C3C2A,2,0
C290EA8C6F2D,0,1
C293D05076A0,2,1
C29A6FAADF82,0,0
C29C7F7833BC,1,1
C2A6C69714EC,2,1
C2A80F9E761A,2,1
C2ABDAC2BC2C,2,1
C2ACA7830C43,0,0
C2B40B0DCC34,1,0
C2BF4C553358,2,1
C2DD2FAC6EA4,2,0
C2E0FC6F097D,2,0
C2F236614921,2,1
C2F4EDC43D71,1,0
C3002BD0533E,0,1
C3172B144AA3,0,0
C318777ECE9F,1,0
C3194A4504F5,0,1
C31E318BE4C1,0,1
C32244E43789,0,0
C32636188882,0,1
C32CE391DC3A,0,1
C32DE5F18B26,1,0
C337C6CCC212,2,1
C352163DBB69,2,1
C358C5832938,0,0
C36483B37883,0,0
C374AC1D9119,0,1
C381020269C2,0,0
C38334385924,1,0
C38FAA6274B6,1,1
C39D32FD1F07,0,1
C39E40DFF3FF,0,1
C3A3146784DC,0,0
C3A369E86900,0,0
C3AE86A7A222,1,0
C3B085E2AE8E,0,1
C3B0C8C0F601,0,0
C3B3675F68FF,1,1
C3C13F0C0274,1,0
C3C2EA6B46EE,0,0
C3C456F2758F,2,0
C3D8E8E8B942,2,0
C3D986A84D93,0,1
C3E739D1FA5B,2,0
C3E8D00403D9,2,1
C3EEDCA21B42,2,0
C3EF250CD155,0,0
C3F0BCBEED7D,0,1
C3F618ABA73C,2,0
C4056209A48C,1,1
C40DB30CB7EB,2,0
C40F03045FD8,0,0
C4116C4965BB,0,0
C4118746172C,0,0
C414E9F1DAA6,2,1
C41D0819F2A1,1,1
C42060BAF235,2,1
C421DD678B5E,1,0
C424CD611304,2,1
C42978129AAC,0,1
C431BAD29891,0,1
C435A1D1C3D5,2,1
C43C4C50427E,2,1
C43F61E4FFAA,2,1
C440D9C8CE92,1,0
C441FBD9E199,0,1
C4454B801518,0,0
C44A40CDFF3A,2,0
C4579416ABE5,1,1
C4603C43D3A7,0,0
C46949E69D5A,1,0
C46D504BF8B4,2,1
C4700AD0EE9A,0,0
C478F0EDE7AC,0,1
C47F20E50D46,2,0
C48A770E3726,0,0
C48F269A6ED8,0,1
C490AAD18CB2,0,0
C493B582595E,0,0
C4A4762D911B,0,1
C4A926BBE4AF,0,1
C4A9AF8FF90B,0,1
C4AA67D8A012,0,0
C4ABCDD62307,2,0
C4ADC447BAD8,2,0
C4B59C0A3D14,2,0
C4BCD14367F4,1,1
C4C0C752CD48,0,1
C4C16DF2FE64,0,1
C4C7258F5EA8,1,0
C4CA01FFA237,2,1
C4CD645EFB13,0,1
C4D39AEFAA87,2,0
C4D76130FDD4,0,0
C4D7F37C6969,1,1
C4DFB24CF0DB,2,0
C4E2EF38E029,0,0
C4E366BF07A9,0,1
C4E882FAAD67,1,1
C4ED4217DA09,2,0
C4F760DBDD16,0,1
C4FC27B38A8F,2,0
C5021AF61E5F,0,1
C50CDD1C35B2,0,1
C50FFB4F03F6,0,1
C5113BD6EDBF,0,1
C5162A975732,2,1
C51752A9035C,2,1
C519FD18B620,0,0
C52FC7AEC11E,0,0
C532F3BAED7B,2,1
C533DB3CDCF5,2,0
C53440E341ED,0,1
C5382404A84B,0,1
C53E390ACF12,2,1
C53ECFCAD653,0,1
C541FA8BBFDB,0,1
C546087ABE6D,0,1
C54A9F8D32D5,0,1
C54D1303CA88,2,1
C54DFE18A444,1,0
C555B9B02440,0,1
C5565E4761B7,0,0
C5566100FDF2,0,0
C55E03052E48,2,0
C55E6125411D,0,0
C55E751BB583,1,1
C55EA5FFDB2D,1,0
C56C380A7CF3,0,1
C579A4D6151E,2,1
C57EBACC6802,1,1
C584DEDB2BAB,2,0
C58FBAA7598E,1,0
C594B85513B6,0,1
C59ED272B57C,0,0
C5A3278EB458,0,1
C5A56B482FAA,2,0
C5AA5B05E972,2,1
C5BAE31EFC62,0,0
C5C8126C1E65,2,0
C5CED4ACED85,0,0
C5D21B0E0FD6,0,1
C5D2BF4CA642,0,0
C5D42689EFA4,0,0
C5E15819B7D6,2,1
C5E72440FE13,1,0
C5EDEF3A8C35,2,1
C5EF5C407C10,2,0
C5EFBFA0F25E,0,0
C5F1272FF970,1,0
C5F5F1D83B63,2,0
C5F79FBC2A5F,0,1
C60689EE82FA,0,1
C616CFDBCA6A,0,0
C6171901DBA7,2,0
C621091FAE94,1,0
C6278E01D797,0,0
C6281A6521AB,2,0
C629F50CB2BE,0,0
C632BD2F7AAB,0,1
C63A4D0D395D,2,1
C646479A45F3,2,1
C647D6659C92,0,0
C65820493112,2,0
C6666C27A92A,1,1
C66B1884100A,2,0
C66BE7AC0796,2,0
C67A906CFBA9,1,0
C67DED3264EC,0,1
C683CDE5D712,2,0
C68590C2792E,0,1
C68A69F99946,1,0
C69853525118,2,0
C6A6ABE9563A,0,0
C6A9C44FAD1C,0,0
C6B21B6E5767,0,1
C6BB30D4C189,2,1
C6BF2843D7D0,2,0
C6C21C855774,1,1
C6C50AA537AF,0,1
C6C57367A0E9,0,0
C6CD02160C0D,2,1
C6CD19E2420F,2,0
C6D0943E61A7,2,0
C6E34B968553,0,1
C6E4BB599BEA,0,1
C6EF9DDBAA4C,1,1
C6F509A96B5B,0,0
C6F50F41B977,0,0
C6FC598DC4D1,0,0
C6FEDB129649,0,0
C70021F6FE17,0,0
C702182B24A5,2,0
C70E3EEED307,2,1
C70EF8435281,0,1
C712BBBA5BF5,2,0
C716B4A085B3,1,1
C71AC41CEDEA,1,0
C7334AC6BE82,0,1
C7373B980F7E,0,0
C73951E1672A,1,0
C73E5FD6E5ED,2,1
C743CBC9C988,0,1
C74CFA4E78D4,0,0
C74D540B715B,0,0
C7535D12B057,2,0
C75471F5ED96,2,0
C755C1F6B4A7,2,1
C75687356FFE,1,0
C758F58834AD,0,1
C75AC8417907,0,1
C75B9C4FFEAD,0,0
C762A53BA0E5,0,1
C764B1469FEE,0,1
C77A4B0D6FF1,0,0
C7868A739937,2,1
C78D5D70A58F,1,0
C794A9BE171F,0,1
C79B9A5B5D13,0,0
C79DB872B022,0,1
C7A018905E52,0,0
C7A8E7FB21EE,0,0
C7B95C4C7D3F,1,1
C7BD62EA392F,0,1
C7BFC84A7A01,0,1
C7C25AB56695,0,0
C7C8290B69FD,0,1
C7CEFE3F256D,2,1
C7DA04746915,1,0
C7ECAA52573D,0,1
C7F89A199353,2,1
C7F9CF7196EC,0,1
C7FDBAE38C0C,0,1
C802F00716E0,2,0
C80312F1821A,0,1
C8080378BD24,1,1
C80F42A2B53B,2,1
C816339C4D91,2,1
C818ACA9DB76,1,0
C81F05802F6C,0,0
C822187BF7E4,0,0
C82BB4F87265,0,0
C834107D49D3,0,1
C8352C0FAADE,0,0
C8359CAD745F,0,0
C83A7FABBD07,2,1
C83EB6623D24,2,1
C848C44E3004,0,1
C848E72F7CE0,0,0
C85220A1938A,0,1
C85BA77FBF86,2,1
C85EFB28D2F6,0,0
C86149D0B9FD,0,1
C862AF5812E2,0,0
C865637A034A,0,0
C86A3BBC881C,0,0
C87164C940D0,1,1
C87505F8CC28,2,0
C879A485810D,2,0
C87A23D05F39,2,1
C88300C2CA72,0,1
C88B4EAD8DE4,2,0
C89B8FFD5DAE,2,1
C8ABD5217114,0,1
C8AEF0F632C0,0,1
C8B5F5F1F6DC,0,0
C8BDD6A253D2,1,1
C8BF047C67E6,0,1
C8C168A9F3CC,0,0
C8C6FF614971,1,0
C8C708EC29F7,0,0
C8D236725B26,1,1
C8D3EB90EB29,2,0
C8E30EE22644,0,1
C8E9D6F3C80A,0,1
C8EBB096262B,2,1
C8EF7048C03F,0,0
C8F035B467A7,0,0
C8F0F3C12D4A,2,1
C8F152D4D8CB,1,0
C8F378A4AC05,0,0
C8FB2508978A,0,1
C9025EF47F8F,0,0
C90418EBE934,2,0
C904BF74BED7,2,1
C906B982A3F6,0,1
C9083A6A4955,2,0
C91AE52A385C,2,0
C9297C1BF9C8,1,1
C9313379E449,0,0
C93D4A5EA7F2,2,0
C9408D6689CF,0,0
C9418C26839F,1,0
C944AAD86BA6,0,1
C9476E86A834,2,0
C94A37408A7E,0,0
C94AC952D287,0,0
C94CAA3F0326,2,0
C955208BEEC3,0,1
C95E8958D4A0,0,0
C96084A18640,1,0
C9771D45787A,1,1
C977338F6A53,2,1
C97AF423A6AA,0,1
C97DFE0AC3C4,0,1
C97FB0BE063C,0,1
C9896C21A7AB,0,0
C98FE6669AA6,1,0
C9966CF28678,1,0
C99AB6D2F57D,2,1
C99AE311CB7B,0,1
C9A1E85BF75F,2,0
C9B06B12D9F8,1,0
C9B1476CF832,0,0
C9B1827498E4,1,1
C9BA274FDEBC,0,1
C9C61B8A1FEC,0,1
C9CB05ABAE95,0,1
C9CCBA64CAC7,0,0
C9CEB2109C27,0,1
C9D65FBBED8A,0,1
C9DCBE24604E,2,0
C9DD23612CF3,0,1
C9DD4EB1184B,0,0
C9EB6EB6551D,0,0
C9F082EEAFED,2,0
C9F2A45330E1,0,0
C9F4BEBB3C8A,1,1
CA04119154FF,0,0
CA085FEC0E7F,2,0
CA0C21200F78,2,1
CA0D04C09E69,2,0
CA0FB6DB7B80,1,1
CA12A5A210FF,0,0
CA14AD55CFF2,1,1
CA290993DFBA,0,1
CA2987A57568,2,0
CA2C46AF6ADA,1,0
CA3937072A24,0,1
CA3BC65D287E,2,1
CA3D7372D7A1,2,0
CA488B39385B,1,0
CA4E39042770,0,0
CA4E67209D3C,0,0
CA582B3F191F,0,1
CA59BF7649BE,1,0
CA5F9BF59047,0,0
CA61EF11F94F,2,1
CA62122BB195,1,1
CA79F1AAB238,2,1
CA8A4FFB3340,2,0
CA92495BE92E,2,1
CA94E604C5A7,0,0
CAA042CADA38,0,1
CAA05AE141EC,0,1
CAB0789D6C0B,1,0
CAB3B0C8A35A,0,0
CAB6B814A374,0,0
CABB5AA3A94C,0,1
CAC29E888AC2,2,1
CAC42EC32F44,2,0
CAC4E6021973,2,0
CACCC14E28CA,2,0
CAD0AF209830,1,0
CAD0D30AED49,2,1
CAD24215C906,0,1
CAD4163FACC6,2,0
CAE7D71D66A3,2,0
CAFA42F8876C,0,1
CAFEA3C5D3D2,0,1
CB00405C862D,2,0
CB02DCCE6F0C,1,1
CB0BF6DDF9B7,0,0
CB1E8FFD4CB4,0,1
CB1FC8879E6C,0,1
CB2940550B0B,2,0
CB31D19D0197,0,1
CB3749354CBE,0,0
CB5B26848843,0,0
CB601F313149,0,0
CB648246281B,0,1
CB66B685DAF6,0,1
CB7BC04EF923,1,0
CB85284D9023,0,0
CB8B86AD7823,0,1
CB8C066F9865,2,1
CB8D9DD083FC,1,0
CB97EA7E4FB7,2,1
CB9B610D53B9,0,1
CBA9043182C5,1,0
CBACC9B7B6A3,0,0
CBB4595ECAB7,0,1
CBB4FB668826,2,1
CBB78E310747,1,1
CBC0F741B812,1,1
CBC37734DC80,0,1
CBC6BC024F61,2,1
CBCA3CFF320B,0,1
CBCD5EF05F0F,0,1
CBD00586CABD,0,1
CBD364987E2D,0,0
CBDAC6EED622,2,1
CBF37BFEBF8F,0,0
CBF4EA907772,1,0
CBF57C499977,0,0
CBF7A08C8352,0,0
CBFBF31128DC,1,1
CBFDC3A0F573,0,1
CC059B14457A,0,0
CC06612E842A,2,0
CC067F0DC876,1,0
CC0AC8356D9E,0,1
CC149CD4B584,0,1
CC1A3887E593,0,0
CC207E107BB9,2,1
CC23A03E8F99,2,1
CC2697CF981F,2,1
CC27DF7CB308,0,1
CC2EAAA8FA84,0,1
CC2FAE6B5135,0,0
CC38587E9634,1,0
CC3E52BD8711,0,1
CC414865C2A4,1,0
CC41AE0A268E,1,0
CC4307140FF8,0,1
CC44D32FF288,1,1
CC48A051FAC9,2,0
CC4A42F9E5A1,0,0
CC4B93E84451,0,1
CC50C8238771,0,1
CC5CB298AF94,0,0
CC68BA9DCB2F,0,0
CC7F0C052EBC,0,1
CC859523C0FE,0,1
CC8C5C963660,1,1
CC9290DC336A,0,1
CC92F24A2B5D,2,1
CC93F09080FF,2,1
CC9D461148DD,1,0
CC9DB5A93782,2,1
CCA7A1220DA0,2,1
CCAB0FEFDD57,0,1
CCB089BF4CBB,0,1
CCB48976ED97,2,1
CCB499F8A658,1,1
CCB5654799E0,0,0
CCC18C6C74FD,0,0
CCD18F76562C,2,0
CCD66CF93741,1,1
CCE09F209A52,2,1
CCF236C2E533,1,1
CCFC07FF5EAF,0,1
CD0BFAC0335E,0,0
CD0C46A0B2E6,2,0
CD0D6C6F1CA5,2,0
CD0E358CA76C,2,0
CD166FD9EFA6,0,0
CD1B4AE39682,0,1
CD1E5F827178,0,1
CD2D05D53579,0,1
CD2F2FAFD908,0,1
CD3621334165,2,0
CD53BFFA5474,2,1
CD560904AA43,0,0
CD586C88F4F3,0,0
CD7186F8F046,2,1
CD7860A8F65C,0,1
CD7CD8E7FD01,2,1
CD80ECE3B0B9,0,1
CD86F7930D58,0,1
CD954674E1A6,0,0
CDAE662C4C8F,0,1
CDBC48E5C0CE,1,1
CDBE82430B57,0,0
CDC9899690AE,1,1
CDD50E22791C,2,0
CDD6D1B45E9F,0,0
CDDA29D40933,2,1
CDDBB110BFDE,2,1
CDE03944D26E,0,0
CDE3CED1BF53,0,1
CDE59500111A,0,1
CDEA9FC4A2C1,2,0
CDEC57E94C93,0,1
CDEDC1098F6F,0,1
CDF1BA18E83D,2,0
CDF2746198CB,0,1
CDF386816566,1,0
CE04D4F7AFFA,2,1
CE0E51D39469,1,1
CE15E101E5F4,2,1
CE17C1752FCF,2,0
CE2EC298670A,0,1
CE38BA1D5ECB,1,0
CE4390D4602A,1,0
CE464A23BF82,2,1
CE58704B8EB3,1,0
CE5D744B6D39,2,1
CE64FA08E4CF,0,0
CE6645D21A3C,0,1
CE7153D68C2C,0,1
CE71F3B528C0,2,1
CE7797E62422,2,1
CE7927383786,2,0
CE811414777B,1,1
CE8793AE1BE8,0,1
CE8949FA18F7,0,1
CE94B3F26D2F,2,1
CE94E0384C1E,0,1
CE96B36BFD62,0,1
CE97B1D61822,0,1
CE9CD7275C9F,1,1
CE9EB0366069,2,0
CEB3F5203744,0,1
CEB62725E8AC,0,0
CEBCD9972E27,2,1
CEBEA9F6E14A,0,1
CEC33A9DE0D1,1,0
CEC514057422,0,1
CEC54A466477,0,0
CED03E44340E,1,0
CED4ADA9A012,1,0
CEEFCBFE54E4,1,1
CEF2E641BA34,0,0
CEF302996231,0,1
CEF38B3F9C98,0,0
CEF5DF69B6C8,1,1
CEF8476956C8,2,1
CEF952C47189,0,0
CF0214901725,0,0
CF0311F24BF5,2,0
CF0869D8847B,0,1
CF17C124F4F5,1,1
CF1A749C4A9D,2,1
CF2138A08358,1,0
CF2400A27FF1,0,1
CF28BC9A342E,0,1
CF2D1F83542F,2,1
CF38E140E4E7,0,1
CF43485AE351,2,1
CF4C15E4C499,2,1
CF6ED3973EDC,0,0
CF6FE8034822,0,1
CF73E9CEBB0F,0,1
CF77CA304B48,0,1
CF794C60C928,0,0
CF84C9D788A9,1,1
CF8567D901BE,0,1
CF882151082B,0,0
CF89338D76B5,2,0
CF8CA7E3A69A,0,1
CF9059F3EC39,2,1
CF91CB6E66F6,2,0
CF96F5721A28,2,0
CF9FB3659686,0,0
CFA85271A07D,0,1
CFAF62184AB2,0,1
CFBCF638F69D,2,0
CFC8DF0444C4,1,1
CFCB45ABFDA6,0,1
CFDCEE813DF6,2,1
CFE773F1600B,0,1
CFE8C526400C,0,0
CFF4F33406B9,0,1
D000E7A255F9,0,0
D0013137BFDC,0,1
D0028C081AAE,0,1
D00460894B72,0,0
D004E26954B5,0,0
D0050F9D9621,0,0
D0079E60DFF1,0,1
D01060C5AE7D,0,1
D0131DAC0F63,1,0
D0179FB2F5C4,0,1
D01974AA2710,0,0
D022656B1A36,1,1
D0279F114F87,1,0
D02E77657183,0,1
D03DB4C370ED,0,0
D03FBD778280,0,0
D04C3774DA9D,2,0
D058B8D2DFF3,0,0
D058C7DB9BA0,0,0
D0647F201215,0,1
D06845D6FB0B,0,1
D06917E7E152,2,1
D070ABC49274,1,0
D0733E25A2C7,1,0
D087A8C24570,1,1
D08E02A84446,1,1
D08FD4520B2F,1,0
D0959D2F116B,2,1
D0A7DA572ED0,0,1
D0AAEE68941A,2,1
D0ACE61F9DB1,0,1
D0B9A46601E3,0,1
D0BE9AFCE9F3,0,0
D0C00F3D38E3,2,0
D0C6EB30D833,2,1
D0CE35FADE7A,2,0
D0CE7A343841,0,1
D0D8097D243C,0,1
D0D8311DFC48,0,1
D0DCC58B6C2B,0,0
D0EACBBBD862,2,1
D0EDA246FCA0,0,0
D0EEB2FA5D83,2,1
D0F1007406F5,0,1
D101D161CBBC,1,1
D102D36FB9F0,0,0
D11D5C84764E,2,0
D127164A73CF,0,0
D12739E3912D,0,0
D12A571CCFA4,2,0
D12A8B3D1C11,0,0
D1400AFDC972,0,0
D140D284B493,2,1
D148D41C5D42,0,0
D14F3F93CF54,0,1
D150E09CBC2E,0,1
D15265B4D1FC,1,1
D15873549B60,0,0
D16B647E363E,1,0
D16ED602B018,0,1
D1701A8EEF26,0,0
D1748C4CD7B4,2,0
D175BA8792E7,0,1
D17BD9575C96,2,1
D185087926CD,0,1
D18833F8CBC3,0,0
D198D8C43AD0,0,1
D1A866170CEA,0,0
D1AC5052EF9B,2,0
D1ACADAC5ED4,2,1
D1AF5CE5040E,2,1
D1B06A3C02B3,2,0
D1B0EE67209F,0,0
D1B30FD65680,0,1
D1B97265EAEF,1,1
D1B97A55865A,2,0
D1C46F162B11,1,0
D1C69AFBCE83,0,1
D1D2568C926F,1,1
D1D5A52C1B67,0,1
D1D8B04AF3A3,2,1
D1DBB999DB47,0,0
D1E077EED6E8,0,0
D1F17C0DED14,0,0
D1FBC3B9A8A4,2,1
D1FE2D751407,0,1
D20068BDE3F8,2,0
D20C40B1CBF3,0,0
D20DBFBCD4AC,0,1
D21485A091BA,0,0
D228AB564BF6,2,0
D231A669B482,0,1
D232361A935D,0,1
D234B31FC8C0,2,1
D240A8375BC2,2,1
D242BBCBEAFB,1,0
D24506D93F4A,0,1
D24777F39289,2,1
D248655EAA45,1,0
D24996A97544,2,1
D252A6E968AB,2,0
D25329DB4268,1,0
D253E3A5BAE1,0,0
D256A4B24F0B,0,0
D25B8D9F7D84,0,1
D25C3B9925E3,2,0
D2611A8CF082,0,1
D265C0C54BDC,1,1
D268BAAFD698,0,1
D26946892067,2,0
D26BF2CC24E2,0,1
D26C9B0368D0,0,1
D26D8E38326A,0,0
D27006254575,2,0
D2723B90EEC1,1,0
D282E21C2DB1,2,0
D284AB2165C8,1,0
D2851DC6AF41,0,1
D287C855A18A,2,1
D28B89FAFE9E,1,1
D291519003C4,1,0
D2918EDA94E9,0,1
D2946A413E6C,2,1
D29E70FBCEC1,2,0
D2A1577EB7A8,2,1
D2A1B5672C12,2,1
D2A4C59D44E0,0,0
D2B408505884,1,0
D2B5ED1BA62F,0,1
D2BADE5A3DEF,0,0
D2BD6E5B0D1F,0,0
D2D4AD42B2E1,2,0
D2DB6F31B6D2,2,0
D2E8E5A1DE86,0,0
D2F5E24CEEAA,2,1
D2F9E8A1C2B4,0,0
D2FE8D69BCB0,2,1
D30490AE8641,0,1
D30614F0911F,0,1
D3068B0EFF17,2,1
D308EE83481B,2,0
D30AC446FAC6,2,1
D31481D3B465,2,0
D3287589C77C,1,1
D32FE4646A6A,2,1
D336CB3A69F1,1,1
D337DC4042D2,1,1
D33821E5CC1D,0,1
D33AE08C2BEC,0,0
D343F253FDE8,2,1
D344430F21DA,0,1
D34504244EBD,0,1
D34CD90863C2,2,0
D34DFB9BF717,0,0
D35AE4A7CE83,0,1
D35C1DDA7658,2,1
D363B047F99B,1,1
D370F48E3AD1,0,0
D37343CEA1EE,0,0
D37412D51517,1,1
D376C98ABBDB,1,1
D37E97BD69F4,2,1
D381DBB598D3,0,0
D38424C495CE,0,0
D38815C5F013,0,0
D389558B10D3,1,1
D38A46B22248,0,0
D393F9AC577D,1,1
D395BD24262F,0,1
D396045E2CAA,0,0
D39ED738414F,0,0
D39FAAF86C31,0,1
D3AA884640DB,0,0
D3AFCB51AA40,2,1
D3BD101E28A4,0,0
D3C4B340AB3F,0,0
D3C9713AEDC1,0,1
D3CE9EE4C4D3,2,0
D3CFD3E68F27,2,0
D3E723651DF3,2,0
D3F48B4D2D6B,0,1
D3FBCDB08BB7,0,0
D401D3682261,0,0
D401F5D87E45,0,0
D4062D91EE44,2,1
D40A10C36B30,0,0
D412E07BF06B,0,1
D425C2472543,2,1
D4263CE94952,1,0
D42B6354404D,2,1
D42C8A38D141,2,1
D43178C538DF,0,1
D43D3A0AC4C0,0,1
D4442F757F02,0,1
D4494228C749,0,0
D44C2B3C1C9B,0,1
D450BF08BE17,2,1
D45516C802DF,0,0
D4620A5134E7,2,0
D463BB44024B,1,1
D46BCAFB46F3,1,0
D46BCB48440A,0,0
D47240EFB904,1,1
D48813812333,0,0
D4889CB1C62F,0,0
D4941258B87A,0,1
D496BF3A284F,2,1
D4988103ADF1,2,1
D49AD6F46BD1,0,1
D49E57AFD1D1,0,1
D4AA8EC389C6,2,1
D4BB02CCC116,0,1
D4BC716CE227,0,1
D4BFB840A534,0,1
D4C789D85451,2,0
D4CA3E411BC3,1,0
D4CF0DF858F1,2,0
D4D35DDC74EB,0,1
D4D701DA6FFD,0,0
D4E16401D341,0,0
D4E3104E7591,2,1
D4E76306D0E4,0,0
D4F0EA57652D,2,0
D4F10FF804FF,0,0
D4F39D3F81E0,2,1
D4F76E7BBE12,0,0
D4F826201416,2,1
D4FC7257FBA8,0,1
D4FF4B2AEFB4,1,1
D50BC91578B6,2,0
D514ED6A3665,1,0
D5164250EE9D,2,0
D51B0DF8AEEA,2,0
D51D6F5E3DE8,0,1
D52095AEF0B1,0,0
D5228994FD3C,1,1
D522A9399593,2,0
D5303AAD7E37,0,0
D5474D29854A,0,0
D54821935AA6,0,0
D549B7685CBB,2,0
D54F90711EA3,0,1
D55CA86551D8,0,1
D56252583678,2,0
D569BD3E20CD,0,1
D5724EDF0DBA,1,0
D5736E7D21F9,2,1
D5826C01FBF8,1,1
D5847B4B6935,0,1
D58980F5EC66,0,1
D58A10234F6A,2,0
D58DD07BC0D6,0,0
D59EDBD7F38F,1,0
D5A0A8C83A60,1,1
D5A20C71791D,0,1
D5A3F3F539A8,1,1
D5C7CD75E324,0,1
D5C8C29F17D8,1,1
D5D12DBE04B6,0,0
D5D689030CA2,0,0
D5D8E7DFCF5B,1,0
D5DCB665A2A2,2,0
D5E0305B4E90,0,0
D5E3716C5E49,0,0
D5E8832F37DE,2,1
D5EE6230B88E,0,1
D5EEF3A6DAC2,2,0
D5F0FC5E6E5E,2,1
D5F24E057CA2,0,0
D5F6593584F8,0,0
D5F7178E3FB1,0,0
D5FABAF8F84A,0,0
D5FC154349CA,1,1
D5FDDB4DFA82,2,1
D5FDDD8509F2,1,0
D6068FF1B29A,0,1
D6076F5278FD,0,0
D60F86CE307A,0,0
D6105DFE6379,2,0
D6205D9E6E20,0,1
D6278021E119,0,0
D628429A0645,0,0
D62BC508C6BB,0,0
D62C13D2615D,0,0
D637A78C881E,0,0
D63BA0463CD5,1,1
D6466B4502D5,0,1
D6491D0BAEE0,0,0
D65079331F17,2,1
D6561FF31782,2,1
D659F8B4298D,2,1
D65A9A78A23E,2,0
D6668C2DBD4D,0,0
D66B1B59778B,0,1
D66B89FC3757,0,1
D68085C15D3C,0,1
D6830CC770FF,0,1
D68F66581BF1,0,0
D69416DBA6F4,0,1
D69CDA890426,0,0
D69D38AB04FB,1,0
D6AA174A32AF,0,0
D6AED985BFA1,2,0
D6B4B647FC25,2,1
D6B7EE7B040D,2,1
D6BDA0F9F006,2,0
D6C06F4BC0DA,1,0
D6CD89424182,0,1
D6CF7CB72CAF,0,1
D6DA25B584B2,0,1
D6DAD8CE29A6,2,0
D6DE836BDF1E,0,1
D6E2AF2B1B54,1,0
D6E6CFF686BF,0,0
D6E6E835191D,0,1
D6E7A5034205,2,1
D6E91124E3C1,0,1
D6EBE6485EB1,0,1
D6ECCFEB0AEE,0,1
D6EF8C8D2542,0,0
D6F76B0E487F,2,1
D6FD06B5AAEA,1,0
D712B132C8DF,2,0
D7148D8FC7F7,0,1
D7240B7F063A,2,1
D72B8EA15C83,1,1
D72C6FB455A0,0,1
D72CB1C11673,0,0
D72D0386600A,1,1
D72FA02E59ED,0,0
D7301CAAFAB0,0,1
D733AD9B0C31,1,0
D735AC2E844F,2,0
D74117152CBC,0,0
D746FBC79FFA,1,1
D7497B662A49,0,0
D74D7731FEA0,0,0
D751FAE92161,2,1
D752DF2541DD,0,1
D762D09E389E,1,0
D76E6A1CA5CF,0,0
D7704124F319,0,0
D77B7635FF7F,2,0
D78579C10220,2,1
D7858B9A54CE,1,1
D786038182B6,0,0
D79A5C8FDE2C,2,0
D79B3C0646C0,2,1
D79E9FFDF3AC,0,0
D7A223203064,2,0
D7AC0CBF7742,2,1
D7B12358DBA3,2,1
D7B762CDB426,1,1
D7B78756EA51,2,0
D7B7922A821B,1,1
D7BED4F214F4,2,1
D7CBAFF010CA,2,1
D7D1BA7B733C,0,0
D7D4F8C7FDFD,1,1
D7D5B313943F,0,0
D7D66E258830,0,0
D7D69872016F,0,1
D7DA16DF1DFA,0,1
D7DB18D1807F,1,0
D7DD6B53B8B6,1,1
D7EFCB1D6BFC,1,0
D7F08906BCB3,0,1
D7FFBE6E0434,0,1
D800E94913B4,2,1
D81114D5646C,1,0
D81428AC9545,0,1
D819F9680753,0,0
D8284C3B2D2C,0,0
D830F531C366,1,0
D83490F6B0B5,0,0
D83B337EB709,1,1
D83B639CDF7F,0,1
D83F89166BD3,0,0
D8406ADB1493,0,0
D840AC3957E5,0,0
D8423F36D01A,0,1
D84271FC252A,2,1
D84CB197450F,0,1
D85638E450CC,0,1
D85BF31FDBB1,0,0
D866C80A55A4,2,1
D86E4D85A5B1,1,1
D8708AEA9667,0,0
D870D44CC2A9,2,0
D8728E6AF814,2,1
D8782A7B9509,0,0
D87E49D020B1,0,0
D88577FFCDB2,0,1
D887C3386299,2,1
D889C48DD497,0,1
D88A1D12032B,0,1
D88B4501DA8E,2,1
D88E55D44EAD,2,0
D891B1BFC6F6,0,1
D8934CA35801,0,0
D8A3DBAE8AAD,2,0
D8B1428C9C49,0,0
D8BDF61F6010,1,0
D8C149300D31,1,1
D8C3DD3A74F1,0,1
D8C47A7C4F39,1,0
D8D90E042134,0,1
D8DBF197A624,1,0
D8E16EEF6520,2,0
D8E4CB99DD3F,0,1
D8E8BBA9E966,0,0
D8EAAA9AB53B,2,0
D8F3781C0ADC,0,0
D8F89BE1861C,2,1
D8FA1F4C6D5C,0,0
D9051AACAC49,0,0
D90A159EDD27,0,1
D90FF71D0964,2,1
D91B2369C76D,0,0
D91DF55E351B,0,0
D91E1C57C0AD,0,1
D925E8553B9D,1,1
D9266AAB3A51,2,0
D92E4A5DAA55,1,0
D92E631AA886,0,0
D935E6EB5427,1,1
D93BADC352CF,0,0
D93DE5C411EA,0,0
D941EA296360,0,0
D94C5A4EBEDF,0,1
D94F579CFD16,0,1
D94F8C916402,0,0
D954D8B031D4,0,1
D955E21FF1A0,0,0
D95AD99A9225,0,1
D95D51EFCBB2,1,1
D95DB718C0A4,0,0
D95F9F5C8A98,0,0
D96822A98F32,1,0
D972C6918584,0,1
D97E47A63218,0,0
D97F2B893D8E,2,0
D98F3E1DE828,0,0
D9969B1F3A15,2,0
D99A7BF56928,0,1
D99A8FDB17D8,0,0
D9A9EEDB9D0C,0,1
D9AFEF8F5C41,2,1
D9B24103EA38,2,1
D9B2449945D1,2,1
D9B3809280F9,0,0
D9B9F1212FB0,0,0
D9BB6C11F6E3,2,0
D9C0995BC85E,0,0
D9C2561E3D3F,1,0
D9C7239183B8,1,1
D9C93D8604E1,0,1
D9C9F849DC3E,2,1
D9CB3A1C5A65,2,0
D9DD8E066439,0,0
D9EA6EA497D8,0,0
D9F140E187E0,0,0
D9F81CACE60B,1,1
D9F9E6C83C42,0,1
DA025E83C104,0,0
DA06C685218C,1,1
DA0FBE6F11C9,2,0
DA1108A0B880,2,0
DA1AAFBF0C33,0,1
DA1C7D2E4652,2,0
DA1EC7B04A89,2,1
DA228B928B61,0,0
DA256CE59165,0,0
DA2D885A25C8,0,0
DA2D92B73B67,0,0
DA41A7B07DF0,0,1
DA4CC3E793A7,0,1
DA6129048732,0,1
DA617DC7E4E9,0,0
DA645EE46524,1,0
DA67A738611E,2,1
DA6A5A5A67A0,0,1
DA6D07A177C7,0,0
DA723916BCC0,1,1
DA72D7D20441,0,0
DA757F0B202B,0,0
DA86BC9B9FB6,0,1
DA892A0397A7,0,1
DA8F8C0D6952,2,0
DA9250021F33,0,1
DA97EDCE0411,1,1
DAA1B0DC9448,1,1
DAA628E2227A,0,0
DAAA48575626,0,0
DAAB3F3226B7,2,0
DAAC37C0B251,0,0
DAACA620A21F,1,0
DAAE03562B58,0,0
DAB2DE52F977,1,1
DAB32DFD9F8E,2,0
DAC85E32DCED,2,1
DACAA57BB2DA,0,0
DACB465971AA,1,0
DACF12F21A7C,0,0
DAD962720BFA,0,1
DADE59A3F782,0,0
DAE3E4057810,0,0
DAF339DC4E48,1,1
DAF474E5E711,1,0
DAFE25154516,0,1
DAFF03EE1185,1,1
DB0A595A4723,0,0
DB0AAE4A906D,2,1
DB12BA4206B8,0,0
DB3A6CE1E72C,0,1
DB4120B86224,1,1
DB456BAE601B,2,0
DB4B78DAADCB,1,1
DB4B94FE666C,1,0
DB4FE19B8FDA,2,0
DB5226FDBAD9,2,0
DB52CF86239E,0,1
DB5EA842EE5C,1,0
DB61771326C9,0,0
DB62D47E5B0D,0,1
DB64557FFF45,0,1
DB7C2E4235B4,0,1
DB806AB245CC,0,1
DB82C7F35E09,0,0
DB8C242CD917,2,1
DB9838545463,0,1
DB9CAE4A0E72,2,1
DBA1BE0F3883,1,1
DBA34EE35681,0,1
DBA3D1D1D0B5,2,1
DBA5AB233A32,2,0
DBA70364DC32,0,0
DBB590C34361,0,1
DBB59F61A74B,2,0
DBB73F490F75,0,0
DBB86EAFC921,0,0
DBB8D193FF22,0,1
DBC53691CD0A,2,1
DBCDA37271B0,0,0
DBD25468A540,0,1
DBE03B6BEC7B,0,0
DBE16C234CF3,1,1
DBE4FF1CA803,0,1
DBE9780AB73D,2,0
DBEBB6A866B6,0,0
DBF35E9F40A2,2,0
DBFD15D537CA,0,1
DC00E095928F,0,1
DC011CC0196C,0,0
DC071D6F4B9B,1,0
DC0AA2B1EE04,1,0
DC0D4BED5690,1,0
DC1DF3697B5B,0,0
DC25CFE5EACC,0,1
DC2EE6A2F024,0,0
DC364EC72968,0,1
DC3B3B45F177,2,1
DC3FB660851C,0,1
DC430F1F553A,1,0
DC5B8E6C23E6,0,1
DC5BC55992EF,1,0
DC5BDFA3BFD6,2,1
DC5D57703D10,0,1
DC6181711B08,0,1
DC67C20F18B4,2,0
DC6B635B5ACC,0,1
DC6EDCFCFBC2,0,0
DC70105E6486,0,0
DC73C0D559C2,0,1
DC778C27E995,2,0
DC7A5FB980EB,1,1
DC8F1803CAA3,0,1
DC8FC7A75827,0,0
DC957F383300,0,1
DC98401E5435,2,0
DC99A891155A,0,1
DC9CBB208C6D,0,1
DC9CFB86974F,0,0
DC9E68A23D49,2,1
DCA37228E485,0,1
DCA75F07566D,1,0
DCA9EC57CDD9,1,1
DCABFA6AD5AE,2,1
DCC03D6E1A60,0,1
DCC5C3EDE4B4,2,1
DCC759FDB81B,2,0
DCCCC2D2E6F7,1,1
DCD55461ED69,0,1
DCE82F61BE10,0,0
DCE93861CC17,2,1
DCEFAC68750A,2,0
DCF69E80899A,0,1
DCF6CF405A9B,2,0
DCFBD4CF4251,0,1
DD0929BB46D0,0,0
DD0C4908118A,2,0
DD0F3E7B4DDE,0,1
DD16D942AAA6,0,1
DD1D41CC5388,2,1
DD1D7CBCEE67,1,0
DD259D664877,2,0
DD297FC6742E,0,0
DD2A3D3C8EFE,0,0
DD2E2344EE9A,0,1
DD344529E596,1,1
DD42D7A5641A,0,0
DD4452393C7E,0,1
DD474E5804C0,0,1
DD4953261FCD,0,0
DD5516A5BDD5,2,1
DD611D7D21FB,2,1
DD6238DB550D,2,1
DD637A4E40F2,2,1
DD66EBC605D1,2,1
DD718D458160,2,1
DD71BE46AFE9,0,0
DD769E98B1FF,0,1
DD77F2D94E3A,2,1
DD861E42F43C,0,1
DD8649A7235B,0,0
DD8F90D2A759,0,1
DD92629D4A50,2,1
DD95B403F95F,2,1
DDA8E22052DD,0,0
DDB424217004,1,1
DDB51D1B4A5F,0,0
DDBF7A73F765,0,1
DDC53C7B5B42,0,0
DDD1ECC1D35F,0,1
DDDA4C02DB34,0,0
DDE5F76CAE87,1,1
DDE62E929C6B,2,1
DDE64A8AE177,0,1
DDEECCE96A13,0,1
DDEF5E8CEDA0,1,1
DDF590722BF7,0,0
DDF611F84032,0,1
DDF94CF384FD,2,0
DDFD32F71277,1,0
DDFE32440B4E,2,1
DE04ED82B911,2,0
DE07BC43B1E5,0,1
DE0BE442F3F2,0,0
DE0F442888D2,0,1
DE11D98D685E,2,0
DE17AE0AFF7D,1,1
DE2892C0639D,0,0
DE2AEFF23011,1,0
DE2DAA2A9345,0,1
DE34EBAA18EE,0,1
DE3A8BE8C603,2,0
DE464738294E,0,0
DE499912068F,1,1
DE4A7CBFD4DF,0,0
DE51EAD12F36,0,1
DE5734279D92,0,1
DE6623432646,2,1
DE6896BD2E62,2,1
DE706AB4435F,0,1
DE717602BE6E,2,1
DE728DF42B4C,1,1
DE74EE90011B,2,1
DE762A22E874,2,0
DE7A974017E1,0,0
DE7F02980A1D,2,0
DE841BF24A2F,0,0
DE84ECE816A7,2,0
DE995A14B51D,2,1
DE9E2CC41A63,0,0
DEA0F85D7DB9,0,1
DEA8551BCE81,0,0
DEAF202F9EB2,1,1
DEB61D33E804,2,1
DEB6DD3E13D8,1,1
DEB6EF459B10,0,1
DEC0AE0BBCA6,0,0
DECDC46197E4,2,0
DECE5ADD8E41,0,1
DECECA25BCBD,0,0
DED1836E758C,0,1
DEDBA7A90125,0,0
DEDCFAD56126,0,0
DEDF5F03E30F,0,1
DEE347FC135C,2,0
DEEB40F3A79D,0,1
DEECF8A86136,1,1
DEFEAAC01F83,0,1
DF00A9FDE3D9,2,0
DF0E5C97D467,1,1
DF249BCF1B57,0,0
DF255BB19E6D,0,0
DF30561FC18B,0,0
DF3EA9FBAB8F,2,0
DF4094E2AFA0,2,1
DF4A18C70D2A,0,0
DF5281802CF1,2,1
DF564C30E155,1,0
DF5F5748EEF5,0,1
DF76BBCD85B1,0,1
DF7A8A771133,0,0
DF7CD9B3B988,0,0
DF7CE3C241CE,0,1
DF7E25AEB331,2,1
DF82E9233655,2,0
DF8386B85411,2,1
DF890FC7D48F,0,1
DF89D66120D2,0,1
DF8A499373F4,0,0
DF920E0A7337,0,1
DF944DD9C026,0,1
DF9580284892,2,0
DF9D7CEBFBF4,1,0
DFA350B72363,2,0
DFA37BC88FA6,2,1
DFB05A5E4FE7,0,1
DFB074E89515,1,0
DFB9E05148CD,2,1
DFBA34FFE11D,0,1
DFC217C4144E,2,0
DFCE04EE5E11,0,1
DFCF2A3BE972,2,1
DFD2C3047A7F,0,1
DFD700856850,0,0
DFE2FC3897AF,2,1
DFE6D4DFE88D,0,1
DFE72C747B5B,1,1
DFEAEC512BAB,0,0
DFF09E77A730,0,1
DFF9D6FA7A8A,0,0
E018497ED277,2,1
E024277769DE,2,1
E03004D2EC0E,0,0
E0326A44EAA7,1,0
E032A417EBD1,2,1
E03ABEC27E0E,2,1
E04328029B5D,0,1
E04915C5EF0F,0,0
E0536CFB1530,0,0
E05800F81426,0,0
E05ACF2DFCB8,0,1
E05FAF430BBC,1,1
E060D90D6CB9,0,1
E0641441E7B6,0,0
E06A8C8B5666,0,0
E077B0E86DBE,2,1
E0797671B1B2,0,0
E079C8DE0D1E,0,1
E083167B7FA9,0,0
E088DABCADF1,1,0
E08A1ADE64C2,1,1
E099AB8BFFC5,0,1
E0A1D0E7B2FF,0,0
E0A4A5FB3C3D,0,0
E0A686C9DEFF,0,0
E0AB88923BA8,0,0
E0B1630FB93C,2,0
E0BBCFF37E53,2,0
E0BC31D75246,0,1
E0BC570E02EF,0,1
E0C2BC52DEC1,0,1
E0C638AF8B52,1,1
E0C65D8198DD,0,1
E0C7A011BEF5,0,0
E0C817E9566C,1,1
E0CAF5DAB8E3,0,0
E0E07A90CD79,1,1
E0E704BAA407,0,1
E0ED571AED2A,0,1
E0ED943EC5A7,0,0
E0F74B9F9C79,0,1
E0FEF743B354,0,0
E106B08D9BD5,2,1
E10A4D05618B,0,1
E10E42DFDA2B,0,1
E11028B183D4,0,1
E112AB5D1FCD,0,1
E117A2236FB2,0,1
E118DBC2FE54,2,0
E11931B2A6AC,0,1
E11AF042D7B5,0,0
E12450BAE343,0,1
E125061E7C8A,2,0
E125A0E0FD41,2,0
E14632E60C40,1,0
E1464913F4ED,2,0
E1571FAF496E,0,1
E157A46F6620,2,0
E15ECDD9A660,2,0
E16916B78B8F,1,1
E1706E7F68AC,0,0
E178F7288BEE,2,0
E188A496D70C,0,1
E1892DEBDF43,0,0
E193F743822B,1,0
E1A7CA8AAE69,2,1
E1AA4DD50FFE,1,1
E1AB05589049,2,0
E1ABD278E4CD,1,1
E1AE7FDD072F,0,1
E1B4C22E7785,2,0
E1BF1B0C6C08,2,1
E1C96D7A8110,1,1
E1D90A25415D,0,0
E1DDD9115527,1,0
E1DF5A240860,0,0
E1EC4869981F,2,0
E1F8CC751301,0,0
E2008A562703,1,0
E2051966C4BC,2,1
E20BA9FF8CD1,2,0
E214E42B939C,0,1
E215400764F3,2,1
E21F0A8C61AA,1,0
E221E2575DA8,2,0
E22D53ADC06A,0,1
E237F17B4C4E,2,1
E24220DC9CBC,0,1
E2424E02CF26,1,0
E243395D94C1,2,1
E24CB91289DE,0,0
E24F3C794B08,0,0
E24F801F1C4A,2,1
E26249CC6344,0,1
E26250112076,0,1
E2630767E36B,1,1
E263EB3FBC22,0,1
E2644EB8180E,0,0
E2669D67879F,0,0
E267774724A3,2,0
E267AD56BEDA,0,0
E272662CDFFC,0,0
E286AD066204,2,0
E29BB3036F42,2,0
E2ACE0A2F214,1,1
E2AF0F6F8B0C,2,1
E2B4BB363CCF,2,1
E2B7D2BC2163,1,0
E2BB0AA98EA5,1,1
E2C5E75AEB85,0,1
E2D4914989F4,0,1
E2D6958F6FC4,1,0
E2DB73B74268,0,1
E2E3B94DAE4C,2,0
E2E3F9182F8D,2,0
E2F4E68CFEAD,1,0
E2FCB022655C,2,1
E2FCF4124BCE,2,1
E30209138F4A,2,1
E3097287CBD1,1,1
E3098475BFE3,1,0
E316A7CADFAE,2,0
E317D1070D4F,0,1
E31E8081F587,0,1
E31EF8887AA4,0,0
E328DD28411B,1,1
E33ACC2CE4A9,2,1
E33D8FADD6BC,0,1
E3478C339A2B,1,1
E34D8F5E2493,1,0
E353EF820872,2,1
E3559D8E946B,1,0
E36518881D9B,0,1
E3668C4C4C0C,0,0
E3752B328709,0,0
E37DDD386B5B,2,0
E382BBC2D88E,0,1
E38F3F02957D,1,0
E390C09138FC,0,0
E392A61F0E02,0,0
E392F8BC3F93,0,1
E39559BF14F2,2,1
E3A0D17253B9,2,0
E3A2C937BE5C,0,1
E3A519D05CE5,0,1
E3AE96BD6370,0,0
E3B01D3EF8C1,0,1
E3B3792EFF86,0,1
E3B5F5E76B04,2,0
E3BA4F414829,2,0
E3C5F6B9EDB7,2,0
E3C9B6675588,2,0
E3D6D79EA71F,2,0
E3DB63C503FC,2,0
E3DD9FD8CB78,0,0
E3E283A204F4,2,0
E3E50332E6FD,2,0
E3E51C3F6E8B,1,1
E3EA6FB5390E,0,1
E3EC69F1DA50,0,1
E3EF725157D1,1,1
E3F1E3B08625,2,1
E3F7C506105F,0,0
E3F990437D0B,0,1
E3FC2388E2A5,0,1
E3FD686E3696,2,0
E3FF67C84443,0,0
E406678F52D8,0,0
E40C8427B410,0,0
E40FC88896CF,1,1
E40FCCD0202A,2,0
E41069F5273A,1,0
E4196C7BE2AF,1,1
E429FF2A24BC,0,0
E42D72563951,2,1
E4303F5DA72C,0,0
E4306421A388,1,1
E44060CBDCF8,0,0
E4446EFE0F8C,0,0
E44539A0116C,1,0
E459422C794C,2,0
E4596B010B9B,0,0
E45E61408FF5,0,0
E45E9DC77BF4,1,0
E46C52182D66,0,0
E46E59D6FAAC,0,1
E46EFDB1A301,0,0
E47334837113,0,0
E475F06BDADC,2,0
E4773D5D6BEA,0,1
E490CC452ADD,1,1
E497A489CA82,0,1
E4994414BA5A,0,1
E49ACBC11993,0,1
E49E1BE24B54,0,1
E4A137196DDD,0,1
E4B7DF413601,0,1
E4BFE6EC3275,0,1
E4C696F6D35D,0,0
E4CE8E374B3A,2,0
E4CF900A6CB6,0,0
E4D4DBB54D4B,1,1
E4D780F0FCA4,0,0
E4DA68D2918E,0,1
E4DC7BF5147E,0,1
E4DD1F3429F8,0,1
E4DE4FCBFA63,0,0
E4E456EF2132,0,0
E4EDEE977D32,1,1
E4F262D098ED,0,0
E4F64D34C2F1,0,0
E4F8F96D1AC4,2,1
E4FACBE9AC22,0,1
E50212D4B912,2,1
E504081AA343,0,1
E50573E4631B,0,1
E506BA4555A6,0,1
E508BAFC3BF9,0,0
E511D6E99C4B,0,0
E51722919697,0,1
E5187E0B5C8D,2,1
E51A57766989,0,0
E51DC9CFC464,2,0
E520A6FF2F3A,0,1
E52E535C2CE1,0,0
E53B41F7A542,2,0
E53B5654C0E2,2,0
E53EBCEA33C3,0,0
E540DE3C35CB,2,1
E55640B069F5,0,1
E55967D94E2C,1,0
E55C5624FD0E,2,0
E5629850DA84,2,0
E566F0D20F98,0,1
E57694A9EED2,0,1
E589B660EDA4,2,0
E58AEB0A47B8,0,0
E58B1AE98FEA,0,0
E58C0FE24A2A,0,0
E592D7734E3B,0,0
E59C5ADE38D3,0,1
E59DD4FF67E8,0,1
E5ADCFEF9D75,1,0
E5B45EC8F365,1,1
E5B6F3AAA311,1,0
E5B77EA58C0B,2,1
E5B8D9D7C083,0,0
E5B8DBD2D1CB,0,1
E5BC699A64C5,0,1
E5C0ED4A75D1,1,1
E5C38CD92E3C,0,0
E5C524E8ECB8,0,0
E5D3ABECD53B,2,1
E5DD1BEF699E,0,0
E5DD5064713A,0,0
E5DFA12B816A,0,1
E5E2A3899DA2,0,1
E5ED252A0C48,0,1
E5EF52219F63,2,0
E5F259FAF619,0,0
E5F378BE5F7C,2,1
E6011A7CB10F,0,0
E60257F8B334,0,1
E60EAA95E3F1,0,1
E6189612100C,2,0
E620272D484D,0,0
E62935191079,0,1
E62F91C1062A,2,1
E6337FDAD05A,1,1
E63713BC8E38,0,1
E63821C43C7A,0,0
E638A1E0C45F,1,1
E63B119399A4,0,1
E640BAE6092D,1,0
E64E850E6E71,0,1
E64FA9375E9C,2,0
E651190656B1,2,0
E656F77A6F59,2,1
E659800B906C,0,0
E661EBA39ADC,1,1
E676BEF17B80,0,0
E67907CD1C06,2,1
E67BBFA8F72F,0,0
E680D448BBA4,1,0
E68CDA395B2D,0,0
E6A0EF9688EE,2,1
E6B86BBB86AA,2,0
E6B964D51793,0,0
E6B9A294B454,2,1
E6BF8D197E0D,2,1
E6D105874F5D,0,1
E6D61167AFFC,2,0
E6DDB05EB921,2,0
E6DEF83C2A61,2,1
E6E7692E6D92,2,0
E6F9F8CDF64A,1,1
E700839A6803,0,1
E7080B254922,2,0
E70FDC4A9010,0,1
E71015CFD95C,0,0
E7111F690B98,0,0
E71176878741,0,1
E7140F0919C3,0,1
E717BA8DAB1B,0,0
E71AD2CBA08E,0,0
E726C5DDAD9F,2,1
E7296D97815C,0,1
E72EAE4B0792,2,0
E730E967537C,0,1
E73557CE9161,0,1
E74E4865B395,0,1
E74F2616693B,0,1
E758B77AC952,0,0
E76389FF2E2B,0,1
E764AE42E050,2,0
E76B5F4C93C4,0,0
E76E617CBAA9,2,0
E76FD3AB8750,0,1
E7721A3B1C9D,0,0
E773A6161A52,1,0
E7741CA1BDC2,0,0
E774D4694AFA,2,0
E774EAC59A72,0,1
E792CBEB06C5,0,0
E797D7F9B452,2,1
E7988483480F,2,0
E79BEA9BFC6E,0,1
E7AF1FC5DBB1,0,0
E7B411F1D446,0,1
E7C552A90707,2,0
E7C973BC4FDA,0,0
E7CB6A91A381,0,0
E7CBE8FEFCDF,0,0
E7D7A233ED11,0,1
E7DA3EBD8366,0,1
E7E7F9BA0F30,2,1
E7E8F2F6314B,2,0
E7F8EFED6469,0,1
E7F9A77683D2,0,1
E8027B1E86C2,0,0
E803918F35BC,2,1
E808AD021E0C,0,1
E80959E551E1,2,0
E81A28C40FF5,2,0
E81B50098AAC,0,1
E82267D7C2FB,1,1
E8247E1BBF06,1,0
E827A459B025,2,1
E82B39E10E69,0,1
E82F173F9C67,2,0
E8310EE7808E,0,1
E8312870BC60,0,0
E83B8BD5D5A4,0,1
E83BB12A2F88,2,1
E83BEEE4EF18,1,0
E83EAE114F13,2,1
E84A634F67DC,0,1
E84AB4FFA81C,0,1
E84B37C0DC10,2,0
E84E56E90C78,1,0
E852725A7D4A,0,1
E8554E8D2925,0,1
E85C45D90D1D,2,1
E85D576C9EA2,1,1
E85D65895039,1,0
E864A028109F,0,0
E86DE76F68EF,0,0
E877D5AD16DA,0,0
E879F32DA754,0,1
E87EA7CD7578,0,0
E880AE12B9AA,0,0
E881D51A63E0,0,0
E88B3A355149,1,1
E89C454FDDCB,1,0
E8A04869CFD0,0,0
E8B1304AFD9D,0,0
E8B7708CFA87,0,0
E8BB10123BFE,1,0
E8BF036DCFA5,0,0
E8C3CD780A55,0,0
E8CA56DE95A2,2,0
E8D3A695C074,2,1
E8D7B5F63B11,1,0
E8DB38E62A2A,2,1
E8DD372E679E,1,0
E8E27F3D811B,2,0
E8FB293C0D4F,1,1
E8FF0D2483FE,2,0
E9012D606564,1,0
E9026A3D93B7,0,0
E9041778B163,1,0
E9141ABADBD4,2,0
E9179F8981D6,2,1
E91ACFD30D10,0,1
E9245097F146,0,1
E92E7BAEF0BE,0,0
E9363204BCEF,2,1
E939E9FE8D2C,0,1
E940448E4323,0,1
E949DAF7C54B,2,1
E94D9F90C2DE,2,1
E9572AFBB5A5,2,0
E95AA3E3AC4B,1,0
E95B8AE3FB44,0,1
E96117D22492,0,0
E9621B1CE4F0,2,1
E968C7C1A689,2,0
E96C2AD465F8,1,1
E9739967700C,0,1
E974D272C14E,2,1
E97556BF38C0,1,0
E97A5C116E30,2,0
E97D16349835,1,0
E98F49492C8B,0,0
E99200305F7B,0,0
E9A10ABAF3B6,2,0
E9A8AA566985,2,0
E9C1EC2403E8,2,1
E9CCA2E31DCB,0,1
E9D4A272DDAE,2,0
E9E6AC0ABFB1,0,0
E9E9AEC9100C,0,0
E9F914C7849F,0,1
EA03135D3C88,2,1
EA04020F5ECD,0,1
EA054F4D6041,1,1
EA195C29ACB1,0,1
EA1B8288F9F4,0,0
EA2AF2EF79D7,0,0
EA2B5EB1DFDA,0,1
EA317CE76E48,0,1
EA31BBD77334,2,0
EA3B2BC17E2A,0,0
EA441360E42C,0,1
EA493ECF9F3B,0,1
EA4A41CF477E,2,1
EA4E4199A90F,2,0
EA5067362719,0,0
EA532C0ED925,1,0
EA57C6750829,2,1
EA5BFD706570,2,1
EA66CD458EE1,0,0
EA6A616C5990,1,0
EA7403CC3053,0,1
EA799C43B004,2,0
EA7CFD7E6789,2,0
EA7DF5E3AE3D,0,1
EA9AFF6762A7,0,0
EA9C3C6FCDE2,0,0
EA9E0708DE17,0,1
EAAF750723A4,0,0
EAB40015735D,1,1
EAC03FA78D0C,0,1
EAC2A13BE93C,0,0
EAC3596461E7,0,1
EACE18447D2D,0,0
EACEDA8DD189,0,1
EAD0F017B5D4,2,0
EAD34355445F,0,1
EAD3F5B3AE77,0,0
EAD7F1F02A93,0,0
EAE3A1E3B396,0,1
EAE8AB55E9B1,0,1
EAEC2EA52BEC,0,1
EAF09825C7C6,0,1
EAF1A1E138E8,0,1
EAF72F67654F,0,0
EAFA7F1C0627,0,0
EAFFC084F3D3,2,1
EB05DCA04676,0,0
EB063AA76EB8,0,0
EB13EC9C3AB5,2,1
EB1500B8EA75,0,1
EB1A6A5DDC55,0,1
EB1B056DA1D7,2,0
EB1CBB0FFEAF,0,0
EB1E061F404D,0,0
EB2729A98E7B,0,1
EB274FBC904F,0,0
EB28D5B91DCC,1,1
EB29E13CF6D7,1,1
EB2A9662967E,0,1
EB2FC5321E67,0,0
EB32D8CAEC88,2,0
EB39727D0F7B,2,1
EB3C0E8A3280,1,1
EB3D0704BCF0,0,1
EB49C042DB20,0,1
EB4AD7A46168,0,1
EB4FE2D03A6F,0,1
EB509BF4303C,1,1
EB593834E039,0,1
EB5A7CAAFFC6,0,1
EB5D6E0CD129,2,1
EB6C2AF20BFE,0,1
EB71F370D655,2,0
EB78EABD33B0,2,1
EB793B72A8C4,0,1
EB819A2CF765,2,1
EB8D5B9798AE,2,0
EB94208AC8AF,2,0
EB9C5ADE320C,0,1
EBA1B05B6624,1,1
EBA2F18D9666,1,1
EBAA812BF6F7,0,0
EBAC7604E958,0,1
EBB5E199D177,2,1
EBBA36F7459C,2,1
EBBA6790B73B,0,1
EBC02425174E,1,1
EBC108B0E57E,0,1
EBC1A7DD8878,0,0
EBCDED6944ED,0,0
EBCF73C7921E,1,1
EBD07D2D103C,0,0
EBD98D754ECD,2,1
EBDA2869DB6D,2,0
EBDBA726D479,2,0
EBDDA261B802,0,1
EBE406D40544,1,1
EBEEC72062D9,0,1
EBF3EC9EA3B1,0,0
EBF9131A638F,0,1
EC025D0FFD23,2,0
EC0988E6BB43,0,1
EC0AD655AA20,0,1
EC0D097E498D,0,1
EC18719C3539,2,1
EC1A91C83C2A,0,1
EC1D25B7A42E,2,1
EC1FE04E8EE2,2,0
EC2147043BD8,1,0
EC2519262F03,2,1
EC2BF10403AF,2,1
EC347BE5ADE4,2,1
EC36C2737376,0,0
EC3D5F3383D0,2,0
EC42C3E828E7,1,0
EC488F9F8910,1,1
EC490F5D4DD8,0,0
EC4BB9A4E431,0,1
EC4BE8A6021C,0,0
EC576AA1C8C5,1,0
EC591630ED15,2,1
EC6DEED37814,2,1
EC6E2D618E20,0,0
EC719533AB43,1,0
EC740EDD6834,0,1
EC8040CEB1E1,2,0
EC94E187997D,0,0
EC9BB8FF0638,1,0
ECA4D673EC46,0,0
ECAD3D8FAB97,1,1
ECBA9E6AF61B,0,1
ECBCF0499AB0,0,1
ECBF33747F9F,0,1
ECC26616F6AB,0,0
ECD640058D57,0,1
ECD81C1A4F62,0,1
ECE0D33B9B85,0,1
ECE3D2BE037D,1,1
ECE6DB354262,0,0
ECE9818085EB,0,1
ECF265A73C7E,1,1
ECF63F6AB48E,0,0
ECFB72244DAB,0,0
ED0A8E614649,2,1
ED0C40B8C17A,2,0
ED166208A2EE,0,0
ED1EFE97C40F,2,0
ED201C3D1F84,0,1
ED2DBF2627BF,0,1
ED3DFE4AB197,0,1
ED4A8881B092,0,1
ED4AC32945B3,0,1
ED62619C520F,0,1
ED6A21874533,2,0
ED6E36CAFB74,2,0
ED74D2C2403B,0,1
ED830B1151E7,1,0
ED8B1FBCC956,0,0
ED8C3FA6FC82,2,0
ED91D9E8F1DF,1,1
ED939DCC05A8,0,0
ED977E586BC4,2,0
EDA3D66A8A28,0,1
EDACE717C302,2,1
EDAD8F6AE680,2,0
EDB7681BCFF5,0,0
EDBC0E9475DD,0,1
EDBD833C3A4E,0,0
EDBDDA26B49B,1,0
EDC27501821A,0,1
EDC567D40996,0,1
EDD3DA14F057,0,0
EDDFFD34DBD4,0,1
EDE56797770A,0,1
EDE659B4CB90,0,0
EDEA70DE2D47,1,1
EDF1C2B554B5,0,0
EDF528C06A8B,2,1
EDF68039869C,1,1
EDF7F5BCBD05,2,1
EE0947EB2C78,0,0
EE1078DB877C,0,0
EE153BA22CAB,0,0
EE1661BF8227,0,0
EE194115BAAF,0,0
EE19BA20AA8D,2,1
EE1BD54150CC,2,1
EE2B9B613BB2,0,1
EE2DBFDFBAFD,1,1
EE30FF826F46,1,1
EE3A09C24124,0,0
EE3BABC4649F,0,1
EE440E670405,1,0
EE48F303DC25,1,1
EE5022C8157C,2,0
EE54292AC2A8,0,1
EE580368CD1D,0,0
EE619355F724,0,1
EE6826C8E470,0,0
EE6DDAF8FD20,0,0
EE6FAC759013,2,1
EE7FBC14426F,0,0
EE8578BB0856,2,1
EE888799A911,0,0
EE90061719C2,1,0
EE92D5471D45,0,0
EE9F26C71FF6,2,1
EEAC91E3A3E5,0,1
EEB113169637,0,1
EEB58B11D40C,1,0
EEB704529BFC,1,0
EECAB3812EEF,1,0
EEDE0B05DE51,0,0
EEE3F17EAA22,2,1
EEF3247D69D0,0,1
EEF682310C01,0,0
EF0543C6FA6D,0,1
EF0AC8A124F0,2,1
EF160D7F80A4,0,0
EF1A6D00C3D1,0,1
EF1E56E86D9B,0,1
EF1F075952C8,0,0
EF23CA70CA1F,0,0
EF24A49892C3,1,1
EF29F6D4BBF7,1,1
EF2D45E53F40,2,1
EF3D0D368ED7,1,1
EF3DA4810AA5,0,0
EF3E760C17B5,0,0
EF478C3A8264,0,0
EF4951AAD772,2,1
EF506E2B5E66,0,0
EF5A8F9E551F,0,0
EF62C29BE292,0,0
EF7B40F9314A,0,0
EF7D7E91EB17,1,1
EF7D81F39A1D,1,0
EF835E27D5A3,2,1
EF87277FCDA0,2,1
EF88FF901CB5,1,0
EF8D535C76AE,0,1
EF907722A512,0,0
EF9677DEFA79,0,1
EF96F17720DA,2,1
EF9D79A33BE7,0,0
EFAD20A5F4A0,0,1
EFB0B1F14828,0,0
EFB0DDC8EA77,0,1
EFB47F372780,0,1
EFB9DEFA20F9,2,1
EFC6EC79D28D,0,0
EFCD0D6ECB46,0,0
EFD3322BBB77,0,1
EFDC396D9F7A,0,0
EFDCE6A9E77B,2,1
EFE31525B288,0,1
EFE6BB94073F,0,0
EFEFA4F6596E,0,1
EFF2F345EFA5,0,0
F009C17298B7,0,1
F00EE807FD5E,0,0
F01079641FE1,0,1
F0246A38BA8C,2,1
F027D353C3B1,2,0
F02917D47F5C,1,1
F02A6B0F9C92,0,1
F02A721B1221,0,0
F035784A0407,0,1
F03582FFA3AB,0,0
F038426B8B5A,2,1
F038D8A7DF32,2,1
F03B2CBA9BED,2,1
F03B8BB4539F,1,1
F04A513C2963,0,0
F04B2EFE5187,2,0
F056824CA285,2,0
F058680DCA46,2,0
F05B7A59CDD2,0,0
F05C1028E3E9,0,0
F05C641B8FF4,2,0
F05EB1468473,0,0
F06170F0184D,0,0
F0656070D527,0,1
F067C9A96732,0,1
F069420C6DB7,0,1
F0705A8B29DE,0,0
F07126BF97EB,1,1
F07E0FD0BFD5,2,1
F07E5C7663E4,2,0
F08130204554,0,1
F082049D272E,0,0
F0839E68FFC5,1,1
F08529DC8ACE,0,0
F08DE35EFE16,0,0
F09ACEC4850C,0,1
F0AA6B265B6F,2,1
F0AE4067D9AA,0,0
F0AE7B4CB71F,0,1
F0B058B80C0D,2,0
F0B1C389A815,1,0
F0B2E946A04C,2,1
F0B46DACB512,1,1
F0B7D3D08407,1,0
F0B85AFBC243,1,0
F0C2837665BF,0,0
F0C80155C06C,0,1
F0C98C6F006B,0,0
F0DBA31AF30C,0,1
F0DF7FC426DB,0,1
F0E65057011B,1,1
F0E76CC2EF7A,1,0
F10231811C61,2,0
F116BD09B7F6,0,0
F11D449380E6,0,1
F11E6745A8DA,0,0
F11F7F15AC08,0,0
F12B4BDEEED4,2,1
F14A078615E5,0,0
F1547BB65936,0,1
F16183F4AFA4,0,1
F163B4249C07,0,1
F170C1A461F7,0,1
F17279F65DCE,2,0
F173E4A2271E,0,1
F176A8CF72BB,2,1
F17A4EF296EB,0,0
F17D56052066,2,0
F18093A3093A,2,1
F18ABB1A8920,0,1
F18B05581BAA,0,1
F18C87AFC020,1,1
F1904C98076E,0,1
F195E0A7FB04,0,1
F1973E9DB4CF,0,0
F197689A74A7,0,1
F1982187FCC1,1,0
F19896E2D232,0,1
F19B178A98C7,1,0
F19C45212A59,1,0
F19F66A28B7E,0,1
F1A1CB2EB831,1,0
F1AA4130BE5F,0,1
F1AE8A4416AA,0,1
F1B388E9F65A,0,1
F1B408D44166,2,0
F1B5E79A298B,0,1
F1CEA8FBCBB3,0,1
F1D2BA3E0D47,0,0
F1D42413F451,0,1
F1D6EEE24467,1,1
F1D7C5E42757,1,1
F1E0CBCC1AE5,1,0
F1F3B4EA6FC4,2,1
F1FA12A05439,2,0
F2010012FD04,2,0
F206F1A6AB67,0,0
F2080B933EE4,0,1
F2081C903659,0,0
F2098CE98E10,0,1
F20C7D112B12,0,0
F20EB5901789,0,1
F20FACCF5373,1,1
F210BB512E24,0,1
F21A02C66DAB,0,0
F21ACF702D35,2,1
F21CBEE52702,2,0
F22418409600,0,1
F23669129C75,0,0
F239C36AE2AB,0,1
F23A47F745C2,0,0
F23D76828AF1,0,0
F240F0F6861E,2,1
F241492F8808,0,1
F245631F4D97,2,1
F24E35F969B0,1,0
F24FA9D60071,0,1
F2593ED19F12,0,0
F25BD0534126,0,1
F264D97DE408,0,1
F26E4B13C5FB,0,1
F270B76E605F,1,0
F2725AAFA685,2,1
F276902405C1,1,1
F279907DAE5B,2,0
F2799C0DBF24,1,0
F27E2DDE71F5,0,1
F284AE52B3E1,0,1
F29244150DCB,0,1
F2941764EE14,1,1
F29E589C11F2,0,1
F2A039D4E087,0,0
F2A2383962D7,0,1
F2A61FD0CF46,0,1
F2A6DF88AD73,2,0
F2ADCA41BC30,2,0
F2AF7AB56B7A,0,1
F2BAC6095D8A,0,0
F2BDB9DFFB57,0,1
F2C32E15FC7F,0,1
F2C57EEEF02C,2,1
F2CA9835E496,2,1
F2CD78FA54AD,2,0
F2D8E9CA2C3F,2,0
F2D9DA6E635A,2,1
F2DF6570D8C4,2,0
F2DFE12EA3B4,0,0
F2E12C08A78E,0,1
F2FA27A84BE6,0,1
F303574EF861,0,0
F30616F1C79B,2,1
F30B7DE35BBC,0,1
F30D8FEB1A0F,0,1
F30ED43E2E60,2,0
F3222AB6C1AD,0,1
F322355F51AE,2,0
F32618051327,0,0
F32665CC66E7,2,0
F32A0A41B697,1,1
F32A2BA3BEC6,1,0
F334AE3F8510,0,0
F33BC3C2DDF3,0,1
F345260A27F3,2,1
F3454E01E31C,2,0
F345A408922D,0,0
F3471BC447BD,0,1
F348A404E38B,1,1
F348B69F4341,0,1
F34EB2CD6789,0,1
F359B5C9762C,0,0
F359E262A14A,0,1
F35BE53F93D9,0,0
F362313AF4DE,0,1
F3645924B5B5,1,0
F368BBECCCD1,1,0
F36AF3EF5FA8,0,1
F36C5149D0E2,0,0
F374D9ED39F8,2,1
F377008A387D,0,1
F378D4CF4EC8,1,0
F37DA10C6552,2,1
F38249CB8435,0,1
F38B43CAEEEB,0,0
F393BAAAB876,0,1
F39A10D394F2,0,1
F3A197A8348C,0,1
F3A52106F794,0,0
F3A94AC4FD8E,2,0
F3ABEAC1432D,2,0
F3B161B692F9,1,0
F3B22F37C39E,0,1
F3C003AF7423,2,0
F3C678637DCE,2,1
F3CB6601CF24,0,1
F3CE7992E75E,0,1
F3D1C6C6C574,0,0
F3D6CFB60918,0,0
F3DC75A47A25,0,0
F3DCBC704B3C,0,1
F3DE9D926591,0,1
F3EE4E149F45,1,0
F3F07BA4DCC7,0,0
F3F134FA362D,0,0
F3FD0BC0028C,1,1
F4003A737E0A,0,0
F407D70D45AD,1,0
F4138C1AB360,0,0
F424BF3E3525,0,1
F4280C0353B0,0,0
F42CD95ADB88,0,0
F42FF5B7D208,2,0
F43203DF6001,0,0
F43B82E81D75,2,1
F43C812A0073,0,0
F44018D39BEF,0,1
F44662214D2B,0,0
F44F5DCB59E6,0,0
F44F8A3C3CDD,0,1
F45847241E48,1,0
F45A719EB22B,1,0
F45DA946AC14,0,0
F45F03EBB2CA,0,0
F463CF95C8EF,0,1
F4650B5DFF47,0,0
F4691334F828,2,1
F46B54DF7141,0,1
F47A4FDF687E,2,1
F486B5722EEB,0,1
F486FF9AED73,2,0
F492EFD91D3C,0,1
F4931416AC4C,2,0
F497B058DEB9,2,1
F49906416D5E,1,1
F49AB5F36E8F,1,0
F49FA5EFCF75,0,1
F4A23C97798B,0,0
F4A3B4B14952,2,1
F4A4E65ADD95,2,1
F4B17EF5C67E,2,1
F4B3B2CAB030,1,1
F4B7B78CB47D,2,1
F4B8EF210070,1,0
F4BC7E681EF9,0,0
F4C2261D0379,2,0
F4C26753B35F,0,0
F4DE4C7F2976,2,1
F4E463291051,0,0
F4E4C8EEF637,0,0
F4E9B4A968FA,1,0
F4EC42B28077,1,0
F4F623308FCF,0,0
F4F75FAEAFD6,0,1
F4FD84517F40,2,0
F506ED27C8CA,0,1
F50D3D001E67,0,0
F5152BBB18F6,0,1
F51E137446CB,0,0
F52B9A0882BB,0,0
F52F99CDFF23,2,1
F537EA7DEE8E,0,0
F53C55BBD326,2,0
F53DA3118668,0,0
F54276730F7A,0,0
F5428139729A,0,1
F543F26EF1E9,0,0
F54672352542,2,0
F54AED29459C,0,1
F54BD89B665A,2,1
F54E37281F0C,1,0
F550D727520A,1,1
F555E204579E,0,1
F566EA761D0E,2,0
F576B3F624B3,0,0
F57E2EF9F638,0,1
F57F48291B12,0,1
F5926953B7C3,0,1
F59898110195,2,0
F59DDBF5DB0B,2,0
F59E8A52AF52,0,0
F5A0BD46D3AF,0,0
F5A232FFBCCC,0,0
F5A45A1D51D5,0,0
F5A8A38005A8,1,0
F5AF8BD99F29,0,1
F5B2DED407D1,2,0
F5B7F5E745A0,1,1
F5BB40767917,0,1
F5BC1532013D,0,1
F5BC72AE5196,0,0
F5C5289B5C50,0,1
F5D4904B0155,2,1
F5DD72FA313E,0,1
F5E3CF7E54B6,0,0
F5F07E4D62C9,0,0
F5FDFAB37522,0,0
F605023B87A7,1,0
F608321073FA,0,0
F60ED753621E,2,0
F610C7BCD9EC,2,1
F612D53B4DD9,1,1
F614B9D35C09,0,0
F61646B5CC08,2,0
F62295251C0D,1,1
F62AADC67A63,0,0
F62C0023C996,0,0
F636159D0A0B,0,0
F636AB0D2707,2,0
F63819BEA874,2,0
F6382C89BCA3,0,1
F647D77D7396,2,1
F64FF1936B91,0,1
F651889F1A2D,1,0
F654D80CEA0E,0,1
F65841299359,2,1
F662030E7CCC,0,0
F665C15D731C,2,0
F666D2588232,0,0
F668F7A36DBF,0,0
F669B55DA0B1,0,1
F66EAF7D640D,1,1
F66F60655794,1,0
F677B763457E,2,1
F67D6B12D494,2,1
F683D9D28CE7,1,0
F684C09CCC0D,2,0
F68664C634EE,0,0
F68A995107BE,2,1
F693E138BDAB,0,1
F6A15556865B,0,1
F6A2AEEBDF0D,0,1
F6A36E99D801,0,1
F6A92E43251E,0,1
F6ABF87FA054,0,0
F6BE3A555C49,2,0
F6C05963F191,0,1
F6CA5589DCDA,0,1
F6D56988EB7D,1,0
F6DA09C9C0C1,0,1
F6DB5CB9682B,0,0
F6DF9D77C80B,1,0
F6DFC933BCC3,1,1
F6E37C093553,0,1
F6E5E7C080A5,2,1
F6E6BF805605,1,1
F6EA5E76CC32,1,1
F6F0E2017603,0,0
F6F18B358031,0,0
F6FF5119789B,0,1
F7046A9A968A,0,1
F704BCDD5FC4,0,1
F70EC9F33AAA,0,0
F710E50D27B3,0,1
F711AD68730E,0,0
F7197E77F319,0,0
F71E8AB99F9C,0,1
F72CD30CAD70,0,1
F72CDC88D31A,2,1
F7341069C4A4,1,0
F7348BC5C1F0,0,1
F739195A9518,2,0
F739511F0EAC,2,1
F73ADEA6A74B,2,1
F7693B02CA5B,1,0
F76D9F22B0A1,0,1
F776F9881474,0,1
F777F214BD6D,0,0
F77AA450FA77,0,1
F78B66358F6F,2,0
F78C425E3D48,1,1
F791DBCECB74,0,0
F79E7650B5B1,1,0
F7A0A69080B8,2,0
F7AAC922ED23,1,0
F7AE3F6BE6AB,2,0
F7B157AE1751,0,1
F7B1C57D753F,0,1
F7B5465E1AC5,0,1
F7B97D4C1869,1,1
F7B9D8C440B2,0,0
F7C142237DA8,1,1
F7CB662CA783,1,0
F7D8A49D3396,1,1
F7DE0C3BDC04,2,0
F7DFF6D988A0,0,0
F7E94EADC403,0,1
F7EEB04BEE8D,2,0
F7F709ACC532,1,0
F7FACDD619D9,2,1
F7FC42836147,2,0
F7FF64013DF7,2,1
F800DF0813A5,0,0
F805589FE04C,0,0
F806675B9B70,0,0
F80AD1771E54,0,0
F814820E2B45,0,1
F814EB30A6F5,0,1
F8173F146C1B,0,0
F8261D76CC4A,0,1
F829912AF887,0,0
F82B94864F06,2,1
F82EEC81C4D7,2,1
F82FA4181D92,2,0
F831783F5164,0,0
F831EAA238CC,2,0
F833C49DAD0C,0,0
F83702EEB830,2,0
F843F47EB767,0,0
F8474CC7670F,2,1
F84CB4D0589A,0,1
F8503314C44F,0,1
F858935559FA,1,0
F86616365497,2,0
F879F281F121,0,1
F897574FD4E9,2,0
F8984AC798E2,2,0
F8996C605E84,1,1
F8A1AC1C01D6,0,1
F8ABA40201AB,1,0
F8ABE1CE8B68,2,1
F8B0AB93F522,0,0
F8B12D60AEDC,1,0
F8BF09AEDD7B,0,0
F8C22ACD1774,2,1
F8C397108272,0,0
F8CDAD03758D,2,0
F8D6746C205C,2,1
F8ECBEE8609E,0,1
F8EE15322D8F,0,1
F8EF2AEFF621,0,1
F8F1F70A38AE,0,0
F8F47AD6ACBE,1,0
F8F52BEF7FD9,0,0
F8F6EAA3E0FF,2,1
F905CE2A775A,0,0
F9075802927A,2,1
F908A9D980F5,0,0
F90A25704212,2,0
F9238D9E5631,0,0
F9279BE5EC46,0,0
F927AC7199CE,0,1
F92B3B747F33,1,1
F93337F4DB42,0,1
F934542997DC,0,1
F93874852507,0,0
F93D06BC99D8,2,1
F949490671FA,1,0
F94DD5145346,0,1
F955CADBB6B4,2,0
F95EAFC4F1F0,0,1
F9692B89FE21,0,1
F978C05D2215,0,1
F9807DE48A3B,0,1
F983FFA8BB50,2,0
F984E463893F,2,0
F985766E9F50,1,1
F986C612AC3A,0,0
F9877560A95C,0,0
F98964E3EBF4,0,0
F98C913B5446,2,0
F9920D24D31B,0,1
F99C7F4BC23A,0,1
F99F42AC41FF,1,0
F9A5B72FAD82,1,0
F9A6C670D4A8,0,0
F9A942CF5DE3,1,0
F9ADBC6C60CD,0,1
F9BB3636CB6B,0,1
F9BE4676CA35,2,1
F9CF17C68E82,2,1
F9D397FC0259,2,0
F9D6B1172C58,0,1
F9D82122DB46,2,1
F9E1434B2151,1,1
F9E7D51B3006,2,0
F9F927CD8BA2,1,1
FA0062B54727,2,1
FA043D2FAA3C,1,1
FA058ADBE64F,0,0
FA138B97C15F,0,0
FA1B10147C1C,0,0
FA1CE35CA43F,0,0
FA1DE4EF2FAB,0,1
FA1E56F220C0,0,1
FA1E97DAA131,0,1
FA205817C3C5,2,0
FA211B13B80F,2,0
FA2592B4C2AB,2,0
FA277F2D6E48,1,0
FA2EF4B0E2E7,1,0
FA3007D9CDA6,0,0
FA34C91658A9,0,0
FA35444BD9C6,0,1
FA38B62F80E5,2,0
FA3BDEECBD44,2,1
FA3E37900E3D,0,0
FA3E50D30004,0,0
FA4200AB1CBC,0,0
FA480C1038D5,1,0
FA483ED371E7,0,1
FA49F4D9E6A8,2,1
FA4D3E89245D,0,1
FA4FEA8D0DA1,0,0
FA5043677B2F,2,1
FA5C17345A74,0,1
FA5D64EC3C72,2,1
FA625035B96F,0,1
FA63A2D4191E,1,1
FA7B0CD8DC92,2,1
FA7CB239D0E0,0,1
FA7D58EC4C52,0,0
FA87416EF173,0,0
FA8856EA5635,0,1
FAA1621106BE,0,1
FAA638E881EB,0,1
FAA7B824C589,1,0
FAA9FC1B315B,0,1
FAAD5938CEF4,2,0
FAB2A6A368E5,0,1
FAB2B88C059F,0,0
FAB88954B1AF,0,0
FABC5DD649FD,0,1
FABE0E966789,0,0
FAC1A3B4097F,2,1
FACA3592FCD0,0,1
FACC93B5A80A,0,0
FAD0AE0CA89B,0,1
FADC153B3843,0,1
FAE1A7023F1F,2,1
FAE3AC62234D,1,1
FAE64D6D08BA,2,0
FAEBC736C623,0,0
FAEF1DFCF68E,1,1
FAF866755DFA,2,1
FAF91DDF582C,0,1
FAFDA54C78E1,0,1
FB07AD956C87,0,1
FB14FF43E876,2,0
FB1DB922DE1B,0,1
FB1F420E4642,1,0
FB4C199449F3,2,0
FB4EAE59106B,1,1
FB4FE2503800,0,0
FB501A408B8A,0,0
FB56AA75F65F,2,0
FB59DB8F78ED,0,1
FB5B7A42E985,0,0
FB5ECCB3FB10,0,0
FB5FEC50CD57,2,0
FB7A3804560B,0,0
FB81CD2A82AD,1,1
FB8549B2A141,2,0
FB8E886E748C,0,0
FB946CB635AC,2,0
FB95695B4B46,1,1
FB96D08289B1,0,0
FB96DB942F3B,2,0
FBA17F954C2D,0,1
FBA3B87A37EA,0,0
FBA94EEA61BF,0,1
FBB254C7E479,0,0
FBB32B4B5F8C,1,1
FBBA8C2C378A,0,0
FBC4F9ADED9A,2,1
FBC7DC3C27C0,0,0
FBC98CE96EB2,2,1
FBCFA4D35602,2,0
FBD21BB50633,0,0
FBD852FCA5C1,0,1
FBDAEF796D29,2,1
FBE8983EF69C,1,1
FBF8E0C998BF,2,1
FBF9ECC8AA31,0,0
FBFA1FD8E2F1,0,1
FBFF39C1F504,2,0
FC038159C7BC,0,1
FC15D48EB587,2,1
FC273A287819,2,1
FC2845A0ECD0,1,0
FC2EF19C51AC,1,1
FC32A69615FF,0,0
FC39D2688C50,0,1
FC3BD2A0D23E,0,1
FC492DC3D1D3,2,0
FC4FADC00B91,0,1
FC4FBC43EF32,0,0
FC5120C98AE7,2,1
FC73A83CF59C,0,1
FC79A21481C3,2,0
FC84D472CB97,2,1
FC8CF8BB7644,1,1
FC97FB8F850C,1,1
FC9DA73D1EA0,0,1
FC9E2A38AFBB,0,0
FCA553D1B819,0,0
FCABDAE05333,1,0
FCAD8148404A,1,1
FCAEA7829C3A,1,0
FCB208A4710C,0,1
FCB625EB3C1A,0,1
FCBD4BC9112B,2,0
FCBE588E47E4,0,0
FCBF9BD46666,2,1
FCD8E0AB7133,2,1
FCE4AFE078FF,0,1
FCEC225CA2D0,2,0
FCEF76504A79,0,1
FCEFFF74C652,0,1
FCF1574F9D04,2,1
FCF375174C1C,1,1
FCF3A5BD8371,0,0
FCF5D3ED5218,0,0
FCF9802D7F21,0,1
FD0061B1786E,2,1
FD05FDCEA11B,2,1
FD08070510FB,0,1
FD099950BAEA,0,1
FD14F4ECD14F,0,1
FD1511BE7AD2,0,1
FD1869C76891,0,1
FD251457BE38,2,0
FD2DD23CB152,0,0
FD38779AFF13,0,1
FD3BDEB06028,2,0
FD3D8B9ADF30,0,0
FD48D4BB6F06,1,0
FD562A12092E,2,0
FD5AF33900D9,0,1
FD607B909E07,0,0
FD617838612E,2,1
FD6E0C78E9BB,0,0
FD6E784EAED0,2,0
FD84DB08498A,0,1
FD883FB88BA1,2,1
FD8A9514C8BC,2,0
FD8DA401BE5D,0,0
FD92F284A349,1,1
FD97228DE00F,0,0
FD9C10176D2A,0,0
FD9CC83A98C5,0,1
FD9D16FF6710,0,1
FDA09342D0C4,0,1
FDABEB626A28,2,1
FDBC5C68ED9F,1,1
FDC077398F13,0,1
FDC60E5A9011,0,0
FDCBCA9B0636,0,0
FDD398F4D5E9,2,1
FDD7D9AA0940,1,1
FDD81292D8A4,1,1
FDE0BDCA403C,0,0
FDE359A2F973,0,0
FDED2C6F4C0F,0,0
FDF0AEEB14C3,2,1
FDF36AD8FC91,0,1
FDFC2042EAF8,0,0
FDFE18598112,2,1
FE01BAE235A1,2,0
FE0B381BC161,1,1
FE0C18C5B8AF,2,0
FE0CFF7FA460,1,1
FE0F75B1CFFD,0,1
FE133737091E,2,1
FE19167C0BF8,0,0
FE1C2CA9661F,0,0
FE1E8BC27781,0,0
FE21B0B76C9C,0,1
FE2BD46D97C5,0,0
FE3141FA4163,0,0
FE3973324F8B,0,0
FE3CA06DDCA1,0,1
FE44B9FBC6FE,0,0
FE504DF4879E,0,0
FE56E3645667,0,1
FE591B56101B,1,0
FE69FBDD5681,1,0
FE776C83FE1B,0,1
FE8900F731E7,0,1
FE992E464FAD,0,1
FEA0C5E4E12C,0,0
FEA1E2C40283,0,0
FEB96AAC45DB,0,0
FEC8B95B3459,2,1
FECF4BCDDE02,1,0
FED42BB10805,2,0
FEDA46BB37A7,1,1
FEE59DA64E91,1,1
FEEBBB786DFA,2,1
FEEDB5B924F3,0,0
FEF42864AE28,2,1
FEFC23A6781D,0,1
FEFEDFE935D3,0,0
FF04A1F3B985,2,0
FF056F9CD1D3,2,0
FF13996AB0B3,0,0
FF153C07B39D,0,1
FF15470AABF0,0,0
FF197A6B15B2,0,0
FF1E82DB933B,1,1
FF1FAA91122E,0,1
FF3F4514BF85,2,1
FF40DF77AD46,1,0
FF410031A764,0,1
FF4C6C6FDB91,2,0
FF543E9E9EB2,0,0
FF678908A963,1,1
FF6B7128255A,0,1
FF6E114981D0,2,1
FF6FE6A0C875,0,1
FF7C9DB45E8F,0,0
FF862D058D1D,0,0
FF8AC9C34B6D,0,1
FF8BAC351714,0,0
FF9202FAA566,0,0
FF9DB9D43F72,1,1
FF9E0379CD98,0,0
FFA381E58FC6,0,0
FFA6D576449B,0,0
FFABA4957A3F,0,0
FFC02BE9D865,0,0
FFC8A1F3CE94,0,0
FFC8B7C53600,0,0
FFDC850C3652,1,1
FFE4B98E0B1E,2,0
FFE91DA2A101,0,1
FFF868E06176,0,1
FFF964B8ACC0,2,0
